# Original MODUS Black Start coastal presentation. Authored static geometry; no third-party source.
o coastal_dock_dark_metal
v -9.880000 1.200000 -7.690000
v -9.880000 5.200000 -7.690000
v -9.760000 5.200000 -7.690000
v -9.760000 1.200000 -7.690000
vt -17.570000 1.200000
vt -17.570000 5.200000
vt -17.450000 5.200000
vt -17.450000 1.200000
vn 0.000000 0.000000 -1.000000
vn 0.000000 0.000000 -1.000000
vn 0.000000 0.000000 -1.000000
vn 0.000000 0.000000 -1.000000
f 1/1/1 2/2/2 3/3/3
f 1/1/1 3/3/3 4/4/4
v -9.880000 1.200000 -7.310000
v -9.760000 1.200000 -7.310000
v -9.760000 5.200000 -7.310000
v -9.880000 5.200000 -7.310000
vt -17.190000 1.200000
vt -17.070000 1.200000
vt -17.070000 5.200000
vt -17.190000 5.200000
vn 0.000000 0.000000 1.000000
vn 0.000000 0.000000 1.000000
vn 0.000000 0.000000 1.000000
vn 0.000000 0.000000 1.000000
f 5/5/5 6/6/6 7/7/7
f 5/5/5 7/7/7 8/8/8
v -9.880000 1.200000 -7.690000
v -9.880000 1.200000 -7.310000
v -9.880000 5.200000 -7.310000
v -9.880000 5.200000 -7.690000
vt -17.570000 1.200000
vt -17.190000 1.200000
vt -17.190000 5.200000
vt -17.570000 5.200000
vn -1.000000 0.000000 0.000000
vn -1.000000 0.000000 0.000000
vn -1.000000 0.000000 0.000000
vn -1.000000 0.000000 0.000000
f 9/9/9 10/10/10 11/11/11
f 9/9/9 11/11/11 12/12/12
v -9.760000 1.200000 -7.690000
v -9.760000 5.200000 -7.690000
v -9.760000 5.200000 -7.310000
v -9.760000 1.200000 -7.310000
vt -17.450000 1.200000
vt -17.450000 5.200000
vt -17.070000 5.200000
vt -17.070000 1.200000
vn 1.000000 0.000000 0.000000
vn 1.000000 0.000000 0.000000
vn 1.000000 0.000000 0.000000
vn 1.000000 0.000000 0.000000
f 13/13/13 14/14/14 15/15/15
f 13/13/13 15/15/15 16/16/16
v -9.880000 1.200000 -7.690000
v -9.760000 1.200000 -7.690000
v -9.760000 1.200000 -7.310000
v -9.880000 1.200000 -7.310000
vt -17.570000 1.200000
vt -17.450000 1.200000
vt -17.070000 1.200000
vt -17.190000 1.200000
vn 0.000000 -1.000000 0.000000
vn 0.000000 -1.000000 0.000000
vn 0.000000 -1.000000 0.000000
vn 0.000000 -1.000000 0.000000
f 17/17/17 18/18/18 19/19/19
f 17/17/17 19/19/19 20/20/20
v -9.880000 5.200000 -7.690000
v -9.880000 5.200000 -7.310000
v -9.760000 5.200000 -7.310000
v -9.760000 5.200000 -7.690000
vt -17.570000 5.200000
vt -17.190000 5.200000
vt -17.070000 5.200000
vt -17.450000 5.200000
vn 0.000000 1.000000 0.000000
vn 0.000000 1.000000 0.000000
vn 0.000000 1.000000 0.000000
vn 0.000000 1.000000 0.000000
f 21/21/21 22/22/22 23/23/23
f 21/21/21 23/23/23 24/24/24
v -10.030000 1.200000 -7.755000
v -10.030000 5.200000 -7.755000
v -9.610000 5.200000 -7.755000
v -9.610000 1.200000 -7.755000
vt -17.785000 1.200000
vt -17.785000 5.200000
vt -17.365000 5.200000
vt -17.365000 1.200000
vn 0.000000 0.000000 -1.000000
vn 0.000000 0.000000 -1.000000
vn 0.000000 0.000000 -1.000000
vn 0.000000 0.000000 -1.000000
f 25/25/25 26/26/26 27/27/27
f 25/25/25 27/27/27 28/28/28
v -10.030000 1.200000 -7.685000
v -9.610000 1.200000 -7.685000
v -9.610000 5.200000 -7.685000
v -10.030000 5.200000 -7.685000
vt -17.715000 1.200000
vt -17.295000 1.200000
vt -17.295000 5.200000
vt -17.715000 5.200000
vn 0.000000 0.000000 1.000000
vn 0.000000 0.000000 1.000000
vn 0.000000 0.000000 1.000000
vn 0.000000 0.000000 1.000000
f 29/29/29 30/30/30 31/31/31
f 29/29/29 31/31/31 32/32/32
v -10.030000 1.200000 -7.755000
v -10.030000 1.200000 -7.685000
v -10.030000 5.200000 -7.685000
v -10.030000 5.200000 -7.755000
vt -17.785000 1.200000
vt -17.715000 1.200000
vt -17.715000 5.200000
vt -17.785000 5.200000
vn -1.000000 0.000000 0.000000
vn -1.000000 0.000000 0.000000
vn -1.000000 0.000000 0.000000
vn -1.000000 0.000000 0.000000
f 33/33/33 34/34/34 35/35/35
f 33/33/33 35/35/35 36/36/36
v -9.610000 1.200000 -7.755000
v -9.610000 5.200000 -7.755000
v -9.610000 5.200000 -7.685000
v -9.610000 1.200000 -7.685000
vt -17.365000 1.200000
vt -17.365000 5.200000
vt -17.295000 5.200000
vt -17.295000 1.200000
vn 1.000000 0.000000 0.000000
vn 1.000000 0.000000 0.000000
vn 1.000000 0.000000 0.000000
vn 1.000000 0.000000 0.000000
f 37/37/37 38/38/38 39/39/39
f 37/37/37 39/39/39 40/40/40
v -10.030000 1.200000 -7.755000
v -9.610000 1.200000 -7.755000
v -9.610000 1.200000 -7.685000
v -10.030000 1.200000 -7.685000
vt -17.785000 1.200000
vt -17.365000 1.200000
vt -17.295000 1.200000
vt -17.715000 1.200000
vn 0.000000 -1.000000 0.000000
vn 0.000000 -1.000000 0.000000
vn 0.000000 -1.000000 0.000000
vn 0.000000 -1.000000 0.000000
f 41/41/41 42/42/42 43/43/43
f 41/41/41 43/43/43 44/44/44
v -10.030000 5.200000 -7.755000
v -10.030000 5.200000 -7.685000
v -9.610000 5.200000 -7.685000
v -9.610000 5.200000 -7.755000
vt -17.785000 5.200000
vt -17.715000 5.200000
vt -17.295000 5.200000
vt -17.365000 5.200000
vn 0.000000 1.000000 0.000000
vn 0.000000 1.000000 0.000000
vn 0.000000 1.000000 0.000000
vn 0.000000 1.000000 0.000000
f 45/45/45 46/46/46 47/47/47
f 45/45/45 47/47/47 48/48/48
v -10.030000 1.200000 -7.315000
v -10.030000 5.200000 -7.315000
v -9.610000 5.200000 -7.315000
v -9.610000 1.200000 -7.315000
vt -17.345000 1.200000
vt -17.345000 5.200000
vt -16.925000 5.200000
vt -16.925000 1.200000
vn 0.000000 0.000000 -1.000000
vn 0.000000 0.000000 -1.000000
vn 0.000000 0.000000 -1.000000
vn 0.000000 0.000000 -1.000000
f 49/49/49 50/50/50 51/51/51
f 49/49/49 51/51/51 52/52/52
v -10.030000 1.200000 -7.245000
v -9.610000 1.200000 -7.245000
v -9.610000 5.200000 -7.245000
v -10.030000 5.200000 -7.245000
vt -17.275000 1.200000
vt -16.855000 1.200000
vt -16.855000 5.200000
vt -17.275000 5.200000
vn 0.000000 0.000000 1.000000
vn 0.000000 0.000000 1.000000
vn 0.000000 0.000000 1.000000
vn 0.000000 0.000000 1.000000
f 53/53/53 54/54/54 55/55/55
f 53/53/53 55/55/55 56/56/56
v -10.030000 1.200000 -7.315000
v -10.030000 1.200000 -7.245000
v -10.030000 5.200000 -7.245000
v -10.030000 5.200000 -7.315000
vt -17.345000 1.200000
vt -17.275000 1.200000
vt -17.275000 5.200000
vt -17.345000 5.200000
vn -1.000000 0.000000 0.000000
vn -1.000000 0.000000 0.000000
vn -1.000000 0.000000 0.000000
vn -1.000000 0.000000 0.000000
f 57/57/57 58/58/58 59/59/59
f 57/57/57 59/59/59 60/60/60
v -9.610000 1.200000 -7.315000
v -9.610000 5.200000 -7.315000
v -9.610000 5.200000 -7.245000
v -9.610000 1.200000 -7.245000
vt -16.925000 1.200000
vt -16.925000 5.200000
vt -16.855000 5.200000
vt -16.855000 1.200000
vn 1.000000 0.000000 0.000000
vn 1.000000 0.000000 0.000000
vn 1.000000 0.000000 0.000000
vn 1.000000 0.000000 0.000000
f 61/61/61 62/62/62 63/63/63
f 61/61/61 63/63/63 64/64/64
v -10.030000 1.200000 -7.315000
v -9.610000 1.200000 -7.315000
v -9.610000 1.200000 -7.245000
v -10.030000 1.200000 -7.245000
vt -17.345000 1.200000
vt -16.925000 1.200000
vt -16.855000 1.200000
vt -17.275000 1.200000
vn 0.000000 -1.000000 0.000000
vn 0.000000 -1.000000 0.000000
vn 0.000000 -1.000000 0.000000
vn 0.000000 -1.000000 0.000000
f 65/65/65 66/66/66 67/67/67
f 65/65/65 67/67/67 68/68/68
v -10.030000 5.200000 -7.315000
v -10.030000 5.200000 -7.245000
v -9.610000 5.200000 -7.245000
v -9.610000 5.200000 -7.315000
vt -17.345000 5.200000
vt -17.275000 5.200000
vt -16.855000 5.200000
vt -16.925000 5.200000
vn 0.000000 1.000000 0.000000
vn 0.000000 1.000000 0.000000
vn 0.000000 1.000000 0.000000
vn 0.000000 1.000000 0.000000
f 69/69/69 70/70/70 71/71/71
f 69/69/69 71/71/71 72/72/72
v -9.880000 1.200000 -3.690000
v -9.880000 5.200000 -3.690000
v -9.760000 5.200000 -3.690000
v -9.760000 1.200000 -3.690000
vt -13.570000 1.200000
vt -13.570000 5.200000
vt -13.450000 5.200000
vt -13.450000 1.200000
vn 0.000000 0.000000 -1.000000
vn 0.000000 0.000000 -1.000000
vn 0.000000 0.000000 -1.000000
vn 0.000000 0.000000 -1.000000
f 73/73/73 74/74/74 75/75/75
f 73/73/73 75/75/75 76/76/76
v -9.880000 1.200000 -3.310000
v -9.760000 1.200000 -3.310000
v -9.760000 5.200000 -3.310000
v -9.880000 5.200000 -3.310000
vt -13.190000 1.200000
vt -13.070000 1.200000
vt -13.070000 5.200000
vt -13.190000 5.200000
vn 0.000000 0.000000 1.000000
vn 0.000000 0.000000 1.000000
vn 0.000000 0.000000 1.000000
vn 0.000000 0.000000 1.000000
f 77/77/77 78/78/78 79/79/79
f 77/77/77 79/79/79 80/80/80
v -9.880000 1.200000 -3.690000
v -9.880000 1.200000 -3.310000
v -9.880000 5.200000 -3.310000
v -9.880000 5.200000 -3.690000
vt -13.570000 1.200000
vt -13.190000 1.200000
vt -13.190000 5.200000
vt -13.570000 5.200000
vn -1.000000 0.000000 0.000000
vn -1.000000 0.000000 0.000000
vn -1.000000 0.000000 0.000000
vn -1.000000 0.000000 0.000000
f 81/81/81 82/82/82 83/83/83
f 81/81/81 83/83/83 84/84/84
v -9.760000 1.200000 -3.690000
v -9.760000 5.200000 -3.690000
v -9.760000 5.200000 -3.310000
v -9.760000 1.200000 -3.310000
vt -13.450000 1.200000
vt -13.450000 5.200000
vt -13.070000 5.200000
vt -13.070000 1.200000
vn 1.000000 0.000000 0.000000
vn 1.000000 0.000000 0.000000
vn 1.000000 0.000000 0.000000
vn 1.000000 0.000000 0.000000
f 85/85/85 86/86/86 87/87/87
f 85/85/85 87/87/87 88/88/88
v -9.880000 1.200000 -3.690000
v -9.760000 1.200000 -3.690000
v -9.760000 1.200000 -3.310000
v -9.880000 1.200000 -3.310000
vt -13.570000 1.200000
vt -13.450000 1.200000
vt -13.070000 1.200000
vt -13.190000 1.200000
vn 0.000000 -1.000000 0.000000
vn 0.000000 -1.000000 0.000000
vn 0.000000 -1.000000 0.000000
vn 0.000000 -1.000000 0.000000
f 89/89/89 90/90/90 91/91/91
f 89/89/89 91/91/91 92/92/92
v -9.880000 5.200000 -3.690000
v -9.880000 5.200000 -3.310000
v -9.760000 5.200000 -3.310000
v -9.760000 5.200000 -3.690000
vt -13.570000 5.200000
vt -13.190000 5.200000
vt -13.070000 5.200000
vt -13.450000 5.200000
vn 0.000000 1.000000 0.000000
vn 0.000000 1.000000 0.000000
vn 0.000000 1.000000 0.000000
vn 0.000000 1.000000 0.000000
f 93/93/93 94/94/94 95/95/95
f 93/93/93 95/95/95 96/96/96
v -10.030000 1.200000 -3.755000
v -10.030000 5.200000 -3.755000
v -9.610000 5.200000 -3.755000
v -9.610000 1.200000 -3.755000
vt -13.785000 1.200000
vt -13.785000 5.200000
vt -13.365000 5.200000
vt -13.365000 1.200000
vn 0.000000 0.000000 -1.000000
vn 0.000000 0.000000 -1.000000
vn 0.000000 0.000000 -1.000000
vn 0.000000 0.000000 -1.000000
f 97/97/97 98/98/98 99/99/99
f 97/97/97 99/99/99 100/100/100
v -10.030000 1.200000 -3.685000
v -9.610000 1.200000 -3.685000
v -9.610000 5.200000 -3.685000
v -10.030000 5.200000 -3.685000
vt -13.715000 1.200000
vt -13.295000 1.200000
vt -13.295000 5.200000
vt -13.715000 5.200000
vn 0.000000 0.000000 1.000000
vn 0.000000 0.000000 1.000000
vn 0.000000 0.000000 1.000000
vn 0.000000 0.000000 1.000000
f 101/101/101 102/102/102 103/103/103
f 101/101/101 103/103/103 104/104/104
v -10.030000 1.200000 -3.755000
v -10.030000 1.200000 -3.685000
v -10.030000 5.200000 -3.685000
v -10.030000 5.200000 -3.755000
vt -13.785000 1.200000
vt -13.715000 1.200000
vt -13.715000 5.200000
vt -13.785000 5.200000
vn -1.000000 0.000000 0.000000
vn -1.000000 0.000000 0.000000
vn -1.000000 0.000000 0.000000
vn -1.000000 0.000000 0.000000
f 105/105/105 106/106/106 107/107/107
f 105/105/105 107/107/107 108/108/108
v -9.610000 1.200000 -3.755000
v -9.610000 5.200000 -3.755000
v -9.610000 5.200000 -3.685000
v -9.610000 1.200000 -3.685000
vt -13.365000 1.200000
vt -13.365000 5.200000
vt -13.295000 5.200000
vt -13.295000 1.200000
vn 1.000000 0.000000 0.000000
vn 1.000000 0.000000 0.000000
vn 1.000000 0.000000 0.000000
vn 1.000000 0.000000 0.000000
f 109/109/109 110/110/110 111/111/111
f 109/109/109 111/111/111 112/112/112
v -10.030000 1.200000 -3.755000
v -9.610000 1.200000 -3.755000
v -9.610000 1.200000 -3.685000
v -10.030000 1.200000 -3.685000
vt -13.785000 1.200000
vt -13.365000 1.200000
vt -13.295000 1.200000
vt -13.715000 1.200000
vn 0.000000 -1.000000 0.000000
vn 0.000000 -1.000000 0.000000
vn 0.000000 -1.000000 0.000000
vn 0.000000 -1.000000 0.000000
f 113/113/113 114/114/114 115/115/115
f 113/113/113 115/115/115 116/116/116
v -10.030000 5.200000 -3.755000
v -10.030000 5.200000 -3.685000
v -9.610000 5.200000 -3.685000
v -9.610000 5.200000 -3.755000
vt -13.785000 5.200000
vt -13.715000 5.200000
vt -13.295000 5.200000
vt -13.365000 5.200000
vn 0.000000 1.000000 0.000000
vn 0.000000 1.000000 0.000000
vn 0.000000 1.000000 0.000000
vn 0.000000 1.000000 0.000000
f 117/117/117 118/118/118 119/119/119
f 117/117/117 119/119/119 120/120/120
v -10.030000 1.200000 -3.315000
v -10.030000 5.200000 -3.315000
v -9.610000 5.200000 -3.315000
v -9.610000 1.200000 -3.315000
vt -13.345000 1.200000
vt -13.345000 5.200000
vt -12.925000 5.200000
vt -12.925000 1.200000
vn 0.000000 0.000000 -1.000000
vn 0.000000 0.000000 -1.000000
vn 0.000000 0.000000 -1.000000
vn 0.000000 0.000000 -1.000000
f 121/121/121 122/122/122 123/123/123
f 121/121/121 123/123/123 124/124/124
v -10.030000 1.200000 -3.245000
v -9.610000 1.200000 -3.245000
v -9.610000 5.200000 -3.245000
v -10.030000 5.200000 -3.245000
vt -13.275000 1.200000
vt -12.855000 1.200000
vt -12.855000 5.200000
vt -13.275000 5.200000
vn 0.000000 0.000000 1.000000
vn 0.000000 0.000000 1.000000
vn 0.000000 0.000000 1.000000
vn 0.000000 0.000000 1.000000
f 125/125/125 126/126/126 127/127/127
f 125/125/125 127/127/127 128/128/128
v -10.030000 1.200000 -3.315000
v -10.030000 1.200000 -3.245000
v -10.030000 5.200000 -3.245000
v -10.030000 5.200000 -3.315000
vt -13.345000 1.200000
vt -13.275000 1.200000
vt -13.275000 5.200000
vt -13.345000 5.200000
vn -1.000000 0.000000 0.000000
vn -1.000000 0.000000 0.000000
vn -1.000000 0.000000 0.000000
vn -1.000000 0.000000 0.000000
f 129/129/129 130/130/130 131/131/131
f 129/129/129 131/131/131 132/132/132
v -9.610000 1.200000 -3.315000
v -9.610000 5.200000 -3.315000
v -9.610000 5.200000 -3.245000
v -9.610000 1.200000 -3.245000
vt -12.925000 1.200000
vt -12.925000 5.200000
vt -12.855000 5.200000
vt -12.855000 1.200000
vn 1.000000 0.000000 0.000000
vn 1.000000 0.000000 0.000000
vn 1.000000 0.000000 0.000000
vn 1.000000 0.000000 0.000000
f 133/133/133 134/134/134 135/135/135
f 133/133/133 135/135/135 136/136/136
v -10.030000 1.200000 -3.315000
v -9.610000 1.200000 -3.315000
v -9.610000 1.200000 -3.245000
v -10.030000 1.200000 -3.245000
vt -13.345000 1.200000
vt -12.925000 1.200000
vt -12.855000 1.200000
vt -13.275000 1.200000
vn 0.000000 -1.000000 0.000000
vn 0.000000 -1.000000 0.000000
vn 0.000000 -1.000000 0.000000
vn 0.000000 -1.000000 0.000000
f 137/137/137 138/138/138 139/139/139
f 137/137/137 139/139/139 140/140/140
v -10.030000 5.200000 -3.315000
v -10.030000 5.200000 -3.245000
v -9.610000 5.200000 -3.245000
v -9.610000 5.200000 -3.315000
vt -13.345000 5.200000
vt -13.275000 5.200000
vt -12.855000 5.200000
vt -12.925000 5.200000
vn 0.000000 1.000000 0.000000
vn 0.000000 1.000000 0.000000
vn 0.000000 1.000000 0.000000
vn 0.000000 1.000000 0.000000
f 141/141/141 142/142/142 143/143/143
f 141/141/141 143/143/143 144/144/144
v -9.880000 1.200000 0.310000
v -9.880000 5.200000 0.310000
v -9.760000 5.200000 0.310000
v -9.760000 1.200000 0.310000
vt -9.570000 1.200000
vt -9.570000 5.200000
vt -9.450000 5.200000
vt -9.450000 1.200000
vn 0.000000 0.000000 -1.000000
vn 0.000000 0.000000 -1.000000
vn 0.000000 0.000000 -1.000000
vn 0.000000 0.000000 -1.000000
f 145/145/145 146/146/146 147/147/147
f 145/145/145 147/147/147 148/148/148
v -9.880000 1.200000 0.690000
v -9.760000 1.200000 0.690000
v -9.760000 5.200000 0.690000
v -9.880000 5.200000 0.690000
vt -9.190000 1.200000
vt -9.070000 1.200000
vt -9.070000 5.200000
vt -9.190000 5.200000
vn 0.000000 0.000000 1.000000
vn 0.000000 0.000000 1.000000
vn 0.000000 0.000000 1.000000
vn 0.000000 0.000000 1.000000
f 149/149/149 150/150/150 151/151/151
f 149/149/149 151/151/151 152/152/152
v -9.880000 1.200000 0.310000
v -9.880000 1.200000 0.690000
v -9.880000 5.200000 0.690000
v -9.880000 5.200000 0.310000
vt -9.570000 1.200000
vt -9.190000 1.200000
vt -9.190000 5.200000
vt -9.570000 5.200000
vn -1.000000 0.000000 0.000000
vn -1.000000 0.000000 0.000000
vn -1.000000 0.000000 0.000000
vn -1.000000 0.000000 0.000000
f 153/153/153 154/154/154 155/155/155
f 153/153/153 155/155/155 156/156/156
v -9.760000 1.200000 0.310000
v -9.760000 5.200000 0.310000
v -9.760000 5.200000 0.690000
v -9.760000 1.200000 0.690000
vt -9.450000 1.200000
vt -9.450000 5.200000
vt -9.070000 5.200000
vt -9.070000 1.200000
vn 1.000000 0.000000 0.000000
vn 1.000000 0.000000 0.000000
vn 1.000000 0.000000 0.000000
vn 1.000000 0.000000 0.000000
f 157/157/157 158/158/158 159/159/159
f 157/157/157 159/159/159 160/160/160
v -9.880000 1.200000 0.310000
v -9.760000 1.200000 0.310000
v -9.760000 1.200000 0.690000
v -9.880000 1.200000 0.690000
vt -9.570000 1.200000
vt -9.450000 1.200000
vt -9.070000 1.200000
vt -9.190000 1.200000
vn 0.000000 -1.000000 0.000000
vn 0.000000 -1.000000 0.000000
vn 0.000000 -1.000000 0.000000
vn 0.000000 -1.000000 0.000000
f 161/161/161 162/162/162 163/163/163
f 161/161/161 163/163/163 164/164/164
v -9.880000 5.200000 0.310000
v -9.880000 5.200000 0.690000
v -9.760000 5.200000 0.690000
v -9.760000 5.200000 0.310000
vt -9.570000 5.200000
vt -9.190000 5.200000
vt -9.070000 5.200000
vt -9.450000 5.200000
vn 0.000000 1.000000 0.000000
vn 0.000000 1.000000 0.000000
vn 0.000000 1.000000 0.000000
vn 0.000000 1.000000 0.000000
f 165/165/165 166/166/166 167/167/167
f 165/165/165 167/167/167 168/168/168
v -10.030000 1.200000 0.245000
v -10.030000 5.200000 0.245000
v -9.610000 5.200000 0.245000
v -9.610000 1.200000 0.245000
vt -9.785000 1.200000
vt -9.785000 5.200000
vt -9.365000 5.200000
vt -9.365000 1.200000
vn 0.000000 0.000000 -1.000000
vn 0.000000 0.000000 -1.000000
vn 0.000000 0.000000 -1.000000
vn 0.000000 0.000000 -1.000000
f 169/169/169 170/170/170 171/171/171
f 169/169/169 171/171/171 172/172/172
v -10.030000 1.200000 0.315000
v -9.610000 1.200000 0.315000
v -9.610000 5.200000 0.315000
v -10.030000 5.200000 0.315000
vt -9.715000 1.200000
vt -9.295000 1.200000
vt -9.295000 5.200000
vt -9.715000 5.200000
vn 0.000000 0.000000 1.000000
vn 0.000000 0.000000 1.000000
vn 0.000000 0.000000 1.000000
vn 0.000000 0.000000 1.000000
f 173/173/173 174/174/174 175/175/175
f 173/173/173 175/175/175 176/176/176
v -10.030000 1.200000 0.245000
v -10.030000 1.200000 0.315000
v -10.030000 5.200000 0.315000
v -10.030000 5.200000 0.245000
vt -9.785000 1.200000
vt -9.715000 1.200000
vt -9.715000 5.200000
vt -9.785000 5.200000
vn -1.000000 0.000000 0.000000
vn -1.000000 0.000000 0.000000
vn -1.000000 0.000000 0.000000
vn -1.000000 0.000000 0.000000
f 177/177/177 178/178/178 179/179/179
f 177/177/177 179/179/179 180/180/180
v -9.610000 1.200000 0.245000
v -9.610000 5.200000 0.245000
v -9.610000 5.200000 0.315000
v -9.610000 1.200000 0.315000
vt -9.365000 1.200000
vt -9.365000 5.200000
vt -9.295000 5.200000
vt -9.295000 1.200000
vn 1.000000 0.000000 0.000000
vn 1.000000 0.000000 0.000000
vn 1.000000 0.000000 0.000000
vn 1.000000 0.000000 0.000000
f 181/181/181 182/182/182 183/183/183
f 181/181/181 183/183/183 184/184/184
v -10.030000 1.200000 0.245000
v -9.610000 1.200000 0.245000
v -9.610000 1.200000 0.315000
v -10.030000 1.200000 0.315000
vt -9.785000 1.200000
vt -9.365000 1.200000
vt -9.295000 1.200000
vt -9.715000 1.200000
vn 0.000000 -1.000000 0.000000
vn 0.000000 -1.000000 0.000000
vn 0.000000 -1.000000 0.000000
vn 0.000000 -1.000000 0.000000
f 185/185/185 186/186/186 187/187/187
f 185/185/185 187/187/187 188/188/188
v -10.030000 5.200000 0.245000
v -10.030000 5.200000 0.315000
v -9.610000 5.200000 0.315000
v -9.610000 5.200000 0.245000
vt -9.785000 5.200000
vt -9.715000 5.200000
vt -9.295000 5.200000
vt -9.365000 5.200000
vn 0.000000 1.000000 0.000000
vn 0.000000 1.000000 0.000000
vn 0.000000 1.000000 0.000000
vn 0.000000 1.000000 0.000000
f 189/189/189 190/190/190 191/191/191
f 189/189/189 191/191/191 192/192/192
v -10.030000 1.200000 0.685000
v -10.030000 5.200000 0.685000
v -9.610000 5.200000 0.685000
v -9.610000 1.200000 0.685000
vt -9.345000 1.200000
vt -9.345000 5.200000
vt -8.925000 5.200000
vt -8.925000 1.200000
vn 0.000000 0.000000 -1.000000
vn 0.000000 0.000000 -1.000000
vn 0.000000 0.000000 -1.000000
vn 0.000000 0.000000 -1.000000
f 193/193/193 194/194/194 195/195/195
f 193/193/193 195/195/195 196/196/196
v -10.030000 1.200000 0.755000
v -9.610000 1.200000 0.755000
v -9.610000 5.200000 0.755000
v -10.030000 5.200000 0.755000
vt -9.275000 1.200000
vt -8.855000 1.200000
vt -8.855000 5.200000
vt -9.275000 5.200000
vn 0.000000 0.000000 1.000000
vn 0.000000 0.000000 1.000000
vn 0.000000 0.000000 1.000000
vn 0.000000 0.000000 1.000000
f 197/197/197 198/198/198 199/199/199
f 197/197/197 199/199/199 200/200/200
v -10.030000 1.200000 0.685000
v -10.030000 1.200000 0.755000
v -10.030000 5.200000 0.755000
v -10.030000 5.200000 0.685000
vt -9.345000 1.200000
vt -9.275000 1.200000
vt -9.275000 5.200000
vt -9.345000 5.200000
vn -1.000000 0.000000 0.000000
vn -1.000000 0.000000 0.000000
vn -1.000000 0.000000 0.000000
vn -1.000000 0.000000 0.000000
f 201/201/201 202/202/202 203/203/203
f 201/201/201 203/203/203 204/204/204
v -9.610000 1.200000 0.685000
v -9.610000 5.200000 0.685000
v -9.610000 5.200000 0.755000
v -9.610000 1.200000 0.755000
vt -8.925000 1.200000
vt -8.925000 5.200000
vt -8.855000 5.200000
vt -8.855000 1.200000
vn 1.000000 0.000000 0.000000
vn 1.000000 0.000000 0.000000
vn 1.000000 0.000000 0.000000
vn 1.000000 0.000000 0.000000
f 205/205/205 206/206/206 207/207/207
f 205/205/205 207/207/207 208/208/208
v -10.030000 1.200000 0.685000
v -9.610000 1.200000 0.685000
v -9.610000 1.200000 0.755000
v -10.030000 1.200000 0.755000
vt -9.345000 1.200000
vt -8.925000 1.200000
vt -8.855000 1.200000
vt -9.275000 1.200000
vn 0.000000 -1.000000 0.000000
vn 0.000000 -1.000000 0.000000
vn 0.000000 -1.000000 0.000000
vn 0.000000 -1.000000 0.000000
f 209/209/209 210/210/210 211/211/211
f 209/209/209 211/211/211 212/212/212
v -10.030000 5.200000 0.685000
v -10.030000 5.200000 0.755000
v -9.610000 5.200000 0.755000
v -9.610000 5.200000 0.685000
vt -9.345000 5.200000
vt -9.275000 5.200000
vt -8.855000 5.200000
vt -8.925000 5.200000
vn 0.000000 1.000000 0.000000
vn 0.000000 1.000000 0.000000
vn 0.000000 1.000000 0.000000
vn 0.000000 1.000000 0.000000
f 213/213/213 214/214/214 215/215/215
f 213/213/213 215/215/215 216/216/216
v -9.880000 1.200000 4.310000
v -9.880000 5.200000 4.310000
v -9.760000 5.200000 4.310000
v -9.760000 1.200000 4.310000
vt -5.570000 1.200000
vt -5.570000 5.200000
vt -5.450000 5.200000
vt -5.450000 1.200000
vn 0.000000 0.000000 -1.000000
vn 0.000000 0.000000 -1.000000
vn 0.000000 0.000000 -1.000000
vn 0.000000 0.000000 -1.000000
f 217/217/217 218/218/218 219/219/219
f 217/217/217 219/219/219 220/220/220
v -9.880000 1.200000 4.690000
v -9.760000 1.200000 4.690000
v -9.760000 5.200000 4.690000
v -9.880000 5.200000 4.690000
vt -5.190000 1.200000
vt -5.070000 1.200000
vt -5.070000 5.200000
vt -5.190000 5.200000
vn 0.000000 0.000000 1.000000
vn 0.000000 0.000000 1.000000
vn 0.000000 0.000000 1.000000
vn 0.000000 0.000000 1.000000
f 221/221/221 222/222/222 223/223/223
f 221/221/221 223/223/223 224/224/224
v -9.880000 1.200000 4.310000
v -9.880000 1.200000 4.690000
v -9.880000 5.200000 4.690000
v -9.880000 5.200000 4.310000
vt -5.570000 1.200000
vt -5.190000 1.200000
vt -5.190000 5.200000
vt -5.570000 5.200000
vn -1.000000 0.000000 0.000000
vn -1.000000 0.000000 0.000000
vn -1.000000 0.000000 0.000000
vn -1.000000 0.000000 0.000000
f 225/225/225 226/226/226 227/227/227
f 225/225/225 227/227/227 228/228/228
v -9.760000 1.200000 4.310000
v -9.760000 5.200000 4.310000
v -9.760000 5.200000 4.690000
v -9.760000 1.200000 4.690000
vt -5.450000 1.200000
vt -5.450000 5.200000
vt -5.070000 5.200000
vt -5.070000 1.200000
vn 1.000000 0.000000 0.000000
vn 1.000000 0.000000 0.000000
vn 1.000000 0.000000 0.000000
vn 1.000000 0.000000 0.000000
f 229/229/229 230/230/230 231/231/231
f 229/229/229 231/231/231 232/232/232
v -9.880000 1.200000 4.310000
v -9.760000 1.200000 4.310000
v -9.760000 1.200000 4.690000
v -9.880000 1.200000 4.690000
vt -5.570000 1.200000
vt -5.450000 1.200000
vt -5.070000 1.200000
vt -5.190000 1.200000
vn 0.000000 -1.000000 0.000000
vn 0.000000 -1.000000 0.000000
vn 0.000000 -1.000000 0.000000
vn 0.000000 -1.000000 0.000000
f 233/233/233 234/234/234 235/235/235
f 233/233/233 235/235/235 236/236/236
v -9.880000 5.200000 4.310000
v -9.880000 5.200000 4.690000
v -9.760000 5.200000 4.690000
v -9.760000 5.200000 4.310000
vt -5.570000 5.200000
vt -5.190000 5.200000
vt -5.070000 5.200000
vt -5.450000 5.200000
vn 0.000000 1.000000 0.000000
vn 0.000000 1.000000 0.000000
vn 0.000000 1.000000 0.000000
vn 0.000000 1.000000 0.000000
f 237/237/237 238/238/238 239/239/239
f 237/237/237 239/239/239 240/240/240
v -10.030000 1.200000 4.245000
v -10.030000 5.200000 4.245000
v -9.610000 5.200000 4.245000
v -9.610000 1.200000 4.245000
vt -5.785000 1.200000
vt -5.785000 5.200000
vt -5.365000 5.200000
vt -5.365000 1.200000
vn 0.000000 0.000000 -1.000000
vn 0.000000 0.000000 -1.000000
vn 0.000000 0.000000 -1.000000
vn 0.000000 0.000000 -1.000000
f 241/241/241 242/242/242 243/243/243
f 241/241/241 243/243/243 244/244/244
v -10.030000 1.200000 4.315000
v -9.610000 1.200000 4.315000
v -9.610000 5.200000 4.315000
v -10.030000 5.200000 4.315000
vt -5.715000 1.200000
vt -5.295000 1.200000
vt -5.295000 5.200000
vt -5.715000 5.200000
vn 0.000000 0.000000 1.000000
vn 0.000000 0.000000 1.000000
vn 0.000000 0.000000 1.000000
vn 0.000000 0.000000 1.000000
f 245/245/245 246/246/246 247/247/247
f 245/245/245 247/247/247 248/248/248
v -10.030000 1.200000 4.245000
v -10.030000 1.200000 4.315000
v -10.030000 5.200000 4.315000
v -10.030000 5.200000 4.245000
vt -5.785000 1.200000
vt -5.715000 1.200000
vt -5.715000 5.200000
vt -5.785000 5.200000
vn -1.000000 0.000000 0.000000
vn -1.000000 0.000000 0.000000
vn -1.000000 0.000000 0.000000
vn -1.000000 0.000000 0.000000
f 249/249/249 250/250/250 251/251/251
f 249/249/249 251/251/251 252/252/252
v -9.610000 1.200000 4.245000
v -9.610000 5.200000 4.245000
v -9.610000 5.200000 4.315000
v -9.610000 1.200000 4.315000
vt -5.365000 1.200000
vt -5.365000 5.200000
vt -5.295000 5.200000
vt -5.295000 1.200000
vn 1.000000 0.000000 0.000000
vn 1.000000 0.000000 0.000000
vn 1.000000 0.000000 0.000000
vn 1.000000 0.000000 0.000000
f 253/253/253 254/254/254 255/255/255
f 253/253/253 255/255/255 256/256/256
v -10.030000 1.200000 4.245000
v -9.610000 1.200000 4.245000
v -9.610000 1.200000 4.315000
v -10.030000 1.200000 4.315000
vt -5.785000 1.200000
vt -5.365000 1.200000
vt -5.295000 1.200000
vt -5.715000 1.200000
vn 0.000000 -1.000000 0.000000
vn 0.000000 -1.000000 0.000000
vn 0.000000 -1.000000 0.000000
vn 0.000000 -1.000000 0.000000
f 257/257/257 258/258/258 259/259/259
f 257/257/257 259/259/259 260/260/260
v -10.030000 5.200000 4.245000
v -10.030000 5.200000 4.315000
v -9.610000 5.200000 4.315000
v -9.610000 5.200000 4.245000
vt -5.785000 5.200000
vt -5.715000 5.200000
vt -5.295000 5.200000
vt -5.365000 5.200000
vn 0.000000 1.000000 0.000000
vn 0.000000 1.000000 0.000000
vn 0.000000 1.000000 0.000000
vn 0.000000 1.000000 0.000000
f 261/261/261 262/262/262 263/263/263
f 261/261/261 263/263/263 264/264/264
v -10.030000 1.200000 4.685000
v -10.030000 5.200000 4.685000
v -9.610000 5.200000 4.685000
v -9.610000 1.200000 4.685000
vt -5.345000 1.200000
vt -5.345000 5.200000
vt -4.925000 5.200000
vt -4.925000 1.200000
vn 0.000000 0.000000 -1.000000
vn 0.000000 0.000000 -1.000000
vn 0.000000 0.000000 -1.000000
vn 0.000000 0.000000 -1.000000
f 265/265/265 266/266/266 267/267/267
f 265/265/265 267/267/267 268/268/268
v -10.030000 1.200000 4.755000
v -9.610000 1.200000 4.755000
v -9.610000 5.200000 4.755000
v -10.030000 5.200000 4.755000
vt -5.275000 1.200000
vt -4.855000 1.200000
vt -4.855000 5.200000
vt -5.275000 5.200000
vn 0.000000 0.000000 1.000000
vn 0.000000 0.000000 1.000000
vn 0.000000 0.000000 1.000000
vn 0.000000 0.000000 1.000000
f 269/269/269 270/270/270 271/271/271
f 269/269/269 271/271/271 272/272/272
v -10.030000 1.200000 4.685000
v -10.030000 1.200000 4.755000
v -10.030000 5.200000 4.755000
v -10.030000 5.200000 4.685000
vt -5.345000 1.200000
vt -5.275000 1.200000
vt -5.275000 5.200000
vt -5.345000 5.200000
vn -1.000000 0.000000 0.000000
vn -1.000000 0.000000 0.000000
vn -1.000000 0.000000 0.000000
vn -1.000000 0.000000 0.000000
f 273/273/273 274/274/274 275/275/275
f 273/273/273 275/275/275 276/276/276
v -9.610000 1.200000 4.685000
v -9.610000 5.200000 4.685000
v -9.610000 5.200000 4.755000
v -9.610000 1.200000 4.755000
vt -4.925000 1.200000
vt -4.925000 5.200000
vt -4.855000 5.200000
vt -4.855000 1.200000
vn 1.000000 0.000000 0.000000
vn 1.000000 0.000000 0.000000
vn 1.000000 0.000000 0.000000
vn 1.000000 0.000000 0.000000
f 277/277/277 278/278/278 279/279/279
f 277/277/277 279/279/279 280/280/280
v -10.030000 1.200000 4.685000
v -9.610000 1.200000 4.685000
v -9.610000 1.200000 4.755000
v -10.030000 1.200000 4.755000
vt -5.345000 1.200000
vt -4.925000 1.200000
vt -4.855000 1.200000
vt -5.275000 1.200000
vn 0.000000 -1.000000 0.000000
vn 0.000000 -1.000000 0.000000
vn 0.000000 -1.000000 0.000000
vn 0.000000 -1.000000 0.000000
f 281/281/281 282/282/282 283/283/283
f 281/281/281 283/283/283 284/284/284
v -10.030000 5.200000 4.685000
v -10.030000 5.200000 4.755000
v -9.610000 5.200000 4.755000
v -9.610000 5.200000 4.685000
vt -5.345000 5.200000
vt -5.275000 5.200000
vt -4.855000 5.200000
vt -4.925000 5.200000
vn 0.000000 1.000000 0.000000
vn 0.000000 1.000000 0.000000
vn 0.000000 1.000000 0.000000
vn 0.000000 1.000000 0.000000
f 285/285/285 286/286/286 287/287/287
f 285/285/285 287/287/287 288/288/288
v -9.880000 1.200000 7.310000
v -9.880000 5.200000 7.310000
v -9.760000 5.200000 7.310000
v -9.760000 1.200000 7.310000
vt -2.570000 1.200000
vt -2.570000 5.200000
vt -2.450000 5.200000
vt -2.450000 1.200000
vn 0.000000 0.000000 -1.000000
vn 0.000000 0.000000 -1.000000
vn 0.000000 0.000000 -1.000000
vn 0.000000 0.000000 -1.000000
f 289/289/289 290/290/290 291/291/291
f 289/289/289 291/291/291 292/292/292
v -9.880000 1.200000 7.690000
v -9.760000 1.200000 7.690000
v -9.760000 5.200000 7.690000
v -9.880000 5.200000 7.690000
vt -2.190000 1.200000
vt -2.070000 1.200000
vt -2.070000 5.200000
vt -2.190000 5.200000
vn 0.000000 0.000000 1.000000
vn 0.000000 0.000000 1.000000
vn 0.000000 0.000000 1.000000
vn 0.000000 0.000000 1.000000
f 293/293/293 294/294/294 295/295/295
f 293/293/293 295/295/295 296/296/296
v -9.880000 1.200000 7.310000
v -9.880000 1.200000 7.690000
v -9.880000 5.200000 7.690000
v -9.880000 5.200000 7.310000
vt -2.570000 1.200000
vt -2.190000 1.200000
vt -2.190000 5.200000
vt -2.570000 5.200000
vn -1.000000 0.000000 0.000000
vn -1.000000 0.000000 0.000000
vn -1.000000 0.000000 0.000000
vn -1.000000 0.000000 0.000000
f 297/297/297 298/298/298 299/299/299
f 297/297/297 299/299/299 300/300/300
v -9.760000 1.200000 7.310000
v -9.760000 5.200000 7.310000
v -9.760000 5.200000 7.690000
v -9.760000 1.200000 7.690000
vt -2.450000 1.200000
vt -2.450000 5.200000
vt -2.070000 5.200000
vt -2.070000 1.200000
vn 1.000000 0.000000 0.000000
vn 1.000000 0.000000 0.000000
vn 1.000000 0.000000 0.000000
vn 1.000000 0.000000 0.000000
f 301/301/301 302/302/302 303/303/303
f 301/301/301 303/303/303 304/304/304
v -9.880000 1.200000 7.310000
v -9.760000 1.200000 7.310000
v -9.760000 1.200000 7.690000
v -9.880000 1.200000 7.690000
vt -2.570000 1.200000
vt -2.450000 1.200000
vt -2.070000 1.200000
vt -2.190000 1.200000
vn 0.000000 -1.000000 0.000000
vn 0.000000 -1.000000 0.000000
vn 0.000000 -1.000000 0.000000
vn 0.000000 -1.000000 0.000000
f 305/305/305 306/306/306 307/307/307
f 305/305/305 307/307/307 308/308/308
v -9.880000 5.200000 7.310000
v -9.880000 5.200000 7.690000
v -9.760000 5.200000 7.690000
v -9.760000 5.200000 7.310000
vt -2.570000 5.200000
vt -2.190000 5.200000
vt -2.070000 5.200000
vt -2.450000 5.200000
vn 0.000000 1.000000 0.000000
vn 0.000000 1.000000 0.000000
vn 0.000000 1.000000 0.000000
vn 0.000000 1.000000 0.000000
f 309/309/309 310/310/310 311/311/311
f 309/309/309 311/311/311 312/312/312
v -10.030000 1.200000 7.245000
v -10.030000 5.200000 7.245000
v -9.610000 5.200000 7.245000
v -9.610000 1.200000 7.245000
vt -2.785000 1.200000
vt -2.785000 5.200000
vt -2.365000 5.200000
vt -2.365000 1.200000
vn 0.000000 0.000000 -1.000000
vn 0.000000 0.000000 -1.000000
vn 0.000000 0.000000 -1.000000
vn 0.000000 0.000000 -1.000000
f 313/313/313 314/314/314 315/315/315
f 313/313/313 315/315/315 316/316/316
v -10.030000 1.200000 7.315000
v -9.610000 1.200000 7.315000
v -9.610000 5.200000 7.315000
v -10.030000 5.200000 7.315000
vt -2.715000 1.200000
vt -2.295000 1.200000
vt -2.295000 5.200000
vt -2.715000 5.200000
vn 0.000000 0.000000 1.000000
vn 0.000000 0.000000 1.000000
vn 0.000000 0.000000 1.000000
vn 0.000000 0.000000 1.000000
f 317/317/317 318/318/318 319/319/319
f 317/317/317 319/319/319 320/320/320
v -10.030000 1.200000 7.245000
v -10.030000 1.200000 7.315000
v -10.030000 5.200000 7.315000
v -10.030000 5.200000 7.245000
vt -2.785000 1.200000
vt -2.715000 1.200000
vt -2.715000 5.200000
vt -2.785000 5.200000
vn -1.000000 0.000000 0.000000
vn -1.000000 0.000000 0.000000
vn -1.000000 0.000000 0.000000
vn -1.000000 0.000000 0.000000
f 321/321/321 322/322/322 323/323/323
f 321/321/321 323/323/323 324/324/324
v -9.610000 1.200000 7.245000
v -9.610000 5.200000 7.245000
v -9.610000 5.200000 7.315000
v -9.610000 1.200000 7.315000
vt -2.365000 1.200000
vt -2.365000 5.200000
vt -2.295000 5.200000
vt -2.295000 1.200000
vn 1.000000 0.000000 0.000000
vn 1.000000 0.000000 0.000000
vn 1.000000 0.000000 0.000000
vn 1.000000 0.000000 0.000000
f 325/325/325 326/326/326 327/327/327
f 325/325/325 327/327/327 328/328/328
v -10.030000 1.200000 7.245000
v -9.610000 1.200000 7.245000
v -9.610000 1.200000 7.315000
v -10.030000 1.200000 7.315000
vt -2.785000 1.200000
vt -2.365000 1.200000
vt -2.295000 1.200000
vt -2.715000 1.200000
vn 0.000000 -1.000000 0.000000
vn 0.000000 -1.000000 0.000000
vn 0.000000 -1.000000 0.000000
vn 0.000000 -1.000000 0.000000
f 329/329/329 330/330/330 331/331/331
f 329/329/329 331/331/331 332/332/332
v -10.030000 5.200000 7.245000
v -10.030000 5.200000 7.315000
v -9.610000 5.200000 7.315000
v -9.610000 5.200000 7.245000
vt -2.785000 5.200000
vt -2.715000 5.200000
vt -2.295000 5.200000
vt -2.365000 5.200000
vn 0.000000 1.000000 0.000000
vn 0.000000 1.000000 0.000000
vn 0.000000 1.000000 0.000000
vn 0.000000 1.000000 0.000000
f 333/333/333 334/334/334 335/335/335
f 333/333/333 335/335/335 336/336/336
v -10.030000 1.200000 7.685000
v -10.030000 5.200000 7.685000
v -9.610000 5.200000 7.685000
v -9.610000 1.200000 7.685000
vt -2.345000 1.200000
vt -2.345000 5.200000
vt -1.925000 5.200000
vt -1.925000 1.200000
vn 0.000000 0.000000 -1.000000
vn 0.000000 0.000000 -1.000000
vn 0.000000 0.000000 -1.000000
vn 0.000000 0.000000 -1.000000
f 337/337/337 338/338/338 339/339/339
f 337/337/337 339/339/339 340/340/340
v -10.030000 1.200000 7.755000
v -9.610000 1.200000 7.755000
v -9.610000 5.200000 7.755000
v -10.030000 5.200000 7.755000
vt -2.275000 1.200000
vt -1.855000 1.200000
vt -1.855000 5.200000
vt -2.275000 5.200000
vn 0.000000 0.000000 1.000000
vn 0.000000 0.000000 1.000000
vn 0.000000 0.000000 1.000000
vn 0.000000 0.000000 1.000000
f 341/341/341 342/342/342 343/343/343
f 341/341/341 343/343/343 344/344/344
v -10.030000 1.200000 7.685000
v -10.030000 1.200000 7.755000
v -10.030000 5.200000 7.755000
v -10.030000 5.200000 7.685000
vt -2.345000 1.200000
vt -2.275000 1.200000
vt -2.275000 5.200000
vt -2.345000 5.200000
vn -1.000000 0.000000 0.000000
vn -1.000000 0.000000 0.000000
vn -1.000000 0.000000 0.000000
vn -1.000000 0.000000 0.000000
f 345/345/345 346/346/346 347/347/347
f 345/345/345 347/347/347 348/348/348
v -9.610000 1.200000 7.685000
v -9.610000 5.200000 7.685000
v -9.610000 5.200000 7.755000
v -9.610000 1.200000 7.755000
vt -1.925000 1.200000
vt -1.925000 5.200000
vt -1.855000 5.200000
vt -1.855000 1.200000
vn 1.000000 0.000000 0.000000
vn 1.000000 0.000000 0.000000
vn 1.000000 0.000000 0.000000
vn 1.000000 0.000000 0.000000
f 349/349/349 350/350/350 351/351/351
f 349/349/349 351/351/351 352/352/352
v -10.030000 1.200000 7.685000
v -9.610000 1.200000 7.685000
v -9.610000 1.200000 7.755000
v -10.030000 1.200000 7.755000
vt -2.345000 1.200000
vt -1.925000 1.200000
vt -1.855000 1.200000
vt -2.275000 1.200000
vn 0.000000 -1.000000 0.000000
vn 0.000000 -1.000000 0.000000
vn 0.000000 -1.000000 0.000000
vn 0.000000 -1.000000 0.000000
f 353/353/353 354/354/354 355/355/355
f 353/353/353 355/355/355 356/356/356
v -10.030000 5.200000 7.685000
v -10.030000 5.200000 7.755000
v -9.610000 5.200000 7.755000
v -9.610000 5.200000 7.685000
vt -2.345000 5.200000
vt -2.275000 5.200000
vt -1.855000 5.200000
vt -1.925000 5.200000
vn 0.000000 1.000000 0.000000
vn 0.000000 1.000000 0.000000
vn 0.000000 1.000000 0.000000
vn 0.000000 1.000000 0.000000
f 357/357/357 358/358/358 359/359/359
f 357/357/357 359/359/359 360/360/360
v -9.980000 1.160000 -8.000000
v -9.980000 1.340000 -8.000000
v -9.660000 1.340000 -8.000000
v -9.660000 1.160000 -8.000000
vt -17.980000 1.160000
vt -17.980000 1.340000
vt -17.660000 1.340000
vt -17.660000 1.160000
vn 0.000000 0.000000 -1.000000
vn 0.000000 0.000000 -1.000000
vn 0.000000 0.000000 -1.000000
vn 0.000000 0.000000 -1.000000
f 361/361/361 362/362/362 363/363/363
f 361/361/361 363/363/363 364/364/364
v -9.980000 1.160000 8.000000
v -9.660000 1.160000 8.000000
v -9.660000 1.340000 8.000000
v -9.980000 1.340000 8.000000
vt -1.980000 1.160000
vt -1.660000 1.160000
vt -1.660000 1.340000
vt -1.980000 1.340000
vn 0.000000 0.000000 1.000000
vn 0.000000 0.000000 1.000000
vn 0.000000 0.000000 1.000000
vn 0.000000 0.000000 1.000000
f 365/365/365 366/366/366 367/367/367
f 365/365/365 367/367/367 368/368/368
v -9.980000 1.160000 -8.000000
v -9.980000 1.160000 8.000000
v -9.980000 1.340000 8.000000
v -9.980000 1.340000 -8.000000
vt -17.980000 1.160000
vt -1.980000 1.160000
vt -1.980000 1.340000
vt -17.980000 1.340000
vn -1.000000 0.000000 0.000000
vn -1.000000 0.000000 0.000000
vn -1.000000 0.000000 0.000000
vn -1.000000 0.000000 0.000000
f 369/369/369 370/370/370 371/371/371
f 369/369/369 371/371/371 372/372/372
v -9.660000 1.160000 -8.000000
v -9.660000 1.340000 -8.000000
v -9.660000 1.340000 8.000000
v -9.660000 1.160000 8.000000
vt -17.660000 1.160000
vt -17.660000 1.340000
vt -1.660000 1.340000
vt -1.660000 1.160000
vn 1.000000 0.000000 0.000000
vn 1.000000 0.000000 0.000000
vn 1.000000 0.000000 0.000000
vn 1.000000 0.000000 0.000000
f 373/373/373 374/374/374 375/375/375
f 373/373/373 375/375/375 376/376/376
v -9.980000 1.160000 -8.000000
v -9.660000 1.160000 -8.000000
v -9.660000 1.160000 8.000000
v -9.980000 1.160000 8.000000
vt -17.980000 1.160000
vt -17.660000 1.160000
vt -1.660000 1.160000
vt -1.980000 1.160000
vn 0.000000 -1.000000 0.000000
vn 0.000000 -1.000000 0.000000
vn 0.000000 -1.000000 0.000000
vn 0.000000 -1.000000 0.000000
f 377/377/377 378/378/378 379/379/379
f 377/377/377 379/379/379 380/380/380
v -9.980000 1.340000 -8.000000
v -9.980000 1.340000 8.000000
v -9.660000 1.340000 8.000000
v -9.660000 1.340000 -8.000000
vt -17.980000 1.340000
vt -1.980000 1.340000
vt -1.660000 1.340000
vt -17.660000 1.340000
vn 0.000000 1.000000 0.000000
vn 0.000000 1.000000 0.000000
vn 0.000000 1.000000 0.000000
vn 0.000000 1.000000 0.000000
f 381/381/381 382/382/382 383/383/383
f 381/381/381 383/383/383 384/384/384
v -9.980000 4.860000 -8.000000
v -9.980000 5.040000 -8.000000
v -9.660000 5.040000 -8.000000
v -9.660000 4.860000 -8.000000
vt -17.980000 4.860000
vt -17.980000 5.040000
vt -17.660000 5.040000
vt -17.660000 4.860000
vn 0.000000 0.000000 -1.000000
vn 0.000000 0.000000 -1.000000
vn 0.000000 0.000000 -1.000000
vn 0.000000 0.000000 -1.000000
f 385/385/385 386/386/386 387/387/387
f 385/385/385 387/387/387 388/388/388
v -9.980000 4.860000 8.000000
v -9.660000 4.860000 8.000000
v -9.660000 5.040000 8.000000
v -9.980000 5.040000 8.000000
vt -1.980000 4.860000
vt -1.660000 4.860000
vt -1.660000 5.040000
vt -1.980000 5.040000
vn 0.000000 0.000000 1.000000
vn 0.000000 0.000000 1.000000
vn 0.000000 0.000000 1.000000
vn 0.000000 0.000000 1.000000
f 389/389/389 390/390/390 391/391/391
f 389/389/389 391/391/391 392/392/392
v -9.980000 4.860000 -8.000000
v -9.980000 4.860000 8.000000
v -9.980000 5.040000 8.000000
v -9.980000 5.040000 -8.000000
vt -17.980000 4.860000
vt -1.980000 4.860000
vt -1.980000 5.040000
vt -17.980000 5.040000
vn -1.000000 0.000000 0.000000
vn -1.000000 0.000000 0.000000
vn -1.000000 0.000000 0.000000
vn -1.000000 0.000000 0.000000
f 393/393/393 394/394/394 395/395/395
f 393/393/393 395/395/395 396/396/396
v -9.660000 4.860000 -8.000000
v -9.660000 5.040000 -8.000000
v -9.660000 5.040000 8.000000
v -9.660000 4.860000 8.000000
vt -17.660000 4.860000
vt -17.660000 5.040000
vt -1.660000 5.040000
vt -1.660000 4.860000
vn 1.000000 0.000000 0.000000
vn 1.000000 0.000000 0.000000
vn 1.000000 0.000000 0.000000
vn 1.000000 0.000000 0.000000
f 397/397/397 398/398/398 399/399/399
f 397/397/397 399/399/399 400/400/400
v -9.980000 4.860000 -8.000000
v -9.660000 4.860000 -8.000000
v -9.660000 4.860000 8.000000
v -9.980000 4.860000 8.000000
vt -17.980000 4.860000
vt -17.660000 4.860000
vt -1.660000 4.860000
vt -1.980000 4.860000
vn 0.000000 -1.000000 0.000000
vn 0.000000 -1.000000 0.000000
vn 0.000000 -1.000000 0.000000
vn 0.000000 -1.000000 0.000000
f 401/401/401 402/402/402 403/403/403
f 401/401/401 403/403/403 404/404/404
v -9.980000 5.040000 -8.000000
v -9.980000 5.040000 8.000000
v -9.660000 5.040000 8.000000
v -9.660000 5.040000 -8.000000
vt -17.980000 5.040000
vt -1.980000 5.040000
vt -1.660000 5.040000
vt -17.660000 5.040000
vn 0.000000 1.000000 0.000000
vn 0.000000 1.000000 0.000000
vn 0.000000 1.000000 0.000000
vn 0.000000 1.000000 0.000000
f 405/405/405 406/406/406 407/407/407
f 405/405/405 407/407/407 408/408/408
v -9.980000 5.410000 -8.000000
v -9.980000 5.590000 -8.000000
v -9.660000 5.590000 -8.000000
v -9.660000 5.410000 -8.000000
vt -17.980000 5.410000
vt -17.980000 5.590000
vt -17.660000 5.590000
vt -17.660000 5.410000
vn 0.000000 0.000000 -1.000000
vn 0.000000 0.000000 -1.000000
vn 0.000000 0.000000 -1.000000
vn 0.000000 0.000000 -1.000000
f 409/409/409 410/410/410 411/411/411
f 409/409/409 411/411/411 412/412/412
v -9.980000 5.410000 8.000000
v -9.660000 5.410000 8.000000
v -9.660000 5.590000 8.000000
v -9.980000 5.590000 8.000000
vt -1.980000 5.410000
vt -1.660000 5.410000
vt -1.660000 5.590000
vt -1.980000 5.590000
vn 0.000000 0.000000 1.000000
vn 0.000000 0.000000 1.000000
vn 0.000000 0.000000 1.000000
vn 0.000000 0.000000 1.000000
f 413/413/413 414/414/414 415/415/415
f 413/413/413 415/415/415 416/416/416
v -9.980000 5.410000 -8.000000
v -9.980000 5.410000 8.000000
v -9.980000 5.590000 8.000000
v -9.980000 5.590000 -8.000000
vt -17.980000 5.410000
vt -1.980000 5.410000
vt -1.980000 5.590000
vt -17.980000 5.590000
vn -1.000000 0.000000 0.000000
vn -1.000000 0.000000 0.000000
vn -1.000000 0.000000 0.000000
vn -1.000000 0.000000 0.000000
f 417/417/417 418/418/418 419/419/419
f 417/417/417 419/419/419 420/420/420
v -9.660000 5.410000 -8.000000
v -9.660000 5.590000 -8.000000
v -9.660000 5.590000 8.000000
v -9.660000 5.410000 8.000000
vt -17.660000 5.410000
vt -17.660000 5.590000
vt -1.660000 5.590000
vt -1.660000 5.410000
vn 1.000000 0.000000 0.000000
vn 1.000000 0.000000 0.000000
vn 1.000000 0.000000 0.000000
vn 1.000000 0.000000 0.000000
f 421/421/421 422/422/422 423/423/423
f 421/421/421 423/423/423 424/424/424
v -9.980000 5.410000 -8.000000
v -9.660000 5.410000 -8.000000
v -9.660000 5.410000 8.000000
v -9.980000 5.410000 8.000000
vt -17.980000 5.410000
vt -17.660000 5.410000
vt -1.660000 5.410000
vt -1.980000 5.410000
vn 0.000000 -1.000000 0.000000
vn 0.000000 -1.000000 0.000000
vn 0.000000 -1.000000 0.000000
vn 0.000000 -1.000000 0.000000
f 425/425/425 426/426/426 427/427/427
f 425/425/425 427/427/427 428/428/428
v -9.980000 5.590000 -8.000000
v -9.980000 5.590000 8.000000
v -9.660000 5.590000 8.000000
v -9.660000 5.590000 -8.000000
vt -17.980000 5.590000
vt -1.980000 5.590000
vt -1.660000 5.590000
vt -17.660000 5.590000
vn 0.000000 1.000000 0.000000
vn 0.000000 1.000000 0.000000
vn 0.000000 1.000000 0.000000
vn 0.000000 1.000000 0.000000
f 429/429/429 430/430/430 431/431/431
f 429/429/429 431/431/431 432/432/432
v 9.760000 1.200000 -7.690000
v 9.760000 5.200000 -7.690000
v 9.880000 5.200000 -7.690000
v 9.880000 1.200000 -7.690000
vt 2.070000 1.200000
vt 2.070000 5.200000
vt 2.190000 5.200000
vt 2.190000 1.200000
vn 0.000000 0.000000 -1.000000
vn 0.000000 0.000000 -1.000000
vn 0.000000 0.000000 -1.000000
vn 0.000000 0.000000 -1.000000
f 433/433/433 434/434/434 435/435/435
f 433/433/433 435/435/435 436/436/436
v 9.760000 1.200000 -7.310000
v 9.880000 1.200000 -7.310000
v 9.880000 5.200000 -7.310000
v 9.760000 5.200000 -7.310000
vt 2.450000 1.200000
vt 2.570000 1.200000
vt 2.570000 5.200000
vt 2.450000 5.200000
vn 0.000000 0.000000 1.000000
vn 0.000000 0.000000 1.000000
vn 0.000000 0.000000 1.000000
vn 0.000000 0.000000 1.000000
f 437/437/437 438/438/438 439/439/439
f 437/437/437 439/439/439 440/440/440
v 9.760000 1.200000 -7.690000
v 9.760000 1.200000 -7.310000
v 9.760000 5.200000 -7.310000
v 9.760000 5.200000 -7.690000
vt 2.070000 1.200000
vt 2.450000 1.200000
vt 2.450000 5.200000
vt 2.070000 5.200000
vn -1.000000 0.000000 0.000000
vn -1.000000 0.000000 0.000000
vn -1.000000 0.000000 0.000000
vn -1.000000 0.000000 0.000000
f 441/441/441 442/442/442 443/443/443
f 441/441/441 443/443/443 444/444/444
v 9.880000 1.200000 -7.690000
v 9.880000 5.200000 -7.690000
v 9.880000 5.200000 -7.310000
v 9.880000 1.200000 -7.310000
vt 2.190000 1.200000
vt 2.190000 5.200000
vt 2.570000 5.200000
vt 2.570000 1.200000
vn 1.000000 0.000000 0.000000
vn 1.000000 0.000000 0.000000
vn 1.000000 0.000000 0.000000
vn 1.000000 0.000000 0.000000
f 445/445/445 446/446/446 447/447/447
f 445/445/445 447/447/447 448/448/448
v 9.760000 1.200000 -7.690000
v 9.880000 1.200000 -7.690000
v 9.880000 1.200000 -7.310000
v 9.760000 1.200000 -7.310000
vt 2.070000 1.200000
vt 2.190000 1.200000
vt 2.570000 1.200000
vt 2.450000 1.200000
vn 0.000000 -1.000000 0.000000
vn 0.000000 -1.000000 0.000000
vn 0.000000 -1.000000 0.000000
vn 0.000000 -1.000000 0.000000
f 449/449/449 450/450/450 451/451/451
f 449/449/449 451/451/451 452/452/452
v 9.760000 5.200000 -7.690000
v 9.760000 5.200000 -7.310000
v 9.880000 5.200000 -7.310000
v 9.880000 5.200000 -7.690000
vt 2.070000 5.200000
vt 2.450000 5.200000
vt 2.570000 5.200000
vt 2.190000 5.200000
vn 0.000000 1.000000 0.000000
vn 0.000000 1.000000 0.000000
vn 0.000000 1.000000 0.000000
vn 0.000000 1.000000 0.000000
f 453/453/453 454/454/454 455/455/455
f 453/453/453 455/455/455 456/456/456
v 9.610000 1.200000 -7.755000
v 9.610000 5.200000 -7.755000
v 10.030000 5.200000 -7.755000
v 10.030000 1.200000 -7.755000
vt 1.855000 1.200000
vt 1.855000 5.200000
vt 2.275000 5.200000
vt 2.275000 1.200000
vn 0.000000 0.000000 -1.000000
vn 0.000000 0.000000 -1.000000
vn 0.000000 0.000000 -1.000000
vn 0.000000 0.000000 -1.000000
f 457/457/457 458/458/458 459/459/459
f 457/457/457 459/459/459 460/460/460
v 9.610000 1.200000 -7.685000
v 10.030000 1.200000 -7.685000
v 10.030000 5.200000 -7.685000
v 9.610000 5.200000 -7.685000
vt 1.925000 1.200000
vt 2.345000 1.200000
vt 2.345000 5.200000
vt 1.925000 5.200000
vn 0.000000 0.000000 1.000000
vn 0.000000 0.000000 1.000000
vn 0.000000 0.000000 1.000000
vn 0.000000 0.000000 1.000000
f 461/461/461 462/462/462 463/463/463
f 461/461/461 463/463/463 464/464/464
v 9.610000 1.200000 -7.755000
v 9.610000 1.200000 -7.685000
v 9.610000 5.200000 -7.685000
v 9.610000 5.200000 -7.755000
vt 1.855000 1.200000
vt 1.925000 1.200000
vt 1.925000 5.200000
vt 1.855000 5.200000
vn -1.000000 0.000000 0.000000
vn -1.000000 0.000000 0.000000
vn -1.000000 0.000000 0.000000
vn -1.000000 0.000000 0.000000
f 465/465/465 466/466/466 467/467/467
f 465/465/465 467/467/467 468/468/468
v 10.030000 1.200000 -7.755000
v 10.030000 5.200000 -7.755000
v 10.030000 5.200000 -7.685000
v 10.030000 1.200000 -7.685000
vt 2.275000 1.200000
vt 2.275000 5.200000
vt 2.345000 5.200000
vt 2.345000 1.200000
vn 1.000000 0.000000 0.000000
vn 1.000000 0.000000 0.000000
vn 1.000000 0.000000 0.000000
vn 1.000000 0.000000 0.000000
f 469/469/469 470/470/470 471/471/471
f 469/469/469 471/471/471 472/472/472
v 9.610000 1.200000 -7.755000
v 10.030000 1.200000 -7.755000
v 10.030000 1.200000 -7.685000
v 9.610000 1.200000 -7.685000
vt 1.855000 1.200000
vt 2.275000 1.200000
vt 2.345000 1.200000
vt 1.925000 1.200000
vn 0.000000 -1.000000 0.000000
vn 0.000000 -1.000000 0.000000
vn 0.000000 -1.000000 0.000000
vn 0.000000 -1.000000 0.000000
f 473/473/473 474/474/474 475/475/475
f 473/473/473 475/475/475 476/476/476
v 9.610000 5.200000 -7.755000
v 9.610000 5.200000 -7.685000
v 10.030000 5.200000 -7.685000
v 10.030000 5.200000 -7.755000
vt 1.855000 5.200000
vt 1.925000 5.200000
vt 2.345000 5.200000
vt 2.275000 5.200000
vn 0.000000 1.000000 0.000000
vn 0.000000 1.000000 0.000000
vn 0.000000 1.000000 0.000000
vn 0.000000 1.000000 0.000000
f 477/477/477 478/478/478 479/479/479
f 477/477/477 479/479/479 480/480/480
v 9.610000 1.200000 -7.315000
v 9.610000 5.200000 -7.315000
v 10.030000 5.200000 -7.315000
v 10.030000 1.200000 -7.315000
vt 2.295000 1.200000
vt 2.295000 5.200000
vt 2.715000 5.200000
vt 2.715000 1.200000
vn 0.000000 0.000000 -1.000000
vn 0.000000 0.000000 -1.000000
vn 0.000000 0.000000 -1.000000
vn 0.000000 0.000000 -1.000000
f 481/481/481 482/482/482 483/483/483
f 481/481/481 483/483/483 484/484/484
v 9.610000 1.200000 -7.245000
v 10.030000 1.200000 -7.245000
v 10.030000 5.200000 -7.245000
v 9.610000 5.200000 -7.245000
vt 2.365000 1.200000
vt 2.785000 1.200000
vt 2.785000 5.200000
vt 2.365000 5.200000
vn 0.000000 0.000000 1.000000
vn 0.000000 0.000000 1.000000
vn 0.000000 0.000000 1.000000
vn 0.000000 0.000000 1.000000
f 485/485/485 486/486/486 487/487/487
f 485/485/485 487/487/487 488/488/488
v 9.610000 1.200000 -7.315000
v 9.610000 1.200000 -7.245000
v 9.610000 5.200000 -7.245000
v 9.610000 5.200000 -7.315000
vt 2.295000 1.200000
vt 2.365000 1.200000
vt 2.365000 5.200000
vt 2.295000 5.200000
vn -1.000000 0.000000 0.000000
vn -1.000000 0.000000 0.000000
vn -1.000000 0.000000 0.000000
vn -1.000000 0.000000 0.000000
f 489/489/489 490/490/490 491/491/491
f 489/489/489 491/491/491 492/492/492
v 10.030000 1.200000 -7.315000
v 10.030000 5.200000 -7.315000
v 10.030000 5.200000 -7.245000
v 10.030000 1.200000 -7.245000
vt 2.715000 1.200000
vt 2.715000 5.200000
vt 2.785000 5.200000
vt 2.785000 1.200000
vn 1.000000 0.000000 0.000000
vn 1.000000 0.000000 0.000000
vn 1.000000 0.000000 0.000000
vn 1.000000 0.000000 0.000000
f 493/493/493 494/494/494 495/495/495
f 493/493/493 495/495/495 496/496/496
v 9.610000 1.200000 -7.315000
v 10.030000 1.200000 -7.315000
v 10.030000 1.200000 -7.245000
v 9.610000 1.200000 -7.245000
vt 2.295000 1.200000
vt 2.715000 1.200000
vt 2.785000 1.200000
vt 2.365000 1.200000
vn 0.000000 -1.000000 0.000000
vn 0.000000 -1.000000 0.000000
vn 0.000000 -1.000000 0.000000
vn 0.000000 -1.000000 0.000000
f 497/497/497 498/498/498 499/499/499
f 497/497/497 499/499/499 500/500/500
v 9.610000 5.200000 -7.315000
v 9.610000 5.200000 -7.245000
v 10.030000 5.200000 -7.245000
v 10.030000 5.200000 -7.315000
vt 2.295000 5.200000
vt 2.365000 5.200000
vt 2.785000 5.200000
vt 2.715000 5.200000
vn 0.000000 1.000000 0.000000
vn 0.000000 1.000000 0.000000
vn 0.000000 1.000000 0.000000
vn 0.000000 1.000000 0.000000
f 501/501/501 502/502/502 503/503/503
f 501/501/501 503/503/503 504/504/504
v 9.760000 1.200000 -3.690000
v 9.760000 5.200000 -3.690000
v 9.880000 5.200000 -3.690000
v 9.880000 1.200000 -3.690000
vt 6.070000 1.200000
vt 6.070000 5.200000
vt 6.190000 5.200000
vt 6.190000 1.200000
vn 0.000000 0.000000 -1.000000
vn 0.000000 0.000000 -1.000000
vn 0.000000 0.000000 -1.000000
vn 0.000000 0.000000 -1.000000
f 505/505/505 506/506/506 507/507/507
f 505/505/505 507/507/507 508/508/508
v 9.760000 1.200000 -3.310000
v 9.880000 1.200000 -3.310000
v 9.880000 5.200000 -3.310000
v 9.760000 5.200000 -3.310000
vt 6.450000 1.200000
vt 6.570000 1.200000
vt 6.570000 5.200000
vt 6.450000 5.200000
vn 0.000000 0.000000 1.000000
vn 0.000000 0.000000 1.000000
vn 0.000000 0.000000 1.000000
vn 0.000000 0.000000 1.000000
f 509/509/509 510/510/510 511/511/511
f 509/509/509 511/511/511 512/512/512
v 9.760000 1.200000 -3.690000
v 9.760000 1.200000 -3.310000
v 9.760000 5.200000 -3.310000
v 9.760000 5.200000 -3.690000
vt 6.070000 1.200000
vt 6.450000 1.200000
vt 6.450000 5.200000
vt 6.070000 5.200000
vn -1.000000 0.000000 0.000000
vn -1.000000 0.000000 0.000000
vn -1.000000 0.000000 0.000000
vn -1.000000 0.000000 0.000000
f 513/513/513 514/514/514 515/515/515
f 513/513/513 515/515/515 516/516/516
v 9.880000 1.200000 -3.690000
v 9.880000 5.200000 -3.690000
v 9.880000 5.200000 -3.310000
v 9.880000 1.200000 -3.310000
vt 6.190000 1.200000
vt 6.190000 5.200000
vt 6.570000 5.200000
vt 6.570000 1.200000
vn 1.000000 0.000000 0.000000
vn 1.000000 0.000000 0.000000
vn 1.000000 0.000000 0.000000
vn 1.000000 0.000000 0.000000
f 517/517/517 518/518/518 519/519/519
f 517/517/517 519/519/519 520/520/520
v 9.760000 1.200000 -3.690000
v 9.880000 1.200000 -3.690000
v 9.880000 1.200000 -3.310000
v 9.760000 1.200000 -3.310000
vt 6.070000 1.200000
vt 6.190000 1.200000
vt 6.570000 1.200000
vt 6.450000 1.200000
vn 0.000000 -1.000000 0.000000
vn 0.000000 -1.000000 0.000000
vn 0.000000 -1.000000 0.000000
vn 0.000000 -1.000000 0.000000
f 521/521/521 522/522/522 523/523/523
f 521/521/521 523/523/523 524/524/524
v 9.760000 5.200000 -3.690000
v 9.760000 5.200000 -3.310000
v 9.880000 5.200000 -3.310000
v 9.880000 5.200000 -3.690000
vt 6.070000 5.200000
vt 6.450000 5.200000
vt 6.570000 5.200000
vt 6.190000 5.200000
vn 0.000000 1.000000 0.000000
vn 0.000000 1.000000 0.000000
vn 0.000000 1.000000 0.000000
vn 0.000000 1.000000 0.000000
f 525/525/525 526/526/526 527/527/527
f 525/525/525 527/527/527 528/528/528
v 9.610000 1.200000 -3.755000
v 9.610000 5.200000 -3.755000
v 10.030000 5.200000 -3.755000
v 10.030000 1.200000 -3.755000
vt 5.855000 1.200000
vt 5.855000 5.200000
vt 6.275000 5.200000
vt 6.275000 1.200000
vn 0.000000 0.000000 -1.000000
vn 0.000000 0.000000 -1.000000
vn 0.000000 0.000000 -1.000000
vn 0.000000 0.000000 -1.000000
f 529/529/529 530/530/530 531/531/531
f 529/529/529 531/531/531 532/532/532
v 9.610000 1.200000 -3.685000
v 10.030000 1.200000 -3.685000
v 10.030000 5.200000 -3.685000
v 9.610000 5.200000 -3.685000
vt 5.925000 1.200000
vt 6.345000 1.200000
vt 6.345000 5.200000
vt 5.925000 5.200000
vn 0.000000 0.000000 1.000000
vn 0.000000 0.000000 1.000000
vn 0.000000 0.000000 1.000000
vn 0.000000 0.000000 1.000000
f 533/533/533 534/534/534 535/535/535
f 533/533/533 535/535/535 536/536/536
v 9.610000 1.200000 -3.755000
v 9.610000 1.200000 -3.685000
v 9.610000 5.200000 -3.685000
v 9.610000 5.200000 -3.755000
vt 5.855000 1.200000
vt 5.925000 1.200000
vt 5.925000 5.200000
vt 5.855000 5.200000
vn -1.000000 0.000000 0.000000
vn -1.000000 0.000000 0.000000
vn -1.000000 0.000000 0.000000
vn -1.000000 0.000000 0.000000
f 537/537/537 538/538/538 539/539/539
f 537/537/537 539/539/539 540/540/540
v 10.030000 1.200000 -3.755000
v 10.030000 5.200000 -3.755000
v 10.030000 5.200000 -3.685000
v 10.030000 1.200000 -3.685000
vt 6.275000 1.200000
vt 6.275000 5.200000
vt 6.345000 5.200000
vt 6.345000 1.200000
vn 1.000000 0.000000 0.000000
vn 1.000000 0.000000 0.000000
vn 1.000000 0.000000 0.000000
vn 1.000000 0.000000 0.000000
f 541/541/541 542/542/542 543/543/543
f 541/541/541 543/543/543 544/544/544
v 9.610000 1.200000 -3.755000
v 10.030000 1.200000 -3.755000
v 10.030000 1.200000 -3.685000
v 9.610000 1.200000 -3.685000
vt 5.855000 1.200000
vt 6.275000 1.200000
vt 6.345000 1.200000
vt 5.925000 1.200000
vn 0.000000 -1.000000 0.000000
vn 0.000000 -1.000000 0.000000
vn 0.000000 -1.000000 0.000000
vn 0.000000 -1.000000 0.000000
f 545/545/545 546/546/546 547/547/547
f 545/545/545 547/547/547 548/548/548
v 9.610000 5.200000 -3.755000
v 9.610000 5.200000 -3.685000
v 10.030000 5.200000 -3.685000
v 10.030000 5.200000 -3.755000
vt 5.855000 5.200000
vt 5.925000 5.200000
vt 6.345000 5.200000
vt 6.275000 5.200000
vn 0.000000 1.000000 0.000000
vn 0.000000 1.000000 0.000000
vn 0.000000 1.000000 0.000000
vn 0.000000 1.000000 0.000000
f 549/549/549 550/550/550 551/551/551
f 549/549/549 551/551/551 552/552/552
v 9.610000 1.200000 -3.315000
v 9.610000 5.200000 -3.315000
v 10.030000 5.200000 -3.315000
v 10.030000 1.200000 -3.315000
vt 6.295000 1.200000
vt 6.295000 5.200000
vt 6.715000 5.200000
vt 6.715000 1.200000
vn 0.000000 0.000000 -1.000000
vn 0.000000 0.000000 -1.000000
vn 0.000000 0.000000 -1.000000
vn 0.000000 0.000000 -1.000000
f 553/553/553 554/554/554 555/555/555
f 553/553/553 555/555/555 556/556/556
v 9.610000 1.200000 -3.245000
v 10.030000 1.200000 -3.245000
v 10.030000 5.200000 -3.245000
v 9.610000 5.200000 -3.245000
vt 6.365000 1.200000
vt 6.785000 1.200000
vt 6.785000 5.200000
vt 6.365000 5.200000
vn 0.000000 0.000000 1.000000
vn 0.000000 0.000000 1.000000
vn 0.000000 0.000000 1.000000
vn 0.000000 0.000000 1.000000
f 557/557/557 558/558/558 559/559/559
f 557/557/557 559/559/559 560/560/560
v 9.610000 1.200000 -3.315000
v 9.610000 1.200000 -3.245000
v 9.610000 5.200000 -3.245000
v 9.610000 5.200000 -3.315000
vt 6.295000 1.200000
vt 6.365000 1.200000
vt 6.365000 5.200000
vt 6.295000 5.200000
vn -1.000000 0.000000 0.000000
vn -1.000000 0.000000 0.000000
vn -1.000000 0.000000 0.000000
vn -1.000000 0.000000 0.000000
f 561/561/561 562/562/562 563/563/563
f 561/561/561 563/563/563 564/564/564
v 10.030000 1.200000 -3.315000
v 10.030000 5.200000 -3.315000
v 10.030000 5.200000 -3.245000
v 10.030000 1.200000 -3.245000
vt 6.715000 1.200000
vt 6.715000 5.200000
vt 6.785000 5.200000
vt 6.785000 1.200000
vn 1.000000 0.000000 0.000000
vn 1.000000 0.000000 0.000000
vn 1.000000 0.000000 0.000000
vn 1.000000 0.000000 0.000000
f 565/565/565 566/566/566 567/567/567
f 565/565/565 567/567/567 568/568/568
v 9.610000 1.200000 -3.315000
v 10.030000 1.200000 -3.315000
v 10.030000 1.200000 -3.245000
v 9.610000 1.200000 -3.245000
vt 6.295000 1.200000
vt 6.715000 1.200000
vt 6.785000 1.200000
vt 6.365000 1.200000
vn 0.000000 -1.000000 0.000000
vn 0.000000 -1.000000 0.000000
vn 0.000000 -1.000000 0.000000
vn 0.000000 -1.000000 0.000000
f 569/569/569 570/570/570 571/571/571
f 569/569/569 571/571/571 572/572/572
v 9.610000 5.200000 -3.315000
v 9.610000 5.200000 -3.245000
v 10.030000 5.200000 -3.245000
v 10.030000 5.200000 -3.315000
vt 6.295000 5.200000
vt 6.365000 5.200000
vt 6.785000 5.200000
vt 6.715000 5.200000
vn 0.000000 1.000000 0.000000
vn 0.000000 1.000000 0.000000
vn 0.000000 1.000000 0.000000
vn 0.000000 1.000000 0.000000
f 573/573/573 574/574/574 575/575/575
f 573/573/573 575/575/575 576/576/576
v 9.760000 1.200000 0.310000
v 9.760000 5.200000 0.310000
v 9.880000 5.200000 0.310000
v 9.880000 1.200000 0.310000
vt 10.070000 1.200000
vt 10.070000 5.200000
vt 10.190000 5.200000
vt 10.190000 1.200000
vn 0.000000 0.000000 -1.000000
vn 0.000000 0.000000 -1.000000
vn 0.000000 0.000000 -1.000000
vn 0.000000 0.000000 -1.000000
f 577/577/577 578/578/578 579/579/579
f 577/577/577 579/579/579 580/580/580
v 9.760000 1.200000 0.690000
v 9.880000 1.200000 0.690000
v 9.880000 5.200000 0.690000
v 9.760000 5.200000 0.690000
vt 10.450000 1.200000
vt 10.570000 1.200000
vt 10.570000 5.200000
vt 10.450000 5.200000
vn 0.000000 0.000000 1.000000
vn 0.000000 0.000000 1.000000
vn 0.000000 0.000000 1.000000
vn 0.000000 0.000000 1.000000
f 581/581/581 582/582/582 583/583/583
f 581/581/581 583/583/583 584/584/584
v 9.760000 1.200000 0.310000
v 9.760000 1.200000 0.690000
v 9.760000 5.200000 0.690000
v 9.760000 5.200000 0.310000
vt 10.070000 1.200000
vt 10.450000 1.200000
vt 10.450000 5.200000
vt 10.070000 5.200000
vn -1.000000 0.000000 0.000000
vn -1.000000 0.000000 0.000000
vn -1.000000 0.000000 0.000000
vn -1.000000 0.000000 0.000000
f 585/585/585 586/586/586 587/587/587
f 585/585/585 587/587/587 588/588/588
v 9.880000 1.200000 0.310000
v 9.880000 5.200000 0.310000
v 9.880000 5.200000 0.690000
v 9.880000 1.200000 0.690000
vt 10.190000 1.200000
vt 10.190000 5.200000
vt 10.570000 5.200000
vt 10.570000 1.200000
vn 1.000000 0.000000 0.000000
vn 1.000000 0.000000 0.000000
vn 1.000000 0.000000 0.000000
vn 1.000000 0.000000 0.000000
f 589/589/589 590/590/590 591/591/591
f 589/589/589 591/591/591 592/592/592
v 9.760000 1.200000 0.310000
v 9.880000 1.200000 0.310000
v 9.880000 1.200000 0.690000
v 9.760000 1.200000 0.690000
vt 10.070000 1.200000
vt 10.190000 1.200000
vt 10.570000 1.200000
vt 10.450000 1.200000
vn 0.000000 -1.000000 0.000000
vn 0.000000 -1.000000 0.000000
vn 0.000000 -1.000000 0.000000
vn 0.000000 -1.000000 0.000000
f 593/593/593 594/594/594 595/595/595
f 593/593/593 595/595/595 596/596/596
v 9.760000 5.200000 0.310000
v 9.760000 5.200000 0.690000
v 9.880000 5.200000 0.690000
v 9.880000 5.200000 0.310000
vt 10.070000 5.200000
vt 10.450000 5.200000
vt 10.570000 5.200000
vt 10.190000 5.200000
vn 0.000000 1.000000 0.000000
vn 0.000000 1.000000 0.000000
vn 0.000000 1.000000 0.000000
vn 0.000000 1.000000 0.000000
f 597/597/597 598/598/598 599/599/599
f 597/597/597 599/599/599 600/600/600
v 9.610000 1.200000 0.245000
v 9.610000 5.200000 0.245000
v 10.030000 5.200000 0.245000
v 10.030000 1.200000 0.245000
vt 9.855000 1.200000
vt 9.855000 5.200000
vt 10.275000 5.200000
vt 10.275000 1.200000
vn 0.000000 0.000000 -1.000000
vn 0.000000 0.000000 -1.000000
vn 0.000000 0.000000 -1.000000
vn 0.000000 0.000000 -1.000000
f 601/601/601 602/602/602 603/603/603
f 601/601/601 603/603/603 604/604/604
v 9.610000 1.200000 0.315000
v 10.030000 1.200000 0.315000
v 10.030000 5.200000 0.315000
v 9.610000 5.200000 0.315000
vt 9.925000 1.200000
vt 10.345000 1.200000
vt 10.345000 5.200000
vt 9.925000 5.200000
vn 0.000000 0.000000 1.000000
vn 0.000000 0.000000 1.000000
vn 0.000000 0.000000 1.000000
vn 0.000000 0.000000 1.000000
f 605/605/605 606/606/606 607/607/607
f 605/605/605 607/607/607 608/608/608
v 9.610000 1.200000 0.245000
v 9.610000 1.200000 0.315000
v 9.610000 5.200000 0.315000
v 9.610000 5.200000 0.245000
vt 9.855000 1.200000
vt 9.925000 1.200000
vt 9.925000 5.200000
vt 9.855000 5.200000
vn -1.000000 0.000000 0.000000
vn -1.000000 0.000000 0.000000
vn -1.000000 0.000000 0.000000
vn -1.000000 0.000000 0.000000
f 609/609/609 610/610/610 611/611/611
f 609/609/609 611/611/611 612/612/612
v 10.030000 1.200000 0.245000
v 10.030000 5.200000 0.245000
v 10.030000 5.200000 0.315000
v 10.030000 1.200000 0.315000
vt 10.275000 1.200000
vt 10.275000 5.200000
vt 10.345000 5.200000
vt 10.345000 1.200000
vn 1.000000 0.000000 0.000000
vn 1.000000 0.000000 0.000000
vn 1.000000 0.000000 0.000000
vn 1.000000 0.000000 0.000000
f 613/613/613 614/614/614 615/615/615
f 613/613/613 615/615/615 616/616/616
v 9.610000 1.200000 0.245000
v 10.030000 1.200000 0.245000
v 10.030000 1.200000 0.315000
v 9.610000 1.200000 0.315000
vt 9.855000 1.200000
vt 10.275000 1.200000
vt 10.345000 1.200000
vt 9.925000 1.200000
vn 0.000000 -1.000000 0.000000
vn 0.000000 -1.000000 0.000000
vn 0.000000 -1.000000 0.000000
vn 0.000000 -1.000000 0.000000
f 617/617/617 618/618/618 619/619/619
f 617/617/617 619/619/619 620/620/620
v 9.610000 5.200000 0.245000
v 9.610000 5.200000 0.315000
v 10.030000 5.200000 0.315000
v 10.030000 5.200000 0.245000
vt 9.855000 5.200000
vt 9.925000 5.200000
vt 10.345000 5.200000
vt 10.275000 5.200000
vn 0.000000 1.000000 0.000000
vn 0.000000 1.000000 0.000000
vn 0.000000 1.000000 0.000000
vn 0.000000 1.000000 0.000000
f 621/621/621 622/622/622 623/623/623
f 621/621/621 623/623/623 624/624/624
v 9.610000 1.200000 0.685000
v 9.610000 5.200000 0.685000
v 10.030000 5.200000 0.685000
v 10.030000 1.200000 0.685000
vt 10.295000 1.200000
vt 10.295000 5.200000
vt 10.715000 5.200000
vt 10.715000 1.200000
vn 0.000000 0.000000 -1.000000
vn 0.000000 0.000000 -1.000000
vn 0.000000 0.000000 -1.000000
vn 0.000000 0.000000 -1.000000
f 625/625/625 626/626/626 627/627/627
f 625/625/625 627/627/627 628/628/628
v 9.610000 1.200000 0.755000
v 10.030000 1.200000 0.755000
v 10.030000 5.200000 0.755000
v 9.610000 5.200000 0.755000
vt 10.365000 1.200000
vt 10.785000 1.200000
vt 10.785000 5.200000
vt 10.365000 5.200000
vn 0.000000 0.000000 1.000000
vn 0.000000 0.000000 1.000000
vn 0.000000 0.000000 1.000000
vn 0.000000 0.000000 1.000000
f 629/629/629 630/630/630 631/631/631
f 629/629/629 631/631/631 632/632/632
v 9.610000 1.200000 0.685000
v 9.610000 1.200000 0.755000
v 9.610000 5.200000 0.755000
v 9.610000 5.200000 0.685000
vt 10.295000 1.200000
vt 10.365000 1.200000
vt 10.365000 5.200000
vt 10.295000 5.200000
vn -1.000000 0.000000 0.000000
vn -1.000000 0.000000 0.000000
vn -1.000000 0.000000 0.000000
vn -1.000000 0.000000 0.000000
f 633/633/633 634/634/634 635/635/635
f 633/633/633 635/635/635 636/636/636
v 10.030000 1.200000 0.685000
v 10.030000 5.200000 0.685000
v 10.030000 5.200000 0.755000
v 10.030000 1.200000 0.755000
vt 10.715000 1.200000
vt 10.715000 5.200000
vt 10.785000 5.200000
vt 10.785000 1.200000
vn 1.000000 0.000000 0.000000
vn 1.000000 0.000000 0.000000
vn 1.000000 0.000000 0.000000
vn 1.000000 0.000000 0.000000
f 637/637/637 638/638/638 639/639/639
f 637/637/637 639/639/639 640/640/640
v 9.610000 1.200000 0.685000
v 10.030000 1.200000 0.685000
v 10.030000 1.200000 0.755000
v 9.610000 1.200000 0.755000
vt 10.295000 1.200000
vt 10.715000 1.200000
vt 10.785000 1.200000
vt 10.365000 1.200000
vn 0.000000 -1.000000 0.000000
vn 0.000000 -1.000000 0.000000
vn 0.000000 -1.000000 0.000000
vn 0.000000 -1.000000 0.000000
f 641/641/641 642/642/642 643/643/643
f 641/641/641 643/643/643 644/644/644
v 9.610000 5.200000 0.685000
v 9.610000 5.200000 0.755000
v 10.030000 5.200000 0.755000
v 10.030000 5.200000 0.685000
vt 10.295000 5.200000
vt 10.365000 5.200000
vt 10.785000 5.200000
vt 10.715000 5.200000
vn 0.000000 1.000000 0.000000
vn 0.000000 1.000000 0.000000
vn 0.000000 1.000000 0.000000
vn 0.000000 1.000000 0.000000
f 645/645/645 646/646/646 647/647/647
f 645/645/645 647/647/647 648/648/648
v 9.760000 1.200000 4.310000
v 9.760000 5.200000 4.310000
v 9.880000 5.200000 4.310000
v 9.880000 1.200000 4.310000
vt 14.070000 1.200000
vt 14.070000 5.200000
vt 14.190000 5.200000
vt 14.190000 1.200000
vn 0.000000 0.000000 -1.000000
vn 0.000000 0.000000 -1.000000
vn 0.000000 0.000000 -1.000000
vn 0.000000 0.000000 -1.000000
f 649/649/649 650/650/650 651/651/651
f 649/649/649 651/651/651 652/652/652
v 9.760000 1.200000 4.690000
v 9.880000 1.200000 4.690000
v 9.880000 5.200000 4.690000
v 9.760000 5.200000 4.690000
vt 14.450000 1.200000
vt 14.570000 1.200000
vt 14.570000 5.200000
vt 14.450000 5.200000
vn 0.000000 0.000000 1.000000
vn 0.000000 0.000000 1.000000
vn 0.000000 0.000000 1.000000
vn 0.000000 0.000000 1.000000
f 653/653/653 654/654/654 655/655/655
f 653/653/653 655/655/655 656/656/656
v 9.760000 1.200000 4.310000
v 9.760000 1.200000 4.690000
v 9.760000 5.200000 4.690000
v 9.760000 5.200000 4.310000
vt 14.070000 1.200000
vt 14.450000 1.200000
vt 14.450000 5.200000
vt 14.070000 5.200000
vn -1.000000 0.000000 0.000000
vn -1.000000 0.000000 0.000000
vn -1.000000 0.000000 0.000000
vn -1.000000 0.000000 0.000000
f 657/657/657 658/658/658 659/659/659
f 657/657/657 659/659/659 660/660/660
v 9.880000 1.200000 4.310000
v 9.880000 5.200000 4.310000
v 9.880000 5.200000 4.690000
v 9.880000 1.200000 4.690000
vt 14.190000 1.200000
vt 14.190000 5.200000
vt 14.570000 5.200000
vt 14.570000 1.200000
vn 1.000000 0.000000 0.000000
vn 1.000000 0.000000 0.000000
vn 1.000000 0.000000 0.000000
vn 1.000000 0.000000 0.000000
f 661/661/661 662/662/662 663/663/663
f 661/661/661 663/663/663 664/664/664
v 9.760000 1.200000 4.310000
v 9.880000 1.200000 4.310000
v 9.880000 1.200000 4.690000
v 9.760000 1.200000 4.690000
vt 14.070000 1.200000
vt 14.190000 1.200000
vt 14.570000 1.200000
vt 14.450000 1.200000
vn 0.000000 -1.000000 0.000000
vn 0.000000 -1.000000 0.000000
vn 0.000000 -1.000000 0.000000
vn 0.000000 -1.000000 0.000000
f 665/665/665 666/666/666 667/667/667
f 665/665/665 667/667/667 668/668/668
v 9.760000 5.200000 4.310000
v 9.760000 5.200000 4.690000
v 9.880000 5.200000 4.690000
v 9.880000 5.200000 4.310000
vt 14.070000 5.200000
vt 14.450000 5.200000
vt 14.570000 5.200000
vt 14.190000 5.200000
vn 0.000000 1.000000 0.000000
vn 0.000000 1.000000 0.000000
vn 0.000000 1.000000 0.000000
vn 0.000000 1.000000 0.000000
f 669/669/669 670/670/670 671/671/671
f 669/669/669 671/671/671 672/672/672
v 9.610000 1.200000 4.245000
v 9.610000 5.200000 4.245000
v 10.030000 5.200000 4.245000
v 10.030000 1.200000 4.245000
vt 13.855000 1.200000
vt 13.855000 5.200000
vt 14.275000 5.200000
vt 14.275000 1.200000
vn 0.000000 0.000000 -1.000000
vn 0.000000 0.000000 -1.000000
vn 0.000000 0.000000 -1.000000
vn 0.000000 0.000000 -1.000000
f 673/673/673 674/674/674 675/675/675
f 673/673/673 675/675/675 676/676/676
v 9.610000 1.200000 4.315000
v 10.030000 1.200000 4.315000
v 10.030000 5.200000 4.315000
v 9.610000 5.200000 4.315000
vt 13.925000 1.200000
vt 14.345000 1.200000
vt 14.345000 5.200000
vt 13.925000 5.200000
vn 0.000000 0.000000 1.000000
vn 0.000000 0.000000 1.000000
vn 0.000000 0.000000 1.000000
vn 0.000000 0.000000 1.000000
f 677/677/677 678/678/678 679/679/679
f 677/677/677 679/679/679 680/680/680
v 9.610000 1.200000 4.245000
v 9.610000 1.200000 4.315000
v 9.610000 5.200000 4.315000
v 9.610000 5.200000 4.245000
vt 13.855000 1.200000
vt 13.925000 1.200000
vt 13.925000 5.200000
vt 13.855000 5.200000
vn -1.000000 0.000000 0.000000
vn -1.000000 0.000000 0.000000
vn -1.000000 0.000000 0.000000
vn -1.000000 0.000000 0.000000
f 681/681/681 682/682/682 683/683/683
f 681/681/681 683/683/683 684/684/684
v 10.030000 1.200000 4.245000
v 10.030000 5.200000 4.245000
v 10.030000 5.200000 4.315000
v 10.030000 1.200000 4.315000
vt 14.275000 1.200000
vt 14.275000 5.200000
vt 14.345000 5.200000
vt 14.345000 1.200000
vn 1.000000 0.000000 0.000000
vn 1.000000 0.000000 0.000000
vn 1.000000 0.000000 0.000000
vn 1.000000 0.000000 0.000000
f 685/685/685 686/686/686 687/687/687
f 685/685/685 687/687/687 688/688/688
v 9.610000 1.200000 4.245000
v 10.030000 1.200000 4.245000
v 10.030000 1.200000 4.315000
v 9.610000 1.200000 4.315000
vt 13.855000 1.200000
vt 14.275000 1.200000
vt 14.345000 1.200000
vt 13.925000 1.200000
vn 0.000000 -1.000000 0.000000
vn 0.000000 -1.000000 0.000000
vn 0.000000 -1.000000 0.000000
vn 0.000000 -1.000000 0.000000
f 689/689/689 690/690/690 691/691/691
f 689/689/689 691/691/691 692/692/692
v 9.610000 5.200000 4.245000
v 9.610000 5.200000 4.315000
v 10.030000 5.200000 4.315000
v 10.030000 5.200000 4.245000
vt 13.855000 5.200000
vt 13.925000 5.200000
vt 14.345000 5.200000
vt 14.275000 5.200000
vn 0.000000 1.000000 0.000000
vn 0.000000 1.000000 0.000000
vn 0.000000 1.000000 0.000000
vn 0.000000 1.000000 0.000000
f 693/693/693 694/694/694 695/695/695
f 693/693/693 695/695/695 696/696/696
v 9.610000 1.200000 4.685000
v 9.610000 5.200000 4.685000
v 10.030000 5.200000 4.685000
v 10.030000 1.200000 4.685000
vt 14.295000 1.200000
vt 14.295000 5.200000
vt 14.715000 5.200000
vt 14.715000 1.200000
vn 0.000000 0.000000 -1.000000
vn 0.000000 0.000000 -1.000000
vn 0.000000 0.000000 -1.000000
vn 0.000000 0.000000 -1.000000
f 697/697/697 698/698/698 699/699/699
f 697/697/697 699/699/699 700/700/700
v 9.610000 1.200000 4.755000
v 10.030000 1.200000 4.755000
v 10.030000 5.200000 4.755000
v 9.610000 5.200000 4.755000
vt 14.365000 1.200000
vt 14.785000 1.200000
vt 14.785000 5.200000
vt 14.365000 5.200000
vn 0.000000 0.000000 1.000000
vn 0.000000 0.000000 1.000000
vn 0.000000 0.000000 1.000000
vn 0.000000 0.000000 1.000000
f 701/701/701 702/702/702 703/703/703
f 701/701/701 703/703/703 704/704/704
v 9.610000 1.200000 4.685000
v 9.610000 1.200000 4.755000
v 9.610000 5.200000 4.755000
v 9.610000 5.200000 4.685000
vt 14.295000 1.200000
vt 14.365000 1.200000
vt 14.365000 5.200000
vt 14.295000 5.200000
vn -1.000000 0.000000 0.000000
vn -1.000000 0.000000 0.000000
vn -1.000000 0.000000 0.000000
vn -1.000000 0.000000 0.000000
f 705/705/705 706/706/706 707/707/707
f 705/705/705 707/707/707 708/708/708
v 10.030000 1.200000 4.685000
v 10.030000 5.200000 4.685000
v 10.030000 5.200000 4.755000
v 10.030000 1.200000 4.755000
vt 14.715000 1.200000
vt 14.715000 5.200000
vt 14.785000 5.200000
vt 14.785000 1.200000
vn 1.000000 0.000000 0.000000
vn 1.000000 0.000000 0.000000
vn 1.000000 0.000000 0.000000
vn 1.000000 0.000000 0.000000
f 709/709/709 710/710/710 711/711/711
f 709/709/709 711/711/711 712/712/712
v 9.610000 1.200000 4.685000
v 10.030000 1.200000 4.685000
v 10.030000 1.200000 4.755000
v 9.610000 1.200000 4.755000
vt 14.295000 1.200000
vt 14.715000 1.200000
vt 14.785000 1.200000
vt 14.365000 1.200000
vn 0.000000 -1.000000 0.000000
vn 0.000000 -1.000000 0.000000
vn 0.000000 -1.000000 0.000000
vn 0.000000 -1.000000 0.000000
f 713/713/713 714/714/714 715/715/715
f 713/713/713 715/715/715 716/716/716
v 9.610000 5.200000 4.685000
v 9.610000 5.200000 4.755000
v 10.030000 5.200000 4.755000
v 10.030000 5.200000 4.685000
vt 14.295000 5.200000
vt 14.365000 5.200000
vt 14.785000 5.200000
vt 14.715000 5.200000
vn 0.000000 1.000000 0.000000
vn 0.000000 1.000000 0.000000
vn 0.000000 1.000000 0.000000
vn 0.000000 1.000000 0.000000
f 717/717/717 718/718/718 719/719/719
f 717/717/717 719/719/719 720/720/720
v 9.760000 1.200000 7.310000
v 9.760000 5.200000 7.310000
v 9.880000 5.200000 7.310000
v 9.880000 1.200000 7.310000
vt 17.070000 1.200000
vt 17.070000 5.200000
vt 17.190000 5.200000
vt 17.190000 1.200000
vn 0.000000 0.000000 -1.000000
vn 0.000000 0.000000 -1.000000
vn 0.000000 0.000000 -1.000000
vn 0.000000 0.000000 -1.000000
f 721/721/721 722/722/722 723/723/723
f 721/721/721 723/723/723 724/724/724
v 9.760000 1.200000 7.690000
v 9.880000 1.200000 7.690000
v 9.880000 5.200000 7.690000
v 9.760000 5.200000 7.690000
vt 17.450000 1.200000
vt 17.570000 1.200000
vt 17.570000 5.200000
vt 17.450000 5.200000
vn 0.000000 0.000000 1.000000
vn 0.000000 0.000000 1.000000
vn 0.000000 0.000000 1.000000
vn 0.000000 0.000000 1.000000
f 725/725/725 726/726/726 727/727/727
f 725/725/725 727/727/727 728/728/728
v 9.760000 1.200000 7.310000
v 9.760000 1.200000 7.690000
v 9.760000 5.200000 7.690000
v 9.760000 5.200000 7.310000
vt 17.070000 1.200000
vt 17.450000 1.200000
vt 17.450000 5.200000
vt 17.070000 5.200000
vn -1.000000 0.000000 0.000000
vn -1.000000 0.000000 0.000000
vn -1.000000 0.000000 0.000000
vn -1.000000 0.000000 0.000000
f 729/729/729 730/730/730 731/731/731
f 729/729/729 731/731/731 732/732/732
v 9.880000 1.200000 7.310000
v 9.880000 5.200000 7.310000
v 9.880000 5.200000 7.690000
v 9.880000 1.200000 7.690000
vt 17.190000 1.200000
vt 17.190000 5.200000
vt 17.570000 5.200000
vt 17.570000 1.200000
vn 1.000000 0.000000 0.000000
vn 1.000000 0.000000 0.000000
vn 1.000000 0.000000 0.000000
vn 1.000000 0.000000 0.000000
f 733/733/733 734/734/734 735/735/735
f 733/733/733 735/735/735 736/736/736
v 9.760000 1.200000 7.310000
v 9.880000 1.200000 7.310000
v 9.880000 1.200000 7.690000
v 9.760000 1.200000 7.690000
vt 17.070000 1.200000
vt 17.190000 1.200000
vt 17.570000 1.200000
vt 17.450000 1.200000
vn 0.000000 -1.000000 0.000000
vn 0.000000 -1.000000 0.000000
vn 0.000000 -1.000000 0.000000
vn 0.000000 -1.000000 0.000000
f 737/737/737 738/738/738 739/739/739
f 737/737/737 739/739/739 740/740/740
v 9.760000 5.200000 7.310000
v 9.760000 5.200000 7.690000
v 9.880000 5.200000 7.690000
v 9.880000 5.200000 7.310000
vt 17.070000 5.200000
vt 17.450000 5.200000
vt 17.570000 5.200000
vt 17.190000 5.200000
vn 0.000000 1.000000 0.000000
vn 0.000000 1.000000 0.000000
vn 0.000000 1.000000 0.000000
vn 0.000000 1.000000 0.000000
f 741/741/741 742/742/742 743/743/743
f 741/741/741 743/743/743 744/744/744
v 9.610000 1.200000 7.245000
v 9.610000 5.200000 7.245000
v 10.030000 5.200000 7.245000
v 10.030000 1.200000 7.245000
vt 16.855000 1.200000
vt 16.855000 5.200000
vt 17.275000 5.200000
vt 17.275000 1.200000
vn 0.000000 0.000000 -1.000000
vn 0.000000 0.000000 -1.000000
vn 0.000000 0.000000 -1.000000
vn 0.000000 0.000000 -1.000000
f 745/745/745 746/746/746 747/747/747
f 745/745/745 747/747/747 748/748/748
v 9.610000 1.200000 7.315000
v 10.030000 1.200000 7.315000
v 10.030000 5.200000 7.315000
v 9.610000 5.200000 7.315000
vt 16.925000 1.200000
vt 17.345000 1.200000
vt 17.345000 5.200000
vt 16.925000 5.200000
vn 0.000000 0.000000 1.000000
vn 0.000000 0.000000 1.000000
vn 0.000000 0.000000 1.000000
vn 0.000000 0.000000 1.000000
f 749/749/749 750/750/750 751/751/751
f 749/749/749 751/751/751 752/752/752
v 9.610000 1.200000 7.245000
v 9.610000 1.200000 7.315000
v 9.610000 5.200000 7.315000
v 9.610000 5.200000 7.245000
vt 16.855000 1.200000
vt 16.925000 1.200000
vt 16.925000 5.200000
vt 16.855000 5.200000
vn -1.000000 0.000000 0.000000
vn -1.000000 0.000000 0.000000
vn -1.000000 0.000000 0.000000
vn -1.000000 0.000000 0.000000
f 753/753/753 754/754/754 755/755/755
f 753/753/753 755/755/755 756/756/756
v 10.030000 1.200000 7.245000
v 10.030000 5.200000 7.245000
v 10.030000 5.200000 7.315000
v 10.030000 1.200000 7.315000
vt 17.275000 1.200000
vt 17.275000 5.200000
vt 17.345000 5.200000
vt 17.345000 1.200000
vn 1.000000 0.000000 0.000000
vn 1.000000 0.000000 0.000000
vn 1.000000 0.000000 0.000000
vn 1.000000 0.000000 0.000000
f 757/757/757 758/758/758 759/759/759
f 757/757/757 759/759/759 760/760/760
v 9.610000 1.200000 7.245000
v 10.030000 1.200000 7.245000
v 10.030000 1.200000 7.315000
v 9.610000 1.200000 7.315000
vt 16.855000 1.200000
vt 17.275000 1.200000
vt 17.345000 1.200000
vt 16.925000 1.200000
vn 0.000000 -1.000000 0.000000
vn 0.000000 -1.000000 0.000000
vn 0.000000 -1.000000 0.000000
vn 0.000000 -1.000000 0.000000
f 761/761/761 762/762/762 763/763/763
f 761/761/761 763/763/763 764/764/764
v 9.610000 5.200000 7.245000
v 9.610000 5.200000 7.315000
v 10.030000 5.200000 7.315000
v 10.030000 5.200000 7.245000
vt 16.855000 5.200000
vt 16.925000 5.200000
vt 17.345000 5.200000
vt 17.275000 5.200000
vn 0.000000 1.000000 0.000000
vn 0.000000 1.000000 0.000000
vn 0.000000 1.000000 0.000000
vn 0.000000 1.000000 0.000000
f 765/765/765 766/766/766 767/767/767
f 765/765/765 767/767/767 768/768/768
v 9.610000 1.200000 7.685000
v 9.610000 5.200000 7.685000
v 10.030000 5.200000 7.685000
v 10.030000 1.200000 7.685000
vt 17.295000 1.200000
vt 17.295000 5.200000
vt 17.715000 5.200000
vt 17.715000 1.200000
vn 0.000000 0.000000 -1.000000
vn 0.000000 0.000000 -1.000000
vn 0.000000 0.000000 -1.000000
vn 0.000000 0.000000 -1.000000
f 769/769/769 770/770/770 771/771/771
f 769/769/769 771/771/771 772/772/772
v 9.610000 1.200000 7.755000
v 10.030000 1.200000 7.755000
v 10.030000 5.200000 7.755000
v 9.610000 5.200000 7.755000
vt 17.365000 1.200000
vt 17.785000 1.200000
vt 17.785000 5.200000
vt 17.365000 5.200000
vn 0.000000 0.000000 1.000000
vn 0.000000 0.000000 1.000000
vn 0.000000 0.000000 1.000000
vn 0.000000 0.000000 1.000000
f 773/773/773 774/774/774 775/775/775
f 773/773/773 775/775/775 776/776/776
v 9.610000 1.200000 7.685000
v 9.610000 1.200000 7.755000
v 9.610000 5.200000 7.755000
v 9.610000 5.200000 7.685000
vt 17.295000 1.200000
vt 17.365000 1.200000
vt 17.365000 5.200000
vt 17.295000 5.200000
vn -1.000000 0.000000 0.000000
vn -1.000000 0.000000 0.000000
vn -1.000000 0.000000 0.000000
vn -1.000000 0.000000 0.000000
f 777/777/777 778/778/778 779/779/779
f 777/777/777 779/779/779 780/780/780
v 10.030000 1.200000 7.685000
v 10.030000 5.200000 7.685000
v 10.030000 5.200000 7.755000
v 10.030000 1.200000 7.755000
vt 17.715000 1.200000
vt 17.715000 5.200000
vt 17.785000 5.200000
vt 17.785000 1.200000
vn 1.000000 0.000000 0.000000
vn 1.000000 0.000000 0.000000
vn 1.000000 0.000000 0.000000
vn 1.000000 0.000000 0.000000
f 781/781/781 782/782/782 783/783/783
f 781/781/781 783/783/783 784/784/784
v 9.610000 1.200000 7.685000
v 10.030000 1.200000 7.685000
v 10.030000 1.200000 7.755000
v 9.610000 1.200000 7.755000
vt 17.295000 1.200000
vt 17.715000 1.200000
vt 17.785000 1.200000
vt 17.365000 1.200000
vn 0.000000 -1.000000 0.000000
vn 0.000000 -1.000000 0.000000
vn 0.000000 -1.000000 0.000000
vn 0.000000 -1.000000 0.000000
f 785/785/785 786/786/786 787/787/787
f 785/785/785 787/787/787 788/788/788
v 9.610000 5.200000 7.685000
v 9.610000 5.200000 7.755000
v 10.030000 5.200000 7.755000
v 10.030000 5.200000 7.685000
vt 17.295000 5.200000
vt 17.365000 5.200000
vt 17.785000 5.200000
vt 17.715000 5.200000
vn 0.000000 1.000000 0.000000
vn 0.000000 1.000000 0.000000
vn 0.000000 1.000000 0.000000
vn 0.000000 1.000000 0.000000
f 789/789/789 790/790/790 791/791/791
f 789/789/789 791/791/791 792/792/792
v 9.660000 1.160000 -8.000000
v 9.660000 1.340000 -8.000000
v 9.980000 1.340000 -8.000000
v 9.980000 1.160000 -8.000000
vt 1.660000 1.160000
vt 1.660000 1.340000
vt 1.980000 1.340000
vt 1.980000 1.160000
vn 0.000000 0.000000 -1.000000
vn 0.000000 0.000000 -1.000000
vn 0.000000 0.000000 -1.000000
vn 0.000000 0.000000 -1.000000
f 793/793/793 794/794/794 795/795/795
f 793/793/793 795/795/795 796/796/796
v 9.660000 1.160000 8.000000
v 9.980000 1.160000 8.000000
v 9.980000 1.340000 8.000000
v 9.660000 1.340000 8.000000
vt 17.660000 1.160000
vt 17.980000 1.160000
vt 17.980000 1.340000
vt 17.660000 1.340000
vn 0.000000 0.000000 1.000000
vn 0.000000 0.000000 1.000000
vn 0.000000 0.000000 1.000000
vn 0.000000 0.000000 1.000000
f 797/797/797 798/798/798 799/799/799
f 797/797/797 799/799/799 800/800/800
v 9.660000 1.160000 -8.000000
v 9.660000 1.160000 8.000000
v 9.660000 1.340000 8.000000
v 9.660000 1.340000 -8.000000
vt 1.660000 1.160000
vt 17.660000 1.160000
vt 17.660000 1.340000
vt 1.660000 1.340000
vn -1.000000 0.000000 0.000000
vn -1.000000 0.000000 0.000000
vn -1.000000 0.000000 0.000000
vn -1.000000 0.000000 0.000000
f 801/801/801 802/802/802 803/803/803
f 801/801/801 803/803/803 804/804/804
v 9.980000 1.160000 -8.000000
v 9.980000 1.340000 -8.000000
v 9.980000 1.340000 8.000000
v 9.980000 1.160000 8.000000
vt 1.980000 1.160000
vt 1.980000 1.340000
vt 17.980000 1.340000
vt 17.980000 1.160000
vn 1.000000 0.000000 0.000000
vn 1.000000 0.000000 0.000000
vn 1.000000 0.000000 0.000000
vn 1.000000 0.000000 0.000000
f 805/805/805 806/806/806 807/807/807
f 805/805/805 807/807/807 808/808/808
v 9.660000 1.160000 -8.000000
v 9.980000 1.160000 -8.000000
v 9.980000 1.160000 8.000000
v 9.660000 1.160000 8.000000
vt 1.660000 1.160000
vt 1.980000 1.160000
vt 17.980000 1.160000
vt 17.660000 1.160000
vn 0.000000 -1.000000 0.000000
vn 0.000000 -1.000000 0.000000
vn 0.000000 -1.000000 0.000000
vn 0.000000 -1.000000 0.000000
f 809/809/809 810/810/810 811/811/811
f 809/809/809 811/811/811 812/812/812
v 9.660000 1.340000 -8.000000
v 9.660000 1.340000 8.000000
v 9.980000 1.340000 8.000000
v 9.980000 1.340000 -8.000000
vt 1.660000 1.340000
vt 17.660000 1.340000
vt 17.980000 1.340000
vt 1.980000 1.340000
vn 0.000000 1.000000 0.000000
vn 0.000000 1.000000 0.000000
vn 0.000000 1.000000 0.000000
vn 0.000000 1.000000 0.000000
f 813/813/813 814/814/814 815/815/815
f 813/813/813 815/815/815 816/816/816
v 9.660000 4.860000 -8.000000
v 9.660000 5.040000 -8.000000
v 9.980000 5.040000 -8.000000
v 9.980000 4.860000 -8.000000
vt 1.660000 4.860000
vt 1.660000 5.040000
vt 1.980000 5.040000
vt 1.980000 4.860000
vn 0.000000 0.000000 -1.000000
vn 0.000000 0.000000 -1.000000
vn 0.000000 0.000000 -1.000000
vn 0.000000 0.000000 -1.000000
f 817/817/817 818/818/818 819/819/819
f 817/817/817 819/819/819 820/820/820
v 9.660000 4.860000 8.000000
v 9.980000 4.860000 8.000000
v 9.980000 5.040000 8.000000
v 9.660000 5.040000 8.000000
vt 17.660000 4.860000
vt 17.980000 4.860000
vt 17.980000 5.040000
vt 17.660000 5.040000
vn 0.000000 0.000000 1.000000
vn 0.000000 0.000000 1.000000
vn 0.000000 0.000000 1.000000
vn 0.000000 0.000000 1.000000
f 821/821/821 822/822/822 823/823/823
f 821/821/821 823/823/823 824/824/824
v 9.660000 4.860000 -8.000000
v 9.660000 4.860000 8.000000
v 9.660000 5.040000 8.000000
v 9.660000 5.040000 -8.000000
vt 1.660000 4.860000
vt 17.660000 4.860000
vt 17.660000 5.040000
vt 1.660000 5.040000
vn -1.000000 0.000000 0.000000
vn -1.000000 0.000000 0.000000
vn -1.000000 0.000000 0.000000
vn -1.000000 0.000000 0.000000
f 825/825/825 826/826/826 827/827/827
f 825/825/825 827/827/827 828/828/828
v 9.980000 4.860000 -8.000000
v 9.980000 5.040000 -8.000000
v 9.980000 5.040000 8.000000
v 9.980000 4.860000 8.000000
vt 1.980000 4.860000
vt 1.980000 5.040000
vt 17.980000 5.040000
vt 17.980000 4.860000
vn 1.000000 0.000000 0.000000
vn 1.000000 0.000000 0.000000
vn 1.000000 0.000000 0.000000
vn 1.000000 0.000000 0.000000
f 829/829/829 830/830/830 831/831/831
f 829/829/829 831/831/831 832/832/832
v 9.660000 4.860000 -8.000000
v 9.980000 4.860000 -8.000000
v 9.980000 4.860000 8.000000
v 9.660000 4.860000 8.000000
vt 1.660000 4.860000
vt 1.980000 4.860000
vt 17.980000 4.860000
vt 17.660000 4.860000
vn 0.000000 -1.000000 0.000000
vn 0.000000 -1.000000 0.000000
vn 0.000000 -1.000000 0.000000
vn 0.000000 -1.000000 0.000000
f 833/833/833 834/834/834 835/835/835
f 833/833/833 835/835/835 836/836/836
v 9.660000 5.040000 -8.000000
v 9.660000 5.040000 8.000000
v 9.980000 5.040000 8.000000
v 9.980000 5.040000 -8.000000
vt 1.660000 5.040000
vt 17.660000 5.040000
vt 17.980000 5.040000
vt 1.980000 5.040000
vn 0.000000 1.000000 0.000000
vn 0.000000 1.000000 0.000000
vn 0.000000 1.000000 0.000000
vn 0.000000 1.000000 0.000000
f 837/837/837 838/838/838 839/839/839
f 837/837/837 839/839/839 840/840/840
v 9.660000 5.410000 -8.000000
v 9.660000 5.590000 -8.000000
v 9.980000 5.590000 -8.000000
v 9.980000 5.410000 -8.000000
vt 1.660000 5.410000
vt 1.660000 5.590000
vt 1.980000 5.590000
vt 1.980000 5.410000
vn 0.000000 0.000000 -1.000000
vn 0.000000 0.000000 -1.000000
vn 0.000000 0.000000 -1.000000
vn 0.000000 0.000000 -1.000000
f 841/841/841 842/842/842 843/843/843
f 841/841/841 843/843/843 844/844/844
v 9.660000 5.410000 8.000000
v 9.980000 5.410000 8.000000
v 9.980000 5.590000 8.000000
v 9.660000 5.590000 8.000000
vt 17.660000 5.410000
vt 17.980000 5.410000
vt 17.980000 5.590000
vt 17.660000 5.590000
vn 0.000000 0.000000 1.000000
vn 0.000000 0.000000 1.000000
vn 0.000000 0.000000 1.000000
vn 0.000000 0.000000 1.000000
f 845/845/845 846/846/846 847/847/847
f 845/845/845 847/847/847 848/848/848
v 9.660000 5.410000 -8.000000
v 9.660000 5.410000 8.000000
v 9.660000 5.590000 8.000000
v 9.660000 5.590000 -8.000000
vt 1.660000 5.410000
vt 17.660000 5.410000
vt 17.660000 5.590000
vt 1.660000 5.590000
vn -1.000000 0.000000 0.000000
vn -1.000000 0.000000 0.000000
vn -1.000000 0.000000 0.000000
vn -1.000000 0.000000 0.000000
f 849/849/849 850/850/850 851/851/851
f 849/849/849 851/851/851 852/852/852
v 9.980000 5.410000 -8.000000
v 9.980000 5.590000 -8.000000
v 9.980000 5.590000 8.000000
v 9.980000 5.410000 8.000000
vt 1.980000 5.410000
vt 1.980000 5.590000
vt 17.980000 5.590000
vt 17.980000 5.410000
vn 1.000000 0.000000 0.000000
vn 1.000000 0.000000 0.000000
vn 1.000000 0.000000 0.000000
vn 1.000000 0.000000 0.000000
f 853/853/853 854/854/854 855/855/855
f 853/853/853 855/855/855 856/856/856
v 9.660000 5.410000 -8.000000
v 9.980000 5.410000 -8.000000
v 9.980000 5.410000 8.000000
v 9.660000 5.410000 8.000000
vt 1.660000 5.410000
vt 1.980000 5.410000
vt 17.980000 5.410000
vt 17.660000 5.410000
vn 0.000000 -1.000000 0.000000
vn 0.000000 -1.000000 0.000000
vn 0.000000 -1.000000 0.000000
vn 0.000000 -1.000000 0.000000
f 857/857/857 858/858/858 859/859/859
f 857/857/857 859/859/859 860/860/860
v 9.660000 5.590000 -8.000000
v 9.660000 5.590000 8.000000
v 9.980000 5.590000 8.000000
v 9.980000 5.590000 -8.000000
vt 1.660000 5.590000
vt 17.660000 5.590000
vt 17.980000 5.590000
vt 1.980000 5.590000
vn 0.000000 1.000000 0.000000
vn 0.000000 1.000000 0.000000
vn 0.000000 1.000000 0.000000
vn 0.000000 1.000000 0.000000
f 861/861/861 862/862/862 863/863/863
f 861/861/861 863/863/863 864/864/864
v -8.060000 1.200000 7.560000
v -8.060000 5.500000 7.560000
v -7.940000 5.500000 7.560000
v -7.940000 1.200000 7.560000
vt -0.500000 1.200000
vt -0.500000 5.500000
vt -0.380000 5.500000
vt -0.380000 1.200000
vn 0.000000 0.000000 -1.000000
vn 0.000000 0.000000 -1.000000
vn 0.000000 0.000000 -1.000000
vn 0.000000 0.000000 -1.000000
f 865/865/865 866/866/866 867/867/867
f 865/865/865 867/867/867 868/868/868
v -8.060000 1.200000 7.940000
v -7.940000 1.200000 7.940000
v -7.940000 5.500000 7.940000
v -8.060000 5.500000 7.940000
vt -0.120000 1.200000
vt 0.000000 1.200000
vt 0.000000 5.500000
vt -0.120000 5.500000
vn 0.000000 0.000000 1.000000
vn 0.000000 0.000000 1.000000
vn 0.000000 0.000000 1.000000
vn 0.000000 0.000000 1.000000
f 869/869/869 870/870/870 871/871/871
f 869/869/869 871/871/871 872/872/872
v -8.060000 1.200000 7.560000
v -8.060000 1.200000 7.940000
v -8.060000 5.500000 7.940000
v -8.060000 5.500000 7.560000
vt -0.500000 1.200000
vt -0.120000 1.200000
vt -0.120000 5.500000
vt -0.500000 5.500000
vn -1.000000 0.000000 0.000000
vn -1.000000 0.000000 0.000000
vn -1.000000 0.000000 0.000000
vn -1.000000 0.000000 0.000000
f 873/873/873 874/874/874 875/875/875
f 873/873/873 875/875/875 876/876/876
v -7.940000 1.200000 7.560000
v -7.940000 5.500000 7.560000
v -7.940000 5.500000 7.940000
v -7.940000 1.200000 7.940000
vt -0.380000 1.200000
vt -0.380000 5.500000
vt 0.000000 5.500000
vt 0.000000 1.200000
vn 1.000000 0.000000 0.000000
vn 1.000000 0.000000 0.000000
vn 1.000000 0.000000 0.000000
vn 1.000000 0.000000 0.000000
f 877/877/877 878/878/878 879/879/879
f 877/877/877 879/879/879 880/880/880
v -8.060000 1.200000 7.560000
v -7.940000 1.200000 7.560000
v -7.940000 1.200000 7.940000
v -8.060000 1.200000 7.940000
vt -0.500000 1.200000
vt -0.380000 1.200000
vt 0.000000 1.200000
vt -0.120000 1.200000
vn 0.000000 -1.000000 0.000000
vn 0.000000 -1.000000 0.000000
vn 0.000000 -1.000000 0.000000
vn 0.000000 -1.000000 0.000000
f 881/881/881 882/882/882 883/883/883
f 881/881/881 883/883/883 884/884/884
v -8.060000 5.500000 7.560000
v -8.060000 5.500000 7.940000
v -7.940000 5.500000 7.940000
v -7.940000 5.500000 7.560000
vt -0.500000 5.500000
vt -0.120000 5.500000
vt 0.000000 5.500000
vt -0.380000 5.500000
vn 0.000000 1.000000 0.000000
vn 0.000000 1.000000 0.000000
vn 0.000000 1.000000 0.000000
vn 0.000000 1.000000 0.000000
f 885/885/885 886/886/886 887/887/887
f 885/885/885 887/887/887 888/888/888
v -8.210000 1.200000 7.495000
v -8.210000 5.500000 7.495000
v -7.790000 5.500000 7.495000
v -7.790000 1.200000 7.495000
vt -0.715000 1.200000
vt -0.715000 5.500000
vt -0.295000 5.500000
vt -0.295000 1.200000
vn 0.000000 0.000000 -1.000000
vn 0.000000 0.000000 -1.000000
vn 0.000000 0.000000 -1.000000
vn 0.000000 0.000000 -1.000000
f 889/889/889 890/890/890 891/891/891
f 889/889/889 891/891/891 892/892/892
v -8.210000 1.200000 7.565000
v -7.790000 1.200000 7.565000
v -7.790000 5.500000 7.565000
v -8.210000 5.500000 7.565000
vt -0.645000 1.200000
vt -0.225000 1.200000
vt -0.225000 5.500000
vt -0.645000 5.500000
vn 0.000000 0.000000 1.000000
vn 0.000000 0.000000 1.000000
vn 0.000000 0.000000 1.000000
vn 0.000000 0.000000 1.000000
f 893/893/893 894/894/894 895/895/895
f 893/893/893 895/895/895 896/896/896
v -8.210000 1.200000 7.495000
v -8.210000 1.200000 7.565000
v -8.210000 5.500000 7.565000
v -8.210000 5.500000 7.495000
vt -0.715000 1.200000
vt -0.645000 1.200000
vt -0.645000 5.500000
vt -0.715000 5.500000
vn -1.000000 0.000000 0.000000
vn -1.000000 0.000000 0.000000
vn -1.000000 0.000000 0.000000
vn -1.000000 0.000000 0.000000
f 897/897/897 898/898/898 899/899/899
f 897/897/897 899/899/899 900/900/900
v -7.790000 1.200000 7.495000
v -7.790000 5.500000 7.495000
v -7.790000 5.500000 7.565000
v -7.790000 1.200000 7.565000
vt -0.295000 1.200000
vt -0.295000 5.500000
vt -0.225000 5.500000
vt -0.225000 1.200000
vn 1.000000 0.000000 0.000000
vn 1.000000 0.000000 0.000000
vn 1.000000 0.000000 0.000000
vn 1.000000 0.000000 0.000000
f 901/901/901 902/902/902 903/903/903
f 901/901/901 903/903/903 904/904/904
v -8.210000 1.200000 7.495000
v -7.790000 1.200000 7.495000
v -7.790000 1.200000 7.565000
v -8.210000 1.200000 7.565000
vt -0.715000 1.200000
vt -0.295000 1.200000
vt -0.225000 1.200000
vt -0.645000 1.200000
vn 0.000000 -1.000000 0.000000
vn 0.000000 -1.000000 0.000000
vn 0.000000 -1.000000 0.000000
vn 0.000000 -1.000000 0.000000
f 905/905/905 906/906/906 907/907/907
f 905/905/905 907/907/907 908/908/908
v -8.210000 5.500000 7.495000
v -8.210000 5.500000 7.565000
v -7.790000 5.500000 7.565000
v -7.790000 5.500000 7.495000
vt -0.715000 5.500000
vt -0.645000 5.500000
vt -0.225000 5.500000
vt -0.295000 5.500000
vn 0.000000 1.000000 0.000000
vn 0.000000 1.000000 0.000000
vn 0.000000 1.000000 0.000000
vn 0.000000 1.000000 0.000000
f 909/909/909 910/910/910 911/911/911
f 909/909/909 911/911/911 912/912/912
v -8.210000 1.200000 7.935000
v -8.210000 5.500000 7.935000
v -7.790000 5.500000 7.935000
v -7.790000 1.200000 7.935000
vt -0.275000 1.200000
vt -0.275000 5.500000
vt 0.145000 5.500000
vt 0.145000 1.200000
vn 0.000000 0.000000 -1.000000
vn 0.000000 0.000000 -1.000000
vn 0.000000 0.000000 -1.000000
vn 0.000000 0.000000 -1.000000
f 913/913/913 914/914/914 915/915/915
f 913/913/913 915/915/915 916/916/916
v -8.210000 1.200000 8.005000
v -7.790000 1.200000 8.005000
v -7.790000 5.500000 8.005000
v -8.210000 5.500000 8.005000
vt -0.205000 1.200000
vt 0.215000 1.200000
vt 0.215000 5.500000
vt -0.205000 5.500000
vn 0.000000 0.000000 1.000000
vn 0.000000 0.000000 1.000000
vn 0.000000 0.000000 1.000000
vn 0.000000 0.000000 1.000000
f 917/917/917 918/918/918 919/919/919
f 917/917/917 919/919/919 920/920/920
v -8.210000 1.200000 7.935000
v -8.210000 1.200000 8.005000
v -8.210000 5.500000 8.005000
v -8.210000 5.500000 7.935000
vt -0.275000 1.200000
vt -0.205000 1.200000
vt -0.205000 5.500000
vt -0.275000 5.500000
vn -1.000000 0.000000 0.000000
vn -1.000000 0.000000 0.000000
vn -1.000000 0.000000 0.000000
vn -1.000000 0.000000 0.000000
f 921/921/921 922/922/922 923/923/923
f 921/921/921 923/923/923 924/924/924
v -7.790000 1.200000 7.935000
v -7.790000 5.500000 7.935000
v -7.790000 5.500000 8.005000
v -7.790000 1.200000 8.005000
vt 0.145000 1.200000
vt 0.145000 5.500000
vt 0.215000 5.500000
vt 0.215000 1.200000
vn 1.000000 0.000000 0.000000
vn 1.000000 0.000000 0.000000
vn 1.000000 0.000000 0.000000
vn 1.000000 0.000000 0.000000
f 925/925/925 926/926/926 927/927/927
f 925/925/925 927/927/927 928/928/928
v -8.210000 1.200000 7.935000
v -7.790000 1.200000 7.935000
v -7.790000 1.200000 8.005000
v -8.210000 1.200000 8.005000
vt -0.275000 1.200000
vt 0.145000 1.200000
vt 0.215000 1.200000
vt -0.205000 1.200000
vn 0.000000 -1.000000 0.000000
vn 0.000000 -1.000000 0.000000
vn 0.000000 -1.000000 0.000000
vn 0.000000 -1.000000 0.000000
f 929/929/929 930/930/930 931/931/931
f 929/929/929 931/931/931 932/932/932
v -8.210000 5.500000 7.935000
v -8.210000 5.500000 8.005000
v -7.790000 5.500000 8.005000
v -7.790000 5.500000 7.935000
vt -0.275000 5.500000
vt -0.205000 5.500000
vt 0.215000 5.500000
vt 0.145000 5.500000
vn 0.000000 1.000000 0.000000
vn 0.000000 1.000000 0.000000
vn 0.000000 1.000000 0.000000
vn 0.000000 1.000000 0.000000
f 933/933/933 934/934/934 935/935/935
f 933/933/933 935/935/935 936/936/936
v -4.060000 1.200000 7.560000
v -4.060000 5.500000 7.560000
v -3.940000 5.500000 7.560000
v -3.940000 1.200000 7.560000
vt 3.500000 1.200000
vt 3.500000 5.500000
vt 3.620000 5.500000
vt 3.620000 1.200000
vn 0.000000 0.000000 -1.000000
vn 0.000000 0.000000 -1.000000
vn 0.000000 0.000000 -1.000000
vn 0.000000 0.000000 -1.000000
f 937/937/937 938/938/938 939/939/939
f 937/937/937 939/939/939 940/940/940
v -4.060000 1.200000 7.940000
v -3.940000 1.200000 7.940000
v -3.940000 5.500000 7.940000
v -4.060000 5.500000 7.940000
vt 3.880000 1.200000
vt 4.000000 1.200000
vt 4.000000 5.500000
vt 3.880000 5.500000
vn 0.000000 0.000000 1.000000
vn 0.000000 0.000000 1.000000
vn 0.000000 0.000000 1.000000
vn 0.000000 0.000000 1.000000
f 941/941/941 942/942/942 943/943/943
f 941/941/941 943/943/943 944/944/944
v -4.060000 1.200000 7.560000
v -4.060000 1.200000 7.940000
v -4.060000 5.500000 7.940000
v -4.060000 5.500000 7.560000
vt 3.500000 1.200000
vt 3.880000 1.200000
vt 3.880000 5.500000
vt 3.500000 5.500000
vn -1.000000 0.000000 0.000000
vn -1.000000 0.000000 0.000000
vn -1.000000 0.000000 0.000000
vn -1.000000 0.000000 0.000000
f 945/945/945 946/946/946 947/947/947
f 945/945/945 947/947/947 948/948/948
v -3.940000 1.200000 7.560000
v -3.940000 5.500000 7.560000
v -3.940000 5.500000 7.940000
v -3.940000 1.200000 7.940000
vt 3.620000 1.200000
vt 3.620000 5.500000
vt 4.000000 5.500000
vt 4.000000 1.200000
vn 1.000000 0.000000 0.000000
vn 1.000000 0.000000 0.000000
vn 1.000000 0.000000 0.000000
vn 1.000000 0.000000 0.000000
f 949/949/949 950/950/950 951/951/951
f 949/949/949 951/951/951 952/952/952
v -4.060000 1.200000 7.560000
v -3.940000 1.200000 7.560000
v -3.940000 1.200000 7.940000
v -4.060000 1.200000 7.940000
vt 3.500000 1.200000
vt 3.620000 1.200000
vt 4.000000 1.200000
vt 3.880000 1.200000
vn 0.000000 -1.000000 0.000000
vn 0.000000 -1.000000 0.000000
vn 0.000000 -1.000000 0.000000
vn 0.000000 -1.000000 0.000000
f 953/953/953 954/954/954 955/955/955
f 953/953/953 955/955/955 956/956/956
v -4.060000 5.500000 7.560000
v -4.060000 5.500000 7.940000
v -3.940000 5.500000 7.940000
v -3.940000 5.500000 7.560000
vt 3.500000 5.500000
vt 3.880000 5.500000
vt 4.000000 5.500000
vt 3.620000 5.500000
vn 0.000000 1.000000 0.000000
vn 0.000000 1.000000 0.000000
vn 0.000000 1.000000 0.000000
vn 0.000000 1.000000 0.000000
f 957/957/957 958/958/958 959/959/959
f 957/957/957 959/959/959 960/960/960
v -4.210000 1.200000 7.495000
v -4.210000 5.500000 7.495000
v -3.790000 5.500000 7.495000
v -3.790000 1.200000 7.495000
vt 3.285000 1.200000
vt 3.285000 5.500000
vt 3.705000 5.500000
vt 3.705000 1.200000
vn 0.000000 0.000000 -1.000000
vn 0.000000 0.000000 -1.000000
vn 0.000000 0.000000 -1.000000
vn 0.000000 0.000000 -1.000000
f 961/961/961 962/962/962 963/963/963
f 961/961/961 963/963/963 964/964/964
v -4.210000 1.200000 7.565000
v -3.790000 1.200000 7.565000
v -3.790000 5.500000 7.565000
v -4.210000 5.500000 7.565000
vt 3.355000 1.200000
vt 3.775000 1.200000
vt 3.775000 5.500000
vt 3.355000 5.500000
vn 0.000000 0.000000 1.000000
vn 0.000000 0.000000 1.000000
vn 0.000000 0.000000 1.000000
vn 0.000000 0.000000 1.000000
f 965/965/965 966/966/966 967/967/967
f 965/965/965 967/967/967 968/968/968
v -4.210000 1.200000 7.495000
v -4.210000 1.200000 7.565000
v -4.210000 5.500000 7.565000
v -4.210000 5.500000 7.495000
vt 3.285000 1.200000
vt 3.355000 1.200000
vt 3.355000 5.500000
vt 3.285000 5.500000
vn -1.000000 0.000000 0.000000
vn -1.000000 0.000000 0.000000
vn -1.000000 0.000000 0.000000
vn -1.000000 0.000000 0.000000
f 969/969/969 970/970/970 971/971/971
f 969/969/969 971/971/971 972/972/972
v -3.790000 1.200000 7.495000
v -3.790000 5.500000 7.495000
v -3.790000 5.500000 7.565000
v -3.790000 1.200000 7.565000
vt 3.705000 1.200000
vt 3.705000 5.500000
vt 3.775000 5.500000
vt 3.775000 1.200000
vn 1.000000 0.000000 0.000000
vn 1.000000 0.000000 0.000000
vn 1.000000 0.000000 0.000000
vn 1.000000 0.000000 0.000000
f 973/973/973 974/974/974 975/975/975
f 973/973/973 975/975/975 976/976/976
v -4.210000 1.200000 7.495000
v -3.790000 1.200000 7.495000
v -3.790000 1.200000 7.565000
v -4.210000 1.200000 7.565000
vt 3.285000 1.200000
vt 3.705000 1.200000
vt 3.775000 1.200000
vt 3.355000 1.200000
vn 0.000000 -1.000000 0.000000
vn 0.000000 -1.000000 0.000000
vn 0.000000 -1.000000 0.000000
vn 0.000000 -1.000000 0.000000
f 977/977/977 978/978/978 979/979/979
f 977/977/977 979/979/979 980/980/980
v -4.210000 5.500000 7.495000
v -4.210000 5.500000 7.565000
v -3.790000 5.500000 7.565000
v -3.790000 5.500000 7.495000
vt 3.285000 5.500000
vt 3.355000 5.500000
vt 3.775000 5.500000
vt 3.705000 5.500000
vn 0.000000 1.000000 0.000000
vn 0.000000 1.000000 0.000000
vn 0.000000 1.000000 0.000000
vn 0.000000 1.000000 0.000000
f 981/981/981 982/982/982 983/983/983
f 981/981/981 983/983/983 984/984/984
v -4.210000 1.200000 7.935000
v -4.210000 5.500000 7.935000
v -3.790000 5.500000 7.935000
v -3.790000 1.200000 7.935000
vt 3.725000 1.200000
vt 3.725000 5.500000
vt 4.145000 5.500000
vt 4.145000 1.200000
vn 0.000000 0.000000 -1.000000
vn 0.000000 0.000000 -1.000000
vn 0.000000 0.000000 -1.000000
vn 0.000000 0.000000 -1.000000
f 985/985/985 986/986/986 987/987/987
f 985/985/985 987/987/987 988/988/988
v -4.210000 1.200000 8.005000
v -3.790000 1.200000 8.005000
v -3.790000 5.500000 8.005000
v -4.210000 5.500000 8.005000
vt 3.795000 1.200000
vt 4.215000 1.200000
vt 4.215000 5.500000
vt 3.795000 5.500000
vn 0.000000 0.000000 1.000000
vn 0.000000 0.000000 1.000000
vn 0.000000 0.000000 1.000000
vn 0.000000 0.000000 1.000000
f 989/989/989 990/990/990 991/991/991
f 989/989/989 991/991/991 992/992/992
v -4.210000 1.200000 7.935000
v -4.210000 1.200000 8.005000
v -4.210000 5.500000 8.005000
v -4.210000 5.500000 7.935000
vt 3.725000 1.200000
vt 3.795000 1.200000
vt 3.795000 5.500000
vt 3.725000 5.500000
vn -1.000000 0.000000 0.000000
vn -1.000000 0.000000 0.000000
vn -1.000000 0.000000 0.000000
vn -1.000000 0.000000 0.000000
f 993/993/993 994/994/994 995/995/995
f 993/993/993 995/995/995 996/996/996
v -3.790000 1.200000 7.935000
v -3.790000 5.500000 7.935000
v -3.790000 5.500000 8.005000
v -3.790000 1.200000 8.005000
vt 4.145000 1.200000
vt 4.145000 5.500000
vt 4.215000 5.500000
vt 4.215000 1.200000
vn 1.000000 0.000000 0.000000
vn 1.000000 0.000000 0.000000
vn 1.000000 0.000000 0.000000
vn 1.000000 0.000000 0.000000
f 997/997/997 998/998/998 999/999/999
f 997/997/997 999/999/999 1000/1000/1000
v -4.210000 1.200000 7.935000
v -3.790000 1.200000 7.935000
v -3.790000 1.200000 8.005000
v -4.210000 1.200000 8.005000
vt 3.725000 1.200000
vt 4.145000 1.200000
vt 4.215000 1.200000
vt 3.795000 1.200000
vn 0.000000 -1.000000 0.000000
vn 0.000000 -1.000000 0.000000
vn 0.000000 -1.000000 0.000000
vn 0.000000 -1.000000 0.000000
f 1001/1001/1001 1002/1002/1002 1003/1003/1003
f 1001/1001/1001 1003/1003/1003 1004/1004/1004
v -4.210000 5.500000 7.935000
v -4.210000 5.500000 8.005000
v -3.790000 5.500000 8.005000
v -3.790000 5.500000 7.935000
vt 3.725000 5.500000
vt 3.795000 5.500000
vt 4.215000 5.500000
vt 4.145000 5.500000
vn 0.000000 1.000000 0.000000
vn 0.000000 1.000000 0.000000
vn 0.000000 1.000000 0.000000
vn 0.000000 1.000000 0.000000
f 1005/1005/1005 1006/1006/1006 1007/1007/1007
f 1005/1005/1005 1007/1007/1007 1008/1008/1008
v -0.060000 1.200000 7.560000
v -0.060000 5.500000 7.560000
v 0.060000 5.500000 7.560000
v 0.060000 1.200000 7.560000
vt 7.500000 1.200000
vt 7.500000 5.500000
vt 7.620000 5.500000
vt 7.620000 1.200000
vn 0.000000 0.000000 -1.000000
vn 0.000000 0.000000 -1.000000
vn 0.000000 0.000000 -1.000000
vn 0.000000 0.000000 -1.000000
f 1009/1009/1009 1010/1010/1010 1011/1011/1011
f 1009/1009/1009 1011/1011/1011 1012/1012/1012
v -0.060000 1.200000 7.940000
v 0.060000 1.200000 7.940000
v 0.060000 5.500000 7.940000
v -0.060000 5.500000 7.940000
vt 7.880000 1.200000
vt 8.000000 1.200000
vt 8.000000 5.500000
vt 7.880000 5.500000
vn 0.000000 0.000000 1.000000
vn 0.000000 0.000000 1.000000
vn 0.000000 0.000000 1.000000
vn 0.000000 0.000000 1.000000
f 1013/1013/1013 1014/1014/1014 1015/1015/1015
f 1013/1013/1013 1015/1015/1015 1016/1016/1016
v -0.060000 1.200000 7.560000
v -0.060000 1.200000 7.940000
v -0.060000 5.500000 7.940000
v -0.060000 5.500000 7.560000
vt 7.500000 1.200000
vt 7.880000 1.200000
vt 7.880000 5.500000
vt 7.500000 5.500000
vn -1.000000 0.000000 0.000000
vn -1.000000 0.000000 0.000000
vn -1.000000 0.000000 0.000000
vn -1.000000 0.000000 0.000000
f 1017/1017/1017 1018/1018/1018 1019/1019/1019
f 1017/1017/1017 1019/1019/1019 1020/1020/1020
v 0.060000 1.200000 7.560000
v 0.060000 5.500000 7.560000
v 0.060000 5.500000 7.940000
v 0.060000 1.200000 7.940000
vt 7.620000 1.200000
vt 7.620000 5.500000
vt 8.000000 5.500000
vt 8.000000 1.200000
vn 1.000000 0.000000 0.000000
vn 1.000000 0.000000 0.000000
vn 1.000000 0.000000 0.000000
vn 1.000000 0.000000 0.000000
f 1021/1021/1021 1022/1022/1022 1023/1023/1023
f 1021/1021/1021 1023/1023/1023 1024/1024/1024
v -0.060000 1.200000 7.560000
v 0.060000 1.200000 7.560000
v 0.060000 1.200000 7.940000
v -0.060000 1.200000 7.940000
vt 7.500000 1.200000
vt 7.620000 1.200000
vt 8.000000 1.200000
vt 7.880000 1.200000
vn 0.000000 -1.000000 0.000000
vn 0.000000 -1.000000 0.000000
vn 0.000000 -1.000000 0.000000
vn 0.000000 -1.000000 0.000000
f 1025/1025/1025 1026/1026/1026 1027/1027/1027
f 1025/1025/1025 1027/1027/1027 1028/1028/1028
v -0.060000 5.500000 7.560000
v -0.060000 5.500000 7.940000
v 0.060000 5.500000 7.940000
v 0.060000 5.500000 7.560000
vt 7.500000 5.500000
vt 7.880000 5.500000
vt 8.000000 5.500000
vt 7.620000 5.500000
vn 0.000000 1.000000 0.000000
vn 0.000000 1.000000 0.000000
vn 0.000000 1.000000 0.000000
vn 0.000000 1.000000 0.000000
f 1029/1029/1029 1030/1030/1030 1031/1031/1031
f 1029/1029/1029 1031/1031/1031 1032/1032/1032
v -0.210000 1.200000 7.495000
v -0.210000 5.500000 7.495000
v 0.210000 5.500000 7.495000
v 0.210000 1.200000 7.495000
vt 7.285000 1.200000
vt 7.285000 5.500000
vt 7.705000 5.500000
vt 7.705000 1.200000
vn 0.000000 0.000000 -1.000000
vn 0.000000 0.000000 -1.000000
vn 0.000000 0.000000 -1.000000
vn 0.000000 0.000000 -1.000000
f 1033/1033/1033 1034/1034/1034 1035/1035/1035
f 1033/1033/1033 1035/1035/1035 1036/1036/1036
v -0.210000 1.200000 7.565000
v 0.210000 1.200000 7.565000
v 0.210000 5.500000 7.565000
v -0.210000 5.500000 7.565000
vt 7.355000 1.200000
vt 7.775000 1.200000
vt 7.775000 5.500000
vt 7.355000 5.500000
vn 0.000000 0.000000 1.000000
vn 0.000000 0.000000 1.000000
vn 0.000000 0.000000 1.000000
vn 0.000000 0.000000 1.000000
f 1037/1037/1037 1038/1038/1038 1039/1039/1039
f 1037/1037/1037 1039/1039/1039 1040/1040/1040
v -0.210000 1.200000 7.495000
v -0.210000 1.200000 7.565000
v -0.210000 5.500000 7.565000
v -0.210000 5.500000 7.495000
vt 7.285000 1.200000
vt 7.355000 1.200000
vt 7.355000 5.500000
vt 7.285000 5.500000
vn -1.000000 0.000000 0.000000
vn -1.000000 0.000000 0.000000
vn -1.000000 0.000000 0.000000
vn -1.000000 0.000000 0.000000
f 1041/1041/1041 1042/1042/1042 1043/1043/1043
f 1041/1041/1041 1043/1043/1043 1044/1044/1044
v 0.210000 1.200000 7.495000
v 0.210000 5.500000 7.495000
v 0.210000 5.500000 7.565000
v 0.210000 1.200000 7.565000
vt 7.705000 1.200000
vt 7.705000 5.500000
vt 7.775000 5.500000
vt 7.775000 1.200000
vn 1.000000 0.000000 0.000000
vn 1.000000 0.000000 0.000000
vn 1.000000 0.000000 0.000000
vn 1.000000 0.000000 0.000000
f 1045/1045/1045 1046/1046/1046 1047/1047/1047
f 1045/1045/1045 1047/1047/1047 1048/1048/1048
v -0.210000 1.200000 7.495000
v 0.210000 1.200000 7.495000
v 0.210000 1.200000 7.565000
v -0.210000 1.200000 7.565000
vt 7.285000 1.200000
vt 7.705000 1.200000
vt 7.775000 1.200000
vt 7.355000 1.200000
vn 0.000000 -1.000000 0.000000
vn 0.000000 -1.000000 0.000000
vn 0.000000 -1.000000 0.000000
vn 0.000000 -1.000000 0.000000
f 1049/1049/1049 1050/1050/1050 1051/1051/1051
f 1049/1049/1049 1051/1051/1051 1052/1052/1052
v -0.210000 5.500000 7.495000
v -0.210000 5.500000 7.565000
v 0.210000 5.500000 7.565000
v 0.210000 5.500000 7.495000
vt 7.285000 5.500000
vt 7.355000 5.500000
vt 7.775000 5.500000
vt 7.705000 5.500000
vn 0.000000 1.000000 0.000000
vn 0.000000 1.000000 0.000000
vn 0.000000 1.000000 0.000000
vn 0.000000 1.000000 0.000000
f 1053/1053/1053 1054/1054/1054 1055/1055/1055
f 1053/1053/1053 1055/1055/1055 1056/1056/1056
v -0.210000 1.200000 7.935000
v -0.210000 5.500000 7.935000
v 0.210000 5.500000 7.935000
v 0.210000 1.200000 7.935000
vt 7.725000 1.200000
vt 7.725000 5.500000
vt 8.145000 5.500000
vt 8.145000 1.200000
vn 0.000000 0.000000 -1.000000
vn 0.000000 0.000000 -1.000000
vn 0.000000 0.000000 -1.000000
vn 0.000000 0.000000 -1.000000
f 1057/1057/1057 1058/1058/1058 1059/1059/1059
f 1057/1057/1057 1059/1059/1059 1060/1060/1060
v -0.210000 1.200000 8.005000
v 0.210000 1.200000 8.005000
v 0.210000 5.500000 8.005000
v -0.210000 5.500000 8.005000
vt 7.795000 1.200000
vt 8.215000 1.200000
vt 8.215000 5.500000
vt 7.795000 5.500000
vn 0.000000 0.000000 1.000000
vn 0.000000 0.000000 1.000000
vn 0.000000 0.000000 1.000000
vn 0.000000 0.000000 1.000000
f 1061/1061/1061 1062/1062/1062 1063/1063/1063
f 1061/1061/1061 1063/1063/1063 1064/1064/1064
v -0.210000 1.200000 7.935000
v -0.210000 1.200000 8.005000
v -0.210000 5.500000 8.005000
v -0.210000 5.500000 7.935000
vt 7.725000 1.200000
vt 7.795000 1.200000
vt 7.795000 5.500000
vt 7.725000 5.500000
vn -1.000000 0.000000 0.000000
vn -1.000000 0.000000 0.000000
vn -1.000000 0.000000 0.000000
vn -1.000000 0.000000 0.000000
f 1065/1065/1065 1066/1066/1066 1067/1067/1067
f 1065/1065/1065 1067/1067/1067 1068/1068/1068
v 0.210000 1.200000 7.935000
v 0.210000 5.500000 7.935000
v 0.210000 5.500000 8.005000
v 0.210000 1.200000 8.005000
vt 8.145000 1.200000
vt 8.145000 5.500000
vt 8.215000 5.500000
vt 8.215000 1.200000
vn 1.000000 0.000000 0.000000
vn 1.000000 0.000000 0.000000
vn 1.000000 0.000000 0.000000
vn 1.000000 0.000000 0.000000
f 1069/1069/1069 1070/1070/1070 1071/1071/1071
f 1069/1069/1069 1071/1071/1071 1072/1072/1072
v -0.210000 1.200000 7.935000
v 0.210000 1.200000 7.935000
v 0.210000 1.200000 8.005000
v -0.210000 1.200000 8.005000
vt 7.725000 1.200000
vt 8.145000 1.200000
vt 8.215000 1.200000
vt 7.795000 1.200000
vn 0.000000 -1.000000 0.000000
vn 0.000000 -1.000000 0.000000
vn 0.000000 -1.000000 0.000000
vn 0.000000 -1.000000 0.000000
f 1073/1073/1073 1074/1074/1074 1075/1075/1075
f 1073/1073/1073 1075/1075/1075 1076/1076/1076
v -0.210000 5.500000 7.935000
v -0.210000 5.500000 8.005000
v 0.210000 5.500000 8.005000
v 0.210000 5.500000 7.935000
vt 7.725000 5.500000
vt 7.795000 5.500000
vt 8.215000 5.500000
vt 8.145000 5.500000
vn 0.000000 1.000000 0.000000
vn 0.000000 1.000000 0.000000
vn 0.000000 1.000000 0.000000
vn 0.000000 1.000000 0.000000
f 1077/1077/1077 1078/1078/1078 1079/1079/1079
f 1077/1077/1077 1079/1079/1079 1080/1080/1080
v 3.940000 1.200000 7.560000
v 3.940000 5.500000 7.560000
v 4.060000 5.500000 7.560000
v 4.060000 1.200000 7.560000
vt 11.500000 1.200000
vt 11.500000 5.500000
vt 11.620000 5.500000
vt 11.620000 1.200000
vn 0.000000 0.000000 -1.000000
vn 0.000000 0.000000 -1.000000
vn 0.000000 0.000000 -1.000000
vn 0.000000 0.000000 -1.000000
f 1081/1081/1081 1082/1082/1082 1083/1083/1083
f 1081/1081/1081 1083/1083/1083 1084/1084/1084
v 3.940000 1.200000 7.940000
v 4.060000 1.200000 7.940000
v 4.060000 5.500000 7.940000
v 3.940000 5.500000 7.940000
vt 11.880000 1.200000
vt 12.000000 1.200000
vt 12.000000 5.500000
vt 11.880000 5.500000
vn 0.000000 0.000000 1.000000
vn 0.000000 0.000000 1.000000
vn 0.000000 0.000000 1.000000
vn 0.000000 0.000000 1.000000
f 1085/1085/1085 1086/1086/1086 1087/1087/1087
f 1085/1085/1085 1087/1087/1087 1088/1088/1088
v 3.940000 1.200000 7.560000
v 3.940000 1.200000 7.940000
v 3.940000 5.500000 7.940000
v 3.940000 5.500000 7.560000
vt 11.500000 1.200000
vt 11.880000 1.200000
vt 11.880000 5.500000
vt 11.500000 5.500000
vn -1.000000 0.000000 0.000000
vn -1.000000 0.000000 0.000000
vn -1.000000 0.000000 0.000000
vn -1.000000 0.000000 0.000000
f 1089/1089/1089 1090/1090/1090 1091/1091/1091
f 1089/1089/1089 1091/1091/1091 1092/1092/1092
v 4.060000 1.200000 7.560000
v 4.060000 5.500000 7.560000
v 4.060000 5.500000 7.940000
v 4.060000 1.200000 7.940000
vt 11.620000 1.200000
vt 11.620000 5.500000
vt 12.000000 5.500000
vt 12.000000 1.200000
vn 1.000000 0.000000 0.000000
vn 1.000000 0.000000 0.000000
vn 1.000000 0.000000 0.000000
vn 1.000000 0.000000 0.000000
f 1093/1093/1093 1094/1094/1094 1095/1095/1095
f 1093/1093/1093 1095/1095/1095 1096/1096/1096
v 3.940000 1.200000 7.560000
v 4.060000 1.200000 7.560000
v 4.060000 1.200000 7.940000
v 3.940000 1.200000 7.940000
vt 11.500000 1.200000
vt 11.620000 1.200000
vt 12.000000 1.200000
vt 11.880000 1.200000
vn 0.000000 -1.000000 0.000000
vn 0.000000 -1.000000 0.000000
vn 0.000000 -1.000000 0.000000
vn 0.000000 -1.000000 0.000000
f 1097/1097/1097 1098/1098/1098 1099/1099/1099
f 1097/1097/1097 1099/1099/1099 1100/1100/1100
v 3.940000 5.500000 7.560000
v 3.940000 5.500000 7.940000
v 4.060000 5.500000 7.940000
v 4.060000 5.500000 7.560000
vt 11.500000 5.500000
vt 11.880000 5.500000
vt 12.000000 5.500000
vt 11.620000 5.500000
vn 0.000000 1.000000 0.000000
vn 0.000000 1.000000 0.000000
vn 0.000000 1.000000 0.000000
vn 0.000000 1.000000 0.000000
f 1101/1101/1101 1102/1102/1102 1103/1103/1103
f 1101/1101/1101 1103/1103/1103 1104/1104/1104
v 3.790000 1.200000 7.495000
v 3.790000 5.500000 7.495000
v 4.210000 5.500000 7.495000
v 4.210000 1.200000 7.495000
vt 11.285000 1.200000
vt 11.285000 5.500000
vt 11.705000 5.500000
vt 11.705000 1.200000
vn 0.000000 0.000000 -1.000000
vn 0.000000 0.000000 -1.000000
vn 0.000000 0.000000 -1.000000
vn 0.000000 0.000000 -1.000000
f 1105/1105/1105 1106/1106/1106 1107/1107/1107
f 1105/1105/1105 1107/1107/1107 1108/1108/1108
v 3.790000 1.200000 7.565000
v 4.210000 1.200000 7.565000
v 4.210000 5.500000 7.565000
v 3.790000 5.500000 7.565000
vt 11.355000 1.200000
vt 11.775000 1.200000
vt 11.775000 5.500000
vt 11.355000 5.500000
vn 0.000000 0.000000 1.000000
vn 0.000000 0.000000 1.000000
vn 0.000000 0.000000 1.000000
vn 0.000000 0.000000 1.000000
f 1109/1109/1109 1110/1110/1110 1111/1111/1111
f 1109/1109/1109 1111/1111/1111 1112/1112/1112
v 3.790000 1.200000 7.495000
v 3.790000 1.200000 7.565000
v 3.790000 5.500000 7.565000
v 3.790000 5.500000 7.495000
vt 11.285000 1.200000
vt 11.355000 1.200000
vt 11.355000 5.500000
vt 11.285000 5.500000
vn -1.000000 0.000000 0.000000
vn -1.000000 0.000000 0.000000
vn -1.000000 0.000000 0.000000
vn -1.000000 0.000000 0.000000
f 1113/1113/1113 1114/1114/1114 1115/1115/1115
f 1113/1113/1113 1115/1115/1115 1116/1116/1116
v 4.210000 1.200000 7.495000
v 4.210000 5.500000 7.495000
v 4.210000 5.500000 7.565000
v 4.210000 1.200000 7.565000
vt 11.705000 1.200000
vt 11.705000 5.500000
vt 11.775000 5.500000
vt 11.775000 1.200000
vn 1.000000 0.000000 0.000000
vn 1.000000 0.000000 0.000000
vn 1.000000 0.000000 0.000000
vn 1.000000 0.000000 0.000000
f 1117/1117/1117 1118/1118/1118 1119/1119/1119
f 1117/1117/1117 1119/1119/1119 1120/1120/1120
v 3.790000 1.200000 7.495000
v 4.210000 1.200000 7.495000
v 4.210000 1.200000 7.565000
v 3.790000 1.200000 7.565000
vt 11.285000 1.200000
vt 11.705000 1.200000
vt 11.775000 1.200000
vt 11.355000 1.200000
vn 0.000000 -1.000000 0.000000
vn 0.000000 -1.000000 0.000000
vn 0.000000 -1.000000 0.000000
vn 0.000000 -1.000000 0.000000
f 1121/1121/1121 1122/1122/1122 1123/1123/1123
f 1121/1121/1121 1123/1123/1123 1124/1124/1124
v 3.790000 5.500000 7.495000
v 3.790000 5.500000 7.565000
v 4.210000 5.500000 7.565000
v 4.210000 5.500000 7.495000
vt 11.285000 5.500000
vt 11.355000 5.500000
vt 11.775000 5.500000
vt 11.705000 5.500000
vn 0.000000 1.000000 0.000000
vn 0.000000 1.000000 0.000000
vn 0.000000 1.000000 0.000000
vn 0.000000 1.000000 0.000000
f 1125/1125/1125 1126/1126/1126 1127/1127/1127
f 1125/1125/1125 1127/1127/1127 1128/1128/1128
v 3.790000 1.200000 7.935000
v 3.790000 5.500000 7.935000
v 4.210000 5.500000 7.935000
v 4.210000 1.200000 7.935000
vt 11.725000 1.200000
vt 11.725000 5.500000
vt 12.145000 5.500000
vt 12.145000 1.200000
vn 0.000000 0.000000 -1.000000
vn 0.000000 0.000000 -1.000000
vn 0.000000 0.000000 -1.000000
vn 0.000000 0.000000 -1.000000
f 1129/1129/1129 1130/1130/1130 1131/1131/1131
f 1129/1129/1129 1131/1131/1131 1132/1132/1132
v 3.790000 1.200000 8.005000
v 4.210000 1.200000 8.005000
v 4.210000 5.500000 8.005000
v 3.790000 5.500000 8.005000
vt 11.795000 1.200000
vt 12.215000 1.200000
vt 12.215000 5.500000
vt 11.795000 5.500000
vn 0.000000 0.000000 1.000000
vn 0.000000 0.000000 1.000000
vn 0.000000 0.000000 1.000000
vn 0.000000 0.000000 1.000000
f 1133/1133/1133 1134/1134/1134 1135/1135/1135
f 1133/1133/1133 1135/1135/1135 1136/1136/1136
v 3.790000 1.200000 7.935000
v 3.790000 1.200000 8.005000
v 3.790000 5.500000 8.005000
v 3.790000 5.500000 7.935000
vt 11.725000 1.200000
vt 11.795000 1.200000
vt 11.795000 5.500000
vt 11.725000 5.500000
vn -1.000000 0.000000 0.000000
vn -1.000000 0.000000 0.000000
vn -1.000000 0.000000 0.000000
vn -1.000000 0.000000 0.000000
f 1137/1137/1137 1138/1138/1138 1139/1139/1139
f 1137/1137/1137 1139/1139/1139 1140/1140/1140
v 4.210000 1.200000 7.935000
v 4.210000 5.500000 7.935000
v 4.210000 5.500000 8.005000
v 4.210000 1.200000 8.005000
vt 12.145000 1.200000
vt 12.145000 5.500000
vt 12.215000 5.500000
vt 12.215000 1.200000
vn 1.000000 0.000000 0.000000
vn 1.000000 0.000000 0.000000
vn 1.000000 0.000000 0.000000
vn 1.000000 0.000000 0.000000
f 1141/1141/1141 1142/1142/1142 1143/1143/1143
f 1141/1141/1141 1143/1143/1143 1144/1144/1144
v 3.790000 1.200000 7.935000
v 4.210000 1.200000 7.935000
v 4.210000 1.200000 8.005000
v 3.790000 1.200000 8.005000
vt 11.725000 1.200000
vt 12.145000 1.200000
vt 12.215000 1.200000
vt 11.795000 1.200000
vn 0.000000 -1.000000 0.000000
vn 0.000000 -1.000000 0.000000
vn 0.000000 -1.000000 0.000000
vn 0.000000 -1.000000 0.000000
f 1145/1145/1145 1146/1146/1146 1147/1147/1147
f 1145/1145/1145 1147/1147/1147 1148/1148/1148
v 3.790000 5.500000 7.935000
v 3.790000 5.500000 8.005000
v 4.210000 5.500000 8.005000
v 4.210000 5.500000 7.935000
vt 11.725000 5.500000
vt 11.795000 5.500000
vt 12.215000 5.500000
vt 12.145000 5.500000
vn 0.000000 1.000000 0.000000
vn 0.000000 1.000000 0.000000
vn 0.000000 1.000000 0.000000
vn 0.000000 1.000000 0.000000
f 1149/1149/1149 1150/1150/1150 1151/1151/1151
f 1149/1149/1149 1151/1151/1151 1152/1152/1152
v 7.940000 1.200000 7.560000
v 7.940000 5.500000 7.560000
v 8.060000 5.500000 7.560000
v 8.060000 1.200000 7.560000
vt 15.500000 1.200000
vt 15.500000 5.500000
vt 15.620000 5.500000
vt 15.620000 1.200000
vn 0.000000 0.000000 -1.000000
vn 0.000000 0.000000 -1.000000
vn 0.000000 0.000000 -1.000000
vn 0.000000 0.000000 -1.000000
f 1153/1153/1153 1154/1154/1154 1155/1155/1155
f 1153/1153/1153 1155/1155/1155 1156/1156/1156
v 7.940000 1.200000 7.940000
v 8.060000 1.200000 7.940000
v 8.060000 5.500000 7.940000
v 7.940000 5.500000 7.940000
vt 15.880000 1.200000
vt 16.000000 1.200000
vt 16.000000 5.500000
vt 15.880000 5.500000
vn 0.000000 0.000000 1.000000
vn 0.000000 0.000000 1.000000
vn 0.000000 0.000000 1.000000
vn 0.000000 0.000000 1.000000
f 1157/1157/1157 1158/1158/1158 1159/1159/1159
f 1157/1157/1157 1159/1159/1159 1160/1160/1160
v 7.940000 1.200000 7.560000
v 7.940000 1.200000 7.940000
v 7.940000 5.500000 7.940000
v 7.940000 5.500000 7.560000
vt 15.500000 1.200000
vt 15.880000 1.200000
vt 15.880000 5.500000
vt 15.500000 5.500000
vn -1.000000 0.000000 0.000000
vn -1.000000 0.000000 0.000000
vn -1.000000 0.000000 0.000000
vn -1.000000 0.000000 0.000000
f 1161/1161/1161 1162/1162/1162 1163/1163/1163
f 1161/1161/1161 1163/1163/1163 1164/1164/1164
v 8.060000 1.200000 7.560000
v 8.060000 5.500000 7.560000
v 8.060000 5.500000 7.940000
v 8.060000 1.200000 7.940000
vt 15.620000 1.200000
vt 15.620000 5.500000
vt 16.000000 5.500000
vt 16.000000 1.200000
vn 1.000000 0.000000 0.000000
vn 1.000000 0.000000 0.000000
vn 1.000000 0.000000 0.000000
vn 1.000000 0.000000 0.000000
f 1165/1165/1165 1166/1166/1166 1167/1167/1167
f 1165/1165/1165 1167/1167/1167 1168/1168/1168
v 7.940000 1.200000 7.560000
v 8.060000 1.200000 7.560000
v 8.060000 1.200000 7.940000
v 7.940000 1.200000 7.940000
vt 15.500000 1.200000
vt 15.620000 1.200000
vt 16.000000 1.200000
vt 15.880000 1.200000
vn 0.000000 -1.000000 0.000000
vn 0.000000 -1.000000 0.000000
vn 0.000000 -1.000000 0.000000
vn 0.000000 -1.000000 0.000000
f 1169/1169/1169 1170/1170/1170 1171/1171/1171
f 1169/1169/1169 1171/1171/1171 1172/1172/1172
v 7.940000 5.500000 7.560000
v 7.940000 5.500000 7.940000
v 8.060000 5.500000 7.940000
v 8.060000 5.500000 7.560000
vt 15.500000 5.500000
vt 15.880000 5.500000
vt 16.000000 5.500000
vt 15.620000 5.500000
vn 0.000000 1.000000 0.000000
vn 0.000000 1.000000 0.000000
vn 0.000000 1.000000 0.000000
vn 0.000000 1.000000 0.000000
f 1173/1173/1173 1174/1174/1174 1175/1175/1175
f 1173/1173/1173 1175/1175/1175 1176/1176/1176
v 7.790000 1.200000 7.495000
v 7.790000 5.500000 7.495000
v 8.210000 5.500000 7.495000
v 8.210000 1.200000 7.495000
vt 15.285000 1.200000
vt 15.285000 5.500000
vt 15.705000 5.500000
vt 15.705000 1.200000
vn 0.000000 0.000000 -1.000000
vn 0.000000 0.000000 -1.000000
vn 0.000000 0.000000 -1.000000
vn 0.000000 0.000000 -1.000000
f 1177/1177/1177 1178/1178/1178 1179/1179/1179
f 1177/1177/1177 1179/1179/1179 1180/1180/1180
v 7.790000 1.200000 7.565000
v 8.210000 1.200000 7.565000
v 8.210000 5.500000 7.565000
v 7.790000 5.500000 7.565000
vt 15.355000 1.200000
vt 15.775000 1.200000
vt 15.775000 5.500000
vt 15.355000 5.500000
vn 0.000000 0.000000 1.000000
vn 0.000000 0.000000 1.000000
vn 0.000000 0.000000 1.000000
vn 0.000000 0.000000 1.000000
f 1181/1181/1181 1182/1182/1182 1183/1183/1183
f 1181/1181/1181 1183/1183/1183 1184/1184/1184
v 7.790000 1.200000 7.495000
v 7.790000 1.200000 7.565000
v 7.790000 5.500000 7.565000
v 7.790000 5.500000 7.495000
vt 15.285000 1.200000
vt 15.355000 1.200000
vt 15.355000 5.500000
vt 15.285000 5.500000
vn -1.000000 0.000000 0.000000
vn -1.000000 0.000000 0.000000
vn -1.000000 0.000000 0.000000
vn -1.000000 0.000000 0.000000
f 1185/1185/1185 1186/1186/1186 1187/1187/1187
f 1185/1185/1185 1187/1187/1187 1188/1188/1188
v 8.210000 1.200000 7.495000
v 8.210000 5.500000 7.495000
v 8.210000 5.500000 7.565000
v 8.210000 1.200000 7.565000
vt 15.705000 1.200000
vt 15.705000 5.500000
vt 15.775000 5.500000
vt 15.775000 1.200000
vn 1.000000 0.000000 0.000000
vn 1.000000 0.000000 0.000000
vn 1.000000 0.000000 0.000000
vn 1.000000 0.000000 0.000000
f 1189/1189/1189 1190/1190/1190 1191/1191/1191
f 1189/1189/1189 1191/1191/1191 1192/1192/1192
v 7.790000 1.200000 7.495000
v 8.210000 1.200000 7.495000
v 8.210000 1.200000 7.565000
v 7.790000 1.200000 7.565000
vt 15.285000 1.200000
vt 15.705000 1.200000
vt 15.775000 1.200000
vt 15.355000 1.200000
vn 0.000000 -1.000000 0.000000
vn 0.000000 -1.000000 0.000000
vn 0.000000 -1.000000 0.000000
vn 0.000000 -1.000000 0.000000
f 1193/1193/1193 1194/1194/1194 1195/1195/1195
f 1193/1193/1193 1195/1195/1195 1196/1196/1196
v 7.790000 5.500000 7.495000
v 7.790000 5.500000 7.565000
v 8.210000 5.500000 7.565000
v 8.210000 5.500000 7.495000
vt 15.285000 5.500000
vt 15.355000 5.500000
vt 15.775000 5.500000
vt 15.705000 5.500000
vn 0.000000 1.000000 0.000000
vn 0.000000 1.000000 0.000000
vn 0.000000 1.000000 0.000000
vn 0.000000 1.000000 0.000000
f 1197/1197/1197 1198/1198/1198 1199/1199/1199
f 1197/1197/1197 1199/1199/1199 1200/1200/1200
v 7.790000 1.200000 7.935000
v 7.790000 5.500000 7.935000
v 8.210000 5.500000 7.935000
v 8.210000 1.200000 7.935000
vt 15.725000 1.200000
vt 15.725000 5.500000
vt 16.145000 5.500000
vt 16.145000 1.200000
vn 0.000000 0.000000 -1.000000
vn 0.000000 0.000000 -1.000000
vn 0.000000 0.000000 -1.000000
vn 0.000000 0.000000 -1.000000
f 1201/1201/1201 1202/1202/1202 1203/1203/1203
f 1201/1201/1201 1203/1203/1203 1204/1204/1204
v 7.790000 1.200000 8.005000
v 8.210000 1.200000 8.005000
v 8.210000 5.500000 8.005000
v 7.790000 5.500000 8.005000
vt 15.795000 1.200000
vt 16.215000 1.200000
vt 16.215000 5.500000
vt 15.795000 5.500000
vn 0.000000 0.000000 1.000000
vn 0.000000 0.000000 1.000000
vn 0.000000 0.000000 1.000000
vn 0.000000 0.000000 1.000000
f 1205/1205/1205 1206/1206/1206 1207/1207/1207
f 1205/1205/1205 1207/1207/1207 1208/1208/1208
v 7.790000 1.200000 7.935000
v 7.790000 1.200000 8.005000
v 7.790000 5.500000 8.005000
v 7.790000 5.500000 7.935000
vt 15.725000 1.200000
vt 15.795000 1.200000
vt 15.795000 5.500000
vt 15.725000 5.500000
vn -1.000000 0.000000 0.000000
vn -1.000000 0.000000 0.000000
vn -1.000000 0.000000 0.000000
vn -1.000000 0.000000 0.000000
f 1209/1209/1209 1210/1210/1210 1211/1211/1211
f 1209/1209/1209 1211/1211/1211 1212/1212/1212
v 8.210000 1.200000 7.935000
v 8.210000 5.500000 7.935000
v 8.210000 5.500000 8.005000
v 8.210000 1.200000 8.005000
vt 16.145000 1.200000
vt 16.145000 5.500000
vt 16.215000 5.500000
vt 16.215000 1.200000
vn 1.000000 0.000000 0.000000
vn 1.000000 0.000000 0.000000
vn 1.000000 0.000000 0.000000
vn 1.000000 0.000000 0.000000
f 1213/1213/1213 1214/1214/1214 1215/1215/1215
f 1213/1213/1213 1215/1215/1215 1216/1216/1216
v 7.790000 1.200000 7.935000
v 8.210000 1.200000 7.935000
v 8.210000 1.200000 8.005000
v 7.790000 1.200000 8.005000
vt 15.725000 1.200000
vt 16.145000 1.200000
vt 16.215000 1.200000
vt 15.795000 1.200000
vn 0.000000 -1.000000 0.000000
vn 0.000000 -1.000000 0.000000
vn 0.000000 -1.000000 0.000000
vn 0.000000 -1.000000 0.000000
f 1217/1217/1217 1218/1218/1218 1219/1219/1219
f 1217/1217/1217 1219/1219/1219 1220/1220/1220
v 7.790000 5.500000 7.935000
v 7.790000 5.500000 8.005000
v 8.210000 5.500000 8.005000
v 8.210000 5.500000 7.935000
vt 15.725000 5.500000
vt 15.795000 5.500000
vt 16.215000 5.500000
vt 16.145000 5.500000
vn 0.000000 1.000000 0.000000
vn 0.000000 1.000000 0.000000
vn 0.000000 1.000000 0.000000
vn 0.000000 1.000000 0.000000
f 1221/1221/1221 1222/1222/1222 1223/1223/1223
f 1221/1221/1221 1223/1223/1223 1224/1224/1224
v -10.000000 1.160000 7.590000
v -10.000000 1.340000 7.590000
v 10.000000 1.340000 7.590000
v 10.000000 1.160000 7.590000
vt -2.410000 1.160000
vt -2.410000 1.340000
vt 17.590000 1.340000
vt 17.590000 1.160000
vn 0.000000 0.000000 -1.000000
vn 0.000000 0.000000 -1.000000
vn 0.000000 0.000000 -1.000000
vn 0.000000 0.000000 -1.000000
f 1225/1225/1225 1226/1226/1226 1227/1227/1227
f 1225/1225/1225 1227/1227/1227 1228/1228/1228
v -10.000000 1.160000 7.910000
v 10.000000 1.160000 7.910000
v 10.000000 1.340000 7.910000
v -10.000000 1.340000 7.910000
vt -2.090000 1.160000
vt 17.910000 1.160000
vt 17.910000 1.340000
vt -2.090000 1.340000
vn 0.000000 0.000000 1.000000
vn 0.000000 0.000000 1.000000
vn 0.000000 0.000000 1.000000
vn 0.000000 0.000000 1.000000
f 1229/1229/1229 1230/1230/1230 1231/1231/1231
f 1229/1229/1229 1231/1231/1231 1232/1232/1232
v -10.000000 1.160000 7.590000
v -10.000000 1.160000 7.910000
v -10.000000 1.340000 7.910000
v -10.000000 1.340000 7.590000
vt -2.410000 1.160000
vt -2.090000 1.160000
vt -2.090000 1.340000
vt -2.410000 1.340000
vn -1.000000 0.000000 0.000000
vn -1.000000 0.000000 0.000000
vn -1.000000 0.000000 0.000000
vn -1.000000 0.000000 0.000000
f 1233/1233/1233 1234/1234/1234 1235/1235/1235
f 1233/1233/1233 1235/1235/1235 1236/1236/1236
v 10.000000 1.160000 7.590000
v 10.000000 1.340000 7.590000
v 10.000000 1.340000 7.910000
v 10.000000 1.160000 7.910000
vt 17.590000 1.160000
vt 17.590000 1.340000
vt 17.910000 1.340000
vt 17.910000 1.160000
vn 1.000000 0.000000 0.000000
vn 1.000000 0.000000 0.000000
vn 1.000000 0.000000 0.000000
vn 1.000000 0.000000 0.000000
f 1237/1237/1237 1238/1238/1238 1239/1239/1239
f 1237/1237/1237 1239/1239/1239 1240/1240/1240
v -10.000000 1.160000 7.590000
v 10.000000 1.160000 7.590000
v 10.000000 1.160000 7.910000
v -10.000000 1.160000 7.910000
vt -2.410000 1.160000
vt 17.590000 1.160000
vt 17.910000 1.160000
vt -2.090000 1.160000
vn 0.000000 -1.000000 0.000000
vn 0.000000 -1.000000 0.000000
vn 0.000000 -1.000000 0.000000
vn 0.000000 -1.000000 0.000000
f 1241/1241/1241 1242/1242/1242 1243/1243/1243
f 1241/1241/1241 1243/1243/1243 1244/1244/1244
v -10.000000 1.340000 7.590000
v -10.000000 1.340000 7.910000
v 10.000000 1.340000 7.910000
v 10.000000 1.340000 7.590000
vt -2.410000 1.340000
vt -2.090000 1.340000
vt 17.910000 1.340000
vt 17.590000 1.340000
vn 0.000000 1.000000 0.000000
vn 0.000000 1.000000 0.000000
vn 0.000000 1.000000 0.000000
vn 0.000000 1.000000 0.000000
f 1245/1245/1245 1246/1246/1246 1247/1247/1247
f 1245/1245/1245 1247/1247/1247 1248/1248/1248
v -10.000000 4.860000 7.590000
v -10.000000 5.040000 7.590000
v 10.000000 5.040000 7.590000
v 10.000000 4.860000 7.590000
vt -2.410000 4.860000
vt -2.410000 5.040000
vt 17.590000 5.040000
vt 17.590000 4.860000
vn 0.000000 0.000000 -1.000000
vn 0.000000 0.000000 -1.000000
vn 0.000000 0.000000 -1.000000
vn 0.000000 0.000000 -1.000000
f 1249/1249/1249 1250/1250/1250 1251/1251/1251
f 1249/1249/1249 1251/1251/1251 1252/1252/1252
v -10.000000 4.860000 7.910000
v 10.000000 4.860000 7.910000
v 10.000000 5.040000 7.910000
v -10.000000 5.040000 7.910000
vt -2.090000 4.860000
vt 17.910000 4.860000
vt 17.910000 5.040000
vt -2.090000 5.040000
vn 0.000000 0.000000 1.000000
vn 0.000000 0.000000 1.000000
vn 0.000000 0.000000 1.000000
vn 0.000000 0.000000 1.000000
f 1253/1253/1253 1254/1254/1254 1255/1255/1255
f 1253/1253/1253 1255/1255/1255 1256/1256/1256
v -10.000000 4.860000 7.590000
v -10.000000 4.860000 7.910000
v -10.000000 5.040000 7.910000
v -10.000000 5.040000 7.590000
vt -2.410000 4.860000
vt -2.090000 4.860000
vt -2.090000 5.040000
vt -2.410000 5.040000
vn -1.000000 0.000000 0.000000
vn -1.000000 0.000000 0.000000
vn -1.000000 0.000000 0.000000
vn -1.000000 0.000000 0.000000
f 1257/1257/1257 1258/1258/1258 1259/1259/1259
f 1257/1257/1257 1259/1259/1259 1260/1260/1260
v 10.000000 4.860000 7.590000
v 10.000000 5.040000 7.590000
v 10.000000 5.040000 7.910000
v 10.000000 4.860000 7.910000
vt 17.590000 4.860000
vt 17.590000 5.040000
vt 17.910000 5.040000
vt 17.910000 4.860000
vn 1.000000 0.000000 0.000000
vn 1.000000 0.000000 0.000000
vn 1.000000 0.000000 0.000000
vn 1.000000 0.000000 0.000000
f 1261/1261/1261 1262/1262/1262 1263/1263/1263
f 1261/1261/1261 1263/1263/1263 1264/1264/1264
v -10.000000 4.860000 7.590000
v 10.000000 4.860000 7.590000
v 10.000000 4.860000 7.910000
v -10.000000 4.860000 7.910000
vt -2.410000 4.860000
vt 17.590000 4.860000
vt 17.910000 4.860000
vt -2.090000 4.860000
vn 0.000000 -1.000000 0.000000
vn 0.000000 -1.000000 0.000000
vn 0.000000 -1.000000 0.000000
vn 0.000000 -1.000000 0.000000
f 1265/1265/1265 1266/1266/1266 1267/1267/1267
f 1265/1265/1265 1267/1267/1267 1268/1268/1268
v -10.000000 5.040000 7.590000
v -10.000000 5.040000 7.910000
v 10.000000 5.040000 7.910000
v 10.000000 5.040000 7.590000
vt -2.410000 5.040000
vt -2.090000 5.040000
vt 17.910000 5.040000
vt 17.590000 5.040000
vn 0.000000 1.000000 0.000000
vn 0.000000 1.000000 0.000000
vn 0.000000 1.000000 0.000000
vn 0.000000 1.000000 0.000000
f 1269/1269/1269 1270/1270/1270 1271/1271/1271
f 1269/1269/1269 1271/1271/1271 1272/1272/1272
v -10.000000 5.410000 7.590000
v -10.000000 5.590000 7.590000
v 10.000000 5.590000 7.590000
v 10.000000 5.410000 7.590000
vt -2.410000 5.410000
vt -2.410000 5.590000
vt 17.590000 5.590000
vt 17.590000 5.410000
vn 0.000000 0.000000 -1.000000
vn 0.000000 0.000000 -1.000000
vn 0.000000 0.000000 -1.000000
vn 0.000000 0.000000 -1.000000
f 1273/1273/1273 1274/1274/1274 1275/1275/1275
f 1273/1273/1273 1275/1275/1275 1276/1276/1276
v -10.000000 5.410000 7.910000
v 10.000000 5.410000 7.910000
v 10.000000 5.590000 7.910000
v -10.000000 5.590000 7.910000
vt -2.090000 5.410000
vt 17.910000 5.410000
vt 17.910000 5.590000
vt -2.090000 5.590000
vn 0.000000 0.000000 1.000000
vn 0.000000 0.000000 1.000000
vn 0.000000 0.000000 1.000000
vn 0.000000 0.000000 1.000000
f 1277/1277/1277 1278/1278/1278 1279/1279/1279
f 1277/1277/1277 1279/1279/1279 1280/1280/1280
v -10.000000 5.410000 7.590000
v -10.000000 5.410000 7.910000
v -10.000000 5.590000 7.910000
v -10.000000 5.590000 7.590000
vt -2.410000 5.410000
vt -2.090000 5.410000
vt -2.090000 5.590000
vt -2.410000 5.590000
vn -1.000000 0.000000 0.000000
vn -1.000000 0.000000 0.000000
vn -1.000000 0.000000 0.000000
vn -1.000000 0.000000 0.000000
f 1281/1281/1281 1282/1282/1282 1283/1283/1283
f 1281/1281/1281 1283/1283/1283 1284/1284/1284
v 10.000000 5.410000 7.590000
v 10.000000 5.590000 7.590000
v 10.000000 5.590000 7.910000
v 10.000000 5.410000 7.910000
vt 17.590000 5.410000
vt 17.590000 5.590000
vt 17.910000 5.590000
vt 17.910000 5.410000
vn 1.000000 0.000000 0.000000
vn 1.000000 0.000000 0.000000
vn 1.000000 0.000000 0.000000
vn 1.000000 0.000000 0.000000
f 1285/1285/1285 1286/1286/1286 1287/1287/1287
f 1285/1285/1285 1287/1287/1287 1288/1288/1288
v -10.000000 5.410000 7.590000
v 10.000000 5.410000 7.590000
v 10.000000 5.410000 7.910000
v -10.000000 5.410000 7.910000
vt -2.410000 5.410000
vt 17.590000 5.410000
vt 17.910000 5.410000
vt -2.090000 5.410000
vn 0.000000 -1.000000 0.000000
vn 0.000000 -1.000000 0.000000
vn 0.000000 -1.000000 0.000000
vn 0.000000 -1.000000 0.000000
f 1289/1289/1289 1290/1290/1290 1291/1291/1291
f 1289/1289/1289 1291/1291/1291 1292/1292/1292
v -10.000000 5.590000 7.590000
v -10.000000 5.590000 7.910000
v 10.000000 5.590000 7.910000
v 10.000000 5.590000 7.590000
vt -2.410000 5.590000
vt -2.090000 5.590000
vt 17.910000 5.590000
vt 17.590000 5.590000
vn 0.000000 1.000000 0.000000
vn 0.000000 1.000000 0.000000
vn 0.000000 1.000000 0.000000
vn 0.000000 1.000000 0.000000
f 1293/1293/1293 1294/1294/1294 1295/1295/1295
f 1293/1293/1293 1295/1295/1295 1296/1296/1296
v -5.560000 0.000000 6.710000
v -5.560000 5.650000 6.710000
v -5.440000 5.650000 6.710000
v -5.440000 0.000000 6.710000
vt 1.150000 0.000000
vt 1.150000 5.650000
vt 1.270000 5.650000
vt 1.270000 0.000000
vn 0.000000 0.000000 -1.000000
vn 0.000000 0.000000 -1.000000
vn 0.000000 0.000000 -1.000000
vn 0.000000 0.000000 -1.000000
f 1297/1297/1297 1298/1298/1298 1299/1299/1299
f 1297/1297/1297 1299/1299/1299 1300/1300/1300
v -5.560000 0.000000 7.090000
v -5.440000 0.000000 7.090000
v -5.440000 5.650000 7.090000
v -5.560000 5.650000 7.090000
vt 1.530000 0.000000
vt 1.650000 0.000000
vt 1.650000 5.650000
vt 1.530000 5.650000
vn 0.000000 0.000000 1.000000
vn 0.000000 0.000000 1.000000
vn 0.000000 0.000000 1.000000
vn 0.000000 0.000000 1.000000
f 1301/1301/1301 1302/1302/1302 1303/1303/1303
f 1301/1301/1301 1303/1303/1303 1304/1304/1304
v -5.560000 0.000000 6.710000
v -5.560000 0.000000 7.090000
v -5.560000 5.650000 7.090000
v -5.560000 5.650000 6.710000
vt 1.150000 0.000000
vt 1.530000 0.000000
vt 1.530000 5.650000
vt 1.150000 5.650000
vn -1.000000 0.000000 0.000000
vn -1.000000 0.000000 0.000000
vn -1.000000 0.000000 0.000000
vn -1.000000 0.000000 0.000000
f 1305/1305/1305 1306/1306/1306 1307/1307/1307
f 1305/1305/1305 1307/1307/1307 1308/1308/1308
v -5.440000 0.000000 6.710000
v -5.440000 5.650000 6.710000
v -5.440000 5.650000 7.090000
v -5.440000 0.000000 7.090000
vt 1.270000 0.000000
vt 1.270000 5.650000
vt 1.650000 5.650000
vt 1.650000 0.000000
vn 1.000000 0.000000 0.000000
vn 1.000000 0.000000 0.000000
vn 1.000000 0.000000 0.000000
vn 1.000000 0.000000 0.000000
f 1309/1309/1309 1310/1310/1310 1311/1311/1311
f 1309/1309/1309 1311/1311/1311 1312/1312/1312
v -5.560000 0.000000 6.710000
v -5.440000 0.000000 6.710000
v -5.440000 0.000000 7.090000
v -5.560000 0.000000 7.090000
vt 1.150000 0.000000
vt 1.270000 0.000000
vt 1.650000 0.000000
vt 1.530000 0.000000
vn 0.000000 -1.000000 0.000000
vn 0.000000 -1.000000 0.000000
vn 0.000000 -1.000000 0.000000
vn 0.000000 -1.000000 0.000000
f 1313/1313/1313 1314/1314/1314 1315/1315/1315
f 1313/1313/1313 1315/1315/1315 1316/1316/1316
v -5.560000 5.650000 6.710000
v -5.560000 5.650000 7.090000
v -5.440000 5.650000 7.090000
v -5.440000 5.650000 6.710000
vt 1.150000 5.650000
vt 1.530000 5.650000
vt 1.650000 5.650000
vt 1.270000 5.650000
vn 0.000000 1.000000 0.000000
vn 0.000000 1.000000 0.000000
vn 0.000000 1.000000 0.000000
vn 0.000000 1.000000 0.000000
f 1317/1317/1317 1318/1318/1318 1319/1319/1319
f 1317/1317/1317 1319/1319/1319 1320/1320/1320
v -5.710000 0.000000 6.645000
v -5.710000 5.650000 6.645000
v -5.290000 5.650000 6.645000
v -5.290000 0.000000 6.645000
vt 0.935000 0.000000
vt 0.935000 5.650000
vt 1.355000 5.650000
vt 1.355000 0.000000
vn 0.000000 0.000000 -1.000000
vn 0.000000 0.000000 -1.000000
vn 0.000000 0.000000 -1.000000
vn 0.000000 0.000000 -1.000000
f 1321/1321/1321 1322/1322/1322 1323/1323/1323
f 1321/1321/1321 1323/1323/1323 1324/1324/1324
v -5.710000 0.000000 6.715000
v -5.290000 0.000000 6.715000
v -5.290000 5.650000 6.715000
v -5.710000 5.650000 6.715000
vt 1.005000 0.000000
vt 1.425000 0.000000
vt 1.425000 5.650000
vt 1.005000 5.650000
vn 0.000000 0.000000 1.000000
vn 0.000000 0.000000 1.000000
vn 0.000000 0.000000 1.000000
vn 0.000000 0.000000 1.000000
f 1325/1325/1325 1326/1326/1326 1327/1327/1327
f 1325/1325/1325 1327/1327/1327 1328/1328/1328
v -5.710000 0.000000 6.645000
v -5.710000 0.000000 6.715000
v -5.710000 5.650000 6.715000
v -5.710000 5.650000 6.645000
vt 0.935000 0.000000
vt 1.005000 0.000000
vt 1.005000 5.650000
vt 0.935000 5.650000
vn -1.000000 0.000000 0.000000
vn -1.000000 0.000000 0.000000
vn -1.000000 0.000000 0.000000
vn -1.000000 0.000000 0.000000
f 1329/1329/1329 1330/1330/1330 1331/1331/1331
f 1329/1329/1329 1331/1331/1331 1332/1332/1332
v -5.290000 0.000000 6.645000
v -5.290000 5.650000 6.645000
v -5.290000 5.650000 6.715000
v -5.290000 0.000000 6.715000
vt 1.355000 0.000000
vt 1.355000 5.650000
vt 1.425000 5.650000
vt 1.425000 0.000000
vn 1.000000 0.000000 0.000000
vn 1.000000 0.000000 0.000000
vn 1.000000 0.000000 0.000000
vn 1.000000 0.000000 0.000000
f 1333/1333/1333 1334/1334/1334 1335/1335/1335
f 1333/1333/1333 1335/1335/1335 1336/1336/1336
v -5.710000 0.000000 6.645000
v -5.290000 0.000000 6.645000
v -5.290000 0.000000 6.715000
v -5.710000 0.000000 6.715000
vt 0.935000 0.000000
vt 1.355000 0.000000
vt 1.425000 0.000000
vt 1.005000 0.000000
vn 0.000000 -1.000000 0.000000
vn 0.000000 -1.000000 0.000000
vn 0.000000 -1.000000 0.000000
vn 0.000000 -1.000000 0.000000
f 1337/1337/1337 1338/1338/1338 1339/1339/1339
f 1337/1337/1337 1339/1339/1339 1340/1340/1340
v -5.710000 5.650000 6.645000
v -5.710000 5.650000 6.715000
v -5.290000 5.650000 6.715000
v -5.290000 5.650000 6.645000
vt 0.935000 5.650000
vt 1.005000 5.650000
vt 1.425000 5.650000
vt 1.355000 5.650000
vn 0.000000 1.000000 0.000000
vn 0.000000 1.000000 0.000000
vn 0.000000 1.000000 0.000000
vn 0.000000 1.000000 0.000000
f 1341/1341/1341 1342/1342/1342 1343/1343/1343
f 1341/1341/1341 1343/1343/1343 1344/1344/1344
v -5.710000 0.000000 7.085000
v -5.710000 5.650000 7.085000
v -5.290000 5.650000 7.085000
v -5.290000 0.000000 7.085000
vt 1.375000 0.000000
vt 1.375000 5.650000
vt 1.795000 5.650000
vt 1.795000 0.000000
vn 0.000000 0.000000 -1.000000
vn 0.000000 0.000000 -1.000000
vn 0.000000 0.000000 -1.000000
vn 0.000000 0.000000 -1.000000
f 1345/1345/1345 1346/1346/1346 1347/1347/1347
f 1345/1345/1345 1347/1347/1347 1348/1348/1348
v -5.710000 0.000000 7.155000
v -5.290000 0.000000 7.155000
v -5.290000 5.650000 7.155000
v -5.710000 5.650000 7.155000
vt 1.445000 0.000000
vt 1.865000 0.000000
vt 1.865000 5.650000
vt 1.445000 5.650000
vn 0.000000 0.000000 1.000000
vn 0.000000 0.000000 1.000000
vn 0.000000 0.000000 1.000000
vn 0.000000 0.000000 1.000000
f 1349/1349/1349 1350/1350/1350 1351/1351/1351
f 1349/1349/1349 1351/1351/1351 1352/1352/1352
v -5.710000 0.000000 7.085000
v -5.710000 0.000000 7.155000
v -5.710000 5.650000 7.155000
v -5.710000 5.650000 7.085000
vt 1.375000 0.000000
vt 1.445000 0.000000
vt 1.445000 5.650000
vt 1.375000 5.650000
vn -1.000000 0.000000 0.000000
vn -1.000000 0.000000 0.000000
vn -1.000000 0.000000 0.000000
vn -1.000000 0.000000 0.000000
f 1353/1353/1353 1354/1354/1354 1355/1355/1355
f 1353/1353/1353 1355/1355/1355 1356/1356/1356
v -5.290000 0.000000 7.085000
v -5.290000 5.650000 7.085000
v -5.290000 5.650000 7.155000
v -5.290000 0.000000 7.155000
vt 1.795000 0.000000
vt 1.795000 5.650000
vt 1.865000 5.650000
vt 1.865000 0.000000
vn 1.000000 0.000000 0.000000
vn 1.000000 0.000000 0.000000
vn 1.000000 0.000000 0.000000
vn 1.000000 0.000000 0.000000
f 1357/1357/1357 1358/1358/1358 1359/1359/1359
f 1357/1357/1357 1359/1359/1359 1360/1360/1360
v -5.710000 0.000000 7.085000
v -5.290000 0.000000 7.085000
v -5.290000 0.000000 7.155000
v -5.710000 0.000000 7.155000
vt 1.375000 0.000000
vt 1.795000 0.000000
vt 1.865000 0.000000
vt 1.445000 0.000000
vn 0.000000 -1.000000 0.000000
vn 0.000000 -1.000000 0.000000
vn 0.000000 -1.000000 0.000000
vn 0.000000 -1.000000 0.000000
f 1361/1361/1361 1362/1362/1362 1363/1363/1363
f 1361/1361/1361 1363/1363/1363 1364/1364/1364
v -5.710000 5.650000 7.085000
v -5.710000 5.650000 7.155000
v -5.290000 5.650000 7.155000
v -5.290000 5.650000 7.085000
vt 1.375000 5.650000
vt 1.445000 5.650000
vt 1.865000 5.650000
vt 1.795000 5.650000
vn 0.000000 1.000000 0.000000
vn 0.000000 1.000000 0.000000
vn 0.000000 1.000000 0.000000
vn 0.000000 1.000000 0.000000
f 1365/1365/1365 1366/1366/1366 1367/1367/1367
f 1365/1365/1365 1367/1367/1367 1368/1368/1368
v -5.560000 0.000000 0.810000
v -5.560000 5.650000 0.810000
v -5.440000 5.650000 0.810000
v -5.440000 0.000000 0.810000
vt -4.750000 0.000000
vt -4.750000 5.650000
vt -4.630000 5.650000
vt -4.630000 0.000000
vn 0.000000 0.000000 -1.000000
vn 0.000000 0.000000 -1.000000
vn 0.000000 0.000000 -1.000000
vn 0.000000 0.000000 -1.000000
f 1369/1369/1369 1370/1370/1370 1371/1371/1371
f 1369/1369/1369 1371/1371/1371 1372/1372/1372
v -5.560000 0.000000 1.190000
v -5.440000 0.000000 1.190000
v -5.440000 5.650000 1.190000
v -5.560000 5.650000 1.190000
vt -4.370000 0.000000
vt -4.250000 0.000000
vt -4.250000 5.650000
vt -4.370000 5.650000
vn 0.000000 0.000000 1.000000
vn 0.000000 0.000000 1.000000
vn 0.000000 0.000000 1.000000
vn 0.000000 0.000000 1.000000
f 1373/1373/1373 1374/1374/1374 1375/1375/1375
f 1373/1373/1373 1375/1375/1375 1376/1376/1376
v -5.560000 0.000000 0.810000
v -5.560000 0.000000 1.190000
v -5.560000 5.650000 1.190000
v -5.560000 5.650000 0.810000
vt -4.750000 0.000000
vt -4.370000 0.000000
vt -4.370000 5.650000
vt -4.750000 5.650000
vn -1.000000 0.000000 0.000000
vn -1.000000 0.000000 0.000000
vn -1.000000 0.000000 0.000000
vn -1.000000 0.000000 0.000000
f 1377/1377/1377 1378/1378/1378 1379/1379/1379
f 1377/1377/1377 1379/1379/1379 1380/1380/1380
v -5.440000 0.000000 0.810000
v -5.440000 5.650000 0.810000
v -5.440000 5.650000 1.190000
v -5.440000 0.000000 1.190000
vt -4.630000 0.000000
vt -4.630000 5.650000
vt -4.250000 5.650000
vt -4.250000 0.000000
vn 1.000000 0.000000 0.000000
vn 1.000000 0.000000 0.000000
vn 1.000000 0.000000 0.000000
vn 1.000000 0.000000 0.000000
f 1381/1381/1381 1382/1382/1382 1383/1383/1383
f 1381/1381/1381 1383/1383/1383 1384/1384/1384
v -5.560000 0.000000 0.810000
v -5.440000 0.000000 0.810000
v -5.440000 0.000000 1.190000
v -5.560000 0.000000 1.190000
vt -4.750000 0.000000
vt -4.630000 0.000000
vt -4.250000 0.000000
vt -4.370000 0.000000
vn 0.000000 -1.000000 0.000000
vn 0.000000 -1.000000 0.000000
vn 0.000000 -1.000000 0.000000
vn 0.000000 -1.000000 0.000000
f 1385/1385/1385 1386/1386/1386 1387/1387/1387
f 1385/1385/1385 1387/1387/1387 1388/1388/1388
v -5.560000 5.650000 0.810000
v -5.560000 5.650000 1.190000
v -5.440000 5.650000 1.190000
v -5.440000 5.650000 0.810000
vt -4.750000 5.650000
vt -4.370000 5.650000
vt -4.250000 5.650000
vt -4.630000 5.650000
vn 0.000000 1.000000 0.000000
vn 0.000000 1.000000 0.000000
vn 0.000000 1.000000 0.000000
vn 0.000000 1.000000 0.000000
f 1389/1389/1389 1390/1390/1390 1391/1391/1391
f 1389/1389/1389 1391/1391/1391 1392/1392/1392
v -5.710000 0.000000 0.745000
v -5.710000 5.650000 0.745000
v -5.290000 5.650000 0.745000
v -5.290000 0.000000 0.745000
vt -4.965000 0.000000
vt -4.965000 5.650000
vt -4.545000 5.650000
vt -4.545000 0.000000
vn 0.000000 0.000000 -1.000000
vn 0.000000 0.000000 -1.000000
vn 0.000000 0.000000 -1.000000
vn 0.000000 0.000000 -1.000000
f 1393/1393/1393 1394/1394/1394 1395/1395/1395
f 1393/1393/1393 1395/1395/1395 1396/1396/1396
v -5.710000 0.000000 0.815000
v -5.290000 0.000000 0.815000
v -5.290000 5.650000 0.815000
v -5.710000 5.650000 0.815000
vt -4.895000 0.000000
vt -4.475000 0.000000
vt -4.475000 5.650000
vt -4.895000 5.650000
vn 0.000000 0.000000 1.000000
vn 0.000000 0.000000 1.000000
vn 0.000000 0.000000 1.000000
vn 0.000000 0.000000 1.000000
f 1397/1397/1397 1398/1398/1398 1399/1399/1399
f 1397/1397/1397 1399/1399/1399 1400/1400/1400
v -5.710000 0.000000 0.745000
v -5.710000 0.000000 0.815000
v -5.710000 5.650000 0.815000
v -5.710000 5.650000 0.745000
vt -4.965000 0.000000
vt -4.895000 0.000000
vt -4.895000 5.650000
vt -4.965000 5.650000
vn -1.000000 0.000000 0.000000
vn -1.000000 0.000000 0.000000
vn -1.000000 0.000000 0.000000
vn -1.000000 0.000000 0.000000
f 1401/1401/1401 1402/1402/1402 1403/1403/1403
f 1401/1401/1401 1403/1403/1403 1404/1404/1404
v -5.290000 0.000000 0.745000
v -5.290000 5.650000 0.745000
v -5.290000 5.650000 0.815000
v -5.290000 0.000000 0.815000
vt -4.545000 0.000000
vt -4.545000 5.650000
vt -4.475000 5.650000
vt -4.475000 0.000000
vn 1.000000 0.000000 0.000000
vn 1.000000 0.000000 0.000000
vn 1.000000 0.000000 0.000000
vn 1.000000 0.000000 0.000000
f 1405/1405/1405 1406/1406/1406 1407/1407/1407
f 1405/1405/1405 1407/1407/1407 1408/1408/1408
v -5.710000 0.000000 0.745000
v -5.290000 0.000000 0.745000
v -5.290000 0.000000 0.815000
v -5.710000 0.000000 0.815000
vt -4.965000 0.000000
vt -4.545000 0.000000
vt -4.475000 0.000000
vt -4.895000 0.000000
vn 0.000000 -1.000000 0.000000
vn 0.000000 -1.000000 0.000000
vn 0.000000 -1.000000 0.000000
vn 0.000000 -1.000000 0.000000
f 1409/1409/1409 1410/1410/1410 1411/1411/1411
f 1409/1409/1409 1411/1411/1411 1412/1412/1412
v -5.710000 5.650000 0.745000
v -5.710000 5.650000 0.815000
v -5.290000 5.650000 0.815000
v -5.290000 5.650000 0.745000
vt -4.965000 5.650000
vt -4.895000 5.650000
vt -4.475000 5.650000
vt -4.545000 5.650000
vn 0.000000 1.000000 0.000000
vn 0.000000 1.000000 0.000000
vn 0.000000 1.000000 0.000000
vn 0.000000 1.000000 0.000000
f 1413/1413/1413 1414/1414/1414 1415/1415/1415
f 1413/1413/1413 1415/1415/1415 1416/1416/1416
v -5.710000 0.000000 1.185000
v -5.710000 5.650000 1.185000
v -5.290000 5.650000 1.185000
v -5.290000 0.000000 1.185000
vt -4.525000 0.000000
vt -4.525000 5.650000
vt -4.105000 5.650000
vt -4.105000 0.000000
vn 0.000000 0.000000 -1.000000
vn 0.000000 0.000000 -1.000000
vn 0.000000 0.000000 -1.000000
vn 0.000000 0.000000 -1.000000
f 1417/1417/1417 1418/1418/1418 1419/1419/1419
f 1417/1417/1417 1419/1419/1419 1420/1420/1420
v -5.710000 0.000000 1.255000
v -5.290000 0.000000 1.255000
v -5.290000 5.650000 1.255000
v -5.710000 5.650000 1.255000
vt -4.455000 0.000000
vt -4.035000 0.000000
vt -4.035000 5.650000
vt -4.455000 5.650000
vn 0.000000 0.000000 1.000000
vn 0.000000 0.000000 1.000000
vn 0.000000 0.000000 1.000000
vn 0.000000 0.000000 1.000000
f 1421/1421/1421 1422/1422/1422 1423/1423/1423
f 1421/1421/1421 1423/1423/1423 1424/1424/1424
v -5.710000 0.000000 1.185000
v -5.710000 0.000000 1.255000
v -5.710000 5.650000 1.255000
v -5.710000 5.650000 1.185000
vt -4.525000 0.000000
vt -4.455000 0.000000
vt -4.455000 5.650000
vt -4.525000 5.650000
vn -1.000000 0.000000 0.000000
vn -1.000000 0.000000 0.000000
vn -1.000000 0.000000 0.000000
vn -1.000000 0.000000 0.000000
f 1425/1425/1425 1426/1426/1426 1427/1427/1427
f 1425/1425/1425 1427/1427/1427 1428/1428/1428
v -5.290000 0.000000 1.185000
v -5.290000 5.650000 1.185000
v -5.290000 5.650000 1.255000
v -5.290000 0.000000 1.255000
vt -4.105000 0.000000
vt -4.105000 5.650000
vt -4.035000 5.650000
vt -4.035000 0.000000
vn 1.000000 0.000000 0.000000
vn 1.000000 0.000000 0.000000
vn 1.000000 0.000000 0.000000
vn 1.000000 0.000000 0.000000
f 1429/1429/1429 1430/1430/1430 1431/1431/1431
f 1429/1429/1429 1431/1431/1431 1432/1432/1432
v -5.710000 0.000000 1.185000
v -5.290000 0.000000 1.185000
v -5.290000 0.000000 1.255000
v -5.710000 0.000000 1.255000
vt -4.525000 0.000000
vt -4.105000 0.000000
vt -4.035000 0.000000
vt -4.455000 0.000000
vn 0.000000 -1.000000 0.000000
vn 0.000000 -1.000000 0.000000
vn 0.000000 -1.000000 0.000000
vn 0.000000 -1.000000 0.000000
f 1433/1433/1433 1434/1434/1434 1435/1435/1435
f 1433/1433/1433 1435/1435/1435 1436/1436/1436
v -5.710000 5.650000 1.185000
v -5.710000 5.650000 1.255000
v -5.290000 5.650000 1.255000
v -5.290000 5.650000 1.185000
vt -4.525000 5.650000
vt -4.455000 5.650000
vt -4.035000 5.650000
vt -4.105000 5.650000
vn 0.000000 1.000000 0.000000
vn 0.000000 1.000000 0.000000
vn 0.000000 1.000000 0.000000
vn 0.000000 1.000000 0.000000
f 1437/1437/1437 1438/1438/1438 1439/1439/1439
f 1437/1437/1437 1439/1439/1439 1440/1440/1440
v -5.577782 4.258779 0.949058
v -5.500000 4.283126 0.927958
v -5.422218 4.258779 0.949058
v -5.390000 4.200000 1.000000
v -5.422218 4.141221 1.050942
v -5.500000 4.116874 1.072042
v -5.577782 4.141221 1.050942
v -5.610000 4.200000 1.000000
vt -4.628723 4.258779
vt -4.572042 4.283126
vt -4.473160 4.258779
vt -4.390000 4.200000
vt -4.371277 4.141221
vt -4.427958 4.116874
vt -4.526840 4.141221
vt -4.610000 4.200000
vn 0.000000 -0.654931 -0.755689
vn 0.000000 -0.654931 -0.755689
vn 0.000000 -0.654931 -0.755689
vn 0.000000 -0.654931 -0.755689
vn 0.000000 -0.654931 -0.755689
vn 0.000000 -0.654931 -0.755689
vn 0.000000 -0.654931 -0.755689
vn 0.000000 -0.654931 -0.755689
f 1441/1441/1441 1442/1442/1442 1443/1443/1443
f 1441/1441/1441 1443/1443/1443 1444/1444/1444
f 1441/1441/1441 1444/1444/1444 1445/1445/1445
f 1441/1441/1441 1445/1445/1445 1446/1446/1446
f 1441/1441/1441 1446/1446/1446 1447/1447/1447
f 1441/1441/1441 1447/1447/1447 1448/1448/1448
v -5.610000 5.500000 2.500000
v -5.577782 5.441221 2.550942
v -5.500000 5.416874 2.572042
v -5.422218 5.441221 2.550942
v -5.390000 5.500000 2.500000
v -5.422218 5.558779 2.449058
v -5.500000 5.583126 2.427958
v -5.577782 5.558779 2.449058
vt -3.110000 5.500000
vt -3.026840 5.441221
vt -2.927958 5.416874
vt -2.871277 5.441221
vt -2.890000 5.500000
vt -2.973160 5.558779
vt -3.072042 5.583126
vt -3.128723 5.558779
vn 0.000000 0.654931 0.755689
vn 0.000000 0.654931 0.755689
vn 0.000000 0.654931 0.755689
vn 0.000000 0.654931 0.755689
vn 0.000000 0.654931 0.755689
vn 0.000000 0.654931 0.755689
vn 0.000000 0.654931 0.755689
vn 0.000000 0.654931 0.755689
f 1449/1449/1449 1450/1450/1450 1451/1451/1451
f 1449/1449/1449 1451/1451/1451 1452/1452/1452
f 1449/1449/1449 1452/1452/1452 1453/1453/1453
f 1449/1449/1449 1453/1453/1453 1454/1454/1454
f 1449/1449/1449 1454/1454/1454 1455/1455/1455
f 1449/1449/1449 1455/1455/1455 1456/1456/1456
v -5.610000 4.200000 1.000000
v -5.577782 4.141221 1.050942
v -5.577782 5.441221 2.550942
v -5.610000 5.500000 2.500000
vt -4.610000 4.200000
vt -4.526840 4.141221
vt -3.026840 5.441221
vt -3.110000 5.500000
vn -0.923880 -0.289190 0.250631
vn -0.923880 -0.289190 0.250631
vn -0.923880 -0.289190 0.250631
vn -0.923880 -0.289190 0.250631
f 1457/1457/1457 1458/1458/1458 1459/1459/1459
f 1457/1457/1457 1459/1459/1459 1460/1460/1460
v -5.577782 4.141221 1.050942
v -5.500000 4.116874 1.072042
v -5.500000 5.416874 2.572042
v -5.577782 5.441221 2.550942
vt -4.526840 4.141221
vt -4.427958 4.116874
vt -2.927958 5.416874
vt -3.026840 5.441221
vn -0.382683 -0.698166 0.605077
vn -0.382683 -0.698166 0.605077
vn -0.382683 -0.698166 0.605077
vn -0.382683 -0.698166 0.605077
f 1461/1461/1461 1462/1462/1462 1463/1463/1463
f 1461/1461/1461 1463/1463/1463 1464/1464/1464
v -5.500000 4.116874 1.072042
v -5.422218 4.141221 1.050942
v -5.422218 5.441221 2.550942
v -5.500000 5.416874 2.572042
vt -4.427958 4.116874
vt -4.371277 4.141221
vt -2.871277 5.441221
vt -2.927958 5.416874
vn 0.382683 -0.698166 0.605077
vn 0.382683 -0.698166 0.605077
vn 0.382683 -0.698166 0.605077
vn 0.382683 -0.698166 0.605077
f 1465/1465/1465 1466/1466/1466 1467/1467/1467
f 1465/1465/1465 1467/1467/1467 1468/1468/1468
v -5.422218 4.141221 1.050942
v -5.390000 4.200000 1.000000
v -5.390000 5.500000 2.500000
v -5.422218 5.441221 2.550942
vt -4.371277 4.141221
vt -4.390000 4.200000
vt -2.890000 5.500000
vt -2.871277 5.441221
vn 0.923880 -0.289190 0.250631
vn 0.923880 -0.289190 0.250631
vn 0.923880 -0.289190 0.250631
vn 0.923880 -0.289190 0.250631
f 1469/1469/1469 1470/1470/1470 1471/1471/1471
f 1469/1469/1469 1471/1471/1471 1472/1472/1472
v -5.390000 4.200000 1.000000
v -5.422218 4.258779 0.949058
v -5.422218 5.558779 2.449058
v -5.390000 5.500000 2.500000
vt -4.390000 4.200000
vt -4.473160 4.258779
vt -2.973160 5.558779
vt -2.890000 5.500000
vn 0.923880 0.289190 -0.250631
vn 0.923880 0.289190 -0.250631
vn 0.923880 0.289190 -0.250631
vn 0.923880 0.289190 -0.250631
f 1473/1473/1473 1474/1474/1474 1475/1475/1475
f 1473/1473/1473 1475/1475/1475 1476/1476/1476
v -5.422218 4.258779 0.949058
v -5.500000 4.283126 0.927958
v -5.500000 5.583126 2.427958
v -5.422218 5.558779 2.449058
vt -4.473160 4.258779
vt -4.572042 4.283126
vt -3.072042 5.583126
vt -2.973160 5.558779
vn 0.382683 0.698166 -0.605077
vn 0.382683 0.698166 -0.605077
vn 0.382683 0.698166 -0.605077
vn 0.382683 0.698166 -0.605077
f 1477/1477/1477 1478/1478/1478 1479/1479/1479
f 1477/1477/1477 1479/1479/1479 1480/1480/1480
v -5.500000 4.283126 0.927958
v -5.577782 4.258779 0.949058
v -5.577782 5.558779 2.449058
v -5.500000 5.583126 2.427958
vt -4.572042 4.283126
vt -4.628723 4.258779
vt -3.128723 5.558779
vt -3.072042 5.583126
vn -0.382683 0.698166 -0.605077
vn -0.382683 0.698166 -0.605077
vn -0.382683 0.698166 -0.605077
vn -0.382683 0.698166 -0.605077
f 1481/1481/1481 1482/1482/1482 1483/1483/1483
f 1481/1481/1481 1483/1483/1483 1484/1484/1484
v -5.577782 4.258779 0.949058
v -5.610000 4.200000 1.000000
v -5.610000 5.500000 2.500000
v -5.577782 5.558779 2.449058
vt -4.628723 4.258779
vt -4.610000 4.200000
vt -3.110000 5.500000
vt -3.128723 5.558779
vn -0.923880 0.289190 -0.250631
vn -0.923880 0.289190 -0.250631
vn -0.923880 0.289190 -0.250631
vn -0.923880 0.289190 -0.250631
f 1485/1485/1485 1486/1486/1486 1487/1487/1487
f 1485/1485/1485 1487/1487/1487 1488/1488/1488
v 5.440000 0.000000 6.710000
v 5.440000 5.650000 6.710000
v 5.560000 5.650000 6.710000
v 5.560000 0.000000 6.710000
vt 12.150000 0.000000
vt 12.150000 5.650000
vt 12.270000 5.650000
vt 12.270000 0.000000
vn 0.000000 0.000000 -1.000000
vn 0.000000 0.000000 -1.000000
vn 0.000000 0.000000 -1.000000
vn 0.000000 0.000000 -1.000000
f 1489/1489/1489 1490/1490/1490 1491/1491/1491
f 1489/1489/1489 1491/1491/1491 1492/1492/1492
v 5.440000 0.000000 7.090000
v 5.560000 0.000000 7.090000
v 5.560000 5.650000 7.090000
v 5.440000 5.650000 7.090000
vt 12.530000 0.000000
vt 12.650000 0.000000
vt 12.650000 5.650000
vt 12.530000 5.650000
vn 0.000000 0.000000 1.000000
vn 0.000000 0.000000 1.000000
vn 0.000000 0.000000 1.000000
vn 0.000000 0.000000 1.000000
f 1493/1493/1493 1494/1494/1494 1495/1495/1495
f 1493/1493/1493 1495/1495/1495 1496/1496/1496
v 5.440000 0.000000 6.710000
v 5.440000 0.000000 7.090000
v 5.440000 5.650000 7.090000
v 5.440000 5.650000 6.710000
vt 12.150000 0.000000
vt 12.530000 0.000000
vt 12.530000 5.650000
vt 12.150000 5.650000
vn -1.000000 0.000000 0.000000
vn -1.000000 0.000000 0.000000
vn -1.000000 0.000000 0.000000
vn -1.000000 0.000000 0.000000
f 1497/1497/1497 1498/1498/1498 1499/1499/1499
f 1497/1497/1497 1499/1499/1499 1500/1500/1500
v 5.560000 0.000000 6.710000
v 5.560000 5.650000 6.710000
v 5.560000 5.650000 7.090000
v 5.560000 0.000000 7.090000
vt 12.270000 0.000000
vt 12.270000 5.650000
vt 12.650000 5.650000
vt 12.650000 0.000000
vn 1.000000 0.000000 0.000000
vn 1.000000 0.000000 0.000000
vn 1.000000 0.000000 0.000000
vn 1.000000 0.000000 0.000000
f 1501/1501/1501 1502/1502/1502 1503/1503/1503
f 1501/1501/1501 1503/1503/1503 1504/1504/1504
v 5.440000 0.000000 6.710000
v 5.560000 0.000000 6.710000
v 5.560000 0.000000 7.090000
v 5.440000 0.000000 7.090000
vt 12.150000 0.000000
vt 12.270000 0.000000
vt 12.650000 0.000000
vt 12.530000 0.000000
vn 0.000000 -1.000000 0.000000
vn 0.000000 -1.000000 0.000000
vn 0.000000 -1.000000 0.000000
vn 0.000000 -1.000000 0.000000
f 1505/1505/1505 1506/1506/1506 1507/1507/1507
f 1505/1505/1505 1507/1507/1507 1508/1508/1508
v 5.440000 5.650000 6.710000
v 5.440000 5.650000 7.090000
v 5.560000 5.650000 7.090000
v 5.560000 5.650000 6.710000
vt 12.150000 5.650000
vt 12.530000 5.650000
vt 12.650000 5.650000
vt 12.270000 5.650000
vn 0.000000 1.000000 0.000000
vn 0.000000 1.000000 0.000000
vn 0.000000 1.000000 0.000000
vn 0.000000 1.000000 0.000000
f 1509/1509/1509 1510/1510/1510 1511/1511/1511
f 1509/1509/1509 1511/1511/1511 1512/1512/1512
v 5.290000 0.000000 6.645000
v 5.290000 5.650000 6.645000
v 5.710000 5.650000 6.645000
v 5.710000 0.000000 6.645000
vt 11.935000 0.000000
vt 11.935000 5.650000
vt 12.355000 5.650000
vt 12.355000 0.000000
vn 0.000000 0.000000 -1.000000
vn 0.000000 0.000000 -1.000000
vn 0.000000 0.000000 -1.000000
vn 0.000000 0.000000 -1.000000
f 1513/1513/1513 1514/1514/1514 1515/1515/1515
f 1513/1513/1513 1515/1515/1515 1516/1516/1516
v 5.290000 0.000000 6.715000
v 5.710000 0.000000 6.715000
v 5.710000 5.650000 6.715000
v 5.290000 5.650000 6.715000
vt 12.005000 0.000000
vt 12.425000 0.000000
vt 12.425000 5.650000
vt 12.005000 5.650000
vn 0.000000 0.000000 1.000000
vn 0.000000 0.000000 1.000000
vn 0.000000 0.000000 1.000000
vn 0.000000 0.000000 1.000000
f 1517/1517/1517 1518/1518/1518 1519/1519/1519
f 1517/1517/1517 1519/1519/1519 1520/1520/1520
v 5.290000 0.000000 6.645000
v 5.290000 0.000000 6.715000
v 5.290000 5.650000 6.715000
v 5.290000 5.650000 6.645000
vt 11.935000 0.000000
vt 12.005000 0.000000
vt 12.005000 5.650000
vt 11.935000 5.650000
vn -1.000000 0.000000 0.000000
vn -1.000000 0.000000 0.000000
vn -1.000000 0.000000 0.000000
vn -1.000000 0.000000 0.000000
f 1521/1521/1521 1522/1522/1522 1523/1523/1523
f 1521/1521/1521 1523/1523/1523 1524/1524/1524
v 5.710000 0.000000 6.645000
v 5.710000 5.650000 6.645000
v 5.710000 5.650000 6.715000
v 5.710000 0.000000 6.715000
vt 12.355000 0.000000
vt 12.355000 5.650000
vt 12.425000 5.650000
vt 12.425000 0.000000
vn 1.000000 0.000000 0.000000
vn 1.000000 0.000000 0.000000
vn 1.000000 0.000000 0.000000
vn 1.000000 0.000000 0.000000
f 1525/1525/1525 1526/1526/1526 1527/1527/1527
f 1525/1525/1525 1527/1527/1527 1528/1528/1528
v 5.290000 0.000000 6.645000
v 5.710000 0.000000 6.645000
v 5.710000 0.000000 6.715000
v 5.290000 0.000000 6.715000
vt 11.935000 0.000000
vt 12.355000 0.000000
vt 12.425000 0.000000
vt 12.005000 0.000000
vn 0.000000 -1.000000 0.000000
vn 0.000000 -1.000000 0.000000
vn 0.000000 -1.000000 0.000000
vn 0.000000 -1.000000 0.000000
f 1529/1529/1529 1530/1530/1530 1531/1531/1531
f 1529/1529/1529 1531/1531/1531 1532/1532/1532
v 5.290000 5.650000 6.645000
v 5.290000 5.650000 6.715000
v 5.710000 5.650000 6.715000
v 5.710000 5.650000 6.645000
vt 11.935000 5.650000
vt 12.005000 5.650000
vt 12.425000 5.650000
vt 12.355000 5.650000
vn 0.000000 1.000000 0.000000
vn 0.000000 1.000000 0.000000
vn 0.000000 1.000000 0.000000
vn 0.000000 1.000000 0.000000
f 1533/1533/1533 1534/1534/1534 1535/1535/1535
f 1533/1533/1533 1535/1535/1535 1536/1536/1536
v 5.290000 0.000000 7.085000
v 5.290000 5.650000 7.085000
v 5.710000 5.650000 7.085000
v 5.710000 0.000000 7.085000
vt 12.375000 0.000000
vt 12.375000 5.650000
vt 12.795000 5.650000
vt 12.795000 0.000000
vn 0.000000 0.000000 -1.000000
vn 0.000000 0.000000 -1.000000
vn 0.000000 0.000000 -1.000000
vn 0.000000 0.000000 -1.000000
f 1537/1537/1537 1538/1538/1538 1539/1539/1539
f 1537/1537/1537 1539/1539/1539 1540/1540/1540
v 5.290000 0.000000 7.155000
v 5.710000 0.000000 7.155000
v 5.710000 5.650000 7.155000
v 5.290000 5.650000 7.155000
vt 12.445000 0.000000
vt 12.865000 0.000000
vt 12.865000 5.650000
vt 12.445000 5.650000
vn 0.000000 0.000000 1.000000
vn 0.000000 0.000000 1.000000
vn 0.000000 0.000000 1.000000
vn 0.000000 0.000000 1.000000
f 1541/1541/1541 1542/1542/1542 1543/1543/1543
f 1541/1541/1541 1543/1543/1543 1544/1544/1544
v 5.290000 0.000000 7.085000
v 5.290000 0.000000 7.155000
v 5.290000 5.650000 7.155000
v 5.290000 5.650000 7.085000
vt 12.375000 0.000000
vt 12.445000 0.000000
vt 12.445000 5.650000
vt 12.375000 5.650000
vn -1.000000 0.000000 0.000000
vn -1.000000 0.000000 0.000000
vn -1.000000 0.000000 0.000000
vn -1.000000 0.000000 0.000000
f 1545/1545/1545 1546/1546/1546 1547/1547/1547
f 1545/1545/1545 1547/1547/1547 1548/1548/1548
v 5.710000 0.000000 7.085000
v 5.710000 5.650000 7.085000
v 5.710000 5.650000 7.155000
v 5.710000 0.000000 7.155000
vt 12.795000 0.000000
vt 12.795000 5.650000
vt 12.865000 5.650000
vt 12.865000 0.000000
vn 1.000000 0.000000 0.000000
vn 1.000000 0.000000 0.000000
vn 1.000000 0.000000 0.000000
vn 1.000000 0.000000 0.000000
f 1549/1549/1549 1550/1550/1550 1551/1551/1551
f 1549/1549/1549 1551/1551/1551 1552/1552/1552
v 5.290000 0.000000 7.085000
v 5.710000 0.000000 7.085000
v 5.710000 0.000000 7.155000
v 5.290000 0.000000 7.155000
vt 12.375000 0.000000
vt 12.795000 0.000000
vt 12.865000 0.000000
vt 12.445000 0.000000
vn 0.000000 -1.000000 0.000000
vn 0.000000 -1.000000 0.000000
vn 0.000000 -1.000000 0.000000
vn 0.000000 -1.000000 0.000000
f 1553/1553/1553 1554/1554/1554 1555/1555/1555
f 1553/1553/1553 1555/1555/1555 1556/1556/1556
v 5.290000 5.650000 7.085000
v 5.290000 5.650000 7.155000
v 5.710000 5.650000 7.155000
v 5.710000 5.650000 7.085000
vt 12.375000 5.650000
vt 12.445000 5.650000
vt 12.865000 5.650000
vt 12.795000 5.650000
vn 0.000000 1.000000 0.000000
vn 0.000000 1.000000 0.000000
vn 0.000000 1.000000 0.000000
vn 0.000000 1.000000 0.000000
f 1557/1557/1557 1558/1558/1558 1559/1559/1559
f 1557/1557/1557 1559/1559/1559 1560/1560/1560
v 5.440000 0.000000 0.810000
v 5.440000 5.650000 0.810000
v 5.560000 5.650000 0.810000
v 5.560000 0.000000 0.810000
vt 6.250000 0.000000
vt 6.250000 5.650000
vt 6.370000 5.650000
vt 6.370000 0.000000
vn 0.000000 0.000000 -1.000000
vn 0.000000 0.000000 -1.000000
vn 0.000000 0.000000 -1.000000
vn 0.000000 0.000000 -1.000000
f 1561/1561/1561 1562/1562/1562 1563/1563/1563
f 1561/1561/1561 1563/1563/1563 1564/1564/1564
v 5.440000 0.000000 1.190000
v 5.560000 0.000000 1.190000
v 5.560000 5.650000 1.190000
v 5.440000 5.650000 1.190000
vt 6.630000 0.000000
vt 6.750000 0.000000
vt 6.750000 5.650000
vt 6.630000 5.650000
vn 0.000000 0.000000 1.000000
vn 0.000000 0.000000 1.000000
vn 0.000000 0.000000 1.000000
vn 0.000000 0.000000 1.000000
f 1565/1565/1565 1566/1566/1566 1567/1567/1567
f 1565/1565/1565 1567/1567/1567 1568/1568/1568
v 5.440000 0.000000 0.810000
v 5.440000 0.000000 1.190000
v 5.440000 5.650000 1.190000
v 5.440000 5.650000 0.810000
vt 6.250000 0.000000
vt 6.630000 0.000000
vt 6.630000 5.650000
vt 6.250000 5.650000
vn -1.000000 0.000000 0.000000
vn -1.000000 0.000000 0.000000
vn -1.000000 0.000000 0.000000
vn -1.000000 0.000000 0.000000
f 1569/1569/1569 1570/1570/1570 1571/1571/1571
f 1569/1569/1569 1571/1571/1571 1572/1572/1572
v 5.560000 0.000000 0.810000
v 5.560000 5.650000 0.810000
v 5.560000 5.650000 1.190000
v 5.560000 0.000000 1.190000
vt 6.370000 0.000000
vt 6.370000 5.650000
vt 6.750000 5.650000
vt 6.750000 0.000000
vn 1.000000 0.000000 0.000000
vn 1.000000 0.000000 0.000000
vn 1.000000 0.000000 0.000000
vn 1.000000 0.000000 0.000000
f 1573/1573/1573 1574/1574/1574 1575/1575/1575
f 1573/1573/1573 1575/1575/1575 1576/1576/1576
v 5.440000 0.000000 0.810000
v 5.560000 0.000000 0.810000
v 5.560000 0.000000 1.190000
v 5.440000 0.000000 1.190000
vt 6.250000 0.000000
vt 6.370000 0.000000
vt 6.750000 0.000000
vt 6.630000 0.000000
vn 0.000000 -1.000000 0.000000
vn 0.000000 -1.000000 0.000000
vn 0.000000 -1.000000 0.000000
vn 0.000000 -1.000000 0.000000
f 1577/1577/1577 1578/1578/1578 1579/1579/1579
f 1577/1577/1577 1579/1579/1579 1580/1580/1580
v 5.440000 5.650000 0.810000
v 5.440000 5.650000 1.190000
v 5.560000 5.650000 1.190000
v 5.560000 5.650000 0.810000
vt 6.250000 5.650000
vt 6.630000 5.650000
vt 6.750000 5.650000
vt 6.370000 5.650000
vn 0.000000 1.000000 0.000000
vn 0.000000 1.000000 0.000000
vn 0.000000 1.000000 0.000000
vn 0.000000 1.000000 0.000000
f 1581/1581/1581 1582/1582/1582 1583/1583/1583
f 1581/1581/1581 1583/1583/1583 1584/1584/1584
v 5.290000 0.000000 0.745000
v 5.290000 5.650000 0.745000
v 5.710000 5.650000 0.745000
v 5.710000 0.000000 0.745000
vt 6.035000 0.000000
vt 6.035000 5.650000
vt 6.455000 5.650000
vt 6.455000 0.000000
vn 0.000000 0.000000 -1.000000
vn 0.000000 0.000000 -1.000000
vn 0.000000 0.000000 -1.000000
vn 0.000000 0.000000 -1.000000
f 1585/1585/1585 1586/1586/1586 1587/1587/1587
f 1585/1585/1585 1587/1587/1587 1588/1588/1588
v 5.290000 0.000000 0.815000
v 5.710000 0.000000 0.815000
v 5.710000 5.650000 0.815000
v 5.290000 5.650000 0.815000
vt 6.105000 0.000000
vt 6.525000 0.000000
vt 6.525000 5.650000
vt 6.105000 5.650000
vn 0.000000 0.000000 1.000000
vn 0.000000 0.000000 1.000000
vn 0.000000 0.000000 1.000000
vn 0.000000 0.000000 1.000000
f 1589/1589/1589 1590/1590/1590 1591/1591/1591
f 1589/1589/1589 1591/1591/1591 1592/1592/1592
v 5.290000 0.000000 0.745000
v 5.290000 0.000000 0.815000
v 5.290000 5.650000 0.815000
v 5.290000 5.650000 0.745000
vt 6.035000 0.000000
vt 6.105000 0.000000
vt 6.105000 5.650000
vt 6.035000 5.650000
vn -1.000000 0.000000 0.000000
vn -1.000000 0.000000 0.000000
vn -1.000000 0.000000 0.000000
vn -1.000000 0.000000 0.000000
f 1593/1593/1593 1594/1594/1594 1595/1595/1595
f 1593/1593/1593 1595/1595/1595 1596/1596/1596
v 5.710000 0.000000 0.745000
v 5.710000 5.650000 0.745000
v 5.710000 5.650000 0.815000
v 5.710000 0.000000 0.815000
vt 6.455000 0.000000
vt 6.455000 5.650000
vt 6.525000 5.650000
vt 6.525000 0.000000
vn 1.000000 0.000000 0.000000
vn 1.000000 0.000000 0.000000
vn 1.000000 0.000000 0.000000
vn 1.000000 0.000000 0.000000
f 1597/1597/1597 1598/1598/1598 1599/1599/1599
f 1597/1597/1597 1599/1599/1599 1600/1600/1600
v 5.290000 0.000000 0.745000
v 5.710000 0.000000 0.745000
v 5.710000 0.000000 0.815000
v 5.290000 0.000000 0.815000
vt 6.035000 0.000000
vt 6.455000 0.000000
vt 6.525000 0.000000
vt 6.105000 0.000000
vn 0.000000 -1.000000 0.000000
vn 0.000000 -1.000000 0.000000
vn 0.000000 -1.000000 0.000000
vn 0.000000 -1.000000 0.000000
f 1601/1601/1601 1602/1602/1602 1603/1603/1603
f 1601/1601/1601 1603/1603/1603 1604/1604/1604
v 5.290000 5.650000 0.745000
v 5.290000 5.650000 0.815000
v 5.710000 5.650000 0.815000
v 5.710000 5.650000 0.745000
vt 6.035000 5.650000
vt 6.105000 5.650000
vt 6.525000 5.650000
vt 6.455000 5.650000
vn 0.000000 1.000000 0.000000
vn 0.000000 1.000000 0.000000
vn 0.000000 1.000000 0.000000
vn 0.000000 1.000000 0.000000
f 1605/1605/1605 1606/1606/1606 1607/1607/1607
f 1605/1605/1605 1607/1607/1607 1608/1608/1608
v 5.290000 0.000000 1.185000
v 5.290000 5.650000 1.185000
v 5.710000 5.650000 1.185000
v 5.710000 0.000000 1.185000
vt 6.475000 0.000000
vt 6.475000 5.650000
vt 6.895000 5.650000
vt 6.895000 0.000000
vn 0.000000 0.000000 -1.000000
vn 0.000000 0.000000 -1.000000
vn 0.000000 0.000000 -1.000000
vn 0.000000 0.000000 -1.000000
f 1609/1609/1609 1610/1610/1610 1611/1611/1611
f 1609/1609/1609 1611/1611/1611 1612/1612/1612
v 5.290000 0.000000 1.255000
v 5.710000 0.000000 1.255000
v 5.710000 5.650000 1.255000
v 5.290000 5.650000 1.255000
vt 6.545000 0.000000
vt 6.965000 0.000000
vt 6.965000 5.650000
vt 6.545000 5.650000
vn 0.000000 0.000000 1.000000
vn 0.000000 0.000000 1.000000
vn 0.000000 0.000000 1.000000
vn 0.000000 0.000000 1.000000
f 1613/1613/1613 1614/1614/1614 1615/1615/1615
f 1613/1613/1613 1615/1615/1615 1616/1616/1616
v 5.290000 0.000000 1.185000
v 5.290000 0.000000 1.255000
v 5.290000 5.650000 1.255000
v 5.290000 5.650000 1.185000
vt 6.475000 0.000000
vt 6.545000 0.000000
vt 6.545000 5.650000
vt 6.475000 5.650000
vn -1.000000 0.000000 0.000000
vn -1.000000 0.000000 0.000000
vn -1.000000 0.000000 0.000000
vn -1.000000 0.000000 0.000000
f 1617/1617/1617 1618/1618/1618 1619/1619/1619
f 1617/1617/1617 1619/1619/1619 1620/1620/1620
v 5.710000 0.000000 1.185000
v 5.710000 5.650000 1.185000
v 5.710000 5.650000 1.255000
v 5.710000 0.000000 1.255000
vt 6.895000 0.000000
vt 6.895000 5.650000
vt 6.965000 5.650000
vt 6.965000 0.000000
vn 1.000000 0.000000 0.000000
vn 1.000000 0.000000 0.000000
vn 1.000000 0.000000 0.000000
vn 1.000000 0.000000 0.000000
f 1621/1621/1621 1622/1622/1622 1623/1623/1623
f 1621/1621/1621 1623/1623/1623 1624/1624/1624
v 5.290000 0.000000 1.185000
v 5.710000 0.000000 1.185000
v 5.710000 0.000000 1.255000
v 5.290000 0.000000 1.255000
vt 6.475000 0.000000
vt 6.895000 0.000000
vt 6.965000 0.000000
vt 6.545000 0.000000
vn 0.000000 -1.000000 0.000000
vn 0.000000 -1.000000 0.000000
vn 0.000000 -1.000000 0.000000
vn 0.000000 -1.000000 0.000000
f 1625/1625/1625 1626/1626/1626 1627/1627/1627
f 1625/1625/1625 1627/1627/1627 1628/1628/1628
v 5.290000 5.650000 1.185000
v 5.290000 5.650000 1.255000
v 5.710000 5.650000 1.255000
v 5.710000 5.650000 1.185000
vt 6.475000 5.650000
vt 6.545000 5.650000
vt 6.965000 5.650000
vt 6.895000 5.650000
vn 0.000000 1.000000 0.000000
vn 0.000000 1.000000 0.000000
vn 0.000000 1.000000 0.000000
vn 0.000000 1.000000 0.000000
f 1629/1629/1629 1630/1630/1630 1631/1631/1631
f 1629/1629/1629 1631/1631/1631 1632/1632/1632
v 5.422218 4.258779 0.949058
v 5.500000 4.283126 0.927958
v 5.577782 4.258779 0.949058
v 5.610000 4.200000 1.000000
v 5.577782 4.141221 1.050942
v 5.500000 4.116874 1.072042
v 5.422218 4.141221 1.050942
v 5.390000 4.200000 1.000000
vt 6.371277 4.258779
vt 6.427958 4.283126
vt 6.526840 4.258779
vt 6.610000 4.200000
vt 6.628723 4.141221
vt 6.572042 4.116874
vt 6.473160 4.141221
vt 6.390000 4.200000
vn 0.000000 -0.654931 -0.755689
vn 0.000000 -0.654931 -0.755689
vn 0.000000 -0.654931 -0.755689
vn 0.000000 -0.654931 -0.755689
vn 0.000000 -0.654931 -0.755689
vn 0.000000 -0.654931 -0.755689
vn 0.000000 -0.654931 -0.755689
vn 0.000000 -0.654931 -0.755689
f 1633/1633/1633 1634/1634/1634 1635/1635/1635
f 1633/1633/1633 1635/1635/1635 1636/1636/1636
f 1633/1633/1633 1636/1636/1636 1637/1637/1637
f 1633/1633/1633 1637/1637/1637 1638/1638/1638
f 1633/1633/1633 1638/1638/1638 1639/1639/1639
f 1633/1633/1633 1639/1639/1639 1640/1640/1640
v 5.390000 5.500000 2.500000
v 5.422218 5.441221 2.550942
v 5.500000 5.416874 2.572042
v 5.577782 5.441221 2.550942
v 5.610000 5.500000 2.500000
v 5.577782 5.558779 2.449058
v 5.500000 5.583126 2.427958
v 5.422218 5.558779 2.449058
vt 7.890000 5.500000
vt 7.973160 5.441221
vt 8.072042 5.416874
vt 8.128723 5.441221
vt 8.110000 5.500000
vt 8.026840 5.558779
vt 7.927958 5.583126
vt 7.871277 5.558779
vn 0.000000 0.654931 0.755689
vn 0.000000 0.654931 0.755689
vn 0.000000 0.654931 0.755689
vn 0.000000 0.654931 0.755689
vn 0.000000 0.654931 0.755689
vn 0.000000 0.654931 0.755689
vn 0.000000 0.654931 0.755689
vn 0.000000 0.654931 0.755689
f 1641/1641/1641 1642/1642/1642 1643/1643/1643
f 1641/1641/1641 1643/1643/1643 1644/1644/1644
f 1641/1641/1641 1644/1644/1644 1645/1645/1645
f 1641/1641/1641 1645/1645/1645 1646/1646/1646
f 1641/1641/1641 1646/1646/1646 1647/1647/1647
f 1641/1641/1641 1647/1647/1647 1648/1648/1648
v 5.390000 4.200000 1.000000
v 5.422218 4.141221 1.050942
v 5.422218 5.441221 2.550942
v 5.390000 5.500000 2.500000
vt 6.390000 4.200000
vt 6.473160 4.141221
vt 7.973160 5.441221
vt 7.890000 5.500000
vn -0.923880 -0.289190 0.250631
vn -0.923880 -0.289190 0.250631
vn -0.923880 -0.289190 0.250631
vn -0.923880 -0.289190 0.250631
f 1649/1649/1649 1650/1650/1650 1651/1651/1651
f 1649/1649/1649 1651/1651/1651 1652/1652/1652
v 5.422218 4.141221 1.050942
v 5.500000 4.116874 1.072042
v 5.500000 5.416874 2.572042
v 5.422218 5.441221 2.550942
vt 6.473160 4.141221
vt 6.572042 4.116874
vt 8.072042 5.416874
vt 7.973160 5.441221
vn -0.382683 -0.698166 0.605077
vn -0.382683 -0.698166 0.605077
vn -0.382683 -0.698166 0.605077
vn -0.382683 -0.698166 0.605077
f 1653/1653/1653 1654/1654/1654 1655/1655/1655
f 1653/1653/1653 1655/1655/1655 1656/1656/1656
v 5.500000 4.116874 1.072042
v 5.577782 4.141221 1.050942
v 5.577782 5.441221 2.550942
v 5.500000 5.416874 2.572042
vt 6.572042 4.116874
vt 6.628723 4.141221
vt 8.128723 5.441221
vt 8.072042 5.416874
vn 0.382683 -0.698166 0.605077
vn 0.382683 -0.698166 0.605077
vn 0.382683 -0.698166 0.605077
vn 0.382683 -0.698166 0.605077
f 1657/1657/1657 1658/1658/1658 1659/1659/1659
f 1657/1657/1657 1659/1659/1659 1660/1660/1660
v 5.577782 4.141221 1.050942
v 5.610000 4.200000 1.000000
v 5.610000 5.500000 2.500000
v 5.577782 5.441221 2.550942
vt 6.628723 4.141221
vt 6.610000 4.200000
vt 8.110000 5.500000
vt 8.128723 5.441221
vn 0.923880 -0.289190 0.250631
vn 0.923880 -0.289190 0.250631
vn 0.923880 -0.289190 0.250631
vn 0.923880 -0.289190 0.250631
f 1661/1661/1661 1662/1662/1662 1663/1663/1663
f 1661/1661/1661 1663/1663/1663 1664/1664/1664
v 5.610000 4.200000 1.000000
v 5.577782 4.258779 0.949058
v 5.577782 5.558779 2.449058
v 5.610000 5.500000 2.500000
vt 6.610000 4.200000
vt 6.526840 4.258779
vt 8.026840 5.558779
vt 8.110000 5.500000
vn 0.923880 0.289190 -0.250631
vn 0.923880 0.289190 -0.250631
vn 0.923880 0.289190 -0.250631
vn 0.923880 0.289190 -0.250631
f 1665/1665/1665 1666/1666/1666 1667/1667/1667
f 1665/1665/1665 1667/1667/1667 1668/1668/1668
v 5.577782 4.258779 0.949058
v 5.500000 4.283126 0.927958
v 5.500000 5.583126 2.427958
v 5.577782 5.558779 2.449058
vt 6.526840 4.258779
vt 6.427958 4.283126
vt 7.927958 5.583126
vt 8.026840 5.558779
vn 0.382683 0.698166 -0.605077
vn 0.382683 0.698166 -0.605077
vn 0.382683 0.698166 -0.605077
vn 0.382683 0.698166 -0.605077
f 1669/1669/1669 1670/1670/1670 1671/1671/1671
f 1669/1669/1669 1671/1671/1671 1672/1672/1672
v 5.500000 4.283126 0.927958
v 5.422218 4.258779 0.949058
v 5.422218 5.558779 2.449058
v 5.500000 5.583126 2.427958
vt 6.427958 4.283126
vt 6.371277 4.258779
vt 7.871277 5.558779
vt 7.927958 5.583126
vn -0.382683 0.698166 -0.605077
vn -0.382683 0.698166 -0.605077
vn -0.382683 0.698166 -0.605077
vn -0.382683 0.698166 -0.605077
f 1673/1673/1673 1674/1674/1674 1675/1675/1675
f 1673/1673/1673 1675/1675/1675 1676/1676/1676
v 5.422218 4.258779 0.949058
v 5.390000 4.200000 1.000000
v 5.390000 5.500000 2.500000
v 5.422218 5.558779 2.449058
vt 6.371277 4.258779
vt 6.390000 4.200000
vt 7.890000 5.500000
vt 7.871277 5.558779
vn -0.923880 0.289190 -0.250631
vn -0.923880 0.289190 -0.250631
vn -0.923880 0.289190 -0.250631
vn -0.923880 0.289190 -0.250631
f 1677/1677/1677 1678/1678/1678 1679/1679/1679
f 1677/1677/1677 1679/1679/1679 1680/1680/1680
v -5.800000 5.275000 0.890000
v -5.800000 5.525000 0.890000
v 5.800000 5.525000 0.890000
v 5.800000 5.275000 0.890000
vt -4.910000 5.275000
vt -4.910000 5.525000
vt 6.690000 5.525000
vt 6.690000 5.275000
vn 0.000000 0.000000 -1.000000
vn 0.000000 0.000000 -1.000000
vn 0.000000 0.000000 -1.000000
vn 0.000000 0.000000 -1.000000
f 1681/1681/1681 1682/1682/1682 1683/1683/1683
f 1681/1681/1681 1683/1683/1683 1684/1684/1684
v -5.800000 5.275000 1.110000
v 5.800000 5.275000 1.110000
v 5.800000 5.525000 1.110000
v -5.800000 5.525000 1.110000
vt -4.690000 5.275000
vt 6.910000 5.275000
vt 6.910000 5.525000
vt -4.690000 5.525000
vn 0.000000 0.000000 1.000000
vn 0.000000 0.000000 1.000000
vn 0.000000 0.000000 1.000000
vn 0.000000 0.000000 1.000000
f 1685/1685/1685 1686/1686/1686 1687/1687/1687
f 1685/1685/1685 1687/1687/1687 1688/1688/1688
v -5.800000 5.275000 0.890000
v -5.800000 5.275000 1.110000
v -5.800000 5.525000 1.110000
v -5.800000 5.525000 0.890000
vt -4.910000 5.275000
vt -4.690000 5.275000
vt -4.690000 5.525000
vt -4.910000 5.525000
vn -1.000000 0.000000 0.000000
vn -1.000000 0.000000 0.000000
vn -1.000000 0.000000 0.000000
vn -1.000000 0.000000 0.000000
f 1689/1689/1689 1690/1690/1690 1691/1691/1691
f 1689/1689/1689 1691/1691/1691 1692/1692/1692
v 5.800000 5.275000 0.890000
v 5.800000 5.525000 0.890000
v 5.800000 5.525000 1.110000
v 5.800000 5.275000 1.110000
vt 6.690000 5.275000
vt 6.690000 5.525000
vt 6.910000 5.525000
vt 6.910000 5.275000
vn 1.000000 0.000000 0.000000
vn 1.000000 0.000000 0.000000
vn 1.000000 0.000000 0.000000
vn 1.000000 0.000000 0.000000
f 1693/1693/1693 1694/1694/1694 1695/1695/1695
f 1693/1693/1693 1695/1695/1695 1696/1696/1696
v -5.800000 5.275000 0.890000
v 5.800000 5.275000 0.890000
v 5.800000 5.275000 1.110000
v -5.800000 5.275000 1.110000
vt -4.910000 5.275000
vt 6.690000 5.275000
vt 6.910000 5.275000
vt -4.690000 5.275000
vn 0.000000 -1.000000 0.000000
vn 0.000000 -1.000000 0.000000
vn 0.000000 -1.000000 0.000000
vn 0.000000 -1.000000 0.000000
f 1697/1697/1697 1698/1698/1698 1699/1699/1699
f 1697/1697/1697 1699/1699/1699 1700/1700/1700
v -5.800000 5.525000 0.890000
v -5.800000 5.525000 1.110000
v 5.800000 5.525000 1.110000
v 5.800000 5.525000 0.890000
vt -4.910000 5.525000
vt -4.690000 5.525000
vt 6.910000 5.525000
vt 6.690000 5.525000
vn 0.000000 1.000000 0.000000
vn 0.000000 1.000000 0.000000
vn 0.000000 1.000000 0.000000
vn 0.000000 1.000000 0.000000
f 1701/1701/1701 1702/1702/1702 1703/1703/1703
f 1701/1701/1701 1703/1703/1703 1704/1704/1704
v -0.890000 5.015000 0.780000
v -0.890000 5.265000 0.780000
v 0.890000 5.265000 0.780000
v 0.890000 5.015000 0.780000
vt -0.110000 5.015000
vt -0.110000 5.265000
vt 1.670000 5.265000
vt 1.670000 5.015000
vn 0.000000 0.000000 -1.000000
vn 0.000000 0.000000 -1.000000
vn 0.000000 0.000000 -1.000000
vn 0.000000 0.000000 -1.000000
f 1705/1705/1705 1706/1706/1706 1707/1707/1707
f 1705/1705/1705 1707/1707/1707 1708/1708/1708
v -0.890000 5.015000 1.220000
v 0.890000 5.015000 1.220000
v 0.890000 5.265000 1.220000
v -0.890000 5.265000 1.220000
vt 0.330000 5.015000
vt 2.110000 5.015000
vt 2.110000 5.265000
vt 0.330000 5.265000
vn 0.000000 0.000000 1.000000
vn 0.000000 0.000000 1.000000
vn 0.000000 0.000000 1.000000
vn 0.000000 0.000000 1.000000
f 1709/1709/1709 1710/1710/1710 1711/1711/1711
f 1709/1709/1709 1711/1711/1711 1712/1712/1712
v -0.890000 5.015000 0.780000
v -0.890000 5.015000 1.220000
v -0.890000 5.265000 1.220000
v -0.890000 5.265000 0.780000
vt -0.110000 5.015000
vt 0.330000 5.015000
vt 0.330000 5.265000
vt -0.110000 5.265000
vn -1.000000 0.000000 0.000000
vn -1.000000 0.000000 0.000000
vn -1.000000 0.000000 0.000000
vn -1.000000 0.000000 0.000000
f 1713/1713/1713 1714/1714/1714 1715/1715/1715
f 1713/1713/1713 1715/1715/1715 1716/1716/1716
v 0.890000 5.015000 0.780000
v 0.890000 5.265000 0.780000
v 0.890000 5.265000 1.220000
v 0.890000 5.015000 1.220000
vt 1.670000 5.015000
vt 1.670000 5.265000
vt 2.110000 5.265000
vt 2.110000 5.015000
vn 1.000000 0.000000 0.000000
vn 1.000000 0.000000 0.000000
vn 1.000000 0.000000 0.000000
vn 1.000000 0.000000 0.000000
f 1717/1717/1717 1718/1718/1718 1719/1719/1719
f 1717/1717/1717 1719/1719/1719 1720/1720/1720
v -0.890000 5.015000 0.780000
v 0.890000 5.015000 0.780000
v 0.890000 5.015000 1.220000
v -0.890000 5.015000 1.220000
vt -0.110000 5.015000
vt 1.670000 5.015000
vt 2.110000 5.015000
vt 0.330000 5.015000
vn 0.000000 -1.000000 0.000000
vn 0.000000 -1.000000 0.000000
vn 0.000000 -1.000000 0.000000
vn 0.000000 -1.000000 0.000000
f 1721/1721/1721 1722/1722/1722 1723/1723/1723
f 1721/1721/1721 1723/1723/1723 1724/1724/1724
v -0.890000 5.265000 0.780000
v -0.890000 5.265000 1.220000
v 0.890000 5.265000 1.220000
v 0.890000 5.265000 0.780000
vt -0.110000 5.265000
vt 0.330000 5.265000
vt 2.110000 5.265000
vt 1.670000 5.265000
vn 0.000000 1.000000 0.000000
vn 0.000000 1.000000 0.000000
vn 0.000000 1.000000 0.000000
vn 0.000000 1.000000 0.000000
f 1725/1725/1725 1726/1726/1726 1727/1727/1727
f 1725/1725/1725 1727/1727/1727 1728/1728/1728
v -5.800000 5.275000 2.890000
v -5.800000 5.525000 2.890000
v 5.800000 5.525000 2.890000
v 5.800000 5.275000 2.890000
vt -2.910000 5.275000
vt -2.910000 5.525000
vt 8.690000 5.525000
vt 8.690000 5.275000
vn 0.000000 0.000000 -1.000000
vn 0.000000 0.000000 -1.000000
vn 0.000000 0.000000 -1.000000
vn 0.000000 0.000000 -1.000000
f 1729/1729/1729 1730/1730/1730 1731/1731/1731
f 1729/1729/1729 1731/1731/1731 1732/1732/1732
v -5.800000 5.275000 3.110000
v 5.800000 5.275000 3.110000
v 5.800000 5.525000 3.110000
v -5.800000 5.525000 3.110000
vt -2.690000 5.275000
vt 8.910000 5.275000
vt 8.910000 5.525000
vt -2.690000 5.525000
vn 0.000000 0.000000 1.000000
vn 0.000000 0.000000 1.000000
vn 0.000000 0.000000 1.000000
vn 0.000000 0.000000 1.000000
f 1733/1733/1733 1734/1734/1734 1735/1735/1735
f 1733/1733/1733 1735/1735/1735 1736/1736/1736
v -5.800000 5.275000 2.890000
v -5.800000 5.275000 3.110000
v -5.800000 5.525000 3.110000
v -5.800000 5.525000 2.890000
vt -2.910000 5.275000
vt -2.690000 5.275000
vt -2.690000 5.525000
vt -2.910000 5.525000
vn -1.000000 0.000000 0.000000
vn -1.000000 0.000000 0.000000
vn -1.000000 0.000000 0.000000
vn -1.000000 0.000000 0.000000
f 1737/1737/1737 1738/1738/1738 1739/1739/1739
f 1737/1737/1737 1739/1739/1739 1740/1740/1740
v 5.800000 5.275000 2.890000
v 5.800000 5.525000 2.890000
v 5.800000 5.525000 3.110000
v 5.800000 5.275000 3.110000
vt 8.690000 5.275000
vt 8.690000 5.525000
vt 8.910000 5.525000
vt 8.910000 5.275000
vn 1.000000 0.000000 0.000000
vn 1.000000 0.000000 0.000000
vn 1.000000 0.000000 0.000000
vn 1.000000 0.000000 0.000000
f 1741/1741/1741 1742/1742/1742 1743/1743/1743
f 1741/1741/1741 1743/1743/1743 1744/1744/1744
v -5.800000 5.275000 2.890000
v 5.800000 5.275000 2.890000
v 5.800000 5.275000 3.110000
v -5.800000 5.275000 3.110000
vt -2.910000 5.275000
vt 8.690000 5.275000
vt 8.910000 5.275000
vt -2.690000 5.275000
vn 0.000000 -1.000000 0.000000
vn 0.000000 -1.000000 0.000000
vn 0.000000 -1.000000 0.000000
vn 0.000000 -1.000000 0.000000
f 1745/1745/1745 1746/1746/1746 1747/1747/1747
f 1745/1745/1745 1747/1747/1747 1748/1748/1748
v -5.800000 5.525000 2.890000
v -5.800000 5.525000 3.110000
v 5.800000 5.525000 3.110000
v 5.800000 5.525000 2.890000
vt -2.910000 5.525000
vt -2.690000 5.525000
vt 8.910000 5.525000
vt 8.690000 5.525000
vn 0.000000 1.000000 0.000000
vn 0.000000 1.000000 0.000000
vn 0.000000 1.000000 0.000000
vn 0.000000 1.000000 0.000000
f 1749/1749/1749 1750/1750/1750 1751/1751/1751
f 1749/1749/1749 1751/1751/1751 1752/1752/1752
v -0.890000 5.015000 2.780000
v -0.890000 5.265000 2.780000
v 0.890000 5.265000 2.780000
v 0.890000 5.015000 2.780000
vt 1.890000 5.015000
vt 1.890000 5.265000
vt 3.670000 5.265000
vt 3.670000 5.015000
vn 0.000000 0.000000 -1.000000
vn 0.000000 0.000000 -1.000000
vn 0.000000 0.000000 -1.000000
vn 0.000000 0.000000 -1.000000
f 1753/1753/1753 1754/1754/1754 1755/1755/1755
f 1753/1753/1753 1755/1755/1755 1756/1756/1756
v -0.890000 5.015000 3.220000
v 0.890000 5.015000 3.220000
v 0.890000 5.265000 3.220000
v -0.890000 5.265000 3.220000
vt 2.330000 5.015000
vt 4.110000 5.015000
vt 4.110000 5.265000
vt 2.330000 5.265000
vn 0.000000 0.000000 1.000000
vn 0.000000 0.000000 1.000000
vn 0.000000 0.000000 1.000000
vn 0.000000 0.000000 1.000000
f 1757/1757/1757 1758/1758/1758 1759/1759/1759
f 1757/1757/1757 1759/1759/1759 1760/1760/1760
v -0.890000 5.015000 2.780000
v -0.890000 5.015000 3.220000
v -0.890000 5.265000 3.220000
v -0.890000 5.265000 2.780000
vt 1.890000 5.015000
vt 2.330000 5.015000
vt 2.330000 5.265000
vt 1.890000 5.265000
vn -1.000000 0.000000 0.000000
vn -1.000000 0.000000 0.000000
vn -1.000000 0.000000 0.000000
vn -1.000000 0.000000 0.000000
f 1761/1761/1761 1762/1762/1762 1763/1763/1763
f 1761/1761/1761 1763/1763/1763 1764/1764/1764
v 0.890000 5.015000 2.780000
v 0.890000 5.265000 2.780000
v 0.890000 5.265000 3.220000
v 0.890000 5.015000 3.220000
vt 3.670000 5.015000
vt 3.670000 5.265000
vt 4.110000 5.265000
vt 4.110000 5.015000
vn 1.000000 0.000000 0.000000
vn 1.000000 0.000000 0.000000
vn 1.000000 0.000000 0.000000
vn 1.000000 0.000000 0.000000
f 1765/1765/1765 1766/1766/1766 1767/1767/1767
f 1765/1765/1765 1767/1767/1767 1768/1768/1768
v -0.890000 5.015000 2.780000
v 0.890000 5.015000 2.780000
v 0.890000 5.015000 3.220000
v -0.890000 5.015000 3.220000
vt 1.890000 5.015000
vt 3.670000 5.015000
vt 4.110000 5.015000
vt 2.330000 5.015000
vn 0.000000 -1.000000 0.000000
vn 0.000000 -1.000000 0.000000
vn 0.000000 -1.000000 0.000000
vn 0.000000 -1.000000 0.000000
f 1769/1769/1769 1770/1770/1770 1771/1771/1771
f 1769/1769/1769 1771/1771/1771 1772/1772/1772
v -0.890000 5.265000 2.780000
v -0.890000 5.265000 3.220000
v 0.890000 5.265000 3.220000
v 0.890000 5.265000 2.780000
vt 1.890000 5.265000
vt 2.330000 5.265000
vt 4.110000 5.265000
vt 3.670000 5.265000
vn 0.000000 1.000000 0.000000
vn 0.000000 1.000000 0.000000
vn 0.000000 1.000000 0.000000
vn 0.000000 1.000000 0.000000
f 1773/1773/1773 1774/1774/1774 1775/1775/1775
f 1773/1773/1773 1775/1775/1775 1776/1776/1776
v -5.800000 5.275000 4.890000
v -5.800000 5.525000 4.890000
v 5.800000 5.525000 4.890000
v 5.800000 5.275000 4.890000
vt -0.910000 5.275000
vt -0.910000 5.525000
vt 10.690000 5.525000
vt 10.690000 5.275000
vn 0.000000 0.000000 -1.000000
vn 0.000000 0.000000 -1.000000
vn 0.000000 0.000000 -1.000000
vn 0.000000 0.000000 -1.000000
f 1777/1777/1777 1778/1778/1778 1779/1779/1779
f 1777/1777/1777 1779/1779/1779 1780/1780/1780
v -5.800000 5.275000 5.110000
v 5.800000 5.275000 5.110000
v 5.800000 5.525000 5.110000
v -5.800000 5.525000 5.110000
vt -0.690000 5.275000
vt 10.910000 5.275000
vt 10.910000 5.525000
vt -0.690000 5.525000
vn 0.000000 0.000000 1.000000
vn 0.000000 0.000000 1.000000
vn 0.000000 0.000000 1.000000
vn 0.000000 0.000000 1.000000
f 1781/1781/1781 1782/1782/1782 1783/1783/1783
f 1781/1781/1781 1783/1783/1783 1784/1784/1784
v -5.800000 5.275000 4.890000
v -5.800000 5.275000 5.110000
v -5.800000 5.525000 5.110000
v -5.800000 5.525000 4.890000
vt -0.910000 5.275000
vt -0.690000 5.275000
vt -0.690000 5.525000
vt -0.910000 5.525000
vn -1.000000 0.000000 0.000000
vn -1.000000 0.000000 0.000000
vn -1.000000 0.000000 0.000000
vn -1.000000 0.000000 0.000000
f 1785/1785/1785 1786/1786/1786 1787/1787/1787
f 1785/1785/1785 1787/1787/1787 1788/1788/1788
v 5.800000 5.275000 4.890000
v 5.800000 5.525000 4.890000
v 5.800000 5.525000 5.110000
v 5.800000 5.275000 5.110000
vt 10.690000 5.275000
vt 10.690000 5.525000
vt 10.910000 5.525000
vt 10.910000 5.275000
vn 1.000000 0.000000 0.000000
vn 1.000000 0.000000 0.000000
vn 1.000000 0.000000 0.000000
vn 1.000000 0.000000 0.000000
f 1789/1789/1789 1790/1790/1790 1791/1791/1791
f 1789/1789/1789 1791/1791/1791 1792/1792/1792
v -5.800000 5.275000 4.890000
v 5.800000 5.275000 4.890000
v 5.800000 5.275000 5.110000
v -5.800000 5.275000 5.110000
vt -0.910000 5.275000
vt 10.690000 5.275000
vt 10.910000 5.275000
vt -0.690000 5.275000
vn 0.000000 -1.000000 0.000000
vn 0.000000 -1.000000 0.000000
vn 0.000000 -1.000000 0.000000
vn 0.000000 -1.000000 0.000000
f 1793/1793/1793 1794/1794/1794 1795/1795/1795
f 1793/1793/1793 1795/1795/1795 1796/1796/1796
v -5.800000 5.525000 4.890000
v -5.800000 5.525000 5.110000
v 5.800000 5.525000 5.110000
v 5.800000 5.525000 4.890000
vt -0.910000 5.525000
vt -0.690000 5.525000
vt 10.910000 5.525000
vt 10.690000 5.525000
vn 0.000000 1.000000 0.000000
vn 0.000000 1.000000 0.000000
vn 0.000000 1.000000 0.000000
vn 0.000000 1.000000 0.000000
f 1797/1797/1797 1798/1798/1798 1799/1799/1799
f 1797/1797/1797 1799/1799/1799 1800/1800/1800
v -0.890000 5.015000 4.780000
v -0.890000 5.265000 4.780000
v 0.890000 5.265000 4.780000
v 0.890000 5.015000 4.780000
vt 3.890000 5.015000
vt 3.890000 5.265000
vt 5.670000 5.265000
vt 5.670000 5.015000
vn 0.000000 0.000000 -1.000000
vn 0.000000 0.000000 -1.000000
vn 0.000000 0.000000 -1.000000
vn 0.000000 0.000000 -1.000000
f 1801/1801/1801 1802/1802/1802 1803/1803/1803
f 1801/1801/1801 1803/1803/1803 1804/1804/1804
v -0.890000 5.015000 5.220000
v 0.890000 5.015000 5.220000
v 0.890000 5.265000 5.220000
v -0.890000 5.265000 5.220000
vt 4.330000 5.015000
vt 6.110000 5.015000
vt 6.110000 5.265000
vt 4.330000 5.265000
vn 0.000000 0.000000 1.000000
vn 0.000000 0.000000 1.000000
vn 0.000000 0.000000 1.000000
vn 0.000000 0.000000 1.000000
f 1805/1805/1805 1806/1806/1806 1807/1807/1807
f 1805/1805/1805 1807/1807/1807 1808/1808/1808
v -0.890000 5.015000 4.780000
v -0.890000 5.015000 5.220000
v -0.890000 5.265000 5.220000
v -0.890000 5.265000 4.780000
vt 3.890000 5.015000
vt 4.330000 5.015000
vt 4.330000 5.265000
vt 3.890000 5.265000
vn -1.000000 0.000000 0.000000
vn -1.000000 0.000000 0.000000
vn -1.000000 0.000000 0.000000
vn -1.000000 0.000000 0.000000
f 1809/1809/1809 1810/1810/1810 1811/1811/1811
f 1809/1809/1809 1811/1811/1811 1812/1812/1812
v 0.890000 5.015000 4.780000
v 0.890000 5.265000 4.780000
v 0.890000 5.265000 5.220000
v 0.890000 5.015000 5.220000
vt 5.670000 5.015000
vt 5.670000 5.265000
vt 6.110000 5.265000
vt 6.110000 5.015000
vn 1.000000 0.000000 0.000000
vn 1.000000 0.000000 0.000000
vn 1.000000 0.000000 0.000000
vn 1.000000 0.000000 0.000000
f 1813/1813/1813 1814/1814/1814 1815/1815/1815
f 1813/1813/1813 1815/1815/1815 1816/1816/1816
v -0.890000 5.015000 4.780000
v 0.890000 5.015000 4.780000
v 0.890000 5.015000 5.220000
v -0.890000 5.015000 5.220000
vt 3.890000 5.015000
vt 5.670000 5.015000
vt 6.110000 5.015000
vt 4.330000 5.015000
vn 0.000000 -1.000000 0.000000
vn 0.000000 -1.000000 0.000000
vn 0.000000 -1.000000 0.000000
vn 0.000000 -1.000000 0.000000
f 1817/1817/1817 1818/1818/1818 1819/1819/1819
f 1817/1817/1817 1819/1819/1819 1820/1820/1820
v -0.890000 5.265000 4.780000
v -0.890000 5.265000 5.220000
v 0.890000 5.265000 5.220000
v 0.890000 5.265000 4.780000
vt 3.890000 5.265000
vt 4.330000 5.265000
vt 6.110000 5.265000
vt 5.670000 5.265000
vn 0.000000 1.000000 0.000000
vn 0.000000 1.000000 0.000000
vn 0.000000 1.000000 0.000000
vn 0.000000 1.000000 0.000000
f 1821/1821/1821 1822/1822/1822 1823/1823/1823
f 1821/1821/1821 1823/1823/1823 1824/1824/1824
v -5.800000 5.275000 6.890000
v -5.800000 5.525000 6.890000
v 5.800000 5.525000 6.890000
v 5.800000 5.275000 6.890000
vt 1.090000 5.275000
vt 1.090000 5.525000
vt 12.690000 5.525000
vt 12.690000 5.275000
vn 0.000000 0.000000 -1.000000
vn 0.000000 0.000000 -1.000000
vn 0.000000 0.000000 -1.000000
vn 0.000000 0.000000 -1.000000
f 1825/1825/1825 1826/1826/1826 1827/1827/1827
f 1825/1825/1825 1827/1827/1827 1828/1828/1828
v -5.800000 5.275000 7.110000
v 5.800000 5.275000 7.110000
v 5.800000 5.525000 7.110000
v -5.800000 5.525000 7.110000
vt 1.310000 5.275000
vt 12.910000 5.275000
vt 12.910000 5.525000
vt 1.310000 5.525000
vn 0.000000 0.000000 1.000000
vn 0.000000 0.000000 1.000000
vn 0.000000 0.000000 1.000000
vn 0.000000 0.000000 1.000000
f 1829/1829/1829 1830/1830/1830 1831/1831/1831
f 1829/1829/1829 1831/1831/1831 1832/1832/1832
v -5.800000 5.275000 6.890000
v -5.800000 5.275000 7.110000
v -5.800000 5.525000 7.110000
v -5.800000 5.525000 6.890000
vt 1.090000 5.275000
vt 1.310000 5.275000
vt 1.310000 5.525000
vt 1.090000 5.525000
vn -1.000000 0.000000 0.000000
vn -1.000000 0.000000 0.000000
vn -1.000000 0.000000 0.000000
vn -1.000000 0.000000 0.000000
f 1833/1833/1833 1834/1834/1834 1835/1835/1835
f 1833/1833/1833 1835/1835/1835 1836/1836/1836
v 5.800000 5.275000 6.890000
v 5.800000 5.525000 6.890000
v 5.800000 5.525000 7.110000
v 5.800000 5.275000 7.110000
vt 12.690000 5.275000
vt 12.690000 5.525000
vt 12.910000 5.525000
vt 12.910000 5.275000
vn 1.000000 0.000000 0.000000
vn 1.000000 0.000000 0.000000
vn 1.000000 0.000000 0.000000
vn 1.000000 0.000000 0.000000
f 1837/1837/1837 1838/1838/1838 1839/1839/1839
f 1837/1837/1837 1839/1839/1839 1840/1840/1840
v -5.800000 5.275000 6.890000
v 5.800000 5.275000 6.890000
v 5.800000 5.275000 7.110000
v -5.800000 5.275000 7.110000
vt 1.090000 5.275000
vt 12.690000 5.275000
vt 12.910000 5.275000
vt 1.310000 5.275000
vn 0.000000 -1.000000 0.000000
vn 0.000000 -1.000000 0.000000
vn 0.000000 -1.000000 0.000000
vn 0.000000 -1.000000 0.000000
f 1841/1841/1841 1842/1842/1842 1843/1843/1843
f 1841/1841/1841 1843/1843/1843 1844/1844/1844
v -5.800000 5.525000 6.890000
v -5.800000 5.525000 7.110000
v 5.800000 5.525000 7.110000
v 5.800000 5.525000 6.890000
vt 1.090000 5.525000
vt 1.310000 5.525000
vt 12.910000 5.525000
vt 12.690000 5.525000
vn 0.000000 1.000000 0.000000
vn 0.000000 1.000000 0.000000
vn 0.000000 1.000000 0.000000
vn 0.000000 1.000000 0.000000
f 1845/1845/1845 1846/1846/1846 1847/1847/1847
f 1845/1845/1845 1847/1847/1847 1848/1848/1848
v -0.890000 5.015000 6.780000
v -0.890000 5.265000 6.780000
v 0.890000 5.265000 6.780000
v 0.890000 5.015000 6.780000
vt 5.890000 5.015000
vt 5.890000 5.265000
vt 7.670000 5.265000
vt 7.670000 5.015000
vn 0.000000 0.000000 -1.000000
vn 0.000000 0.000000 -1.000000
vn 0.000000 0.000000 -1.000000
vn 0.000000 0.000000 -1.000000
f 1849/1849/1849 1850/1850/1850 1851/1851/1851
f 1849/1849/1849 1851/1851/1851 1852/1852/1852
v -0.890000 5.015000 7.220000
v 0.890000 5.015000 7.220000
v 0.890000 5.265000 7.220000
v -0.890000 5.265000 7.220000
vt 6.330000 5.015000
vt 8.110000 5.015000
vt 8.110000 5.265000
vt 6.330000 5.265000
vn 0.000000 0.000000 1.000000
vn 0.000000 0.000000 1.000000
vn 0.000000 0.000000 1.000000
vn 0.000000 0.000000 1.000000
f 1853/1853/1853 1854/1854/1854 1855/1855/1855
f 1853/1853/1853 1855/1855/1855 1856/1856/1856
v -0.890000 5.015000 6.780000
v -0.890000 5.015000 7.220000
v -0.890000 5.265000 7.220000
v -0.890000 5.265000 6.780000
vt 5.890000 5.015000
vt 6.330000 5.015000
vt 6.330000 5.265000
vt 5.890000 5.265000
vn -1.000000 0.000000 0.000000
vn -1.000000 0.000000 0.000000
vn -1.000000 0.000000 0.000000
vn -1.000000 0.000000 0.000000
f 1857/1857/1857 1858/1858/1858 1859/1859/1859
f 1857/1857/1857 1859/1859/1859 1860/1860/1860
v 0.890000 5.015000 6.780000
v 0.890000 5.265000 6.780000
v 0.890000 5.265000 7.220000
v 0.890000 5.015000 7.220000
vt 7.670000 5.015000
vt 7.670000 5.265000
vt 8.110000 5.265000
vt 8.110000 5.015000
vn 1.000000 0.000000 0.000000
vn 1.000000 0.000000 0.000000
vn 1.000000 0.000000 0.000000
vn 1.000000 0.000000 0.000000
f 1861/1861/1861 1862/1862/1862 1863/1863/1863
f 1861/1861/1861 1863/1863/1863 1864/1864/1864
v -0.890000 5.015000 6.780000
v 0.890000 5.015000 6.780000
v 0.890000 5.015000 7.220000
v -0.890000 5.015000 7.220000
vt 5.890000 5.015000
vt 7.670000 5.015000
vt 8.110000 5.015000
vt 6.330000 5.015000
vn 0.000000 -1.000000 0.000000
vn 0.000000 -1.000000 0.000000
vn 0.000000 -1.000000 0.000000
vn 0.000000 -1.000000 0.000000
f 1865/1865/1865 1866/1866/1866 1867/1867/1867
f 1865/1865/1865 1867/1867/1867 1868/1868/1868
v -0.890000 5.265000 6.780000
v -0.890000 5.265000 7.220000
v 0.890000 5.265000 7.220000
v 0.890000 5.265000 6.780000
vt 5.890000 5.265000
vt 6.330000 5.265000
vt 8.110000 5.265000
vt 7.670000 5.265000
vn 0.000000 1.000000 0.000000
vn 0.000000 1.000000 0.000000
vn 0.000000 1.000000 0.000000
vn 0.000000 1.000000 0.000000
f 1869/1869/1869 1870/1870/1870 1871/1871/1871
f 1869/1869/1869 1871/1871/1871 1872/1872/1872
v -6.760000 0.000000 2.584308
v -6.584308 0.000000 2.760000
v -6.520000 0.000000 3.000000
v -6.584308 0.000000 3.240000
v -6.760000 0.000000 3.415692
v -7.000000 0.000000 3.480000
v -7.240000 0.000000 3.415692
v -7.415692 0.000000 3.240000
v -7.480000 0.000000 3.000000
v -7.415692 0.000000 2.760000
v -7.240000 0.000000 2.584308
v -7.000000 0.000000 2.520000
vt -4.175692 0.000000
vt -3.824308 0.000000
vt -3.520000 0.000000
vt -3.344308 0.000000
vt -3.344308 0.000000
vt -3.520000 0.000000
vt -3.824308 0.000000
vt -4.175692 0.000000
vt -4.480000 0.000000
vt -4.655692 0.000000
vt -4.655692 0.000000
vt -4.480000 0.000000
vn 0.000000 -1.000000 0.000000
vn 0.000000 -1.000000 0.000000
vn 0.000000 -1.000000 0.000000
vn 0.000000 -1.000000 0.000000
vn 0.000000 -1.000000 0.000000
vn 0.000000 -1.000000 0.000000
vn 0.000000 -1.000000 0.000000
vn 0.000000 -1.000000 0.000000
vn 0.000000 -1.000000 0.000000
vn 0.000000 -1.000000 0.000000
vn 0.000000 -1.000000 0.000000
vn 0.000000 -1.000000 0.000000
f 1873/1873/1873 1874/1874/1874 1875/1875/1875
f 1873/1873/1873 1875/1875/1875 1876/1876/1876
f 1873/1873/1873 1876/1876/1876 1877/1877/1877
f 1873/1873/1873 1877/1877/1877 1878/1878/1878
f 1873/1873/1873 1878/1878/1878 1879/1879/1879
f 1873/1873/1873 1879/1879/1879 1880/1880/1880
f 1873/1873/1873 1880/1880/1880 1881/1881/1881
f 1873/1873/1873 1881/1881/1881 1882/1882/1882
f 1873/1873/1873 1882/1882/1882 1883/1883/1883
f 1873/1873/1873 1883/1883/1883 1884/1884/1884
v -7.000000 1.400000 2.520000
v -7.240000 1.400000 2.584308
v -7.415692 1.400000 2.760000
v -7.480000 1.400000 3.000000
v -7.415692 1.400000 3.240000
v -7.240000 1.400000 3.415692
v -7.000000 1.400000 3.480000
v -6.760000 1.400000 3.415692
v -6.584308 1.400000 3.240000
v -6.520000 1.400000 3.000000
v -6.584308 1.400000 2.760000
v -6.760000 1.400000 2.584308
vt -4.480000 1.400000
vt -4.655692 1.400000
vt -4.655692 1.400000
vt -4.480000 1.400000
vt -4.175692 1.400000
vt -3.824308 1.400000
vt -3.520000 1.400000
vt -3.344308 1.400000
vt -3.344308 1.400000
vt -3.520000 1.400000
vt -3.824308 1.400000
vt -4.175692 1.400000
vn 0.000000 1.000000 0.000000
vn 0.000000 1.000000 0.000000
vn 0.000000 1.000000 0.000000
vn 0.000000 1.000000 0.000000
vn 0.000000 1.000000 0.000000
vn 0.000000 1.000000 0.000000
vn 0.000000 1.000000 0.000000
vn 0.000000 1.000000 0.000000
vn 0.000000 1.000000 0.000000
vn 0.000000 1.000000 0.000000
vn 0.000000 1.000000 0.000000
vn 0.000000 1.000000 0.000000
f 1885/1885/1885 1886/1886/1886 1887/1887/1887
f 1885/1885/1885 1887/1887/1887 1888/1888/1888
f 1885/1885/1885 1888/1888/1888 1889/1889/1889
f 1885/1885/1885 1889/1889/1889 1890/1890/1890
f 1885/1885/1885 1890/1890/1890 1891/1891/1891
f 1885/1885/1885 1891/1891/1891 1892/1892/1892
f 1885/1885/1885 1892/1892/1892 1893/1893/1893
f 1885/1885/1885 1893/1893/1893 1894/1894/1894
f 1885/1885/1885 1894/1894/1894 1895/1895/1895
f 1885/1885/1885 1895/1895/1895 1896/1896/1896
v -7.000000 0.000000 2.520000
v -7.240000 0.000000 2.584308
v -7.240000 1.400000 2.584308
v -7.000000 1.400000 2.520000
vt -4.480000 0.000000
vt -4.655692 0.000000
vt -4.655692 1.400000
vt -4.480000 1.400000
vn -0.258819 0.000000 -0.965926
vn -0.258819 0.000000 -0.965926
vn -0.258819 0.000000 -0.965926
vn -0.258819 0.000000 -0.965926
f 1897/1897/1897 1898/1898/1898 1899/1899/1899
f 1897/1897/1897 1899/1899/1899 1900/1900/1900
v -7.240000 0.000000 2.584308
v -7.415692 0.000000 2.760000
v -7.415692 1.400000 2.760000
v -7.240000 1.400000 2.584308
vt -4.655692 0.000000
vt -4.655692 0.000000
vt -4.655692 1.400000
vt -4.655692 1.400000
vn -0.707107 0.000000 -0.707107
vn -0.707107 0.000000 -0.707107
vn -0.707107 0.000000 -0.707107
vn -0.707107 0.000000 -0.707107
f 1901/1901/1901 1902/1902/1902 1903/1903/1903
f 1901/1901/1901 1903/1903/1903 1904/1904/1904
v -7.415692 0.000000 2.760000
v -7.480000 0.000000 3.000000
v -7.480000 1.400000 3.000000
v -7.415692 1.400000 2.760000
vt -4.655692 0.000000
vt -4.480000 0.000000
vt -4.480000 1.400000
vt -4.655692 1.400000
vn -0.965926 0.000000 -0.258819
vn -0.965926 0.000000 -0.258819
vn -0.965926 0.000000 -0.258819
vn -0.965926 0.000000 -0.258819
f 1905/1905/1905 1906/1906/1906 1907/1907/1907
f 1905/1905/1905 1907/1907/1907 1908/1908/1908
v -7.480000 0.000000 3.000000
v -7.415692 0.000000 3.240000
v -7.415692 1.400000 3.240000
v -7.480000 1.400000 3.000000
vt -4.480000 0.000000
vt -4.175692 0.000000
vt -4.175692 1.400000
vt -4.480000 1.400000
vn -0.965926 0.000000 0.258819
vn -0.965926 0.000000 0.258819
vn -0.965926 0.000000 0.258819
vn -0.965926 0.000000 0.258819
f 1909/1909/1909 1910/1910/1910 1911/1911/1911
f 1909/1909/1909 1911/1911/1911 1912/1912/1912
v -7.415692 0.000000 3.240000
v -7.240000 0.000000 3.415692
v -7.240000 1.400000 3.415692
v -7.415692 1.400000 3.240000
vt -4.175692 0.000000
vt -3.824308 0.000000
vt -3.824308 1.400000
vt -4.175692 1.400000
vn -0.707107 0.000000 0.707107
vn -0.707107 0.000000 0.707107
vn -0.707107 0.000000 0.707107
vn -0.707107 0.000000 0.707107
f 1913/1913/1913 1914/1914/1914 1915/1915/1915
f 1913/1913/1913 1915/1915/1915 1916/1916/1916
v -7.240000 0.000000 3.415692
v -7.000000 0.000000 3.480000
v -7.000000 1.400000 3.480000
v -7.240000 1.400000 3.415692
vt -3.824308 0.000000
vt -3.520000 0.000000
vt -3.520000 1.400000
vt -3.824308 1.400000
vn -0.258819 0.000000 0.965926
vn -0.258819 0.000000 0.965926
vn -0.258819 0.000000 0.965926
vn -0.258819 0.000000 0.965926
f 1917/1917/1917 1918/1918/1918 1919/1919/1919
f 1917/1917/1917 1919/1919/1919 1920/1920/1920
v -7.000000 0.000000 3.480000
v -6.760000 0.000000 3.415692
v -6.760000 1.400000 3.415692
v -7.000000 1.400000 3.480000
vt -3.520000 0.000000
vt -3.344308 0.000000
vt -3.344308 1.400000
vt -3.520000 1.400000
vn 0.258819 0.000000 0.965926
vn 0.258819 0.000000 0.965926
vn 0.258819 0.000000 0.965926
vn 0.258819 0.000000 0.965926
f 1921/1921/1921 1922/1922/1922 1923/1923/1923
f 1921/1921/1921 1923/1923/1923 1924/1924/1924
v -6.760000 0.000000 3.415692
v -6.584308 0.000000 3.240000
v -6.584308 1.400000 3.240000
v -6.760000 1.400000 3.415692
vt -3.344308 0.000000
vt -3.344308 0.000000
vt -3.344308 1.400000
vt -3.344308 1.400000
vn 0.707107 0.000000 0.707107
vn 0.707107 0.000000 0.707107
vn 0.707107 0.000000 0.707107
vn 0.707107 0.000000 0.707107
f 1925/1925/1925 1926/1926/1926 1927/1927/1927
f 1925/1925/1925 1927/1927/1927 1928/1928/1928
v -6.584308 0.000000 3.240000
v -6.520000 0.000000 3.000000
v -6.520000 1.400000 3.000000
v -6.584308 1.400000 3.240000
vt -3.344308 0.000000
vt -3.520000 0.000000
vt -3.520000 1.400000
vt -3.344308 1.400000
vn 0.965926 0.000000 0.258819
vn 0.965926 0.000000 0.258819
vn 0.965926 0.000000 0.258819
vn 0.965926 0.000000 0.258819
f 1929/1929/1929 1930/1930/1930 1931/1931/1931
f 1929/1929/1929 1931/1931/1931 1932/1932/1932
v -6.520000 0.000000 3.000000
v -6.584308 0.000000 2.760000
v -6.584308 1.400000 2.760000
v -6.520000 1.400000 3.000000
vt -3.520000 0.000000
vt -3.824308 0.000000
vt -3.824308 1.400000
vt -3.520000 1.400000
vn 0.965926 0.000000 -0.258819
vn 0.965926 0.000000 -0.258819
vn 0.965926 0.000000 -0.258819
vn 0.965926 0.000000 -0.258819
f 1933/1933/1933 1934/1934/1934 1935/1935/1935
f 1933/1933/1933 1935/1935/1935 1936/1936/1936
v -6.584308 0.000000 2.760000
v -6.760000 0.000000 2.584308
v -6.760000 1.400000 2.584308
v -6.584308 1.400000 2.760000
vt -3.824308 0.000000
vt -4.175692 0.000000
vt -4.175692 1.400000
vt -3.824308 1.400000
vn 0.707107 0.000000 -0.707107
vn 0.707107 0.000000 -0.707107
vn 0.707107 0.000000 -0.707107
vn 0.707107 0.000000 -0.707107
f 1937/1937/1937 1938/1938/1938 1939/1939/1939
f 1937/1937/1937 1939/1939/1939 1940/1940/1940
v -6.760000 0.000000 2.584308
v -7.000000 0.000000 2.520000
v -7.000000 1.400000 2.520000
v -6.760000 1.400000 2.584308
vt -4.175692 0.000000
vt -4.480000 0.000000
vt -4.480000 1.400000
vt -4.175692 1.400000
vn 0.258819 0.000000 -0.965926
vn 0.258819 0.000000 -0.965926
vn 0.258819 0.000000 -0.965926
vn 0.258819 0.000000 -0.965926
f 1941/1941/1941 1942/1942/1942 1943/1943/1943
f 1941/1941/1941 1943/1943/1943 1944/1944/1944
v -6.825000 1.650000 2.696891
v -6.696891 1.650000 2.825000
v -6.650000 1.650000 3.000000
v -6.696891 1.650000 3.175000
v -6.825000 1.650000 3.303109
v -7.000000 1.650000 3.350000
v -7.175000 1.650000 3.303109
v -7.303109 1.650000 3.175000
v -7.350000 1.650000 3.000000
v -7.303109 1.650000 2.825000
v -7.175000 1.650000 2.696891
v -7.000000 1.650000 2.650000
vt -4.128109 1.650000
vt -3.871891 1.650000
vt -3.650000 1.650000
vt -3.521891 1.650000
vt -3.521891 1.650000
vt -3.650000 1.650000
vt -3.871891 1.650000
vt -4.128109 1.650000
vt -4.350000 1.650000
vt -4.478109 1.650000
vt -4.478109 1.650000
vt -4.350000 1.650000
vn 0.000000 -1.000000 0.000000
vn 0.000000 -1.000000 0.000000
vn 0.000000 -1.000000 0.000000
vn 0.000000 -1.000000 0.000000
vn 0.000000 -1.000000 0.000000
vn 0.000000 -1.000000 0.000000
vn 0.000000 -1.000000 0.000000
vn 0.000000 -1.000000 0.000000
vn 0.000000 -1.000000 0.000000
vn 0.000000 -1.000000 0.000000
vn 0.000000 -1.000000 0.000000
vn 0.000000 -1.000000 0.000000
f 1945/1945/1945 1946/1946/1946 1947/1947/1947
f 1945/1945/1945 1947/1947/1947 1948/1948/1948
f 1945/1945/1945 1948/1948/1948 1949/1949/1949
f 1945/1945/1945 1949/1949/1949 1950/1950/1950
f 1945/1945/1945 1950/1950/1950 1951/1951/1951
f 1945/1945/1945 1951/1951/1951 1952/1952/1952
f 1945/1945/1945 1952/1952/1952 1953/1953/1953
f 1945/1945/1945 1953/1953/1953 1954/1954/1954
f 1945/1945/1945 1954/1954/1954 1955/1955/1955
f 1945/1945/1945 1955/1955/1955 1956/1956/1956
v -7.000000 1.950000 2.650000
v -7.175000 1.950000 2.696891
v -7.303109 1.950000 2.825000
v -7.350000 1.950000 3.000000
v -7.303109 1.950000 3.175000
v -7.175000 1.950000 3.303109
v -7.000000 1.950000 3.350000
v -6.825000 1.950000 3.303109
v -6.696891 1.950000 3.175000
v -6.650000 1.950000 3.000000
v -6.696891 1.950000 2.825000
v -6.825000 1.950000 2.696891
vt -4.350000 1.950000
vt -4.478109 1.950000
vt -4.478109 1.950000
vt -4.350000 1.950000
vt -4.128109 1.950000
vt -3.871891 1.950000
vt -3.650000 1.950000
vt -3.521891 1.950000
vt -3.521891 1.950000
vt -3.650000 1.950000
vt -3.871891 1.950000
vt -4.128109 1.950000
vn 0.000000 1.000000 0.000000
vn 0.000000 1.000000 0.000000
vn 0.000000 1.000000 0.000000
vn 0.000000 1.000000 0.000000
vn 0.000000 1.000000 0.000000
vn 0.000000 1.000000 0.000000
vn 0.000000 1.000000 0.000000
vn 0.000000 1.000000 0.000000
vn 0.000000 1.000000 0.000000
vn 0.000000 1.000000 0.000000
vn 0.000000 1.000000 0.000000
vn 0.000000 1.000000 0.000000
f 1957/1957/1957 1958/1958/1958 1959/1959/1959
f 1957/1957/1957 1959/1959/1959 1960/1960/1960
f 1957/1957/1957 1960/1960/1960 1961/1961/1961
f 1957/1957/1957 1961/1961/1961 1962/1962/1962
f 1957/1957/1957 1962/1962/1962 1963/1963/1963
f 1957/1957/1957 1963/1963/1963 1964/1964/1964
f 1957/1957/1957 1964/1964/1964 1965/1965/1965
f 1957/1957/1957 1965/1965/1965 1966/1966/1966
f 1957/1957/1957 1966/1966/1966 1967/1967/1967
f 1957/1957/1957 1967/1967/1967 1968/1968/1968
v -7.000000 1.650000 2.650000
v -7.175000 1.650000 2.696891
v -7.175000 1.950000 2.696891
v -7.000000 1.950000 2.650000
vt -4.350000 1.650000
vt -4.478109 1.650000
vt -4.478109 1.950000
vt -4.350000 1.950000
vn -0.258819 0.000000 -0.965926
vn -0.258819 0.000000 -0.965926
vn -0.258819 0.000000 -0.965926
vn -0.258819 0.000000 -0.965926
f 1969/1969/1969 1970/1970/1970 1971/1971/1971
f 1969/1969/1969 1971/1971/1971 1972/1972/1972
v -7.175000 1.650000 2.696891
v -7.303109 1.650000 2.825000
v -7.303109 1.950000 2.825000
v -7.175000 1.950000 2.696891
vt -4.478109 1.650000
vt -4.478109 1.650000
vt -4.478109 1.950000
vt -4.478109 1.950000
vn -0.707107 0.000000 -0.707107
vn -0.707107 0.000000 -0.707107
vn -0.707107 0.000000 -0.707107
vn -0.707107 0.000000 -0.707107
f 1973/1973/1973 1974/1974/1974 1975/1975/1975
f 1973/1973/1973 1975/1975/1975 1976/1976/1976
v -7.303109 1.650000 2.825000
v -7.350000 1.650000 3.000000
v -7.350000 1.950000 3.000000
v -7.303109 1.950000 2.825000
vt -4.478109 1.650000
vt -4.350000 1.650000
vt -4.350000 1.950000
vt -4.478109 1.950000
vn -0.965926 0.000000 -0.258819
vn -0.965926 0.000000 -0.258819
vn -0.965926 0.000000 -0.258819
vn -0.965926 0.000000 -0.258819
f 1977/1977/1977 1978/1978/1978 1979/1979/1979
f 1977/1977/1977 1979/1979/1979 1980/1980/1980
v -7.350000 1.650000 3.000000
v -7.303109 1.650000 3.175000
v -7.303109 1.950000 3.175000
v -7.350000 1.950000 3.000000
vt -4.350000 1.650000
vt -4.128109 1.650000
vt -4.128109 1.950000
vt -4.350000 1.950000
vn -0.965926 0.000000 0.258819
vn -0.965926 0.000000 0.258819
vn -0.965926 0.000000 0.258819
vn -0.965926 0.000000 0.258819
f 1981/1981/1981 1982/1982/1982 1983/1983/1983
f 1981/1981/1981 1983/1983/1983 1984/1984/1984
v -7.303109 1.650000 3.175000
v -7.175000 1.650000 3.303109
v -7.175000 1.950000 3.303109
v -7.303109 1.950000 3.175000
vt -4.128109 1.650000
vt -3.871891 1.650000
vt -3.871891 1.950000
vt -4.128109 1.950000
vn -0.707107 0.000000 0.707107
vn -0.707107 0.000000 0.707107
vn -0.707107 0.000000 0.707107
vn -0.707107 0.000000 0.707107
f 1985/1985/1985 1986/1986/1986 1987/1987/1987
f 1985/1985/1985 1987/1987/1987 1988/1988/1988
v -7.175000 1.650000 3.303109
v -7.000000 1.650000 3.350000
v -7.000000 1.950000 3.350000
v -7.175000 1.950000 3.303109
vt -3.871891 1.650000
vt -3.650000 1.650000
vt -3.650000 1.950000
vt -3.871891 1.950000
vn -0.258819 0.000000 0.965926
vn -0.258819 0.000000 0.965926
vn -0.258819 0.000000 0.965926
vn -0.258819 0.000000 0.965926
f 1989/1989/1989 1990/1990/1990 1991/1991/1991
f 1989/1989/1989 1991/1991/1991 1992/1992/1992
v -7.000000 1.650000 3.350000
v -6.825000 1.650000 3.303109
v -6.825000 1.950000 3.303109
v -7.000000 1.950000 3.350000
vt -3.650000 1.650000
vt -3.521891 1.650000
vt -3.521891 1.950000
vt -3.650000 1.950000
vn 0.258819 0.000000 0.965926
vn 0.258819 0.000000 0.965926
vn 0.258819 0.000000 0.965926
vn 0.258819 0.000000 0.965926
f 1993/1993/1993 1994/1994/1994 1995/1995/1995
f 1993/1993/1993 1995/1995/1995 1996/1996/1996
v -6.825000 1.650000 3.303109
v -6.696891 1.650000 3.175000
v -6.696891 1.950000 3.175000
v -6.825000 1.950000 3.303109
vt -3.521891 1.650000
vt -3.521891 1.650000
vt -3.521891 1.950000
vt -3.521891 1.950000
vn 0.707107 0.000000 0.707107
vn 0.707107 0.000000 0.707107
vn 0.707107 0.000000 0.707107
vn 0.707107 0.000000 0.707107
f 1997/1997/1997 1998/1998/1998 1999/1999/1999
f 1997/1997/1997 1999/1999/1999 2000/2000/2000
v -6.696891 1.650000 3.175000
v -6.650000 1.650000 3.000000
v -6.650000 1.950000 3.000000
v -6.696891 1.950000 3.175000
vt -3.521891 1.650000
vt -3.650000 1.650000
vt -3.650000 1.950000
vt -3.521891 1.950000
vn 0.965926 0.000000 0.258819
vn 0.965926 0.000000 0.258819
vn 0.965926 0.000000 0.258819
vn 0.965926 0.000000 0.258819
f 2001/2001/2001 2002/2002/2002 2003/2003/2003
f 2001/2001/2001 2003/2003/2003 2004/2004/2004
v -6.650000 1.650000 3.000000
v -6.696891 1.650000 2.825000
v -6.696891 1.950000 2.825000
v -6.650000 1.950000 3.000000
vt -3.650000 1.650000
vt -3.871891 1.650000
vt -3.871891 1.950000
vt -3.650000 1.950000
vn 0.965926 0.000000 -0.258819
vn 0.965926 0.000000 -0.258819
vn 0.965926 0.000000 -0.258819
vn 0.965926 0.000000 -0.258819
f 2005/2005/2005 2006/2006/2006 2007/2007/2007
f 2005/2005/2005 2007/2007/2007 2008/2008/2008
v -6.696891 1.650000 2.825000
v -6.825000 1.650000 2.696891
v -6.825000 1.950000 2.696891
v -6.696891 1.950000 2.825000
vt -3.871891 1.650000
vt -4.128109 1.650000
vt -4.128109 1.950000
vt -3.871891 1.950000
vn 0.707107 0.000000 -0.707107
vn 0.707107 0.000000 -0.707107
vn 0.707107 0.000000 -0.707107
vn 0.707107 0.000000 -0.707107
f 2009/2009/2009 2010/2010/2010 2011/2011/2011
f 2009/2009/2009 2011/2011/2011 2012/2012/2012
v -6.825000 1.650000 2.696891
v -7.000000 1.650000 2.650000
v -7.000000 1.950000 2.650000
v -6.825000 1.950000 2.696891
vt -4.128109 1.650000
vt -4.350000 1.650000
vt -4.350000 1.950000
vt -4.128109 1.950000
vn 0.258819 0.000000 -0.965926
vn 0.258819 0.000000 -0.965926
vn 0.258819 0.000000 -0.965926
vn 0.258819 0.000000 -0.965926
f 2013/2013/2013 2014/2014/2014 2015/2015/2015
f 2013/2013/2013 2015/2015/2015 2016/2016/2016
v 7.240000 0.000000 2.584308
v 7.415692 0.000000 2.760000
v 7.480000 0.000000 3.000000
v 7.415692 0.000000 3.240000
v 7.240000 0.000000 3.415692
v 7.000000 0.000000 3.480000
v 6.760000 0.000000 3.415692
v 6.584308 0.000000 3.240000
v 6.520000 0.000000 3.000000
v 6.584308 0.000000 2.760000
v 6.760000 0.000000 2.584308
v 7.000000 0.000000 2.520000
vt 9.824308 0.000000
vt 10.175692 0.000000
vt 10.480000 0.000000
vt 10.655692 0.000000
vt 10.655692 0.000000
vt 10.480000 0.000000
vt 10.175692 0.000000
vt 9.824308 0.000000
vt 9.520000 0.000000
vt 9.344308 0.000000
vt 9.344308 0.000000
vt 9.520000 0.000000
vn 0.000000 -1.000000 0.000000
vn 0.000000 -1.000000 0.000000
vn 0.000000 -1.000000 0.000000
vn 0.000000 -1.000000 0.000000
vn 0.000000 -1.000000 0.000000
vn 0.000000 -1.000000 0.000000
vn 0.000000 -1.000000 0.000000
vn 0.000000 -1.000000 0.000000
vn 0.000000 -1.000000 0.000000
vn 0.000000 -1.000000 0.000000
vn 0.000000 -1.000000 0.000000
vn 0.000000 -1.000000 0.000000
f 2017/2017/2017 2018/2018/2018 2019/2019/2019
f 2017/2017/2017 2019/2019/2019 2020/2020/2020
f 2017/2017/2017 2020/2020/2020 2021/2021/2021
f 2017/2017/2017 2021/2021/2021 2022/2022/2022
f 2017/2017/2017 2022/2022/2022 2023/2023/2023
f 2017/2017/2017 2023/2023/2023 2024/2024/2024
f 2017/2017/2017 2024/2024/2024 2025/2025/2025
f 2017/2017/2017 2025/2025/2025 2026/2026/2026
f 2017/2017/2017 2026/2026/2026 2027/2027/2027
f 2017/2017/2017 2027/2027/2027 2028/2028/2028
v 7.000000 1.400000 2.520000
v 6.760000 1.400000 2.584308
v 6.584308 1.400000 2.760000
v 6.520000 1.400000 3.000000
v 6.584308 1.400000 3.240000
v 6.760000 1.400000 3.415692
v 7.000000 1.400000 3.480000
v 7.240000 1.400000 3.415692
v 7.415692 1.400000 3.240000
v 7.480000 1.400000 3.000000
v 7.415692 1.400000 2.760000
v 7.240000 1.400000 2.584308
vt 9.520000 1.400000
vt 9.344308 1.400000
vt 9.344308 1.400000
vt 9.520000 1.400000
vt 9.824308 1.400000
vt 10.175692 1.400000
vt 10.480000 1.400000
vt 10.655692 1.400000
vt 10.655692 1.400000
vt 10.480000 1.400000
vt 10.175692 1.400000
vt 9.824308 1.400000
vn 0.000000 1.000000 0.000000
vn 0.000000 1.000000 0.000000
vn 0.000000 1.000000 0.000000
vn 0.000000 1.000000 0.000000
vn 0.000000 1.000000 0.000000
vn 0.000000 1.000000 0.000000
vn 0.000000 1.000000 0.000000
vn 0.000000 1.000000 0.000000
vn 0.000000 1.000000 0.000000
vn 0.000000 1.000000 0.000000
vn 0.000000 1.000000 0.000000
vn 0.000000 1.000000 0.000000
f 2029/2029/2029 2030/2030/2030 2031/2031/2031
f 2029/2029/2029 2031/2031/2031 2032/2032/2032
f 2029/2029/2029 2032/2032/2032 2033/2033/2033
f 2029/2029/2029 2033/2033/2033 2034/2034/2034
f 2029/2029/2029 2034/2034/2034 2035/2035/2035
f 2029/2029/2029 2035/2035/2035 2036/2036/2036
f 2029/2029/2029 2036/2036/2036 2037/2037/2037
f 2029/2029/2029 2037/2037/2037 2038/2038/2038
f 2029/2029/2029 2038/2038/2038 2039/2039/2039
f 2029/2029/2029 2039/2039/2039 2040/2040/2040
v 7.000000 0.000000 2.520000
v 6.760000 0.000000 2.584308
v 6.760000 1.400000 2.584308
v 7.000000 1.400000 2.520000
vt 9.520000 0.000000
vt 9.344308 0.000000
vt 9.344308 1.400000
vt 9.520000 1.400000
vn -0.258819 0.000000 -0.965926
vn -0.258819 0.000000 -0.965926
vn -0.258819 0.000000 -0.965926
vn -0.258819 0.000000 -0.965926
f 2041/2041/2041 2042/2042/2042 2043/2043/2043
f 2041/2041/2041 2043/2043/2043 2044/2044/2044
v 6.760000 0.000000 2.584308
v 6.584308 0.000000 2.760000
v 6.584308 1.400000 2.760000
v 6.760000 1.400000 2.584308
vt 9.344308 0.000000
vt 9.344308 0.000000
vt 9.344308 1.400000
vt 9.344308 1.400000
vn -0.707107 0.000000 -0.707107
vn -0.707107 0.000000 -0.707107
vn -0.707107 0.000000 -0.707107
vn -0.707107 0.000000 -0.707107
f 2045/2045/2045 2046/2046/2046 2047/2047/2047
f 2045/2045/2045 2047/2047/2047 2048/2048/2048
v 6.584308 0.000000 2.760000
v 6.520000 0.000000 3.000000
v 6.520000 1.400000 3.000000
v 6.584308 1.400000 2.760000
vt 9.344308 0.000000
vt 9.520000 0.000000
vt 9.520000 1.400000
vt 9.344308 1.400000
vn -0.965926 0.000000 -0.258819
vn -0.965926 0.000000 -0.258819
vn -0.965926 0.000000 -0.258819
vn -0.965926 0.000000 -0.258819
f 2049/2049/2049 2050/2050/2050 2051/2051/2051
f 2049/2049/2049 2051/2051/2051 2052/2052/2052
v 6.520000 0.000000 3.000000
v 6.584308 0.000000 3.240000
v 6.584308 1.400000 3.240000
v 6.520000 1.400000 3.000000
vt 9.520000 0.000000
vt 9.824308 0.000000
vt 9.824308 1.400000
vt 9.520000 1.400000
vn -0.965926 0.000000 0.258819
vn -0.965926 0.000000 0.258819
vn -0.965926 0.000000 0.258819
vn -0.965926 0.000000 0.258819
f 2053/2053/2053 2054/2054/2054 2055/2055/2055
f 2053/2053/2053 2055/2055/2055 2056/2056/2056
v 6.584308 0.000000 3.240000
v 6.760000 0.000000 3.415692
v 6.760000 1.400000 3.415692
v 6.584308 1.400000 3.240000
vt 9.824308 0.000000
vt 10.175692 0.000000
vt 10.175692 1.400000
vt 9.824308 1.400000
vn -0.707107 0.000000 0.707107
vn -0.707107 0.000000 0.707107
vn -0.707107 0.000000 0.707107
vn -0.707107 0.000000 0.707107
f 2057/2057/2057 2058/2058/2058 2059/2059/2059
f 2057/2057/2057 2059/2059/2059 2060/2060/2060
v 6.760000 0.000000 3.415692
v 7.000000 0.000000 3.480000
v 7.000000 1.400000 3.480000
v 6.760000 1.400000 3.415692
vt 10.175692 0.000000
vt 10.480000 0.000000
vt 10.480000 1.400000
vt 10.175692 1.400000
vn -0.258819 0.000000 0.965926
vn -0.258819 0.000000 0.965926
vn -0.258819 0.000000 0.965926
vn -0.258819 0.000000 0.965926
f 2061/2061/2061 2062/2062/2062 2063/2063/2063
f 2061/2061/2061 2063/2063/2063 2064/2064/2064
v 7.000000 0.000000 3.480000
v 7.240000 0.000000 3.415692
v 7.240000 1.400000 3.415692
v 7.000000 1.400000 3.480000
vt 10.480000 0.000000
vt 10.655692 0.000000
vt 10.655692 1.400000
vt 10.480000 1.400000
vn 0.258819 0.000000 0.965926
vn 0.258819 0.000000 0.965926
vn 0.258819 0.000000 0.965926
vn 0.258819 0.000000 0.965926
f 2065/2065/2065 2066/2066/2066 2067/2067/2067
f 2065/2065/2065 2067/2067/2067 2068/2068/2068
v 7.240000 0.000000 3.415692
v 7.415692 0.000000 3.240000
v 7.415692 1.400000 3.240000
v 7.240000 1.400000 3.415692
vt 10.655692 0.000000
vt 10.655692 0.000000
vt 10.655692 1.400000
vt 10.655692 1.400000
vn 0.707107 0.000000 0.707107
vn 0.707107 0.000000 0.707107
vn 0.707107 0.000000 0.707107
vn 0.707107 0.000000 0.707107
f 2069/2069/2069 2070/2070/2070 2071/2071/2071
f 2069/2069/2069 2071/2071/2071 2072/2072/2072
v 7.415692 0.000000 3.240000
v 7.480000 0.000000 3.000000
v 7.480000 1.400000 3.000000
v 7.415692 1.400000 3.240000
vt 10.655692 0.000000
vt 10.480000 0.000000
vt 10.480000 1.400000
vt 10.655692 1.400000
vn 0.965926 0.000000 0.258819
vn 0.965926 0.000000 0.258819
vn 0.965926 0.000000 0.258819
vn 0.965926 0.000000 0.258819
f 2073/2073/2073 2074/2074/2074 2075/2075/2075
f 2073/2073/2073 2075/2075/2075 2076/2076/2076
v 7.480000 0.000000 3.000000
v 7.415692 0.000000 2.760000
v 7.415692 1.400000 2.760000
v 7.480000 1.400000 3.000000
vt 10.480000 0.000000
vt 10.175692 0.000000
vt 10.175692 1.400000
vt 10.480000 1.400000
vn 0.965926 0.000000 -0.258819
vn 0.965926 0.000000 -0.258819
vn 0.965926 0.000000 -0.258819
vn 0.965926 0.000000 -0.258819
f 2077/2077/2077 2078/2078/2078 2079/2079/2079
f 2077/2077/2077 2079/2079/2079 2080/2080/2080
v 7.415692 0.000000 2.760000
v 7.240000 0.000000 2.584308
v 7.240000 1.400000 2.584308
v 7.415692 1.400000 2.760000
vt 10.175692 0.000000
vt 9.824308 0.000000
vt 9.824308 1.400000
vt 10.175692 1.400000
vn 0.707107 0.000000 -0.707107
vn 0.707107 0.000000 -0.707107
vn 0.707107 0.000000 -0.707107
vn 0.707107 0.000000 -0.707107
f 2081/2081/2081 2082/2082/2082 2083/2083/2083
f 2081/2081/2081 2083/2083/2083 2084/2084/2084
v 7.240000 0.000000 2.584308
v 7.000000 0.000000 2.520000
v 7.000000 1.400000 2.520000
v 7.240000 1.400000 2.584308
vt 9.824308 0.000000
vt 9.520000 0.000000
vt 9.520000 1.400000
vt 9.824308 1.400000
vn 0.258819 0.000000 -0.965926
vn 0.258819 0.000000 -0.965926
vn 0.258819 0.000000 -0.965926
vn 0.258819 0.000000 -0.965926
f 2085/2085/2085 2086/2086/2086 2087/2087/2087
f 2085/2085/2085 2087/2087/2087 2088/2088/2088
v 7.175000 1.650000 2.696891
v 7.303109 1.650000 2.825000
v 7.350000 1.650000 3.000000
v 7.303109 1.650000 3.175000
v 7.175000 1.650000 3.303109
v 7.000000 1.650000 3.350000
v 6.825000 1.650000 3.303109
v 6.696891 1.650000 3.175000
v 6.650000 1.650000 3.000000
v 6.696891 1.650000 2.825000
v 6.825000 1.650000 2.696891
v 7.000000 1.650000 2.650000
vt 9.871891 1.650000
vt 10.128109 1.650000
vt 10.350000 1.650000
vt 10.478109 1.650000
vt 10.478109 1.650000
vt 10.350000 1.650000
vt 10.128109 1.650000
vt 9.871891 1.650000
vt 9.650000 1.650000
vt 9.521891 1.650000
vt 9.521891 1.650000
vt 9.650000 1.650000
vn 0.000000 -1.000000 0.000000
vn 0.000000 -1.000000 0.000000
vn 0.000000 -1.000000 0.000000
vn 0.000000 -1.000000 0.000000
vn 0.000000 -1.000000 0.000000
vn 0.000000 -1.000000 0.000000
vn 0.000000 -1.000000 0.000000
vn 0.000000 -1.000000 0.000000
vn 0.000000 -1.000000 0.000000
vn 0.000000 -1.000000 0.000000
vn 0.000000 -1.000000 0.000000
vn 0.000000 -1.000000 0.000000
f 2089/2089/2089 2090/2090/2090 2091/2091/2091
f 2089/2089/2089 2091/2091/2091 2092/2092/2092
f 2089/2089/2089 2092/2092/2092 2093/2093/2093
f 2089/2089/2089 2093/2093/2093 2094/2094/2094
f 2089/2089/2089 2094/2094/2094 2095/2095/2095
f 2089/2089/2089 2095/2095/2095 2096/2096/2096
f 2089/2089/2089 2096/2096/2096 2097/2097/2097
f 2089/2089/2089 2097/2097/2097 2098/2098/2098
f 2089/2089/2089 2098/2098/2098 2099/2099/2099
f 2089/2089/2089 2099/2099/2099 2100/2100/2100
v 7.000000 1.950000 2.650000
v 6.825000 1.950000 2.696891
v 6.696891 1.950000 2.825000
v 6.650000 1.950000 3.000000
v 6.696891 1.950000 3.175000
v 6.825000 1.950000 3.303109
v 7.000000 1.950000 3.350000
v 7.175000 1.950000 3.303109
v 7.303109 1.950000 3.175000
v 7.350000 1.950000 3.000000
v 7.303109 1.950000 2.825000
v 7.175000 1.950000 2.696891
vt 9.650000 1.950000
vt 9.521891 1.950000
vt 9.521891 1.950000
vt 9.650000 1.950000
vt 9.871891 1.950000
vt 10.128109 1.950000
vt 10.350000 1.950000
vt 10.478109 1.950000
vt 10.478109 1.950000
vt 10.350000 1.950000
vt 10.128109 1.950000
vt 9.871891 1.950000
vn 0.000000 1.000000 0.000000
vn 0.000000 1.000000 0.000000
vn 0.000000 1.000000 0.000000
vn 0.000000 1.000000 0.000000
vn 0.000000 1.000000 0.000000
vn 0.000000 1.000000 0.000000
vn 0.000000 1.000000 0.000000
vn 0.000000 1.000000 0.000000
vn 0.000000 1.000000 0.000000
vn 0.000000 1.000000 0.000000
vn 0.000000 1.000000 0.000000
vn 0.000000 1.000000 0.000000
f 2101/2101/2101 2102/2102/2102 2103/2103/2103
f 2101/2101/2101 2103/2103/2103 2104/2104/2104
f 2101/2101/2101 2104/2104/2104 2105/2105/2105
f 2101/2101/2101 2105/2105/2105 2106/2106/2106
f 2101/2101/2101 2106/2106/2106 2107/2107/2107
f 2101/2101/2101 2107/2107/2107 2108/2108/2108
f 2101/2101/2101 2108/2108/2108 2109/2109/2109
f 2101/2101/2101 2109/2109/2109 2110/2110/2110
f 2101/2101/2101 2110/2110/2110 2111/2111/2111
f 2101/2101/2101 2111/2111/2111 2112/2112/2112
v 7.000000 1.650000 2.650000
v 6.825000 1.650000 2.696891
v 6.825000 1.950000 2.696891
v 7.000000 1.950000 2.650000
vt 9.650000 1.650000
vt 9.521891 1.650000
vt 9.521891 1.950000
vt 9.650000 1.950000
vn -0.258819 0.000000 -0.965926
vn -0.258819 0.000000 -0.965926
vn -0.258819 0.000000 -0.965926
vn -0.258819 0.000000 -0.965926
f 2113/2113/2113 2114/2114/2114 2115/2115/2115
f 2113/2113/2113 2115/2115/2115 2116/2116/2116
v 6.825000 1.650000 2.696891
v 6.696891 1.650000 2.825000
v 6.696891 1.950000 2.825000
v 6.825000 1.950000 2.696891
vt 9.521891 1.650000
vt 9.521891 1.650000
vt 9.521891 1.950000
vt 9.521891 1.950000
vn -0.707107 0.000000 -0.707107
vn -0.707107 0.000000 -0.707107
vn -0.707107 0.000000 -0.707107
vn -0.707107 0.000000 -0.707107
f 2117/2117/2117 2118/2118/2118 2119/2119/2119
f 2117/2117/2117 2119/2119/2119 2120/2120/2120
v 6.696891 1.650000 2.825000
v 6.650000 1.650000 3.000000
v 6.650000 1.950000 3.000000
v 6.696891 1.950000 2.825000
vt 9.521891 1.650000
vt 9.650000 1.650000
vt 9.650000 1.950000
vt 9.521891 1.950000
vn -0.965926 0.000000 -0.258819
vn -0.965926 0.000000 -0.258819
vn -0.965926 0.000000 -0.258819
vn -0.965926 0.000000 -0.258819
f 2121/2121/2121 2122/2122/2122 2123/2123/2123
f 2121/2121/2121 2123/2123/2123 2124/2124/2124
v 6.650000 1.650000 3.000000
v 6.696891 1.650000 3.175000
v 6.696891 1.950000 3.175000
v 6.650000 1.950000 3.000000
vt 9.650000 1.650000
vt 9.871891 1.650000
vt 9.871891 1.950000
vt 9.650000 1.950000
vn -0.965926 0.000000 0.258819
vn -0.965926 0.000000 0.258819
vn -0.965926 0.000000 0.258819
vn -0.965926 0.000000 0.258819
f 2125/2125/2125 2126/2126/2126 2127/2127/2127
f 2125/2125/2125 2127/2127/2127 2128/2128/2128
v 6.696891 1.650000 3.175000
v 6.825000 1.650000 3.303109
v 6.825000 1.950000 3.303109
v 6.696891 1.950000 3.175000
vt 9.871891 1.650000
vt 10.128109 1.650000
vt 10.128109 1.950000
vt 9.871891 1.950000
vn -0.707107 0.000000 0.707107
vn -0.707107 0.000000 0.707107
vn -0.707107 0.000000 0.707107
vn -0.707107 0.000000 0.707107
f 2129/2129/2129 2130/2130/2130 2131/2131/2131
f 2129/2129/2129 2131/2131/2131 2132/2132/2132
v 6.825000 1.650000 3.303109
v 7.000000 1.650000 3.350000
v 7.000000 1.950000 3.350000
v 6.825000 1.950000 3.303109
vt 10.128109 1.650000
vt 10.350000 1.650000
vt 10.350000 1.950000
vt 10.128109 1.950000
vn -0.258819 0.000000 0.965926
vn -0.258819 0.000000 0.965926
vn -0.258819 0.000000 0.965926
vn -0.258819 0.000000 0.965926
f 2133/2133/2133 2134/2134/2134 2135/2135/2135
f 2133/2133/2133 2135/2135/2135 2136/2136/2136
v 7.000000 1.650000 3.350000
v 7.175000 1.650000 3.303109
v 7.175000 1.950000 3.303109
v 7.000000 1.950000 3.350000
vt 10.350000 1.650000
vt 10.478109 1.650000
vt 10.478109 1.950000
vt 10.350000 1.950000
vn 0.258819 0.000000 0.965926
vn 0.258819 0.000000 0.965926
vn 0.258819 0.000000 0.965926
vn 0.258819 0.000000 0.965926
f 2137/2137/2137 2138/2138/2138 2139/2139/2139
f 2137/2137/2137 2139/2139/2139 2140/2140/2140
v 7.175000 1.650000 3.303109
v 7.303109 1.650000 3.175000
v 7.303109 1.950000 3.175000
v 7.175000 1.950000 3.303109
vt 10.478109 1.650000
vt 10.478109 1.650000
vt 10.478109 1.950000
vt 10.478109 1.950000
vn 0.707107 0.000000 0.707107
vn 0.707107 0.000000 0.707107
vn 0.707107 0.000000 0.707107
vn 0.707107 0.000000 0.707107
f 2141/2141/2141 2142/2142/2142 2143/2143/2143
f 2141/2141/2141 2143/2143/2143 2144/2144/2144
v 7.303109 1.650000 3.175000
v 7.350000 1.650000 3.000000
v 7.350000 1.950000 3.000000
v 7.303109 1.950000 3.175000
vt 10.478109 1.650000
vt 10.350000 1.650000
vt 10.350000 1.950000
vt 10.478109 1.950000
vn 0.965926 0.000000 0.258819
vn 0.965926 0.000000 0.258819
vn 0.965926 0.000000 0.258819
vn 0.965926 0.000000 0.258819
f 2145/2145/2145 2146/2146/2146 2147/2147/2147
f 2145/2145/2145 2147/2147/2147 2148/2148/2148
v 7.350000 1.650000 3.000000
v 7.303109 1.650000 2.825000
v 7.303109 1.950000 2.825000
v 7.350000 1.950000 3.000000
vt 10.350000 1.650000
vt 10.128109 1.650000
vt 10.128109 1.950000
vt 10.350000 1.950000
vn 0.965926 0.000000 -0.258819
vn 0.965926 0.000000 -0.258819
vn 0.965926 0.000000 -0.258819
vn 0.965926 0.000000 -0.258819
f 2149/2149/2149 2150/2150/2150 2151/2151/2151
f 2149/2149/2149 2151/2151/2151 2152/2152/2152
v 7.303109 1.650000 2.825000
v 7.175000 1.650000 2.696891
v 7.175000 1.950000 2.696891
v 7.303109 1.950000 2.825000
vt 10.128109 1.650000
vt 9.871891 1.650000
vt 9.871891 1.950000
vt 10.128109 1.950000
vn 0.707107 0.000000 -0.707107
vn 0.707107 0.000000 -0.707107
vn 0.707107 0.000000 -0.707107
vn 0.707107 0.000000 -0.707107
f 2153/2153/2153 2154/2154/2154 2155/2155/2155
f 2153/2153/2153 2155/2155/2155 2156/2156/2156
v 7.175000 1.650000 2.696891
v 7.000000 1.650000 2.650000
v 7.000000 1.950000 2.650000
v 7.175000 1.950000 2.696891
vt 9.871891 1.650000
vt 9.650000 1.650000
vt 9.650000 1.950000
vt 9.871891 1.950000
vn 0.258819 0.000000 -0.965926
vn 0.258819 0.000000 -0.965926
vn 0.258819 0.000000 -0.965926
vn 0.258819 0.000000 -0.965926
f 2157/2157/2157 2158/2158/2158 2159/2159/2159
f 2157/2157/2157 2159/2159/2159 2160/2160/2160
v -4.000000 3.875000 -7.630000
v -4.000000 4.825000 -7.630000
v 4.000000 4.825000 -7.630000
v 4.000000 3.875000 -7.630000
vt -11.630000 3.875000
vt -11.630000 4.825000
vt -3.630000 4.825000
vt -3.630000 3.875000
vn 0.000000 0.000000 -1.000000
vn 0.000000 0.000000 -1.000000
vn 0.000000 0.000000 -1.000000
vn 0.000000 0.000000 -1.000000
f 2161/2161/2161 2162/2162/2162 2163/2163/2163
f 2161/2161/2161 2163/2163/2163 2164/2164/2164
v -4.000000 3.875000 -7.510000
v 4.000000 3.875000 -7.510000
v 4.000000 4.825000 -7.510000
v -4.000000 4.825000 -7.510000
vt -11.510000 3.875000
vt -3.510000 3.875000
vt -3.510000 4.825000
vt -11.510000 4.825000
vn 0.000000 0.000000 1.000000
vn 0.000000 0.000000 1.000000
vn 0.000000 0.000000 1.000000
vn 0.000000 0.000000 1.000000
f 2165/2165/2165 2166/2166/2166 2167/2167/2167
f 2165/2165/2165 2167/2167/2167 2168/2168/2168
v -4.000000 3.875000 -7.630000
v -4.000000 3.875000 -7.510000
v -4.000000 4.825000 -7.510000
v -4.000000 4.825000 -7.630000
vt -11.630000 3.875000
vt -11.510000 3.875000
vt -11.510000 4.825000
vt -11.630000 4.825000
vn -1.000000 0.000000 0.000000
vn -1.000000 0.000000 0.000000
vn -1.000000 0.000000 0.000000
vn -1.000000 0.000000 0.000000
f 2169/2169/2169 2170/2170/2170 2171/2171/2171
f 2169/2169/2169 2171/2171/2171 2172/2172/2172
v 4.000000 3.875000 -7.630000
v 4.000000 4.825000 -7.630000
v 4.000000 4.825000 -7.510000
v 4.000000 3.875000 -7.510000
vt -3.630000 3.875000
vt -3.630000 4.825000
vt -3.510000 4.825000
vt -3.510000 3.875000
vn 1.000000 0.000000 0.000000
vn 1.000000 0.000000 0.000000
vn 1.000000 0.000000 0.000000
vn 1.000000 0.000000 0.000000
f 2173/2173/2173 2174/2174/2174 2175/2175/2175
f 2173/2173/2173 2175/2175/2175 2176/2176/2176
v -4.000000 3.875000 -7.630000
v 4.000000 3.875000 -7.630000
v 4.000000 3.875000 -7.510000
v -4.000000 3.875000 -7.510000
vt -11.630000 3.875000
vt -3.630000 3.875000
vt -3.510000 3.875000
vt -11.510000 3.875000
vn 0.000000 -1.000000 0.000000
vn 0.000000 -1.000000 0.000000
vn 0.000000 -1.000000 0.000000
vn 0.000000 -1.000000 0.000000
f 2177/2177/2177 2178/2178/2178 2179/2179/2179
f 2177/2177/2177 2179/2179/2179 2180/2180/2180
v -4.000000 4.825000 -7.630000
v -4.000000 4.825000 -7.510000
v 4.000000 4.825000 -7.510000
v 4.000000 4.825000 -7.630000
vt -11.630000 4.825000
vt -11.510000 4.825000
vt -3.510000 4.825000
vt -3.630000 4.825000
vn 0.000000 1.000000 0.000000
vn 0.000000 1.000000 0.000000
vn 0.000000 1.000000 0.000000
vn 0.000000 1.000000 0.000000
f 2181/2181/2181 2182/2182/2182 2183/2183/2183
f 2181/2181/2181 2183/2183/2183 2184/2184/2184
v -2.210000 0.000000 -7.645000
v -2.210000 3.500000 -7.645000
v -2.030000 3.500000 -7.645000
v -2.030000 0.000000 -7.645000
vt -9.855000 0.000000
vt -9.855000 3.500000
vt -9.675000 3.500000
vt -9.675000 0.000000
vn 0.000000 0.000000 -1.000000
vn 0.000000 0.000000 -1.000000
vn 0.000000 0.000000 -1.000000
vn 0.000000 0.000000 -1.000000
f 2185/2185/2185 2186/2186/2186 2187/2187/2187
f 2185/2185/2185 2187/2187/2187 2188/2188/2188
v -2.210000 0.000000 -7.495000
v -2.030000 0.000000 -7.495000
v -2.030000 3.500000 -7.495000
v -2.210000 3.500000 -7.495000
vt -9.705000 0.000000
vt -9.525000 0.000000
vt -9.525000 3.500000
vt -9.705000 3.500000
vn 0.000000 0.000000 1.000000
vn 0.000000 0.000000 1.000000
vn 0.000000 0.000000 1.000000
vn 0.000000 0.000000 1.000000
f 2189/2189/2189 2190/2190/2190 2191/2191/2191
f 2189/2189/2189 2191/2191/2191 2192/2192/2192
v -2.210000 0.000000 -7.645000
v -2.210000 0.000000 -7.495000
v -2.210000 3.500000 -7.495000
v -2.210000 3.500000 -7.645000
vt -9.855000 0.000000
vt -9.705000 0.000000
vt -9.705000 3.500000
vt -9.855000 3.500000
vn -1.000000 0.000000 0.000000
vn -1.000000 0.000000 0.000000
vn -1.000000 0.000000 0.000000
vn -1.000000 0.000000 0.000000
f 2193/2193/2193 2194/2194/2194 2195/2195/2195
f 2193/2193/2193 2195/2195/2195 2196/2196/2196
v -2.030000 0.000000 -7.645000
v -2.030000 3.500000 -7.645000
v -2.030000 3.500000 -7.495000
v -2.030000 0.000000 -7.495000
vt -9.675000 0.000000
vt -9.675000 3.500000
vt -9.525000 3.500000
vt -9.525000 0.000000
vn 1.000000 0.000000 0.000000
vn 1.000000 0.000000 0.000000
vn 1.000000 0.000000 0.000000
vn 1.000000 0.000000 0.000000
f 2197/2197/2197 2198/2198/2198 2199/2199/2199
f 2197/2197/2197 2199/2199/2199 2200/2200/2200
v -2.210000 0.000000 -7.645000
v -2.030000 0.000000 -7.645000
v -2.030000 0.000000 -7.495000
v -2.210000 0.000000 -7.495000
vt -9.855000 0.000000
vt -9.675000 0.000000
vt -9.525000 0.000000
vt -9.705000 0.000000
vn 0.000000 -1.000000 0.000000
vn 0.000000 -1.000000 0.000000
vn 0.000000 -1.000000 0.000000
vn 0.000000 -1.000000 0.000000
f 2201/2201/2201 2202/2202/2202 2203/2203/2203
f 2201/2201/2201 2203/2203/2203 2204/2204/2204
v -2.210000 3.500000 -7.645000
v -2.210000 3.500000 -7.495000
v -2.030000 3.500000 -7.495000
v -2.030000 3.500000 -7.645000
vt -9.855000 3.500000
vt -9.705000 3.500000
vt -9.525000 3.500000
vt -9.675000 3.500000
vn 0.000000 1.000000 0.000000
vn 0.000000 1.000000 0.000000
vn 0.000000 1.000000 0.000000
vn 0.000000 1.000000 0.000000
f 2205/2205/2205 2206/2206/2206 2207/2207/2207
f 2205/2205/2205 2207/2207/2207 2208/2208/2208
v 2.030000 0.000000 -7.645000
v 2.030000 3.500000 -7.645000
v 2.210000 3.500000 -7.645000
v 2.210000 0.000000 -7.645000
vt -5.615000 0.000000
vt -5.615000 3.500000
vt -5.435000 3.500000
vt -5.435000 0.000000
vn 0.000000 0.000000 -1.000000
vn 0.000000 0.000000 -1.000000
vn 0.000000 0.000000 -1.000000
vn 0.000000 0.000000 -1.000000
f 2209/2209/2209 2210/2210/2210 2211/2211/2211
f 2209/2209/2209 2211/2211/2211 2212/2212/2212
v 2.030000 0.000000 -7.495000
v 2.210000 0.000000 -7.495000
v 2.210000 3.500000 -7.495000
v 2.030000 3.500000 -7.495000
vt -5.465000 0.000000
vt -5.285000 0.000000
vt -5.285000 3.500000
vt -5.465000 3.500000
vn 0.000000 0.000000 1.000000
vn 0.000000 0.000000 1.000000
vn 0.000000 0.000000 1.000000
vn 0.000000 0.000000 1.000000
f 2213/2213/2213 2214/2214/2214 2215/2215/2215
f 2213/2213/2213 2215/2215/2215 2216/2216/2216
v 2.030000 0.000000 -7.645000
v 2.030000 0.000000 -7.495000
v 2.030000 3.500000 -7.495000
v 2.030000 3.500000 -7.645000
vt -5.615000 0.000000
vt -5.465000 0.000000
vt -5.465000 3.500000
vt -5.615000 3.500000
vn -1.000000 0.000000 0.000000
vn -1.000000 0.000000 0.000000
vn -1.000000 0.000000 0.000000
vn -1.000000 0.000000 0.000000
f 2217/2217/2217 2218/2218/2218 2219/2219/2219
f 2217/2217/2217 2219/2219/2219 2220/2220/2220
v 2.210000 0.000000 -7.645000
v 2.210000 3.500000 -7.645000
v 2.210000 3.500000 -7.495000
v 2.210000 0.000000 -7.495000
vt -5.435000 0.000000
vt -5.435000 3.500000
vt -5.285000 3.500000
vt -5.285000 0.000000
vn 1.000000 0.000000 0.000000
vn 1.000000 0.000000 0.000000
vn 1.000000 0.000000 0.000000
vn 1.000000 0.000000 0.000000
f 2221/2221/2221 2222/2222/2222 2223/2223/2223
f 2221/2221/2221 2223/2223/2223 2224/2224/2224
v 2.030000 0.000000 -7.645000
v 2.210000 0.000000 -7.645000
v 2.210000 0.000000 -7.495000
v 2.030000 0.000000 -7.495000
vt -5.615000 0.000000
vt -5.435000 0.000000
vt -5.285000 0.000000
vt -5.465000 0.000000
vn 0.000000 -1.000000 0.000000
vn 0.000000 -1.000000 0.000000
vn 0.000000 -1.000000 0.000000
vn 0.000000 -1.000000 0.000000
f 2225/2225/2225 2226/2226/2226 2227/2227/2227
f 2225/2225/2225 2227/2227/2227 2228/2228/2228
v 2.030000 3.500000 -7.645000
v 2.030000 3.500000 -7.495000
v 2.210000 3.500000 -7.495000
v 2.210000 3.500000 -7.645000
vt -5.615000 3.500000
vt -5.465000 3.500000
vt -5.285000 3.500000
vt -5.435000 3.500000
vn 0.000000 1.000000 0.000000
vn 0.000000 1.000000 0.000000
vn 0.000000 1.000000 0.000000
vn 0.000000 1.000000 0.000000
f 2229/2229/2229 2230/2230/2230 2231/2231/2231
f 2229/2229/2229 2231/2231/2231 2232/2232/2232
