# Original MODUS Black Start coastal presentation. Authored static geometry; no third-party source.
o coastal_cavern_coast_rock
v 10.258577 0.178735 -18.000000
v 9.984394 0.068521 -16.020101
v 9.600000 -0.235765 -15.200000
v 9.212302 0.127704 -16.020101
v 8.950761 0.129477 -18.000000
v 9.208744 -0.235467 -19.979899
v 9.600000 0.066501 -20.800000
v 9.995041 0.180119 -19.979899
vt -7.741423 0.178735
vt -6.035707 0.068521
vt -5.600000 -0.235765
vt -6.807799 0.127704
vt -9.049239 0.129477
vt -10.771155 -0.235467
vt -11.200000 0.066501
vt -9.984858 0.180119
vn 0.689586 -0.722089 0.055300
vn 0.689586 -0.722089 0.055300
vn 0.689586 -0.722089 0.055300
vn 0.689586 -0.722089 0.055300
vn 0.689586 -0.722089 0.055300
vn 0.689586 -0.722089 0.055300
vn 0.689586 -0.722089 0.055300
vn 0.689586 -0.722089 0.055300
f 1/1/1 2/2/2 3/3/3
f 1/1/1 3/3/3 4/4/4
f 1/1/1 4/4/4 5/5/5
f 1/1/1 5/5/5 6/6/6
f 1/1/1 6/6/6 7/7/7
f 1/1/1 7/7/7 8/8/8
v 9.839258 6.980119 -19.021131
v 9.628951 6.866501 -19.569963
v 9.398210 6.564533 -19.199132
v 9.235971 6.929477 -18.125866
v 9.365189 6.927704 -16.978869
v 9.570597 6.564235 -16.430037
v 9.798251 6.868521 -16.800868
v 9.969265 6.978735 -17.874134
vt -9.181873 6.980119
vt -9.941012 6.866501
vt -9.800921 6.564533
vt -8.889894 6.929477
vt -7.613680 6.927704
vt -6.859440 6.564235
vt -7.002617 6.868521
vt -7.904870 6.978735
vn -0.706880 0.695873 0.126811
vn -0.706880 0.695873 0.126811
vn -0.706880 0.695873 0.126811
vn -0.706880 0.695873 0.126811
vn -0.706880 0.695873 0.126811
vn -0.706880 0.695873 0.126811
vn -0.706880 0.695873 0.126811
vn -0.706880 0.695873 0.126811
f 9/9/9 10/10/10 11/11/11
f 9/9/9 11/11/11 12/12/12
f 9/9/9 12/12/12 13/13/13
f 9/9/9 13/13/13 14/14/14
f 9/9/9 14/14/14 15/15/15
f 9/9/9 15/15/15 16/16/16
v 9.997804 2.652521 -15.162445
v 9.984394 0.068521 -16.020101
v 10.258577 0.178735 -18.000000
vt -5.164641 2.652521
vt -6.035707 0.068521
vt -7.741423 0.178735
vn 0.989695 -0.049708 0.134289
vn 0.989695 -0.049708 0.134289
vn 0.989695 -0.049708 0.134289
f 17/17/17 18/18/18 19/19/19
v 10.412706 2.762735 -17.442386
v 9.997804 2.652521 -15.162445
v 10.258577 0.178735 -18.000000
vt -7.029680 2.762735
vt -5.164641 2.652521
vt -7.741423 0.178735
vn 0.980109 -0.095949 0.173721
vn 0.980109 -0.095949 0.173721
vn 0.980109 -0.095949 0.173721
f 20/20/20 21/21/21 22/22/22
v 9.469738 2.348235 -14.544705
v 9.600000 -0.235765 -15.200000
v 9.984394 0.068521 -16.020101
vt -5.074966 2.348235
vt -5.600000 -0.235765
vt -6.035707 0.068521
vn 0.911965 -0.057059 0.406281
vn 0.911965 -0.057059 0.406281
vn 0.911965 -0.057059 0.406281
f 23/23/23 24/24/24 25/25/25
v 9.997804 2.652521 -15.162445
v 9.469738 2.348235 -14.544705
v 9.984394 0.068521 -16.020101
vt -5.164641 2.652521
vt -5.074966 2.348235
vt -6.035707 0.068521
vn 0.791003 -0.196422 0.579424
vn 0.791003 -0.196422 0.579424
vn 0.791003 -0.196422 0.579424
f 26/26/26 27/27/27 28/28/28
v 9.044358 2.711704 -15.951030
v 9.212302 0.127704 -16.020101
v 9.600000 -0.235765 -15.200000
vt -6.906672 2.711704
vt -6.807799 0.127704
vt -5.600000 -0.235765
vn -0.913488 -0.070084 0.400785
vn -0.913488 -0.070084 0.400785
vn -0.913488 -0.070084 0.400785
f 29/29/29 30/30/30 31/31/31
v 9.469738 2.348235 -14.544705
v 9.044358 2.711704 -15.951030
v 9.600000 -0.235765 -15.200000
vt -5.074966 2.348235
vt -6.906672 2.711704
vt -5.600000 -0.235765
vn -0.958696 -0.114371 0.260424
vn -0.958696 -0.114371 0.260424
vn -0.958696 -0.114371 0.260424
f 32/32/32 33/33/33 34/34/34
v 8.798817 2.713477 -18.557614
v 8.950761 0.129477 -18.000000
v 9.212302 0.127704 -16.020101
vt -9.758797 2.713477
vt -9.049239 0.129477
vt -6.807799 0.127704
vn -0.990944 -0.030027 0.130875
vn -0.990944 -0.030027 0.130875
vn -0.990944 -0.030027 0.130875
f 35/35/35 36/36/36 37/37/37
v 9.044358 2.711704 -15.951030
v 8.798817 2.713477 -18.557614
v 9.212302 0.127704 -16.020101
vt -6.906672 2.711704
vt -9.758797 2.713477
vt -6.807799 0.127704
vn -0.993355 -0.067062 0.093529
vn -0.993355 -0.067062 0.093529
vn -0.993355 -0.067062 0.093529
f 38/38/38 39/39/39 40/40/40
v 9.195095 2.348533 -20.837555
v 9.208744 -0.235467 -19.979899
v 8.950761 0.129477 -18.000000
vt -11.642461 2.348533
vt -10.771155 -0.235467
vt -9.049239 0.129477
vn -0.991634 -0.045350 -0.120852
vn -0.991634 -0.045350 -0.120852
vn -0.991634 -0.045350 -0.120852
f 41/41/41 42/42/42 43/43/43
v 8.798817 2.713477 -18.557614
v 9.195095 2.348533 -20.837555
v 8.950761 0.129477 -18.000000
vt -9.758797 2.713477
vt -11.642461 2.348533
vt -9.049239 0.129477
vn -0.983460 -0.091554 -0.156281
vn -0.983460 -0.091554 -0.156281
vn -0.983460 -0.091554 -0.156281
f 44/44/44 45/45/45 46/46/46
v 9.728260 2.650501 -21.455295
v 9.600000 0.066501 -20.800000
v 9.208744 -0.235467 -19.979899
vt -11.727036 2.650501
vt -11.200000 0.066501
vt -10.771155 -0.235467
vn -0.890062 -0.070047 -0.450425
vn -0.890062 -0.070047 -0.450425
vn -0.890062 -0.070047 -0.450425
f 47/47/47 48/48/48 49/49/49
v 9.195095 2.348533 -20.837555
v 9.728260 2.650501 -21.455295
v 9.208744 -0.235467 -19.979899
vt -11.642461 2.348533
vt -11.727036 2.650501
vt -10.771155 -0.235467
vn -0.675885 -0.235379 -0.698409
vn -0.675885 -0.235379 -0.698409
vn -0.675885 -0.235379 -0.698409
f 50/50/50 51/51/51 52/52/52
v 10.166166 2.764119 -20.048970
v 9.995041 0.180119 -19.979899
v 9.600000 0.066501 -20.800000
vt -9.882804 2.764119
vt -9.984858 0.180119
vt -11.200000 0.066501
vn 0.902461 -0.071122 -0.424860
vn 0.902461 -0.071122 -0.424860
vn 0.902461 -0.071122 -0.424860
f 53/53/53 54/54/54 55/55/55
v 9.728260 2.650501 -21.455295
v 10.166166 2.764119 -20.048970
v 9.600000 0.066501 -20.800000
vt -11.727036 2.650501
vt -9.882804 2.764119
vt -11.200000 0.066501
vn 0.950613 -0.119796 -0.286327
vn 0.950613 -0.119796 -0.286327
vn 0.950613 -0.119796 -0.286327
f 56/56/56 57/57/57 58/58/58
v 10.412706 2.762735 -17.442386
v 10.258577 0.178735 -18.000000
v 9.995041 0.180119 -19.979899
vt -7.029680 2.762735
vt -7.741423 0.178735
vt -9.984858 0.180119
vn 0.990789 -0.030635 -0.131901
vn 0.990789 -0.030635 -0.131901
vn 0.990789 -0.030635 -0.131901
f 59/59/59 60/60/60 61/61/61
v 10.166166 2.764119 -20.048970
v 10.412706 2.762735 -17.442386
v 9.995041 0.180119 -19.979899
vt -9.882804 2.764119
vt -7.029680 2.762735
vt -9.984858 0.180119
vn 0.993229 -0.068288 -0.093980
vn 0.993229 -0.068288 -0.093980
vn 0.993229 -0.068288 -0.093980
f 62/62/62 63/63/63 64/64/64
v 10.038338 5.576521 -16.228141
v 9.997804 2.652521 -15.162445
v 10.412706 2.762735 -17.442386
vt -6.189804 5.576521
vt -5.164641 2.652521
vt -7.029680 2.762735
vn 0.982038 0.052445 0.181246
vn 0.982038 0.052445 0.181246
vn 0.982038 0.052445 0.181246
f 65/65/65 66/66/66 67/67/67
v 10.270187 5.686735 -18.343574
v 10.038338 5.576521 -16.228141
v 10.412706 2.762735 -17.442386
vt -8.073387 5.686735
vt -6.189804 5.576521
vt -7.029680 2.762735
vn 0.990137 0.083040 0.112844
vn 0.990137 0.083040 0.112844
vn 0.990137 0.083040 0.112844
f 68/68/68 69/69/69 70/70/70
v 9.680261 5.272235 -15.150639
v 9.469738 2.348235 -14.544705
v 9.997804 2.652521 -15.162445
vt -5.470378 5.272235
vt -5.074966 2.348235
vt -5.164641 2.652521
vn 0.735931 0.086178 0.671549
vn 0.735931 0.086178 0.671549
vn 0.735931 0.086178 0.671549
f 71/71/71 72/72/72 73/73/73
v 10.038338 5.576521 -16.228141
v 9.680261 5.272235 -15.150639
v 9.997804 2.652521 -15.162445
vt -6.189804 5.576521
vt -5.470378 5.272235
vt -5.164641 2.652521
vn 0.933189 0.111575 0.341627
vn 0.933189 0.111575 0.341627
vn 0.933189 0.111575 0.341627
f 74/74/74 75/75/75 76/76/76
v 9.253039 5.635704 -15.742254
v 9.044358 2.711704 -15.951030
v 9.469738 2.348235 -14.544705
vt -6.489215 5.635704
vt -6.906672 2.711704
vt -5.074966 2.348235
vn -0.952735 0.046560 0.300214
vn -0.952735 0.046560 0.300214
vn -0.952735 0.046560 0.300214
f 77/77/77 78/78/78 79/79/79
v 9.680261 5.272235 -15.150639
v 9.253039 5.635704 -15.742254
v 9.469738 2.348235 -14.544705
vt -5.470378 5.272235
vt -6.489215 5.635704
vt -5.074966 2.348235
vn -0.738078 0.187456 0.648153
vn -0.738078 0.187456 0.648153
vn -0.738078 0.187456 0.648153
f 80/80/80 81/81/81 82/82/82
v 8.939316 5.637477 -17.656426
v 8.798817 2.713477 -18.557614
v 9.044358 2.711704 -15.951030
vt -8.717110 5.637477
vt -9.758797 2.713477
vt -6.906672 2.711704
vn -0.995413 0.018926 0.093781
vn -0.995413 0.018926 0.093781
vn -0.995413 0.018926 0.093781
f 83/83/83 84/84/84 85/85/85
v 9.253039 5.635704 -15.742254
v 8.939316 5.637477 -17.656426
v 9.044358 2.711704 -15.951030
vt -6.489215 5.635704
vt -8.717110 5.637477
vt -6.906672 2.711704
vn -0.985119 0.058775 0.161511
vn -0.985119 0.058775 0.161511
vn -0.985119 0.058775 0.161511
f 86/86/86 87/87/87 88/88/88
v 9.153838 5.272533 -19.771859
v 9.195095 2.348533 -20.837555
v 8.798817 2.713477 -18.557614
vt -10.618021 5.272533
vt -11.642461 2.348533
vt -9.758797 2.713477
vn -0.982508 0.051374 -0.178993
vn -0.982508 0.051374 -0.178993
vn -0.982508 0.051374 -0.178993
f 89/89/89 90/90/90 91/91/91
v 8.939316 5.637477 -17.656426
v 9.153838 5.272533 -19.771859
v 8.798817 2.713477 -18.557614
vt -8.717110 5.637477
vt -10.618021 5.272533
vt -9.758797 2.713477
vn -0.989935 0.082915 -0.114691
vn -0.989935 0.082915 -0.114691
vn -0.989935 0.082915 -0.114691
f 92/92/92 93/93/93 94/94/94
v 9.520973 5.574501 -20.849361
v 9.728260 2.650501 -21.455295
v 9.195095 2.348533 -20.837555
vt -11.328388 5.574501
vt -11.727036 2.650501
vt -11.642461 2.348533
vn -0.772873 0.075768 -0.630021
vn -0.772873 0.075768 -0.630021
vn -0.772873 0.075768 -0.630021
f 95/95/95 96/96/96 97/97/97
v 9.153838 5.272533 -19.771859
v 9.520973 5.574501 -20.849361
v 9.195095 2.348533 -20.837555
vt -10.618021 5.272533
vt -11.328388 5.574501
vt -11.642461 2.348533
vn -0.950109 0.094890 -0.297136
vn -0.950109 0.094890 -0.297136
vn -0.950109 0.094890 -0.297136
f 98/98/98 99/99/99 100/100/100
v 9.953532 5.688119 -20.257746
v 10.166166 2.764119 -20.048970
v 9.728260 2.650501 -21.455295
vt -10.304214 5.688119
vt -9.882804 2.764119
vt -11.727036 2.650501
vn 0.952588 0.047818 -0.300483
vn 0.952588 0.047818 -0.300483
vn 0.952588 0.047818 -0.300483
f 101/101/101 102/102/102 103/103/103
v 9.520973 5.574501 -20.849361
v 9.953532 5.688119 -20.257746
v 9.728260 2.650501 -21.455295
vt -11.328388 5.574501
vt -10.304214 5.688119
vt -11.727036 2.650501
vn 0.777262 0.180033 -0.602870
vn 0.777262 0.180033 -0.602870
vn 0.777262 0.180033 -0.602870
f 104/104/104 105/105/105 106/106/106
v 10.270187 5.686735 -18.343574
v 10.412706 2.762735 -17.442386
v 10.166166 2.764119 -20.048970
vt -8.073387 5.686735
vt -7.029680 2.762735
vt -9.882804 2.764119
vn 0.995368 0.019503 -0.094135
vn 0.995368 0.019503 -0.094135
vn 0.995368 0.019503 -0.094135
f 107/107/107 108/108/108 109/109/109
v 9.953532 5.688119 -20.257746
v 10.270187 5.686735 -18.343574
v 10.166166 2.764119 -20.048970
vt -10.304214 5.688119
vt -8.073387 5.686735
vt -9.882804 2.764119
vn 0.984822 0.059987 -0.162872
vn 0.984822 0.059987 -0.162872
vn 0.984822 0.059987 -0.162872
f 110/110/110 111/111/111 112/112/112
v 9.798251 6.868521 -16.800868
v 10.038338 5.576521 -16.228141
v 10.270187 5.686735 -18.343574
vt -7.002617 6.868521
vt -6.189804 5.576521
vt -8.073387 5.686735
vn 0.965616 0.231701 0.117902
vn 0.965616 0.231701 0.117902
vn 0.965616 0.231701 0.117902
f 113/113/113 114/114/114 115/115/115
v 9.969265 6.978735 -17.874134
v 9.798251 6.868521 -16.800868
v 10.270187 5.686735 -18.343574
vt -7.904870 6.978735
vt -7.002617 6.868521
vt -8.073387 5.686735
vn 0.971434 0.163902 0.171619
vn 0.971434 0.163902 0.171619
vn 0.971434 0.163902 0.171619
f 116/116/116 117/117/117 118/118/118
v 9.570597 6.564235 -16.430037
v 9.680261 5.272235 -15.150639
v 10.038338 5.576521 -16.228141
vt -6.859440 6.564235
vt -5.470378 5.272235
vt -6.189804 5.576521
vn 0.796853 0.457919 0.394127
vn 0.796853 0.457919 0.394127
vn 0.796853 0.457919 0.394127
f 119/119/119 120/120/120 121/121/121
v 9.798251 6.868521 -16.800868
v 9.570597 6.564235 -16.430037
v 10.038338 5.576521 -16.228141
vt -7.002617 6.868521
vt -6.859440 6.564235
vt -6.189804 5.576521
vn 0.580366 0.417729 0.699055
vn 0.580366 0.417729 0.699055
vn 0.580366 0.417729 0.699055
f 122/122/122 123/123/123 124/124/124
v 9.365189 6.927704 -16.978869
v 9.253039 5.635704 -15.742254
v 9.680261 5.272235 -15.150639
vt -7.613680 6.927704
vt -6.489215 5.635704
vt -5.470378 5.272235
vn -0.351163 0.663147 0.661000
vn -0.351163 0.663147 0.661000
vn -0.351163 0.663147 0.661000
f 125/125/125 126/126/126 127/127/127
v 9.570597 6.564235 -16.430037
v 9.365189 6.927704 -16.978869
v 9.680261 5.272235 -15.150639
vt -6.859440 6.564235
vt -7.613680 6.927704
vt -5.470378 5.272235
vn -0.627090 0.520572 0.579451
vn -0.627090 0.520572 0.579451
vn -0.627090 0.520572 0.579451
f 128/128/128 129/129/129 130/130/130
v 9.235971 6.929477 -18.125866
v 8.939316 5.637477 -17.656426
v 9.253039 5.635704 -15.742254
vt -8.889894 6.929477
vt -8.717110 5.637477
vt -6.489215 5.635704
vn -0.948893 0.274474 0.155773
vn -0.948893 0.274474 0.155773
vn -0.948893 0.274474 0.155773
f 131/131/131 132/132/132 133/133/133
v 9.365189 6.927704 -16.978869
v 9.235971 6.929477 -18.125866
v 9.253039 5.635704 -15.742254
vt -7.613680 6.927704
vt -8.889894 6.929477
vt -6.489215 5.635704
vn -0.975550 0.190154 0.110197
vn -0.975550 0.190154 0.110197
vn -0.975550 0.190154 0.110197
f 134/134/134 135/135/135 136/136/136
v 9.398210 6.564533 -19.199132
v 9.153838 5.272533 -19.771859
v 8.939316 5.637477 -17.656426
vt -9.800921 6.564533
vt -10.618021 5.272533
vt -8.717110 5.637477
vn -0.959890 0.243313 -0.139316
vn -0.959890 0.243313 -0.139316
vn -0.959890 0.243313 -0.139316
f 137/137/137 138/138/138 139/139/139
v 9.235971 6.929477 -18.125866
v 9.398210 6.564533 -19.199132
v 8.939316 5.637477 -17.656426
vt -8.889894 6.929477
vt -9.800921 6.564533
vt -8.717110 5.637477
vn -0.968639 0.150600 -0.197632
vn -0.968639 0.150600 -0.197632
vn -0.968639 0.150600 -0.197632
f 140/140/140 141/141/141 142/142/142
v 9.628951 6.866501 -19.569963
v 9.520973 5.574501 -20.849361
v 9.153838 5.272533 -19.771859
vt -9.941012 6.866501
vt -11.328388 5.574501
vt -10.618021 5.272533
vn -0.924389 0.304614 -0.229598
vn -0.924389 0.304614 -0.229598
vn -0.924389 0.304614 -0.229598
f 143/143/143 144/144/144 145/145/145
v 9.398210 6.564533 -19.199132
v 9.628951 6.866501 -19.569963
v 9.153838 5.272533 -19.771859
vt -9.800921 6.564533
vt -9.941012 6.866501
vt -10.618021 5.272533
vn -0.899816 0.307417 -0.309559
vn -0.899816 0.307417 -0.309559
vn -0.899816 0.307417 -0.309559
f 146/146/146 147/147/147 148/148/148
v 9.839258 6.980119 -19.021131
v 9.953532 5.688119 -20.257746
v 9.520973 5.574501 -20.849361
vt -9.181873 6.980119
vt -10.304214 5.688119
vt -11.328388 5.574501
vn 0.600524 0.579974 -0.550456
vn 0.600524 0.579974 -0.550456
vn 0.600524 0.579974 -0.550456
f 149/149/149 150/150/150 151/151/151
v 9.628951 6.866501 -19.569963
v 9.839258 6.980119 -19.021131
v 9.520973 5.574501 -20.849361
vt -9.941012 6.866501
vt -9.181873 6.980119
vt -11.328388 5.574501
vn 0.860558 0.320276 -0.396060
vn 0.860558 0.320276 -0.396060
vn 0.860558 0.320276 -0.396060
f 152/152/152 153/153/153 154/154/154
v 9.969265 6.978735 -17.874134
v 10.270187 5.686735 -18.343574
v 9.953532 5.688119 -20.257746
vt -7.904870 6.978735
vt -8.073387 5.686735
vt -10.304214 5.688119
vn 0.947831 0.277659 -0.156596
vn 0.947831 0.277659 -0.156596
vn 0.947831 0.277659 -0.156596
f 155/155/155 156/156/156 157/157/157
v 9.839258 6.980119 -19.021131
v 9.969265 6.978735 -17.874134
v 9.953532 5.688119 -20.257746
vt -9.181873 6.980119
vt -7.904870 6.978735
vt -10.304214 5.688119
vn 0.975210 0.191830 -0.110304
vn 0.975210 0.191830 -0.110304
vn 0.975210 0.191830 -0.110304
f 158/158/158 159/159/159 160/160/160
v 10.242434 0.129477 -10.000000
v 9.992361 -0.235467 -8.020101
v 9.600000 0.066501 -7.200000
v 9.211267 0.180119 -8.020101
v 8.947314 -0.216413 -10.000000
v 9.214650 0.000000 -11.979899
v 9.600000 0.216413 -12.800000
v 9.982237 -0.180119 -11.979899
vt 0.242434 0.129477
vt 1.972260 -0.235467
vt 2.400000 0.066501
vt 1.191166 0.180119
vt -1.052686 -0.216413
vt -2.765249 0.000000
vt -3.200000 0.216413
vt -1.997662 -0.180119
vn -0.826033 -0.526423 -0.201366
vn -0.826033 -0.526423 -0.201366
vn -0.826033 -0.526423 -0.201366
vn -0.826033 -0.526423 -0.201366
vn -0.826033 -0.526423 -0.201366
vn -0.826033 -0.526423 -0.201366
vn -0.826033 -0.526423 -0.201366
vn -0.826033 -0.526423 -0.201366
f 161/161/161 162/162/162 163/163/163
f 161/161/161 163/163/163 164/164/164
f 161/161/161 164/164/164 165/165/165
f 161/161/161 165/165/165 166/166/166
f 161/161/161 166/166/166 167/167/167
f 161/161/161 167/167/167 168/168/168
v 9.831503 6.619881 -11.021131
v 9.629546 7.016413 -11.569963
v 9.401256 6.800000 -11.199132
v 9.234038 6.583587 -10.125866
v 9.364563 6.980119 -8.978869
v 9.570883 6.866501 -8.430037
v 9.802360 6.564533 -8.800868
v 9.960213 6.929477 -9.874134
vt -1.189628 6.619881
vt -1.940416 7.016413
vt -1.797876 6.800000
vt -0.891827 6.583587
vt 0.385694 6.980119
vt 1.140846 6.866501
vt 1.001491 6.564533
vt 0.086079 6.929477
vn 0.116502 0.824910 0.553129
vn 0.116502 0.824910 0.553129
vn 0.116502 0.824910 0.553129
vn 0.116502 0.824910 0.553129
vn 0.116502 0.824910 0.553129
vn 0.116502 0.824910 0.553129
vn 0.116502 0.824910 0.553129
vn 0.116502 0.824910 0.553129
f 169/169/169 170/170/170 171/171/171
f 169/169/169 171/171/171 172/172/172
f 169/169/169 172/172/172 173/173/173
f 169/169/169 173/173/173 174/174/174
f 169/169/169 174/174/174 175/175/175
f 169/169/169 175/175/175 176/176/176
v 10.006049 2.348533 -7.162445
v 9.992361 -0.235467 -8.020101
v 10.242434 0.129477 -10.000000
vt 2.843604 2.348533
vt 1.972260 -0.235467
vt 0.242434 0.129477
vn 0.992130 -0.044147 0.117175
vn 0.992130 -0.044147 0.117175
vn 0.992130 -0.044147 0.117175
f 177/177/177 178/178/178 179/179/179
v 10.392785 2.713477 -9.442386
v 10.006049 2.348533 -7.162445
v 10.242434 0.129477 -10.000000
vt 0.950399 2.713477
vt 2.843604 2.348533
vt 0.242434 0.129477
vn 0.984180 -0.090175 0.152508
vn 0.984180 -0.090175 0.152508
vn 0.984180 -0.090175 0.152508
f 180/180/180 181/181/181 182/182/182
v 9.471007 2.650501 -6.544705
v 9.600000 0.066501 -7.200000
v 9.992361 -0.235467 -8.020101
vt 2.926303 2.650501
vt 2.400000 0.066501
vt 1.972260 -0.235467
vn 0.889569 -0.070065 0.451395
vn 0.889569 -0.070065 0.451395
vn 0.889569 -0.070065 0.451395
f 183/183/183 184/184/184 185/185/185
v 10.006049 2.348533 -7.162445
v 9.471007 2.650501 -6.544705
v 9.992361 -0.235467 -8.020101
vt 2.843604 2.348533
vt 2.926303 2.650501
vt 1.972260 -0.235467
vn 0.674596 -0.235754 0.699529
vn 0.674596 -0.235754 0.699529
vn 0.674596 -0.235754 0.699529
f 186/186/186 187/187/187 188/188/188
v 9.042875 2.764119 -7.951030
v 9.211267 0.180119 -8.020101
v 9.600000 0.066501 -7.200000
vt 1.091846 2.764119
vt 1.191166 0.180119
vt 2.400000 0.066501
vn -0.905125 -0.070193 0.419310
vn -0.905125 -0.070193 0.419310
vn -0.905125 -0.070193 0.419310
f 189/189/189 190/190/190 191/191/191
v 9.471007 2.650501 -6.544705
v 9.042875 2.764119 -7.951030
v 9.600000 0.066501 -7.200000
vt 2.926303 2.650501
vt 1.091846 2.764119
vt 2.400000 0.066501
vn -0.952523 -0.118657 0.280393
vn -0.952523 -0.118657 0.280393
vn -0.952523 -0.118657 0.280393
f 192/192/192 193/193/193 194/194/194
v 8.794563 2.367587 -10.557614
v 8.947314 -0.216413 -10.000000
v 9.211267 0.180119 -8.020101
vt -1.763051 2.367587
vt -1.052686 -0.216413
vt 1.191166 0.180119
vn -0.990047 -0.028798 0.137757
vn -0.990047 -0.028798 0.137757
vn -0.990047 -0.028798 0.137757
f 195/195/195 196/196/196 197/197/197
v 9.042875 2.764119 -7.951030
v 8.794563 2.367587 -10.557614
v 9.211267 0.180119 -8.020101
vt 1.091846 2.764119
vt -1.763051 2.367587
vt 1.191166 0.180119
vn -0.992204 -0.067460 0.104783
vn -0.992204 -0.067460 0.104783
vn -0.992204 -0.067460 0.104783
f 198/198/198 199/199/199 200/200/200
v 9.201206 2.584000 -12.837555
v 9.214650 0.000000 -11.979899
v 8.947314 -0.216413 -10.000000
vt -3.636349 2.584000
vt -2.765249 0.000000
vt -1.052686 -0.216413
vn -0.988941 -0.051328 -0.139142
vn -0.988941 -0.051328 -0.139142
vn -0.988941 -0.051328 -0.139142
f 201/201/201 202/202/202 203/203/203
v 8.794563 2.367587 -10.557614
v 9.201206 2.584000 -12.837555
v 8.947314 -0.216413 -10.000000
vt -1.763051 2.367587
vt -3.636349 2.584000
vt -1.052686 -0.216413
vn -0.978137 -0.097465 -0.183709
vn -0.978137 -0.097465 -0.183709
vn -0.978137 -0.097465 -0.183709
f 204/204/204 205/205/205 206/206/206
v 9.730896 2.800413 -13.455295
v 9.600000 0.216413 -12.800000
v 9.214650 0.000000 -11.979899
vt -3.724399 2.800413
vt -3.200000 0.216413
vt -2.765249 0.000000
vn -0.896307 -0.065805 -0.438523
vn -0.896307 -0.065805 -0.438523
vn -0.896307 -0.065805 -0.438523
f 207/207/207 208/208/208 209/209/209
v 9.201206 2.584000 -12.837555
v 9.730896 2.800413 -13.455295
v 9.214650 0.000000 -11.979899
vt -3.636349 2.584000
vt -3.724399 2.800413
vt -2.765249 0.000000
vn -0.697919 -0.228872 -0.678621
vn -0.697919 -0.228872 -0.678621
vn -0.697919 -0.228872 -0.678621
f 210/210/210 211/211/211 212/212/212
v 10.147816 2.403881 -12.048970
v 9.982237 -0.180119 -11.979899
v 9.600000 0.216413 -12.800000
vt -1.901155 2.403881
vt -1.997662 -0.180119
vt -3.200000 0.216413
vn 0.891011 -0.069088 -0.448693
vn 0.891011 -0.069088 -0.448693
vn 0.891011 -0.069088 -0.448693
f 213/213/213 214/214/214 215/215/215
v 9.730896 2.800413 -13.455295
v 10.147816 2.403881 -12.048970
v 9.600000 0.216413 -12.800000
vt -3.724399 2.800413
vt -1.901155 2.403881
vt -3.200000 0.216413
vn 0.940565 -0.127474 -0.314783
vn 0.940565 -0.127474 -0.314783
vn 0.940565 -0.127474 -0.314783
f 216/216/216 217/217/217 218/218/218
v 10.392785 2.713477 -9.442386
v 10.242434 0.129477 -10.000000
v 9.982237 -0.180119 -11.979899
vt 0.950399 2.713477
vt 0.242434 0.129477
vt -1.997662 -0.180119
vn 0.991617 -0.030609 -0.125531
vn 0.991617 -0.030609 -0.125531
vn 0.991617 -0.030609 -0.125531
f 219/219/219 220/220/220 221/221/221
v 10.147816 2.403881 -12.048970
v 10.392785 2.713477 -9.442386
v 9.982237 -0.180119 -11.979899
vt -1.901155 2.403881
vt 0.950399 2.713477
vt -1.997662 -0.180119
vn 0.994142 -0.065991 -0.085592
vn 0.994142 -0.065991 -0.085592
vn 0.994142 -0.065991 -0.085592
f 222/222/222 223/223/223 224/224/224
v 10.047422 5.272533 -8.228141
v 10.006049 2.348533 -7.162445
v 10.392785 2.713477 -9.442386
vt 1.819281 5.272533
vt 2.843604 2.348533
vt 0.950399 2.713477
vn 0.983350 0.049784 0.174770
vn 0.983350 0.049784 0.174770
vn 0.983350 0.049784 0.174770
f 225/225/225 226/226/226 227/227/227
v 10.253759 5.637477 -10.343574
v 10.047422 5.272533 -8.228141
v 10.392785 2.713477 -9.442386
vt -0.089815 5.637477
vt 1.819281 5.272533
vt 0.950399 2.713477
vn 0.990541 0.081191 0.110623
vn 0.990541 0.081191 0.110623
vn 0.990541 0.081191 0.110623
f 228/228/228 229/229/229 230/230/230
v 9.679479 5.574501 -7.150639
v 9.471007 2.650501 -6.544705
v 10.006049 2.348533 -7.162445
vt 2.528840 5.574501
vt 2.926303 2.650501
vt 2.843604 2.348533
vn 0.771758 0.075816 0.631380
vn 0.771758 0.075816 0.631380
vn 0.771758 0.075816 0.631380
f 231/231/231 232/232/232 233/233/233
v 10.047422 5.272533 -8.228141
v 9.679479 5.574501 -7.150639
v 10.006049 2.348533 -7.162445
vt 1.819281 5.272533
vt 2.528840 5.574501
vt 2.843604 2.348533
vn 0.949905 0.095071 0.297728
vn 0.949905 0.095071 0.297728
vn 0.949905 0.095071 0.297728
f 234/234/234 235/235/235 236/236/236
v 9.252114 5.688119 -7.742254
v 9.042875 2.764119 -7.951030
v 9.471007 2.650501 -6.544705
vt 1.509860 5.688119
vt 1.091846 2.764119
vt 2.926303 2.650501
vn -0.954511 0.047283 0.294404
vn -0.954511 0.047283 0.294404
vn -0.954511 0.047283 0.294404
f 237/237/237 238/238/238 239/239/239
v 9.679479 5.574501 -7.150639
v 9.252114 5.688119 -7.742254
v 9.471007 2.650501 -6.544705
vt 2.528840 5.574501
vt 1.509860 5.688119
vt 2.926303 2.650501
vn -0.780726 0.179685 0.598482
vn -0.780726 0.179685 0.598482
vn -0.780726 0.179685 0.598482
f 240/240/240 241/241/241 242/242/242
v 8.935808 5.291587 -9.656426
v 8.794563 2.367587 -10.557614
v 9.042875 2.764119 -7.951030
vt -0.720618 5.291587
vt -1.763051 2.367587
vt 1.091846 2.764119
vn -0.995578 0.019789 0.091832
vn -0.995578 0.019789 0.091832
vn -0.995578 0.019789 0.091832
f 243/243/243 244/244/244 245/245/245
v 9.252114 5.688119 -7.742254
v 8.935808 5.291587 -9.656426
v 9.042875 2.764119 -7.951030
vt 1.509860 5.688119
vt -0.720618 5.291587
vt 1.091846 2.764119
vn -0.986772 0.059855 0.150659
vn -0.986772 0.059855 0.150659
vn -0.986772 0.059855 0.150659
f 246/246/246 247/247/247 248/248/248
v 9.160572 5.508000 -11.771859
v 9.201206 2.584000 -12.837555
v 8.794563 2.367587 -10.557614
vt -2.611287 5.508000
vt -3.636349 2.584000
vt -1.763051 2.367587
vn -0.984088 0.048613 -0.170904
vn -0.984088 0.048613 -0.170904
vn -0.984088 0.048613 -0.170904
f 249/249/249 250/250/250 251/251/251
v 8.935808 5.291587 -9.656426
v 9.160572 5.508000 -11.771859
v 8.794563 2.367587 -10.557614
vt -0.720618 5.291587
vt -2.611287 5.508000
vt -1.763051 2.367587
vn -0.992183 0.077960 -0.097444
vn -0.992183 0.077960 -0.097444
vn -0.992183 0.077960 -0.097444
f 252/252/252 253/253/253 254/254/254
v 9.519348 5.724413 -12.849361
v 9.730896 2.800413 -13.455295
v 9.201206 2.584000 -12.837555
vt -3.330013 5.724413
vt -3.724399 2.800413
vt -3.636349 2.584000
vn -0.769898 0.075613 -0.633671
vn -0.769898 0.075613 -0.633671
vn -0.769898 0.075613 -0.633671
f 255/255/255 256/256/256 257/257/257
v 9.160572 5.508000 -11.771859
v 9.519348 5.724413 -12.849361
v 9.201206 2.584000 -12.837555
vt -2.611287 5.508000
vt -3.330013 5.724413
vt -3.636349 2.584000
vn -0.950054 0.095129 -0.297234
vn -0.950054 0.095129 -0.297234
vn -0.950054 0.095129 -0.297234
f 258/258/258 259/259/259 260/260/260
v 9.942073 5.327881 -12.257746
v 10.147816 2.403881 -12.048970
v 9.730896 2.800413 -13.455295
vt -2.315673 5.327881
vt -1.901155 2.403881
vt -3.724399 2.800413
vn 0.961265 0.048262 -0.271369
vn 0.961265 0.048262 -0.271369
vn 0.961265 0.048262 -0.271369
f 261/261/261 262/262/262 263/263/263
v 9.519348 5.724413 -12.849361
v 9.942073 5.327881 -12.257746
v 9.730896 2.800413 -13.455295
vt -3.330013 5.724413
vt -2.315673 5.327881
vt -3.724399 2.800413
vn 0.851424 0.164783 -0.497920
vn 0.851424 0.164783 -0.497920
vn 0.851424 0.164783 -0.497920
f 264/264/264 265/265/265 266/266/266
v 10.253759 5.637477 -10.343574
v 10.392785 2.713477 -9.442386
v 10.147816 2.403881 -12.048970
vt -0.089815 5.637477
vt 0.950399 2.713477
vt -1.901155 2.403881
vn 0.995255 0.017840 -0.095654
vn 0.995255 0.017840 -0.095654
vn 0.995255 0.017840 -0.095654
f 267/267/267 268/268/268 269/269/269
v 9.942073 5.327881 -12.257746
v 10.253759 5.637477 -10.343574
v 10.147816 2.403881 -12.048970
vt -2.315673 5.327881
vt -0.089815 5.637477
vt -1.901155 2.403881
vn 0.983882 0.057131 -0.169446
vn 0.983882 0.057131 -0.169446
vn 0.983882 0.057131 -0.169446
f 270/270/270 271/271/271 272/272/272
v 9.802360 6.564533 -8.800868
v 10.047422 5.272533 -8.228141
v 10.253759 5.637477 -10.343574
vt 1.001491 6.564533
vt 1.819281 5.272533
vt -0.089815 5.637477
vn 0.960695 0.242289 0.135504
vn 0.960695 0.242289 0.135504
vn 0.960695 0.242289 0.135504
f 273/273/273 274/274/274 275/275/275
v 9.960213 6.929477 -9.874134
v 9.802360 6.564533 -8.800868
v 10.253759 5.637477 -10.343574
vt 0.086079 6.929477
vt 1.001491 6.564533
vt -0.089815 5.637477
vn 0.969557 0.149947 0.193587
vn 0.969557 0.149947 0.193587
vn 0.969557 0.149947 0.193587
f 276/276/276 277/277/277 278/278/278
v 9.570883 6.866501 -8.430037
v 9.679479 5.574501 -7.150639
v 10.047422 5.272533 -8.228141
vt 1.140846 6.866501
vt 2.528840 5.574501
vt 1.819281 5.272533
vn 0.924046 0.305383 0.229958
vn 0.924046 0.305383 0.229958
vn 0.924046 0.305383 0.229958
f 279/279/279 280/280/280 281/281/281
v 9.802360 6.564533 -8.800868
v 9.570883 6.866501 -8.430037
v 10.047422 5.272533 -8.228141
vt 1.001491 6.564533
vt 1.140846 6.866501
vt 1.819281 5.272533
vn 0.899272 0.308165 0.310395
vn 0.899272 0.308165 0.310395
vn 0.899272 0.308165 0.310395
f 282/282/282 283/283/283 284/284/284
v 9.364563 6.980119 -8.978869
v 9.252114 5.688119 -7.742254
v 9.679479 5.574501 -7.150639
vt 0.385694 6.980119
vt 1.509860 5.688119
vt 2.528840 5.574501
vn -0.605267 0.577276 0.548092
vn -0.605267 0.577276 0.548092
vn -0.605267 0.577276 0.548092
f 285/285/285 286/286/286 287/287/287
v 9.570883 6.866501 -8.430037
v 9.364563 6.980119 -8.978869
v 9.679479 5.574501 -7.150639
vt 1.140846 6.866501
vt 0.385694 6.980119
vt 2.528840 5.574501
vn -0.865548 0.313783 0.390341
vn -0.865548 0.313783 0.390341
vn -0.865548 0.313783 0.390341
f 288/288/288 289/289/289 290/290/290
v 9.234038 6.583587 -10.125866
v 8.935808 5.291587 -9.656426
v 9.252114 5.688119 -7.742254
vt -0.891827 6.583587
vt -0.720618 5.291587
vt 1.509860 5.688119
vn -0.959986 0.259684 0.104837
vn -0.959986 0.259684 0.104837
vn -0.959986 0.259684 0.104837
f 291/291/291 292/292/292 293/293/293
v 9.364563 6.980119 -8.978869
v 9.234038 6.583587 -10.125866
v 9.252114 5.688119 -7.742254
vt 0.385694 6.980119
vt -0.891827 6.583587
vt 1.509860 5.688119
vn -0.987424 0.145383 0.062105
vn -0.987424 0.145383 0.062105
vn -0.987424 0.145383 0.062105
f 294/294/294 295/295/295 296/296/296
v 9.401256 6.800000 -11.199132
v 9.160572 5.508000 -11.771859
v 8.935808 5.291587 -9.656426
vt -1.797876 6.800000
vt -2.611287 5.508000
vt -0.720618 5.291587
vn -0.972754 0.217179 -0.081137
vn -0.972754 0.217179 -0.081137
vn -0.972754 0.217179 -0.081137
f 297/297/297 298/298/298 299/299/299
v 9.234038 6.583587 -10.125866
v 9.401256 6.800000 -11.199132
v 8.935808 5.291587 -9.656426
vt -0.891827 6.583587
vt -1.797876 6.800000
vt -0.720618 5.291587
vn -0.976253 0.183528 -0.115096
vn -0.976253 0.183528 -0.115096
vn -0.976253 0.183528 -0.115096
f 300/300/300 301/301/301 302/302/302
v 9.629546 7.016413 -11.569963
v 9.519348 5.724413 -12.849361
v 9.160572 5.508000 -11.771859
vt -1.940416 7.016413
vt -3.330013 5.724413
vt -2.611287 5.508000
vn -0.916994 0.317433 -0.241576
vn -0.916994 0.317433 -0.241576
vn -0.916994 0.317433 -0.241576
f 303/303/303 304/304/304 305/305/305
v 9.401256 6.800000 -11.199132
v 9.629546 7.016413 -11.569963
v 9.160572 5.508000 -11.771859
vt -1.797876 6.800000
vt -1.940416 7.016413
vt -2.611287 5.508000
vn -0.878658 0.320542 -0.353853
vn -0.878658 0.320542 -0.353853
vn -0.878658 0.320542 -0.353853
f 306/306/306 307/307/307 308/308/308
v 9.831503 6.619881 -11.021131
v 9.942073 5.327881 -12.257746
v 9.519348 5.724413 -12.849361
vt -1.189628 6.619881
vt -2.315673 5.327881
vt -3.330013 5.724413
vn 0.851254 0.399033 -0.340791
vn 0.851254 0.399033 -0.340791
vn 0.851254 0.399033 -0.340791
f 309/309/309 310/310/310 311/311/311
v 9.629546 7.016413 -11.569963
v 9.831503 6.619881 -11.021131
v 9.519348 5.724413 -12.849361
vt -1.940416 7.016413
vt -1.189628 6.619881
vt -3.330013 5.724413
vn 0.958185 0.155891 -0.239958
vn 0.958185 0.155891 -0.239958
vn 0.958185 0.155891 -0.239958
f 312/312/312 313/313/313 314/314/314
v 9.960213 6.929477 -9.874134
v 10.253759 5.637477 -10.343574
v 9.942073 5.327881 -12.257746
vt 0.086079 6.929477
vt -0.089815 5.637477
vt -2.315673 5.327881
vn 0.937604 0.285262 -0.198808
vn 0.937604 0.285262 -0.198808
vn 0.937604 0.285262 -0.198808
f 315/315/315 316/316/316 317/317/317
v 9.831503 6.619881 -11.021131
v 9.960213 6.929477 -9.874134
v 9.942073 5.327881 -12.257746
vt -1.189628 6.619881
vt 0.086079 6.929477
vt -2.315673 5.327881
vn 0.953031 0.247988 -0.173881
vn 0.953031 0.247988 -0.173881
vn 0.953031 0.247988 -0.173881
f 318/318/318 319/319/319 320/320/320
v 10.129075 -0.216413 -2.000000
v 10.073418 0.000000 -0.020101
v 9.600000 0.216413 0.800000
v 9.128831 -0.180119 -0.020101
v 9.064570 -0.066501 -2.000000
v 9.131404 0.235467 -3.979899
v 9.600000 -0.129477 -4.800000
v 10.065717 -0.127704 -3.979899
vt 8.129075 -0.216413
vt 10.053317 0.000000
vt 10.400000 0.216413
vt 9.108730 -0.180119
vt 7.064570 -0.066501
vt 5.151505 0.235467
vt 4.800000 -0.129477
vt 6.085818 -0.127704
vn -0.269676 -0.958039 0.097138
vn -0.269676 -0.958039 0.097138
vn -0.269676 -0.958039 0.097138
vn -0.269676 -0.958039 0.097138
vn -0.269676 -0.958039 0.097138
vn -0.269676 -0.958039 0.097138
vn -0.269676 -0.958039 0.097138
vn -0.269676 -0.958039 0.097138
f 321/321/321 322/322/322 323/323/323
f 321/321/321 323/323/323 324/324/324
f 321/321/321 324/324/324 325/325/325
f 321/321/321 325/325/325 326/326/326
f 321/321/321 326/326/326 327/327/327
f 321/321/321 327/327/327 328/328/328
v 9.882063 6.672296 -3.021131
v 9.624242 6.670523 -3.569963
v 9.358322 7.035467 -3.199132
v 9.299784 6.733499 -2.125866
v 9.314635 6.619881 -0.978869
v 9.576085 7.016413 -0.430037
v 9.844165 6.800000 -0.800868
v 9.896653 6.583587 -1.874134
vt 6.860932 6.672296
vt 6.054279 6.670523
vt 6.159190 7.035467
vt 7.173919 6.733499
vt 8.335766 6.619881
vt 9.146047 7.016413
vt 9.043297 6.800000
vt 8.022518 6.583587
vn 0.609893 0.737953 -0.288888
vn 0.609893 0.737953 -0.288888
vn 0.609893 0.737953 -0.288888
vn 0.609893 0.737953 -0.288888
vn 0.609893 0.737953 -0.288888
vn 0.609893 0.737953 -0.288888
vn 0.609893 0.737953 -0.288888
vn 0.609893 0.737953 -0.288888
f 329/329/329 330/330/330 331/331/331
f 329/329/329 331/331/331 332/332/332
f 329/329/329 332/332/332 333/333/333
f 329/329/329 333/333/333 334/334/334
f 329/329/329 334/334/334 335/335/335
f 329/329/329 335/335/335 336/336/336
v 10.089934 2.584000 0.837555
v 10.073418 0.000000 -0.020101
v 10.129075 -0.216413 -2.000000
vt 10.927489 2.584000
vt 10.053317 0.000000
vt 8.129075 -0.216413
vn 0.999421 -0.016304 0.029877
vn 0.999421 -0.016304 0.029877
vn 0.999421 -0.016304 0.029877
f 337/337/337 338/338/338 339/339/339
v 10.252896 2.367587 -1.442386
v 10.089934 2.584000 0.837555
v 10.129075 -0.216413 -2.000000
vt 8.810510 2.367587
vt 10.927489 2.584000
vt 8.129075 -0.216413
vn 0.994936 -0.064340 0.077222
vn 0.994936 -0.064340 0.077222
vn 0.994936 -0.064340 0.077222
f 340/340/340 341/341/341 342/342/342
v 9.494050 2.800413 1.455295
v 9.600000 0.216413 0.800000
v 10.073418 0.000000 -0.020101
vt 10.949345 2.800413
vt 10.400000 0.216413
vt 10.053317 0.000000
vn 0.850857 -0.096104 0.516533
vn 0.850857 -0.096104 0.516533
vn 0.850857 -0.096104 0.516533
f 343/343/343 344/344/344 345/345/345
v 10.089934 2.584000 0.837555
v 9.494050 2.800413 1.455295
v 10.073418 0.000000 -0.020101
vt 10.927489 2.584000
vt 10.949345 2.800413
vt 10.053317 0.000000
vn 0.654623 -0.241901 0.716207
vn 0.654623 -0.241901 0.716207
vn 0.654623 -0.241901 0.716207
f 346/346/346 347/347/347 348/348/348
v 8.924729 2.403881 0.048970
v 9.128831 -0.180119 -0.020101
v 9.600000 0.216413 0.800000
vt 8.973699 2.403881
vt 9.108730 -0.180119
vt 10.400000 0.216413
vn -0.846833 -0.080940 0.525663
vn -0.846833 -0.080940 0.525663
vn -0.846833 -0.080940 0.525663
f 349/349/349 350/350/350 351/351/351
v 9.494050 2.800413 1.455295
v 8.924729 2.403881 0.048970
v 9.600000 0.216413 0.800000
vt 10.949345 2.800413
vt 8.973699 2.403881
vt 10.400000 0.216413
vn -0.903488 -0.139797 0.405176
vn -0.903488 -0.139797 0.405176
vn -0.903488 -0.139797 0.405176
f 352/352/352 353/353/353 354/354/354
v 8.939262 2.517499 -2.557614
v 9.064570 -0.066501 -2.000000
v 9.128831 -0.180119 -0.020101
vt 6.381648 2.517499
vt 7.064570 -0.066501
vt 9.108730 -0.180119
vn -0.998669 -0.041955 0.030006
vn -0.998669 -0.041955 0.030006
vn -0.998669 -0.041955 0.030006
f 355/355/355 356/356/356 357/357/357
v 8.924729 2.403881 0.048970
v 8.939262 2.517499 -2.557614
v 9.128831 -0.180119 -0.020101
vt 8.973699 2.403881
vt 6.381648 2.517499
vt 9.108730 -0.180119
vn -0.996874 -0.078500 -0.008980
vn -0.996874 -0.078500 -0.008980
vn -0.996874 -0.078500 -0.008980
f 358/358/358 359/359/359 360/360/360
v 9.115056 2.819467 -4.837555
v 9.131404 0.235467 -3.979899
v 9.064570 -0.066501 -2.000000
vt 4.277501 2.819467
vt 5.151505 0.235467
vt 7.064570 -0.066501
vn -0.999162 -0.018450 -0.036541
vn -0.999162 -0.018450 -0.036541
vn -0.999162 -0.018450 -0.036541
f 361/361/361 362/362/362 363/363/363
v 8.939262 2.517499 -2.557614
v 9.115056 2.819467 -4.837555
v 9.064570 -0.066501 -2.000000
vt 6.381648 2.517499
vt 4.277501 2.819467
vt 7.064570 -0.066501
vn -0.994108 -0.066654 -0.085479
vn -0.994108 -0.066654 -0.085479
vn -0.994108 -0.066654 -0.085479
f 364/364/364 365/365/365 366/366/366
v 9.707398 2.454523 -5.455295
v 9.600000 -0.129477 -4.800000
v 9.131404 0.235467 -3.979899
vt 4.252103 2.454523
vt 4.800000 -0.129477
vt 5.151505 0.235467
vn -0.880590 -0.081772 -0.466770
vn -0.880590 -0.081772 -0.466770
vn -0.880590 -0.081772 -0.466770
f 367/367/367 368/368/368 369/369/369
v 9.115056 2.819467 -4.837555
v 9.707398 2.454523 -5.455295
v 9.131404 0.235467 -3.979899
vt 4.277501 2.819467
vt 4.252103 2.454523
vt 5.151505 0.235467
vn -0.764418 -0.207446 -0.610436
vn -0.764418 -0.207446 -0.610436
vn -0.764418 -0.207446 -0.610436
f 370/370/370 371/371/371 372/372/372
v 10.267457 2.456296 -4.048970
v 10.065717 -0.127704 -3.979899
v 9.600000 -0.129477 -4.800000
vt 6.218486 2.456296
vt 6.085818 -0.127704
vt 4.800000 -0.129477
vn 0.866800 -0.080826 -0.492061
vn 0.866800 -0.080826 -0.492061
vn 0.866800 -0.080826 -0.492061
f 373/373/373 374/374/374 375/375/375
v 9.707398 2.454523 -5.455295
v 10.267457 2.456296 -4.048970
v 9.600000 -0.129477 -4.800000
vt 4.252103 2.454523
vt 6.218486 2.456296
vt 4.800000 -0.129477
vn 0.921057 -0.131260 -0.366639
vn 0.921057 -0.131260 -0.366639
vn 0.921057 -0.131260 -0.366639
f 376/376/376 377/377/377 378/378/378
v 10.252896 2.367587 -1.442386
v 10.129075 -0.216413 -2.000000
v 10.065717 -0.127704 -3.979899
vt 8.810510 2.367587
vt 8.129075 -0.216413
vt 6.085818 -0.127704
vn 0.998606 -0.040564 -0.033774
vn 0.998606 -0.040564 -0.033774
vn 0.998606 -0.040564 -0.033774
f 379/379/379 380/380/380 381/381/381
v 10.267457 2.456296 -4.048970
v 10.252896 2.367587 -1.442386
v 10.065717 -0.127704 -3.979899
vt 6.218486 2.456296
vt 8.810510 2.367587
vt 6.085818 -0.127704
vn 0.996968 -0.077758 0.002923
vn 0.996968 -0.077758 0.002923
vn 0.996968 -0.077758 0.002923
f 382/382/382 383/383/383 384/384/384
v 10.139855 5.508000 -0.228141
v 10.089934 2.584000 0.837555
v 10.252896 2.367587 -1.442386
vt 9.911713 5.508000
vt 10.927489 2.584000
vt 8.810510 2.367587
vn 0.997476 0.008656 0.070475
vn 0.997476 0.008656 0.070475
vn 0.997476 0.008656 0.070475
f 385/385/385 386/386/386 387/387/387
v 10.138402 5.291587 -2.343574
v 10.139855 5.508000 -0.228141
v 10.252896 2.367587 -1.442386
vt 7.794828 5.291587
vt 9.911713 5.508000
vt 8.810510 2.367587
vn 0.999278 0.037727 -0.004546
vn 0.999278 0.037727 -0.004546
vn 0.999278 0.037727 -0.004546
f 388/388/388 389/389/389 390/390/390
v 9.665281 5.724413 0.849361
v 9.494050 2.800413 1.455295
v 10.089934 2.584000 0.837555
vt 10.514642 5.724413
vt 10.949345 2.800413
vt 10.927489 2.584000
vn 0.733053 0.096594 0.673277
vn 0.733053 0.096594 0.673277
vn 0.733053 0.096594 0.673277
f 391/391/391 392/392/392 393/393/393
v 10.139855 5.508000 -0.228141
v 9.665281 5.724413 0.849361
v 10.089934 2.584000 0.837555
vt 9.911713 5.508000
vt 10.514642 5.724413
vt 10.927489 2.584000
vn 0.917113 0.122588 0.379310
vn 0.917113 0.122588 0.379310
vn 0.917113 0.122588 0.379310
f 394/394/394 395/395/395 396/396/396
v 9.178339 5.327881 0.257746
v 8.924729 2.403881 0.048970
v 9.494050 2.800413 1.455295
vt 9.436085 5.327881
vt 8.973699 2.403881
vt 10.949345 2.800413
vn -0.930817 0.054934 0.361333
vn -0.930817 0.054934 0.361333
vn -0.930817 0.054934 0.361333
f 397/397/397 398/398/398 399/399/399
v 9.665281 5.724413 0.849361
v 9.178339 5.327881 0.257746
v 9.494050 2.800413 1.455295
vt 10.514642 5.724413
vt 9.436085 5.327881
vt 10.949345 2.800413
vn -0.812677 0.163495 0.559308
vn -0.812677 0.163495 0.559308
vn -0.812677 0.163495 0.559308
f 400/400/400 401/401/401 402/402/402
v 9.055131 5.441499 -1.656426
v 8.939262 2.517499 -2.557614
v 8.924729 2.403881 0.048970
vt 7.398705 5.441499
vt 6.381648 2.517499
vt 8.973699 2.403881
vn -0.999162 0.040763 -0.003794
vn -0.999162 0.040763 -0.003794
vn -0.999162 0.040763 -0.003794
f 403/403/403 404/404/404 405/405/405
v 9.178339 5.327881 0.257746
v 9.055131 5.441499 -1.656426
v 8.924729 2.403881 0.048970
vt 9.436085 5.327881
vt 7.398705 5.441499
vt 8.973699 2.403881
vn -0.994308 0.081326 0.068827
vn -0.994308 0.081326 0.068827
vn -0.994308 0.081326 0.068827
f 406/406/406 407/407/407 408/408/408
v 9.065644 5.743467 -3.771859
v 9.115056 2.819467 -4.837555
v 8.939262 2.517499 -2.557614
vt 5.293785 5.743467
vt 4.277501 2.819467
vt 6.381648 2.517499
vn -0.997091 0.010656 -0.075469
vn -0.997091 0.010656 -0.075469
vn -0.997091 0.010656 -0.075469
f 409/409/409 410/410/410 411/411/411
v 9.055131 5.441499 -1.656426
v 9.065644 5.743467 -3.771859
v 8.939262 2.517499 -2.557614
vt 7.398705 5.441499
vt 5.293785 5.743467
vt 6.381648 2.517499
vn -0.999224 0.039394 0.000658
vn -0.999224 0.039394 0.000658
vn -0.999224 0.039394 0.000658
f 412/412/412 413/413/413 414/414/414
v 9.533827 5.378523 -4.849361
v 9.707398 2.454523 -5.455295
v 9.115056 2.819467 -4.837555
vt 4.684466 5.378523
vt 4.252103 2.454523
vt 4.277501 2.819467
vn -0.684647 0.108713 -0.720722
vn -0.684647 0.108713 -0.720722
vn -0.684647 0.108713 -0.720722
f 415/415/415 416/416/416 417/417/417
v 9.065644 5.743467 -3.771859
v 9.533827 5.378523 -4.849361
v 9.115056 2.819467 -4.837555
vt 5.293785 5.743467
vt 4.684466 5.378523
vt 4.277501 2.819467
vn -0.888992 0.143471 -0.434867
vn -0.888992 0.143471 -0.434867
vn -0.888992 0.143471 -0.434867
f 418/418/418 419/419/419 420/420/420
v 10.016781 5.380296 -4.257746
v 10.267457 2.456296 -4.048970
v 9.707398 2.454523 -5.455295
vt 5.759035 5.380296
vt 6.218486 2.456296
vt 4.252103 2.454523
vn 0.927703 0.053149 -0.369518
vn 0.927703 0.053149 -0.369518
vn 0.927703 0.053149 -0.369518
f 421/421/421 422/422/422 423/423/423
v 9.533827 5.378523 -4.849361
v 10.016781 5.380296 -4.257746
v 9.707398 2.454523 -5.455295
vt 4.684466 5.378523
vt 5.759035 5.380296
vt 4.252103 2.454523
vn 0.762536 0.174369 -0.623005
vn 0.762536 0.174369 -0.623005
vn 0.762536 0.174369 -0.623005
f 424/424/424 425/425/425 426/426/426
v 10.138402 5.291587 -2.343574
v 10.252896 2.367587 -1.442386
v 10.267457 2.456296 -4.048970
vt 7.794828 5.291587
vt 8.810510 2.367587
vt 6.218486 2.456296
vn 0.999123 0.041276 0.006986
vn 0.999123 0.041276 0.006986
vn 0.999123 0.041276 0.006986
f 427/427/427 428/428/428 429/429/429
v 10.016781 5.380296 -4.257746
v 10.138402 5.291587 -2.343574
v 10.267457 2.456296 -4.048970
vt 5.759035 5.380296
vt 7.794828 5.291587
vt 6.218486 2.456296
vn 0.994935 0.081051 -0.059459
vn 0.994935 0.081051 -0.059459
vn 0.994935 0.081051 -0.059459
f 430/430/430 431/431/431 432/432/432
v 9.844165 6.800000 -0.800868
v 10.139855 5.508000 -0.228141
v 10.138402 5.291587 -2.343574
vt 9.043297 6.800000
vt 9.911713 5.508000
vt 7.794828 5.291587
vn 0.976674 0.213542 -0.022517
vn 0.976674 0.213542 -0.022517
vn 0.976674 0.213542 -0.022517
f 433/433/433 434/434/434 435/435/435
v 9.896653 6.583587 -1.874134
v 9.844165 6.800000 -0.800868
v 10.138402 5.291587 -2.343574
vt 8.022518 6.583587
vt 9.043297 6.800000
vt 7.794828 5.291587
vn 0.983642 0.179742 0.011862
vn 0.983642 0.179742 0.011862
vn 0.983642 0.179742 0.011862
f 436/436/436 437/437/437 438/438/438
v 9.576085 7.016413 -0.430037
v 9.665281 5.724413 0.849361
v 10.139855 5.508000 -0.228141
vt 9.146047 7.016413
vt 10.514642 5.724413
vt 9.911713 5.508000
vn 0.875660 0.368980 0.311566
vn 0.875660 0.368980 0.311566
vn 0.875660 0.368980 0.311566
f 439/439/439 440/440/440 441/441/441
v 9.844165 6.800000 -0.800868
v 9.576085 7.016413 -0.430037
v 10.139855 5.508000 -0.228141
vt 9.043297 6.800000
vt 9.146047 7.016413
vt 9.911713 5.508000
vn 0.842242 0.367572 0.394360
vn 0.842242 0.367572 0.394360
vn 0.842242 0.367572 0.394360
f 442/442/442 443/443/443 444/444/444
v 9.314635 6.619881 -0.978869
v 9.178339 5.327881 0.257746
v 9.665281 5.724413 0.849361
vt 8.335766 6.619881
vt 9.436085 5.327881
vt 10.514642 5.724413
vn -0.814814 0.443405 0.373457
vn -0.814814 0.443405 0.373457
vn -0.814814 0.443405 0.373457
f 445/445/445 446/446/446 447/447/447
v 9.576085 7.016413 -0.430037
v 9.314635 6.619881 -0.978869
v 9.665281 5.724413 0.849361
vt 9.146047 7.016413
vt 8.335766 6.619881
vt 10.514642 5.724413
vn -0.932824 0.218974 0.286165
vn -0.932824 0.218974 0.286165
vn -0.932824 0.218974 0.286165
f 448/448/448 449/449/449 450/450/450
v 9.299784 6.733499 -2.125866
v 9.055131 5.441499 -1.656426
v 9.178339 5.327881 0.257746
vt 7.173919 6.733499
vt 7.398705 5.441499
vt 9.436085 5.327881
vn -0.974393 0.211868 0.075294
vn -0.974393 0.211868 0.075294
vn -0.974393 0.211868 0.075294
f 451/451/451 452/452/452 453/453/453
v 9.314635 6.619881 -0.978869
v 9.299784 6.733499 -2.125866
v 9.178339 5.327881 0.257746
vt 8.335766 6.619881
vt 7.173919 6.733499
vt 9.436085 5.327881
vn -0.991301 0.129099 0.025623
vn -0.991301 0.129099 0.025623
vn -0.991301 0.129099 0.025623
f 454/454/454 455/455/455 456/456/456
v 9.358322 7.035467 -3.199132
v 9.065644 5.743467 -3.771859
v 9.055131 5.441499 -1.656426
vt 6.159190 7.035467
vt 5.293785 5.743467
vt 7.398705 5.441499
vn -0.977325 0.210244 0.025155
vn -0.977325 0.210244 0.025155
vn -0.977325 0.210244 0.025155
f 457/457/457 458/458/458 459/459/459
v 9.299784 6.733499 -2.125866
v 9.358322 7.035467 -3.199132
v 9.055131 5.441499 -1.656426
vt 7.173919 6.733499
vt 6.159190 7.035467
vt 7.398705 5.441499
vn -0.982631 0.185568 -0.001384
vn -0.982631 0.185568 -0.001384
vn -0.982631 0.185568 -0.001384
f 460/460/460 461/461/461 462/462/462
v 9.624242 6.670523 -3.569963
v 9.533827 5.378523 -4.849361
v 9.065644 5.743467 -3.771859
vt 6.054279 6.670523
vt 4.684466 5.378523
vt 5.293785 5.743467
vn -0.699816 0.526751 -0.482483
vn -0.699816 0.526751 -0.482483
vn -0.699816 0.526751 -0.482483
f 463/463/463 464/464/464 465/465/465
v 9.358322 7.035467 -3.199132
v 9.624242 6.670523 -3.569963
v 9.065644 5.743467 -3.771859
vt 6.159190 7.035467
vt 6.054279 6.670523
vt 5.293785 5.743467
vn -0.460630 0.444828 -0.768081
vn -0.460630 0.444828 -0.768081
vn -0.460630 0.444828 -0.768081
f 466/466/466 467/467/467 468/468/468
v 9.882063 6.672296 -3.021131
v 10.016781 5.380296 -4.257746
v 9.533827 5.378523 -4.849361
vt 6.860932 6.672296
vt 5.759035 5.380296
vt 4.684466 5.378523
vn 0.637632 0.566317 -0.522217
vn 0.637632 0.566317 -0.522217
vn 0.637632 0.566317 -0.522217
f 469/469/469 470/470/470 471/471/471
v 9.624242 6.670523 -3.569963
v 9.882063 6.672296 -3.021131
v 9.533827 5.378523 -4.849361
vt 6.054279 6.670523
vt 6.860932 6.672296
vt 4.684466 5.378523
vn 0.851544 0.337609 -0.401114
vn 0.851544 0.337609 -0.401114
vn 0.851544 0.337609 -0.401114
f 472/472/472 473/473/473 474/474/474
v 9.896653 6.583587 -1.874134
v 10.138402 5.291587 -2.343574
v 10.016781 5.380296 -4.257746
vt 8.022518 6.583587
vt 7.794828 5.291587
vt 5.759035 5.380296
vn 0.977931 0.202155 -0.052766
vn 0.977931 0.202155 -0.052766
vn 0.977931 0.202155 -0.052766
f 475/475/475 476/476/476 477/477/477
v 9.882063 6.672296 -3.021131
v 9.896653 6.583587 -1.874134
v 10.016781 5.380296 -4.257746
vt 6.860932 6.672296
vt 8.022518 6.583587
vt 5.759035 5.380296
vn 0.994165 0.107788 -0.004310
vn 0.994165 0.107788 -0.004310
vn 0.994165 0.107788 -0.004310
f 478/478/478 479/479/479 480/480/480
v 10.178206 -0.066501 6.000000
v 10.041864 0.235467 7.979899
v 9.600000 -0.129477 8.800000
v 9.153854 -0.127704 7.979899
v 9.033896 0.235765 6.000000
v 9.149723 -0.068521 4.020101
v 9.600000 -0.178735 3.200000
v 10.054228 0.217281 4.020101
vt 16.178206 -0.066501
vt 18.021763 0.235467
vt 18.400000 -0.129477
vt 17.133753 -0.127704
vt 15.033896 0.235765
vt 13.169824 -0.068521
vt 12.800000 -0.178735
vt 14.074329 0.217281
vn 0.777513 -0.611491 0.146805
vn 0.777513 -0.611491 0.146805
vn 0.777513 -0.611491 0.146805
vn 0.777513 -0.611491 0.146805
vn 0.777513 -0.611491 0.146805
vn 0.777513 -0.611491 0.146805
vn 0.777513 -0.611491 0.146805
vn 0.777513 -0.611491 0.146805
f 481/481/481 482/482/482 483/483/483
f 481/481/481 483/483/483 484/484/484
f 481/481/481 484/484/484 485/485/485
f 481/481/481 485/485/485 486/486/486
f 481/481/481 486/486/486 487/487/487
f 481/481/481 487/487/487 488/488/488
v 9.875105 7.017281 4.978869
v 9.625190 6.621265 4.430037
v 9.367770 6.731479 4.800868
v 9.282585 7.035765 5.874134
v 9.329790 6.672296 7.021131
v 9.574285 6.670523 7.569963
v 9.827891 7.035467 7.199132
v 9.924200 6.733499 6.125866
vt 14.853974 7.017281
vt 14.055228 6.621265
vt 14.168638 6.731479
vt 15.156719 7.035765
vt 16.350921 6.672296
vt 17.144248 6.670523
vt 17.027022 7.035467
vt 16.050066 6.733499
vn -0.307352 0.832583 -0.460805
vn -0.307352 0.832583 -0.460805
vn -0.307352 0.832583 -0.460805
vn -0.307352 0.832583 -0.460805
vn -0.307352 0.832583 -0.460805
vn -0.307352 0.832583 -0.460805
vn -0.307352 0.832583 -0.460805
vn -0.307352 0.832583 -0.460805
f 489/489/489 490/490/490 491/491/491
f 489/489/489 491/491/491 492/492/492
f 489/489/489 492/492/492 493/493/493
f 489/489/489 493/493/493 494/494/494
f 489/489/489 494/494/494 495/495/495
f 489/489/489 495/495/495 496/496/496
v 10.057279 2.819467 8.837555
v 10.041864 0.235467 7.979899
v 10.178206 -0.066501 6.000000
vt 18.894834 2.819467
vt 18.021763 0.235467
vt 16.178206 -0.066501
vn 0.996853 -0.030263 0.073262
vn 0.996853 -0.030263 0.073262
vn 0.996853 -0.030263 0.073262
f 497/497/497 498/498/498 499/499/499
v 10.313525 2.517499 6.557614
v 10.057279 2.819467 8.837555
v 10.178206 -0.066501 6.000000
vt 16.871139 2.517499
vt 18.894834 2.819467
vt 16.178206 -0.066501
vn 0.989512 -0.078049 0.121550
vn 0.989512 -0.078049 0.121550
vn 0.989512 -0.078049 0.121550
f 500/500/500 501/501/501 502/502/502
v 9.486076 2.454523 9.455295
v 9.600000 -0.129477 8.800000
v 10.041864 0.235467 7.979899
vt 18.941371 2.454523
vt 18.400000 -0.129477
vt 18.021763 0.235467
vn 0.891329 -0.074126 0.447255
vn 0.891329 -0.074126 0.447255
vn 0.891329 -0.074126 0.447255
f 503/503/503 504/504/504 505/505/505
v 10.057279 2.819467 8.837555
v 9.486076 2.454523 9.455295
v 10.041864 0.235467 7.979899
vt 18.894834 2.819467
vt 18.941371 2.454523
vt 18.021763 0.235467
vn 0.775794 -0.202932 0.597463
vn 0.775794 -0.202932 0.597463
vn 0.775794 -0.202932 0.597463
f 506/506/506 507/507/507 508/508/508
v 8.960592 2.456296 8.048970
v 9.153854 -0.127704 7.979899
v 9.600000 -0.129477 8.800000
vt 17.009562 2.456296
vt 17.133753 -0.127704
vt 18.400000 -0.129477
vn -0.875806 -0.078234 0.476281
vn -0.875806 -0.078234 0.476281
vn -0.875806 -0.078234 0.476281
f 509/509/509 510/510/510 511/511/511
v 9.486076 2.454523 9.455295
v 8.960592 2.456296 8.048970
v 9.600000 -0.129477 8.800000
vt 18.941371 2.454523
vt 17.009562 2.456296
vt 18.400000 -0.129477
vn -0.928975 -0.128944 0.346956
vn -0.928975 -0.128944 0.346956
vn -0.928975 -0.128944 0.346956
f 512/512/512 513/513/513 514/514/514
v 8.901409 2.819765 5.442386
v 9.033896 0.235765 6.000000
v 9.153854 -0.127704 7.979899
vt 14.343795 2.819765
vt 15.033896 0.235765
vt 17.133753 -0.127704
vn -0.997797 -0.039686 0.053169
vn -0.997797 -0.039686 0.053169
vn -0.997797 -0.039686 0.053169
f 515/515/515 516/516/516 517/517/517
v 8.960592 2.456296 8.048970
v 8.901409 2.819765 5.442386
v 9.153854 -0.127704 7.979899
vt 17.009562 2.456296
vt 14.343795 2.819765
vt 17.133753 -0.127704
vn -0.997116 -0.074902 0.012195
vn -0.997116 -0.074902 0.012195
vn -0.997116 -0.074902 0.012195
f 518/518/518 519/519/519 520/520/520
v 9.134014 2.515479 3.162445
v 9.149723 -0.068521 4.020101
v 9.033896 0.235765 6.000000
vt 12.296459 2.515479
vt 13.169824 -0.068521
vt 15.033896 0.235765
vn -0.998211 -0.024216 -0.054675
vn -0.998211 -0.024216 -0.054675
vn -0.998211 -0.024216 -0.054675
f 521/521/521 522/522/522 523/523/523
v 8.901409 2.819765 5.442386
v 9.134014 2.515479 3.162445
v 9.033896 0.235765 6.000000
vt 14.343795 2.819765
vt 12.296459 2.515479
vt 15.033896 0.235765
vn -0.993252 -0.070756 -0.091891
vn -0.993252 -0.070756 -0.091891
vn -0.993252 -0.070756 -0.091891
f 524/524/524 525/525/525 526/526/526
v 9.711599 2.405265 2.544705
v 9.600000 -0.178735 3.200000
v 9.149723 -0.068521 4.020101
vt 12.256304 2.405265
vt 12.800000 -0.178735
vt 13.169824 -0.068521
vn -0.878230 -0.081573 -0.471230
vn -0.878230 -0.081573 -0.471230
vn -0.878230 -0.081573 -0.471230
f 527/527/527 528/528/528 529/529/529
v 9.134014 2.515479 3.162445
v 9.711599 2.405265 2.544705
v 9.149723 -0.068521 4.020101
vt 12.296459 2.515479
vt 12.256304 2.405265
vt 13.169824 -0.068521
vn -0.731932 -0.218646 -0.645344
vn -0.731932 -0.218646 -0.645344
vn -0.731932 -0.218646 -0.645344
f 530/530/530 531/531/531 532/532/532
v 10.250991 2.801281 3.951030
v 10.054228 0.217281 4.020101
v 9.600000 -0.178735 3.200000
vt 14.202021 2.801281
vt 14.074329 0.217281
vt 12.800000 -0.178735
vn 0.887817 -0.079720 -0.453238
vn 0.887817 -0.079720 -0.453238
vn 0.887817 -0.079720 -0.453238
f 533/533/533 534/534/534 535/535/535
v 9.711599 2.405265 2.544705
v 10.250991 2.801281 3.951030
v 9.600000 -0.178735 3.200000
vt 12.256304 2.405265
vt 14.202021 2.801281
vt 12.800000 -0.178735
vn 0.937681 -0.122924 -0.325030
vn 0.937681 -0.122924 -0.325030
vn 0.937681 -0.122924 -0.325030
f 536/536/536 537/537/537 538/538/538
v 10.313525 2.517499 6.557614
v 10.178206 -0.066501 6.000000
v 10.054228 0.217281 4.020101
vt 16.871139 2.517499
vt 16.178206 -0.066501
vt 14.074329 0.217281
vn 0.996990 -0.037576 -0.067816
vn 0.996990 -0.037576 -0.067816
vn 0.996990 -0.037576 -0.067816
f 539/539/539 540/540/540 541/541/541
v 10.250991 2.801281 3.951030
v 10.313525 2.517499 6.557614
v 10.054228 0.217281 4.020101
vt 14.202021 2.801281
vt 16.871139 2.517499
vt 14.074329 0.217281
vn 0.996529 -0.076745 -0.032263
vn 0.996529 -0.076745 -0.032263
vn 0.996529 -0.076745 -0.032263
f 542/542/542 543/543/543 544/544/544
v 10.103872 5.743467 7.771859
v 10.057279 2.819467 8.837555
v 10.313525 2.517499 6.557614
vt 17.875731 5.743467
vt 18.894834 2.819467
vt 16.871139 2.517499
vn 0.993807 0.023728 0.108553
vn 0.993807 0.023728 0.108553
vn 0.993807 0.023728 0.108553
f 545/545/545 546/546/546 547/547/547
v 10.188399 5.441499 5.656426
v 10.103872 5.743467 7.771859
v 10.313525 2.517499 6.557614
vt 15.844825 5.441499
vt 17.875731 5.743467
vt 16.871139 2.517499
vn 0.998087 0.052685 0.032360
vn 0.998087 0.052685 0.032360
vn 0.998087 0.052685 0.032360
f 548/548/548 549/549/549 550/550/550
v 9.670194 5.378523 8.849361
v 9.486076 2.454523 9.455295
v 10.057279 2.819467 8.837555
vt 18.519555 5.378523
vt 18.941371 2.454523
vt 18.894834 2.819467
vn 0.699428 0.102533 0.707310
vn 0.699428 0.102533 0.707310
vn 0.699428 0.102533 0.707310
f 551/551/551 552/552/552 553/553/553
v 10.103872 5.743467 7.771859
v 9.670194 5.378523 8.849361
v 10.057279 2.819467 8.837555
vt 17.875731 5.743467
vt 18.519555 5.378523
vt 18.894834 2.819467
vn 0.902599 0.134641 0.408884
vn 0.902599 0.134641 0.408884
vn 0.902599 0.134641 0.408884
f 554/554/554 555/555/555 556/556/556
v 9.200733 5.380296 8.257746
v 8.960592 2.456296 8.048970
v 9.486076 2.454523 9.455295
vt 17.458479 5.380296
vt 17.009562 2.456296
vt 18.941371 2.454523
vn -0.935460 0.051865 0.349607
vn -0.935460 0.051865 0.349607
vn -0.935460 0.051865 0.349607
f 557/557/557 558/558/558 559/559/559
v 9.670194 5.378523 8.849361
v 9.200733 5.380296 8.257746
v 9.486076 2.454523 9.455295
vt 18.519555 5.378523
vt 17.458479 5.380296
vt 18.941371 2.454523
vn -0.770933 0.175426 0.612280
vn -0.770933 0.175426 0.612280
vn -0.770933 0.175426 0.612280
f 560/560/560 561/561/561 562/562/562
v 9.023916 5.743765 6.343574
v 8.901409 2.819765 5.442386
v 8.960592 2.456296 8.048970
vt 15.367490 5.743765
vt 14.343795 2.819765
vt 17.009562 2.456296
vn -0.999067 0.033430 0.027346
vn -0.999067 0.033430 0.027346
vn -0.999067 0.033430 0.027346
f 563/563/563 564/564/564 565/565/565
v 9.200733 5.380296 8.257746
v 9.023916 5.743765 6.343574
v 8.960592 2.456296 8.048970
vt 17.458479 5.380296
vt 15.367490 5.743765
vt 17.009562 2.456296
vn -0.991655 0.073900 0.105634
vn -0.991655 0.073900 0.105634
vn -0.991655 0.073900 0.105634
f 566/566/566 567/567/567 568/568/568
v 9.086534 5.439479 4.228141
v 9.134014 2.515479 3.162445
v 8.901409 2.819765 5.442386
vt 13.314675 5.439479
vt 12.296459 2.515479
vt 14.343795 2.819765
vn -0.994298 0.021891 -0.104363
vn -0.994298 0.021891 -0.104363
vn -0.994298 0.021891 -0.104363
f 569/569/569 570/570/570 571/571/571
v 9.023916 5.743765 6.343574
v 9.086534 5.439479 4.228141
v 8.901409 2.819765 5.442386
vt 15.367490 5.743765
vt 13.314675 5.439479
vt 14.343795 2.819765
vn -0.997887 0.053274 -0.037201
vn -0.997887 0.053274 -0.037201
vn -0.997887 0.053274 -0.037201
f 572/572/572 573/573/573 574/574/574
v 9.531238 5.329265 3.150639
v 9.711599 2.405265 2.544705
v 9.134014 2.515479 3.162445
vt 12.681877 5.329265
vt 12.256304 2.405265
vt 12.296459 2.515479
vn -0.718073 0.098480 -0.688965
vn -0.718073 0.098480 -0.688965
vn -0.718073 0.098480 -0.688965
f 575/575/575 576/576/576 577/577/577
v 9.086534 5.439479 4.228141
v 9.531238 5.329265 3.150639
v 9.134014 2.515479 3.162445
vt 13.314675 5.439479
vt 12.681877 5.329265
vt 12.296459 2.515479
vn -0.912212 0.127143 -0.389491
vn -0.912212 0.127143 -0.389491
vn -0.912212 0.127143 -0.389491
f 578/578/578 579/579/579 580/580/580
v 10.006500 5.725281 3.742254
v 10.250991 2.801281 3.951030
v 9.711599 2.405265 2.544705
vt 13.748754 5.725281
vt 14.202021 2.801281
vt 12.256304 2.405265
vn 0.927560 0.051129 -0.370161
vn 0.927560 0.051129 -0.370161
vn 0.927560 0.051129 -0.370161
f 581/581/581 582/582/582 583/583/583
v 9.531238 5.329265 3.150639
v 10.006500 5.725281 3.742254
v 9.711599 2.405265 2.544705
vt 12.681877 5.329265
vt 13.748754 5.725281
vt 12.256304 2.405265
vn 0.701544 0.185840 -0.687968
vn 0.701544 0.185840 -0.687968
vn 0.701544 0.185840 -0.687968
f 584/584/584 585/585/585 586/586/586
v 10.188399 5.441499 5.656426
v 10.313525 2.517499 6.557614
v 10.250991 2.801281 3.951030
vt 15.844825 5.441499
vt 16.871139 2.517499
vt 14.202021 2.801281
vn 0.999130 0.036596 -0.019986
vn 0.999130 0.036596 -0.019986
vn 0.999130 0.036596 -0.019986
f 587/587/587 588/588/588 589/589/589
v 10.006500 5.725281 3.742254
v 10.188399 5.441499 5.656426
v 10.250991 2.801281 3.951030
vt 13.748754 5.725281
vt 15.844825 5.441499
vt 14.202021 2.801281
vn 0.993560 0.077152 -0.082978
vn 0.993560 0.077152 -0.082978
vn 0.993560 0.077152 -0.082978
f 590/590/590 591/591/591 592/592/592
v 9.827891 7.035467 7.199132
v 10.103872 5.743467 7.771859
v 10.188399 5.441499 5.656426
vt 17.027022 7.035467
vt 17.875731 5.743467
vt 15.844825 5.441499
vn 0.977106 0.212574 0.008698
vn 0.977106 0.212574 0.008698
vn 0.977106 0.212574 0.008698
f 593/593/593 594/594/594 595/595/595
v 9.924200 6.733499 6.125866
v 9.827891 7.035467 7.199132
v 10.188399 5.441499 5.656426
vt 16.050066 6.733499
vt 17.027022 7.035467
vt 15.844825 5.441499
vn 0.981552 0.187923 0.035207
vn 0.981552 0.187923 0.035207
vn 0.981552 0.187923 0.035207
f 596/596/596 597/597/597 598/598/598
v 9.574285 6.670523 7.569963
v 9.670194 5.378523 8.849361
v 10.103872 5.743467 7.771859
vt 17.144248 6.670523
vt 18.519555 5.378523
vt 17.875731 5.743467
vn 0.721676 0.513389 0.464345
vn 0.721676 0.513389 0.464345
vn 0.721676 0.513389 0.464345
f 599/599/599 600/600/600 601/601/601
v 9.827891 7.035467 7.199132
v 9.574285 6.670523 7.569963
v 10.103872 5.743467 7.771859
vt 17.027022 7.035467
vt 17.144248 6.670523
vt 17.875731 5.743467
vn 0.479153 0.439220 0.759933
vn 0.479153 0.439220 0.759933
vn 0.479153 0.439220 0.759933
f 602/602/602 603/603/603 604/604/604
v 9.329790 6.672296 7.021131
v 9.200733 5.380296 8.257746
v 9.670194 5.378523 8.849361
vt 16.350921 6.672296
vt 17.458479 5.380296
vt 18.519555 5.378523
vn -0.648666 0.559066 0.516408
vn -0.648666 0.559066 0.516408
vn -0.648666 0.559066 0.516408
f 605/605/605 606/606/606 607/607/607
v 9.574285 6.670523 7.569963
v 9.329790 6.672296 7.021131
v 9.670194 5.378523 8.849361
vt 17.144248 6.670523
vt 16.350921 6.672296
vt 18.519555 5.378523
vn -0.865485 0.318568 0.386587
vn -0.865485 0.318568 0.386587
vn -0.865485 0.318568 0.386587
f 608/608/608 609/609/609 610/610/610
v 9.282585 7.035765 5.874134
v 9.023916 5.743765 6.343574
v 9.200733 5.380296 8.257746
vt 15.156719 7.035765
vt 15.367490 5.743765
vt 17.458479 5.380296
vn -0.961066 0.241319 0.134598
vn -0.961066 0.241319 0.134598
vn -0.961066 0.241319 0.134598
f 611/611/611 612/612/612 613/613/613
v 9.329790 6.672296 7.021131
v 9.282585 7.035765 5.874134
v 9.200733 5.380296 8.257746
vt 16.350921 6.672296
vt 15.156719 7.035765
vt 17.458479 5.380296
vn -0.975488 0.195015 0.101945
vn -0.975488 0.195015 0.101945
vn -0.975488 0.195015 0.101945
f 614/614/614 615/615/615 616/616/616
v 9.367770 6.731479 4.800868
v 9.086534 5.439479 4.228141
v 9.023916 5.743765 6.343574
vt 14.168638 6.731479
vt 13.314675 5.439479
vt 15.367490 5.743765
vn -0.969002 0.238874 -0.063043
vn -0.969002 0.238874 -0.063043
vn -0.969002 0.238874 -0.063043
f 617/617/617 618/618/618 619/619/619
v 9.282585 7.035765 5.874134
v 9.367770 6.731479 4.800868
v 9.023916 5.743765 6.343574
vt 15.156719 7.035765
vt 14.168638 6.731479
vt 15.367490 5.743765
vn -0.980878 0.152394 -0.121058
vn -0.980878 0.152394 -0.121058
vn -0.980878 0.152394 -0.121058
f 620/620/620 621/621/621 622/622/622
v 9.625190 6.621265 4.430037
v 9.531238 5.329265 3.150639
v 9.086534 5.439479 4.228141
vt 14.055228 6.621265
vt 12.681877 5.329265
vt 13.314675 5.439479
vn -0.815002 0.436571 -0.381021
vn -0.815002 0.436571 -0.381021
vn -0.815002 0.436571 -0.381021
f 623/623/623 624/624/624 625/625/625
v 9.367770 6.731479 4.800868
v 9.625190 6.621265 4.430037
v 9.086534 5.439479 4.228141
vt 14.168638 6.731479
vt 14.055228 6.621265
vt 13.314675 5.439479
vn -0.685177 0.414612 -0.598857
vn -0.685177 0.414612 -0.598857
vn -0.685177 0.414612 -0.598857
f 626/626/626 627/627/627 628/628/628
v 9.875105 7.017281 4.978869
v 10.006500 5.725281 3.742254
v 9.531238 5.329265 3.150639
vt 14.853974 7.017281
vt 13.748754 5.725281
vt 12.681877 5.329265
vn 0.280032 0.678499 -0.679133
vn 0.280032 0.678499 -0.679133
vn 0.280032 0.678499 -0.679133
f 629/629/629 630/630/630 631/631/631
v 9.625190 6.621265 4.430037
v 9.875105 7.017281 4.978869
v 9.531238 5.329265 3.150639
vt 14.055228 6.621265
vt 14.853974 7.017281
vt 12.681877 5.329265
vn 0.458988 0.608063 -0.647758
vn 0.458988 0.608063 -0.647758
vn 0.458988 0.608063 -0.647758
f 632/632/632 633/633/633 634/634/634
v 9.924200 6.733499 6.125866
v 10.188399 5.441499 5.656426
v 10.006500 5.725281 3.742254
vt 16.050066 6.733499
vt 15.844825 5.441499
vt 13.748754 5.725281
vn 0.973489 0.220786 -0.059776
vn 0.973489 0.220786 -0.059776
vn 0.973489 0.220786 -0.059776
f 635/635/635 636/636/636 637/637/637
v 9.875105 7.017281 4.978869
v 9.924200 6.733499 6.125866
v 10.006500 5.725281 3.742254
vt 14.853974 7.017281
vt 16.050066 6.733499
vt 13.748754 5.725281
vn 0.993313 0.114580 -0.014169
vn 0.993313 0.114580 -0.014169
vn 0.993313 0.114580 -0.014169
f 638/638/638 639/639/639 640/640/640
v 10.277267 0.235765 14.000000
v 9.969989 -0.068521 15.979899
v 9.600000 -0.178735 16.800000
v 9.229009 0.217281 15.979899
v 8.925566 -0.002107 14.000000
v 9.227638 -0.215528 12.020101
v 9.600000 0.181489 11.200000
v 9.974092 0.064476 12.020101
vt 24.277267 0.235765
vt 25.949888 -0.068521
vt 26.400000 -0.178735
vt 25.208908 0.217281
vt 22.925566 -0.002107
vt 21.247739 -0.215528
vt 20.800000 0.181489
vt 21.994193 0.064476
vn -0.064212 -0.984811 -0.161319
vn -0.064212 -0.984811 -0.161319
vn -0.064212 -0.984811 -0.161319
vn -0.064212 -0.984811 -0.161319
vn -0.064212 -0.984811 -0.161319
vn -0.064212 -0.984811 -0.161319
vn -0.064212 -0.984811 -0.161319
vn -0.064212 -0.984811 -0.161319
f 641/641/641 642/642/642 643/643/643
f 641/641/641 643/643/643 644/644/644
f 641/641/641 644/644/644 645/645/645
f 641/641/641 645/645/645 646/646/646
f 641/641/641 646/646/646 647/647/647
f 641/641/641 647/647/647 648/648/648
v 9.826570 6.864476 12.978869
v 9.630219 6.981489 12.430037
v 9.407955 6.584472 12.800868
v 9.221844 6.797893 13.874134
v 9.375308 7.017281 15.021131
v 9.569607 6.621265 15.569963
v 9.790821 6.731479 15.199132
v 9.979744 7.035765 14.125866
vt 22.805439 6.864476
vt 22.060256 6.981489
vt 22.208823 6.584472
vt 23.095978 6.797893
vt 24.396439 7.017281
vt 25.139570 6.621265
vt 24.989953 6.731479
vt 24.105610 7.035765
vn -0.620046 0.692160 0.369401
vn -0.620046 0.692160 0.369401
vn -0.620046 0.692160 0.369401
vn -0.620046 0.692160 0.369401
vn -0.620046 0.692160 0.369401
vn -0.620046 0.692160 0.369401
vn -0.620046 0.692160 0.369401
vn -0.620046 0.692160 0.369401
f 649/649/649 650/650/650 651/651/651
f 649/649/649 651/651/651 652/652/652
f 649/649/649 652/652/652 653/653/653
f 649/649/649 653/653/653 654/654/654
f 649/649/649 654/654/654 655/655/655
f 649/649/649 655/655/655 656/656/656
v 9.982896 2.515479 16.837555
v 9.969989 -0.068521 15.979899
v 10.277267 0.235765 14.000000
vt 26.820451 2.515479
vt 25.949888 -0.068521
vt 24.277267 0.235765
vn 0.987980 -0.053119 0.145170
vn 0.987980 -0.053119 0.145170
vn 0.987980 -0.053119 0.145170
f 657/657/657 658/658/658 659/659/659
v 10.435771 2.819765 14.557614
v 9.982896 2.515479 16.837555
v 10.277267 0.235765 14.000000
vt 24.993385 2.819765
vt 26.820451 2.515479
vt 24.277267 0.235765
vn 0.978453 -0.099105 0.181128
vn 0.978453 -0.099105 0.181128
vn 0.978453 -0.099105 0.181128
f 660/660/660 661/661/661 662/662/662
v 9.465353 2.405265 17.455295
v 9.600000 -0.178735 16.800000
v 9.969989 -0.068521 15.979899
vt 26.920649 2.405265
vt 26.400000 -0.178735
vt 25.949888 -0.068521
vn 0.912899 -0.055002 0.404463
vn 0.912899 -0.055002 0.404463
vn 0.912899 -0.055002 0.404463
f 663/663/663 664/664/664 665/665/665
v 9.982896 2.515479 16.837555
v 9.465353 2.405265 17.455295
v 9.969989 -0.068521 15.979899
vt 26.820451 2.515479
vt 26.920649 2.405265
vt 25.949888 -0.068521
vn 0.767935 -0.205226 0.606761
vn 0.767935 -0.205226 0.606761
vn 0.767935 -0.205226 0.606761
f 666/666/666 667/667/667 668/668/668
v 9.068302 2.801281 16.048970
v 9.229009 0.217281 15.979899
v 9.600000 -0.178735 16.800000
vt 25.117273 2.801281
vt 25.208908 0.217281
vt 26.400000 -0.178735
vn -0.920874 -0.067535 0.383966
vn -0.920874 -0.067535 0.383966
vn -0.920874 -0.067535 0.383966
f 669/669/669 670/670/670 671/671/671
v 9.465353 2.405265 17.455295
v 9.068302 2.801281 16.048970
v 9.600000 -0.178735 16.800000
vt 26.920649 2.405265
vt 25.117273 2.801281
vt 26.400000 -0.178735
vn -0.964153 -0.111322 0.240864
vn -0.964153 -0.111322 0.240864
vn -0.964153 -0.111322 0.240864
f 672/672/672 673/673/673 674/674/674
v 8.767725 2.581893 13.442386
v 8.925566 -0.002107 14.000000
v 9.229009 0.217281 15.979899
vt 22.210111 2.581893
vt 22.925566 -0.002107
vt 25.208908 0.217281
vn -0.987645 -0.027019 0.154362
vn -0.987645 -0.027019 0.154362
vn -0.987645 -0.027019 0.154362
f 675/675/675 676/676/676 677/677/677
v 9.068302 2.801281 16.048970
v 8.767725 2.581893 13.442386
v 9.229009 0.217281 15.979899
vt 25.117273 2.801281
vt 22.210111 2.581893
vt 25.208908 0.217281
vn -0.990693 -0.064814 0.119696
vn -0.990693 -0.064814 0.119696
vn -0.990693 -0.064814 0.119696
f 678/678/678 679/679/679 680/680/680
v 9.214648 2.368472 11.162445
v 9.227638 -0.215528 12.020101
v 8.925566 -0.002107 14.000000
vt 20.377092 2.368472
vt 21.247739 -0.215528
vt 22.925566 -0.002107
vn -0.988004 -0.053099 -0.145015
vn -0.988004 -0.053099 -0.145015
vn -0.988004 -0.053099 -0.145015
f 681/681/681 682/682/682 683/683/683
v 8.767725 2.581893 13.442386
v 9.214648 2.368472 11.162445
v 8.925566 -0.002107 14.000000
vt 22.210111 2.581893
vt 20.377092 2.368472
vt 22.925566 -0.002107
vn -0.978201 -0.099129 -0.182471
vn -0.978201 -0.099129 -0.182471
vn -0.978201 -0.099129 -0.182471
f 684/684/684 685/685/685 686/686/686
v 9.733875 2.765489 10.544705
v 9.600000 0.181489 11.200000
v 9.227638 -0.215528 12.020101
vt 20.278580 2.765489
vt 20.800000 0.181489
vt 21.247739 -0.215528
vn -0.896463 -0.064724 -0.438367
vn -0.896463 -0.064724 -0.438367
vn -0.896463 -0.064724 -0.438367
f 687/687/687 688/688/688 689/689/689
v 9.214648 2.368472 11.162445
v 9.733875 2.765489 10.544705
v 9.227638 -0.215528 12.020101
vt 20.377092 2.368472
vt 20.278580 2.765489
vt 21.247739 -0.215528
vn -0.662165 -0.239053 -0.710205
vn -0.662165 -0.239053 -0.710205
vn -0.662165 -0.239053 -0.710205
f 690/690/690 691/691/691 692/692/692
v 10.136142 2.648476 11.951030
v 9.974092 0.064476 12.020101
v 9.600000 0.181489 11.200000
vt 22.087171 2.648476
vt 21.994193 0.064476
vt 20.800000 0.181489
vn 0.904012 -0.067975 -0.422067
vn 0.904012 -0.067975 -0.422067
vn 0.904012 -0.067975 -0.422067
f 693/693/693 694/694/694 695/695/695
v 9.733875 2.765489 10.544705
v 10.136142 2.648476 11.951030
v 9.600000 0.181489 11.200000
vt 20.278580 2.765489
vt 22.087171 2.648476
vt 20.800000 0.181489
vn 0.951685 -0.120891 -0.282280
vn 0.951685 -0.120891 -0.282280
vn 0.951685 -0.120891 -0.282280
f 696/696/696 697/697/697 698/698/698
v 10.435771 2.819765 14.557614
v 10.277267 0.235765 14.000000
v 9.974092 0.064476 12.020101
vt 24.993385 2.819765
vt 24.277267 0.235765
vt 21.994193 0.064476
vn 0.988443 -0.028502 -0.148891
vn 0.988443 -0.028502 -0.148891
vn 0.988443 -0.028502 -0.148891
f 699/699/699 700/700/700 701/701/701
v 10.136142 2.648476 11.951030
v 10.435771 2.819765 14.557614
v 9.974092 0.064476 12.020101
vt 22.087171 2.648476
vt 24.993385 2.819765
vt 21.994193 0.064476
vn 0.991825 -0.065133 -0.109731
vn 0.991825 -0.065133 -0.109731
vn 0.991825 -0.065133 -0.109731
f 702/702/702 703/703/703 704/704/704
v 10.021911 5.439479 15.771859
v 9.982896 2.515479 16.837555
v 10.435771 2.819765 14.557614
vt 25.793769 5.439479
vt 26.820451 2.515479
vt 24.993385 2.819765
vn 0.977452 0.060672 0.202253
vn 0.977452 0.060672 0.202253
vn 0.977452 0.060672 0.202253
f 705/705/705 706/706/706 707/707/707
v 10.289207 5.743765 13.656426
v 10.021911 5.439479 15.771859
v 10.435771 2.819765 14.557614
vt 23.945633 5.743765
vt 25.793769 5.439479
vt 24.993385 2.819765
vn 0.986182 0.091912 0.137830
vn 0.986182 0.091912 0.137830
vn 0.986182 0.091912 0.137830
f 708/708/708 709/709/709 710/710/710
v 9.682963 5.329265 16.849361
v 9.465353 2.405265 17.455295
v 9.982896 2.515479 16.837555
vt 26.532323 5.329265
vt 26.920649 2.405265
vt 26.820451 2.515479
vn 0.757304 0.078004 0.648387
vn 0.757304 0.078004 0.648387
vn 0.757304 0.078004 0.648387
f 711/711/711 712/712/712 713/713/713
v 10.021911 5.439479 15.771859
v 9.682963 5.329265 16.849361
v 9.982896 2.515479 16.837555
vt 25.793769 5.439479
vt 26.532323 5.329265
vt 26.820451 2.515479
vn 0.946216 0.099570 0.307834
vn 0.946216 0.099570 0.307834
vn 0.946216 0.099570 0.307834
f 714/714/714 715/715/715 716/716/716
v 9.267991 5.725281 16.257746
v 9.068302 2.801281 16.048970
v 9.465353 2.405265 17.455295
vt 25.525737 5.725281
vt 25.117273 2.801281
vt 26.920649 2.405265
vn -0.957994 0.045204 0.283202
vn -0.957994 0.045204 0.283202
vn -0.957994 0.045204 0.283202
f 717/717/717 718/718/718 719/719/719
v 9.682963 5.329265 16.849361
v 9.267991 5.725281 16.257746
v 9.465353 2.405265 17.455295
vt 26.532323 5.329265
vt 25.525737 5.725281
vt 26.920649 2.405265
vn -0.740052 0.188840 0.645494
vn -0.740052 0.188840 0.645494
vn -0.740052 0.188840 0.645494
f 720/720/720 721/721/721 722/722/722
v 8.913676 5.505893 14.343574
v 8.767725 2.581893 13.442386
v 9.068302 2.801281 16.048970
vt 23.257250 5.505893
vt 22.210111 2.581893
vt 25.117273 2.801281
vn -0.993450 0.014661 0.113325
vn -0.993450 0.014661 0.113325
vn -0.993450 0.014661 0.113325
f 723/723/723 724/724/724 725/725/725
v 9.267991 5.725281 16.257746
v 8.913676 5.505893 14.343574
v 9.068302 2.801281 16.048970
vt 25.525737 5.725281
vt 23.257250 5.505893
vt 25.117273 2.801281
vn -0.982932 0.054583 0.175686
vn -0.982932 0.054583 0.175686
vn -0.982932 0.054583 0.175686
f 726/726/726 727/727/727 728/728/728
v 9.175383 5.292472 12.228141
v 9.214648 2.368472 11.162445
v 8.767725 2.581893 13.442386
vt 21.403524 5.292472
vt 20.377092 2.368472
vt 22.210111 2.581893
vn -0.978574 0.058778 -0.197326
vn -0.978574 0.058778 -0.197326
vn -0.978574 0.058778 -0.197326
f 729/729/729 730/730/730 731/731/731
v 8.913676 5.505893 14.343574
v 9.175383 5.292472 12.228141
v 8.767725 2.581893 13.442386
vt 23.257250 5.505893
vt 21.403524 5.292472
vt 22.210111 2.581893
vn -0.987289 0.089714 -0.131192
vn -0.987289 0.089714 -0.131192
vn -0.987289 0.089714 -0.131192
f 732/732/732 733/733/733 734/734/734
v 9.517513 5.689489 11.150639
v 9.733875 2.765489 10.544705
v 9.214648 2.368472 11.162445
vt 20.668152 5.689489
vt 20.278580 2.765489
vt 20.377092 2.368472
vn -0.785187 0.069419 -0.615356
vn -0.785187 0.069419 -0.615356
vn -0.785187 0.069419 -0.615356
f 735/735/735 736/736/736 737/737/737
v 9.175383 5.292472 12.228141
v 9.517513 5.689489 11.150639
v 9.214648 2.368472 11.162445
vt 21.403524 5.292472
vt 20.668152 5.689489
vt 20.377092 2.368472
vn -0.958286 0.086424 -0.272432
vn -0.958286 0.086424 -0.272432
vn -0.958286 0.086424 -0.272432
f 738/738/738 739/739/739 740/740/740
v 9.934784 5.572476 11.742254
v 10.136142 2.648476 11.951030
v 9.733875 2.765489 10.544705
vt 21.677038 5.572476
vt 22.087171 2.648476
vt 20.278580 2.765489
vn 0.961409 0.046849 -0.271104
vn 0.961409 0.046849 -0.271104
vn 0.961409 0.046849 -0.271104
f 741/741/741 742/742/742 743/743/743
v 9.517513 5.689489 11.150639
v 9.934784 5.572476 11.742254
v 9.733875 2.765489 10.544705
vt 20.668152 5.689489
vt 21.677038 5.572476
vt 20.278580 2.765489
vn 0.820629 0.173552 -0.544470
vn 0.820629 0.173552 -0.544470
vn 0.820629 0.173552 -0.544470
f 744/744/744 745/745/745 746/746/746
v 10.289207 5.743765 13.656426
v 10.435771 2.819765 14.557614
v 10.136142 2.648476 11.951030
vt 23.945633 5.743765
vt 24.993385 2.819765
vt 22.087171 2.648476
vn 0.993249 0.014307 -0.115115
vn 0.993249 0.014307 -0.115115
vn 0.993249 0.014307 -0.115115
f 747/747/747 748/748/748 749/749/749
v 9.934784 5.572476 11.742254
v 10.289207 5.743765 13.656426
v 10.136142 2.648476 11.951030
vt 21.677038 5.572476
vt 23.945633 5.743765
vt 22.087171 2.648476
vn 0.980959 0.054238 -0.186485
vn 0.980959 0.054238 -0.186485
vn 0.980959 0.054238 -0.186485
f 750/750/750 751/751/751 752/752/752
v 9.790821 6.731479 15.199132
v 10.021911 5.439479 15.771859
v 10.289207 5.743765 13.656426
vt 24.989953 6.731479
vt 25.793769 5.439479
vt 23.945633 5.743765
vn 0.958124 0.240364 0.155638
vn 0.958124 0.240364 0.155638
vn 0.958124 0.240364 0.155638
f 753/753/753 754/754/754 755/755/755
v 9.979744 7.035765 14.125866
v 9.790821 6.731479 15.199132
v 10.289207 5.743765 13.656426
vt 24.105610 7.035765
vt 24.989953 6.731479
vt 23.945633 5.743765
vn 0.964825 0.153569 0.213374
vn 0.964825 0.153569 0.213374
vn 0.964825 0.153569 0.213374
f 756/756/756 757/757/757 758/758/758
v 9.569607 6.621265 15.569963
v 9.682963 5.329265 16.849361
v 10.021911 5.439479 15.771859
vt 25.139570 6.621265
vt 26.532323 5.329265
vt 25.793769 5.439479
vn 0.868107 0.385641 0.312525
vn 0.868107 0.385641 0.312525
vn 0.868107 0.385641 0.312525
f 759/759/759 760/760/760 761/761/761
v 9.790821 6.731479 15.199132
v 9.569607 6.621265 15.569963
v 10.021911 5.439479 15.771859
vt 24.989953 6.731479
vt 25.139570 6.621265
vt 25.793769 5.439479
vn 0.741127 0.378393 0.554571
vn 0.741127 0.378393 0.554571
vn 0.741127 0.378393 0.554571
f 762/762/762 763/763/763 764/764/764
v 9.375308 7.017281 15.021131
v 9.267991 5.725281 16.257746
v 9.682963 5.329265 16.849361
vt 24.396439 7.017281
vt 25.525737 5.725281
vt 26.532323 5.329265
vn -0.318672 0.669085 0.671396
vn -0.318672 0.669085 0.671396
vn -0.318672 0.669085 0.671396
f 765/765/765 766/766/766 767/767/767
v 9.569607 6.621265 15.569963
v 9.375308 7.017281 15.021131
v 9.682963 5.329265 16.849361
vt 25.139570 6.621265
vt 24.396439 7.017281
vt 26.532323 5.329265
vn -0.588775 0.542076 0.599581
vn -0.588775 0.542076 0.599581
vn -0.588775 0.542076 0.599581
f 768/768/768 769/769/769 770/770/770
v 9.221844 6.797893 13.874134
v 8.913676 5.505893 14.343574
v 9.267991 5.725281 16.257746
vt 23.095978 6.797893
vt 23.257250 5.505893
vt 25.525737 5.725281
vn -0.949538 0.278738 0.143814
vn -0.949538 0.278738 0.143814
vn -0.949538 0.278738 0.143814
f 771/771/771 772/772/772 773/773/773
v 9.375308 7.017281 15.021131
v 9.221844 6.797893 13.874134
v 9.267991 5.725281 16.257746
vt 24.396439 7.017281
vt 23.095978 6.797893
vt 25.525737 5.725281
vn -0.979743 0.174839 0.097645
vn -0.979743 0.174839 0.097645
vn -0.979743 0.174839 0.097645
f 774/774/774 775/775/775 776/776/776
v 9.407955 6.584472 12.800868
v 9.175383 5.292472 12.228141
v 8.913676 5.505893 14.343574
vt 22.208823 6.584472
vt 21.403524 5.292472
vt 23.257250 5.505893
vn -0.961140 0.236291 -0.142744
vn -0.961140 0.236291 -0.142744
vn -0.961140 0.236291 -0.142744
f 777/777/777 778/778/778 779/779/779
v 9.221844 6.797893 13.874134
v 9.407955 6.584472 12.800868
v 8.913676 5.505893 14.343574
vt 23.095978 6.797893
vt 22.208823 6.584472
vt 23.257250 5.505893
vn -0.967093 0.158301 -0.199178
vn -0.967093 0.158301 -0.199178
vn -0.967093 0.158301 -0.199178
f 780/780/780 781/781/781 782/782/782
v 9.630219 6.981489 12.430037
v 9.517513 5.689489 11.150639
v 9.175383 5.292472 12.228141
vt 22.060256 6.981489
vt 20.668152 5.689489
vt 21.403524 5.292472
vn -0.940587 0.276799 -0.196667
vn -0.940587 0.276799 -0.196667
vn -0.940587 0.276799 -0.196667
f 783/783/783 784/784/784 785/785/785
v 9.407955 6.584472 12.800868
v 9.630219 6.981489 12.430037
v 9.175383 5.292472 12.228141
vt 22.208823 6.584472
vt 22.060256 6.981489
vt 21.403524 5.292472
vn -0.925527 0.279744 -0.255232
vn -0.925527 0.279744 -0.255232
vn -0.925527 0.279744 -0.255232
f 786/786/786 787/787/787 788/788/788
v 9.826570 6.864476 12.978869
v 9.934784 5.572476 11.742254
v 9.517513 5.689489 11.150639
vt 22.805439 6.864476
vt 21.677038 5.572476
vt 20.668152 5.689489
vn 0.757560 0.483357 -0.438712
vn 0.757560 0.483357 -0.438712
vn 0.757560 0.483357 -0.438712
f 789/789/789 790/790/790 791/791/791
v 9.630219 6.981489 12.430037
v 9.826570 6.864476 12.978869
v 9.517513 5.689489 11.150639
vt 22.060256 6.981489
vt 22.805439 6.864476
vt 20.668152 5.689489
vn 0.934464 0.206039 -0.290388
vn 0.934464 0.206039 -0.290388
vn 0.934464 0.206039 -0.290388
f 792/792/792 793/793/793 794/794/794
v 9.979744 7.035765 14.125866
v 10.289207 5.743765 13.656426
v 9.934784 5.572476 11.742254
vt 24.105610 7.035765
vt 23.945633 5.743765
vt 21.677038 5.572476
vn 0.934068 0.296200 -0.199455
vn 0.934068 0.296200 -0.199455
vn 0.934068 0.296200 -0.199455
f 795/795/795 796/796/796 797/797/797
v 9.826570 6.864476 12.978869
v 9.979744 7.035765 14.125866
v 9.934784 5.572476 11.742254
vt 22.805439 6.864476
vt 24.105610 7.035765
vt 21.677038 5.572476
vn 0.957835 0.236453 -0.163224
vn 0.957835 0.236453 -0.163224
vn 0.957835 0.236453 -0.163224
f 798/798/798 799/799/799 800/800/800
v 10.141423 -0.178735 18.000000
v 10.067163 0.217281 19.979899
v 9.600000 -0.002107 20.800000
v 9.130105 -0.215528 19.979899
v 9.066298 0.181489 18.000000
v 9.127689 0.064476 16.020101
v 9.600000 -0.235152 15.200000
v 10.074395 0.131240 16.020101
vt 28.141423 -0.178735
vt 30.047062 0.217281
vt 30.400000 -0.002107
vt 29.110004 -0.215528
vt 27.066298 0.181489
vt 25.147790 0.064476
vt 24.800000 -0.235152
vt 26.094496 0.131240
vn 0.650152 -0.739988 0.172396
vn 0.650152 -0.739988 0.172396
vn 0.650152 -0.739988 0.172396
vn 0.650152 -0.739988 0.172396
vn 0.650152 -0.739988 0.172396
vn 0.650152 -0.739988 0.172396
vn 0.650152 -0.739988 0.172396
vn 0.650152 -0.739988 0.172396
f 801/801/801 802/802/802 803/803/803
f 801/801/801 803/803/803 804/804/804
f 801/801/801 804/804/804 805/805/805
f 801/801/801 805/805/805 806/806/806
f 801/801/801 806/806/806 807/807/807
f 801/801/801 807/807/807 808/808/808
v 9.887319 6.931240 16.978869
v 9.623848 6.564848 16.430037
v 9.356406 6.864476 16.800868
v 9.300753 6.981489 17.874134
v 9.315407 6.584472 19.021131
v 9.575845 6.797893 19.569963
v 9.840939 7.017281 19.199132
v 9.903576 6.621265 18.125866
vt 26.866188 6.931240
vt 26.053885 6.564848
vt 26.157274 6.864476
vt 27.174887 6.981489
vt 28.336538 6.584472
vt 29.145808 6.797893
vt 29.040070 7.017281
vt 28.029442 6.621265
vn 0.094266 0.806506 -0.583663
vn 0.094266 0.806506 -0.583663
vn 0.094266 0.806506 -0.583663
vn 0.094266 0.806506 -0.583663
vn 0.094266 0.806506 -0.583663
vn 0.094266 0.806506 -0.583663
vn 0.094266 0.806506 -0.583663
vn 0.094266 0.806506 -0.583663
f 809/809/809 810/810/810 811/811/811
f 809/809/809 811/811/811 812/812/812
f 809/809/809 812/812/812 813/813/813
f 809/809/809 813/813/813 814/814/814
f 809/809/809 814/814/814 815/815/815
f 809/809/809 815/815/815 816/816/816
v 10.083460 2.801281 20.837555
v 10.067163 0.217281 19.979899
v 10.141423 -0.178735 18.000000
vt 30.921016 2.801281
vt 30.047062 0.217281
vt 28.141423 -0.178735
vn 0.998938 -0.020068 0.041481
vn 0.998938 -0.020068 0.041481
vn 0.998938 -0.020068 0.041481
f 817/817/817 818/818/818 819/819/819
v 10.268134 2.405265 18.557614
v 10.083460 2.801281 20.837555
v 10.141423 -0.178735 18.000000
vt 28.825748 2.405265
vt 30.921016 2.801281
vt 28.141423 -0.178735
vn 0.993354 -0.068647 0.092385
vn 0.993354 -0.068647 0.092385
vn 0.993354 -0.068647 0.092385
f 820/820/820 821/821/821 822/822/822
v 9.492989 2.581893 21.455295
v 9.600000 -0.002107 20.800000
v 10.067163 0.217281 19.979899
vt 30.948284 2.581893
vt 30.400000 -0.002107
vt 30.047062 0.217281
vn 0.875357 -0.084472 0.476041
vn 0.875357 -0.084472 0.476041
vn 0.875357 -0.084472 0.476041
f 823/823/823 824/824/824 825/825/825
v 10.083460 2.801281 20.837555
v 9.492989 2.581893 21.455295
v 10.067163 0.217281 19.979899
vt 30.921016 2.801281
vt 30.948284 2.581893
vt 30.047062 0.217281
vn 0.742988 -0.215056 0.633814
vn 0.742988 -0.215056 0.633814
vn 0.742988 -0.215056 0.633814
f 826/826/826 827/827/827 828/828/828
v 8.926555 2.368472 20.048970
v 9.130105 -0.215528 19.979899
v 9.600000 -0.002107 20.800000
vt 28.975526 2.368472
vt 29.110004 -0.215528
vt 30.400000 -0.002107
vn -0.855565 -0.081063 0.511310
vn -0.855565 -0.081063 0.511310
vn -0.855565 -0.081063 0.511310
f 829/829/829 830/830/830 831/831/831
v 9.492989 2.581893 21.455295
v 8.926555 2.368472 20.048970
v 9.600000 -0.002107 20.800000
vt 30.948284 2.581893
vt 28.975526 2.368472
vt 30.400000 -0.002107
vn -0.911624 -0.136107 0.387835
vn -0.911624 -0.136107 0.387835
vn -0.911624 -0.136107 0.387835
f 832/832/832 833/833/833 834/834/834
v 8.941393 2.765489 17.442386
v 9.066298 0.181489 18.000000
v 9.130105 -0.215528 19.979899
vt 26.383779 2.765489
vt 27.066298 0.181489
vt 29.110004 -0.215528
vn -0.998789 -0.043202 0.023526
vn -0.998789 -0.043202 0.023526
vn -0.998789 -0.043202 0.023526
f 835/835/835 836/836/836 837/837/837
v 8.926555 2.368472 20.048970
v 8.941393 2.765489 17.442386
v 9.130105 -0.215528 19.979899
vt 28.975526 2.368472
vt 26.383779 2.765489
vt 29.110004 -0.215528
vn -0.996795 -0.078051 -0.017562
vn -0.996795 -0.078051 -0.017562
vn -0.996795 -0.078051 -0.017562
f 838/838/838 839/839/839 840/840/840
v 9.111212 2.648476 15.162445
v 9.127689 0.064476 16.020101
v 9.066298 0.181489 18.000000
vt 24.273656 2.648476
vt 25.147790 0.064476
vt 27.066298 0.181489
vn -0.999416 -0.016338 -0.030024
vn -0.999416 -0.016338 -0.030024
vn -0.999416 -0.016338 -0.030024
f 841/841/841 842/842/842 843/843/843
v 8.941393 2.765489 17.442386
v 9.111212 2.648476 15.162445
v 9.066298 0.181489 18.000000
vt 26.383779 2.765489
vt 24.273656 2.648476
vt 27.066298 0.181489
vn -0.995466 -0.063416 -0.070891
vn -0.995466 -0.063416 -0.070891
vn -0.995466 -0.063416 -0.070891
f 844/844/844 845/845/845 846/846/846
v 9.705651 2.348848 14.544705
v 9.600000 -0.235152 15.200000
v 9.127689 0.064476 16.020101
vt 24.250356 2.348848
vt 24.800000 -0.235152
vt 25.147790 0.064476
vn -0.876492 -0.084360 -0.473967
vn -0.876492 -0.084360 -0.473967
vn -0.876492 -0.084360 -0.473967
f 847/847/847 848/848/848 849/849/849
v 9.111212 2.648476 15.162445
v 9.705651 2.348848 14.544705
v 9.127689 0.064476 16.020101
vt 24.273656 2.648476
vt 24.250356 2.348848
vt 25.147790 0.064476
vn -0.753498 -0.211428 -0.622526
vn -0.753498 -0.211428 -0.622526
vn -0.753498 -0.211428 -0.622526
f 850/850/850 851/851/851 852/852/852
v 10.279895 2.715240 15.951030
v 10.074395 0.131240 16.020101
v 9.600000 -0.235152 15.200000
vt 26.230924 2.715240
vt 26.094496 0.131240
vt 24.800000 -0.235152
vn 0.878184 -0.082434 -0.471166
vn 0.878184 -0.082434 -0.471166
vn 0.878184 -0.082434 -0.471166
f 853/853/853 854/854/854 855/855/855
v 9.705651 2.348848 14.544705
v 10.279895 2.715240 15.951030
v 9.600000 -0.235152 15.200000
vt 24.250356 2.348848
vt 26.230924 2.715240
vt 24.800000 -0.235152
vn 0.929475 -0.125931 -0.346723
vn 0.929475 -0.125931 -0.346723
vn 0.929475 -0.125931 -0.346723
f 856/856/856 857/857/857 858/858/858
v 10.268134 2.405265 18.557614
v 10.141423 -0.178735 18.000000
v 10.074395 0.131240 16.020101
vt 28.825748 2.405265
vt 28.141423 -0.178735
vt 26.094496 0.131240
vn 0.998382 -0.040302 -0.040109
vn 0.998382 -0.040302 -0.040109
vn 0.998382 -0.040302 -0.040109
f 859/859/859 860/860/860 861/861/861
v 10.279895 2.715240 15.951030
v 10.268134 2.405265 18.557614
v 10.074395 0.131240 16.020101
vt 26.230924 2.715240
vt 28.825748 2.405265
vt 26.094496 0.131240
vn 0.996830 -0.079408 -0.004946
vn 0.996830 -0.079408 -0.004946
vn 0.996830 -0.079408 -0.004946
f 862/862/862 863/863/863 864/864/864
v 10.132722 5.725281 19.771859
v 10.083460 2.801281 20.837555
v 10.268134 2.405265 18.557614
vt 29.904580 5.725281
vt 30.921016 2.801281
vt 28.825748 2.405265
vn 0.996829 0.011882 0.078679
vn 0.996829 0.011882 0.078679
vn 0.996829 0.011882 0.078679
f 865/865/865 866/866/866 867/867/867
v 10.150968 5.329265 17.656426
v 10.132722 5.725281 19.771859
v 10.268134 2.405265 18.557614
vt 27.807394 5.329265
vt 29.904580 5.725281
vt 28.825748 2.405265
vn 0.999184 0.040365 0.001062
vn 0.999184 0.040365 0.001062
vn 0.999184 0.040365 0.001062
f 868/868/868 869/869/869 870/870/870
v 9.665935 5.505893 20.849361
v 9.492989 2.581893 21.455295
v 10.083460 2.801281 20.837555
vt 30.515296 5.505893
vt 30.948284 2.581893
vt 30.921016 2.801281
vn 0.700001 0.104979 0.706384
vn 0.700001 0.104979 0.706384
vn 0.700001 0.104979 0.706384
f 871/871/871 872/872/872 873/873/873
v 10.132722 5.725281 19.771859
v 9.665935 5.505893 20.849361
v 10.083460 2.801281 20.837555
vt 29.904580 5.725281
vt 30.515296 5.505893
vt 30.921016 2.801281
vn 0.898490 0.136884 0.417107
vn 0.898490 0.136884 0.417107
vn 0.898490 0.136884 0.417107
f 874/874/874 875/875/875 876/876/876
v 9.179480 5.292472 20.257746
v 8.926555 2.368472 20.048970
v 9.492989 2.581893 21.455295
vt 29.437226 5.292472
vt 28.975526 2.368472
vt 30.948284 2.581893
vn -0.929046 0.054232 0.365967
vn -0.929046 0.054232 0.365967
vn -0.929046 0.054232 0.365967
f 877/877/877 878/878/878 879/879/879
v 9.665935 5.505893 20.849361
v 9.179480 5.292472 20.257746
v 9.492989 2.581893 21.455295
vt 30.515296 5.505893
vt 29.437226 5.292472
vt 30.948284 2.581893
vn -0.790337 0.168796 0.588962
vn -0.790337 0.168796 0.588962
vn -0.790337 0.168796 0.588962
f 880/880/880 881/881/881 882/882/882
v 9.056889 5.689489 18.343574
v 8.941393 2.765489 17.442386
v 8.926555 2.368472 20.048970
vt 27.400463 5.689489
vt 26.383779 2.765489
vt 28.975526 2.368472
vn -0.999225 0.039373 0.000309
vn -0.999225 0.039373 0.000309
vn -0.999225 0.039373 0.000309
f 883/883/883 884/884/884 885/885/885
v 9.179480 5.292472 20.257746
v 9.056889 5.689489 18.343574
v 8.926555 2.368472 20.048970
vt 29.437226 5.292472
vt 27.400463 5.689489
vt 28.975526 2.368472
vn -0.993541 0.080210 0.080266
vn -0.993541 0.080210 0.080266
vn -0.993541 0.080210 0.080266
f 886/886/886 887/887/887 888/888/888
v 9.061408 5.572476 16.228141
v 9.111212 2.648476 15.162445
v 8.941393 2.765489 17.442386
vt 25.289549 5.572476
vt 24.273656 2.648476
vt 26.383779 2.765489
vn -0.997146 0.010277 -0.074799
vn -0.997146 0.010277 -0.074799
vn -0.997146 0.010277 -0.074799
f 889/889/889 890/890/890 891/891/891
v 9.056889 5.689489 18.343574
v 9.061408 5.572476 16.228141
v 8.941393 2.765489 17.442386
vt 27.400463 5.689489
vt 25.289549 5.572476
vt 26.383779 2.765489
vn -0.999157 0.040820 -0.004392
vn -0.999157 0.040820 -0.004392
vn -0.999157 0.040820 -0.004392
f 892/892/892 893/893/893 894/894/894
v 9.534903 5.272848 15.150639
v 9.705651 2.348848 14.544705
v 9.111212 2.648476 15.162445
vt 24.685542 5.272848
vt 24.250356 2.348848
vt 24.273656 2.648476
vn -0.689624 0.108115 -0.716052
vn -0.689624 0.108115 -0.716052
vn -0.689624 0.108115 -0.716052
f 895/895/895 896/896/896 897/897/897
v 9.061408 5.572476 16.228141
v 9.534903 5.272848 15.150639
v 9.111212 2.648476 15.162445
vt 25.289549 5.572476
vt 24.685542 5.272848
vt 24.273656 2.648476
vn -0.891098 0.141924 -0.431048
vn -0.891098 0.141924 -0.431048
vn -0.891098 0.141924 -0.431048
f 898/898/898 899/899/899 900/900/900
v 10.024548 5.639240 15.742254
v 10.279895 2.715240 15.951030
v 9.705651 2.348848 14.544705
vt 25.766802 5.639240
vt 26.230924 2.715240
vt 24.250356 2.348848
vn 0.919653 0.052522 -0.389205
vn 0.919653 0.052522 -0.389205
vn 0.919653 0.052522 -0.389205
f 901/901/901 902/902/902 903/903/903
v 9.534903 5.272848 15.150639
v 10.024548 5.639240 15.742254
v 9.705651 2.348848 14.544705
vt 24.685542 5.272848
vt 25.766802 5.639240
vt 24.250356 2.348848
vn 0.698154 0.184142 -0.691862
vn 0.698154 0.184142 -0.691862
vn 0.698154 0.184142 -0.691862
f 904/904/904 905/905/905 906/906/906
v 10.150968 5.329265 17.656426
v 10.268134 2.405265 18.557614
v 10.279895 2.715240 15.951030
vt 27.807394 5.329265
vt 28.825748 2.405265
vt 26.230924 2.715240
vn 0.999029 0.042997 0.009621
vn 0.999029 0.042997 0.009621
vn 0.999029 0.042997 0.009621
f 907/907/907 908/908/908 909/909/909
v 10.024548 5.639240 15.742254
v 10.150968 5.329265 17.656426
v 10.279895 2.715240 15.951030
vt 25.766802 5.639240
vt 27.807394 5.329265
vt 26.230924 2.715240
vn 0.995164 0.083175 -0.052256
vn 0.995164 0.083175 -0.052256
vn 0.995164 0.083175 -0.052256
f 910/910/910 911/911/911 912/912/912
v 9.840939 7.017281 19.199132
v 10.132722 5.725281 19.771859
v 10.150968 5.329265 17.656426
vt 29.040070 7.017281
vt 29.904580 5.725281
vt 27.807394 5.329265
vn 0.977794 0.207354 -0.030384
vn 0.977794 0.207354 -0.030384
vn 0.977794 0.207354 -0.030384
f 913/913/913 914/914/914 915/915/915
v 9.903576 6.621265 18.125866
v 9.840939 7.017281 19.199132
v 10.150968 5.329265 17.656426
vt 28.029442 6.621265
vt 29.040070 7.017281
vt 27.807394 5.329265
vn 0.981115 0.192923 -0.013926
vn 0.981115 0.192923 -0.013926
vn 0.981115 0.192923 -0.013926
f 916/916/916 917/917/917 918/918/918
v 9.575845 6.797893 19.569963
v 9.665935 5.505893 20.849361
v 10.132722 5.725281 19.771859
vt 29.145808 6.797893
vt 30.515296 5.505893
vt 29.904580 5.725281
vn 0.766009 0.478495 0.429269
vn 0.766009 0.478495 0.429269
vn 0.766009 0.478495 0.429269
f 919/919/919 920/920/920 921/921/921
v 9.840939 7.017281 19.199132
v 9.575845 6.797893 19.569963
v 10.132722 5.725281 19.771859
vt 29.040070 7.017281
vt 29.145808 6.797893
vt 29.904580 5.725281
vn 0.590911 0.434707 0.679598
vn 0.590911 0.434707 0.679598
vn 0.590911 0.434707 0.679598
f 922/922/922 923/923/923 924/924/924
v 9.315407 6.584472 19.021131
v 9.179480 5.292472 20.257746
v 9.665935 5.505893 20.849361
vt 28.336538 6.584472
vt 29.437226 5.292472
vt 30.515296 5.505893
vn -0.749586 0.497136 0.437008
vn -0.749586 0.497136 0.437008
vn -0.749586 0.497136 0.437008
f 925/925/925 926/926/926 927/927/927
v 9.575845 6.797893 19.569963
v 9.315407 6.584472 19.021131
v 9.665935 5.505893 20.849361
vt 29.145808 6.797893
vt 28.336538 6.584472
vt 30.515296 5.505893
vn -0.907349 0.262151 0.328625
vn -0.907349 0.262151 0.328625
vn -0.907349 0.262151 0.328625
f 928/928/928 929/929/929 930/930/930
v 9.300753 6.981489 17.874134
v 9.056889 5.689489 18.343574
v 9.179480 5.292472 20.257746
vt 27.174887 6.981489
vt 27.400463 5.689489
vt 29.437226 5.292472
vn -0.968988 0.222188 0.108142
vn -0.968988 0.222188 0.108142
vn -0.968988 0.222188 0.108142
f 931/931/931 932/932/932 933/933/933
v 9.315407 6.584472 19.021131
v 9.300753 6.981489 17.874134
v 9.179480 5.292472 20.257746
vt 28.336538 6.584472
vt 27.174887 6.981489
vt 29.437226 5.292472
vn -0.982352 0.172517 0.072265
vn -0.982352 0.172517 0.072265
vn -0.982352 0.172517 0.072265
f 934/934/934 935/935/935 936/936/936
v 9.356406 6.864476 16.800868
v 9.061408 5.572476 16.228141
v 9.056889 5.689489 18.343574
vt 26.157274 6.864476
vt 25.289549 5.572476
vt 27.400463 5.689489
vn -0.973367 0.228777 -0.014734
vn -0.973367 0.228777 -0.014734
vn -0.973367 0.228777 -0.014734
f 937/937/937 938/938/938 939/939/939
v 9.300753 6.981489 17.874134
v 9.356406 6.864476 16.800868
v 9.056889 5.689489 18.343574
vt 27.174887 6.981489
vt 26.157274 6.864476
vt 27.400463 5.689489
vn -0.984582 0.160914 -0.068598
vn -0.984582 0.160914 -0.068598
vn -0.984582 0.160914 -0.068598
f 940/940/940 941/941/941 942/942/942
v 9.623848 6.564848 16.430037
v 9.534903 5.272848 15.150639
v 9.061408 5.572476 16.228141
vt 26.053885 6.564848
vt 24.685542 5.272848
vt 25.289549 5.572476
vn -0.728506 0.506686 -0.461030
vn -0.728506 0.506686 -0.461030
vn -0.728506 0.506686 -0.461030
f 943/943/943 944/944/944 945/945/945
v 9.356406 6.864476 16.800868
v 9.623848 6.564848 16.430037
v 9.061408 5.572476 16.228141
vt 26.157274 6.864476
vt 26.053885 6.564848
vt 25.289549 5.572476
vn -0.518459 0.442685 -0.731595
vn -0.518459 0.442685 -0.731595
vn -0.518459 0.442685 -0.731595
f 946/946/946 947/947/947 948/948/948
v 9.887319 6.931240 16.978869
v 10.024548 5.639240 15.742254
v 9.534903 5.272848 15.150639
vt 26.866188 6.931240
vt 25.766802 5.639240
vt 24.685542 5.272848
vn 0.306004 0.675046 -0.671322
vn 0.306004 0.675046 -0.671322
vn 0.306004 0.675046 -0.671322
f 949/949/949 950/950/950 951/951/951
v 9.623848 6.564848 16.430037
v 9.887319 6.931240 16.978869
v 9.534903 5.272848 15.150639
vt 26.053885 6.564848
vt 26.866188 6.931240
vt 24.685542 5.272848
vn 0.495124 0.593885 -0.634156
vn 0.495124 0.593885 -0.634156
vn 0.495124 0.593885 -0.634156
f 952/952/952 953/953/953 954/954/954
v 9.903576 6.621265 18.125866
v 10.150968 5.329265 17.656426
v 10.024548 5.639240 15.742254
vt 28.029442 6.621265
vt 27.807394 5.329265
vt 25.766802 5.639240
vn 0.979400 0.199310 -0.032408
vn 0.979400 0.199310 -0.032408
vn 0.979400 0.199310 -0.032408
f 955/955/955 956/956/956 957/957/957
v 9.887319 6.931240 16.978869
v 9.903576 6.621265 18.125866
v 10.024548 5.639240 15.742254
vt 26.866188 6.931240
vt 28.029442 6.621265
vt 25.766802 5.639240
vn 0.995437 0.094731 0.011492
vn 0.995437 0.094731 0.011492
vn 0.995437 0.094731 0.011492
f 958/958/958 959/959/959 960/960/960
v -8.993224 0.125669 -10.000000
v -9.209954 -0.228542 -7.793827
v -9.550000 0.064545 -6.880000
v -9.886902 0.174821 -7.793827
v -10.115661 -0.210048 -10.000000
v -9.883970 0.000000 -12.206173
v -9.550000 0.210048 -13.120000
v -9.218728 -0.174821 -12.206173
vt -18.993224 0.125669
vt -17.003781 -0.228542
vt -16.430000 0.064545
vt -17.680728 0.174821
vt -20.115661 -0.210048
vt -22.090144 0.000000
vt -22.670000 0.210048
vt -21.424901 -0.174821
vn -0.857565 -0.488001 -0.162596
vn -0.857565 -0.488001 -0.162596
vn -0.857565 -0.488001 -0.162596
vn -0.857565 -0.488001 -0.162596
vn -0.857565 -0.488001 -0.162596
vn -0.857565 -0.488001 -0.162596
vn -0.857565 -0.488001 -0.162596
vn -0.857565 -0.488001 -0.162596
f 961/961/961 962/962/962 963/963/963
f 961/961/961 963/963/963 964/964/964
f 961/961/961 964/964/964 965/965/965
f 961/961/961 965/965/965 966/966/966
f 961/961/961 966/966/966 967/967/967
f 961/961/961 967/967/967 968/968/968
v -9.349364 6.425179 -11.137831
v -9.524393 6.810048 -11.749387
v -9.722245 6.600000 -11.336175
v -9.867167 6.389952 -10.140250
v -9.754045 6.774821 -8.862169
v -9.575234 6.664545 -8.250613
v -9.374622 6.371458 -8.663825
v -9.237815 6.725669 -9.859750
vt -20.487195 6.425179
vt -21.273780 6.810048
vt -21.058420 6.600000
vt -20.007417 6.389952
vt -18.616214 6.774821
vt -17.825847 6.664545
vt -18.038446 6.371458
vt -19.097565 6.725669
vn 0.135320 0.855563 0.499701
vn 0.135320 0.855563 0.499701
vn 0.135320 0.855563 0.499701
vn 0.135320 0.855563 0.499701
vn 0.135320 0.855563 0.499701
vn 0.135320 0.855563 0.499701
vn 0.135320 0.855563 0.499701
vn 0.135320 0.855563 0.499701
f 969/969/969 970/970/970 971/971/971
f 969/969/969 971/971/971 972/972/972
f 969/969/969 972/972/972 973/973/973
f 969/969/969 973/973/973 974/974/974
f 969/969/969 974/974/974 975/975/975
f 969/969/969 975/975/975 976/976/976
v -9.198091 2.279458 -6.838153
v -9.209954 -0.228542 -7.793827
v -8.993224 0.125669 -10.000000
vt -16.036244 2.279458
vt -17.003781 -0.228542
vt -18.993224 0.125669
vn 0.995029 -0.039535 0.091402
vn 0.995029 -0.039535 0.091402
vn 0.995029 -0.039535 0.091402
f 977/977/977 978/978/978 979/979/979
v -8.862920 2.633669 -9.378659
v -9.198091 2.279458 -6.838153
v -8.993224 0.125669 -10.000000
vt -18.241579 2.633669
vt -16.036244 2.279458
vt -18.993224 0.125669
vn 0.989556 -0.080960 0.119265
vn 0.989556 -0.080960 0.119265
vn 0.989556 -0.080960 0.119265
f 980/980/980 981/981/981 982/982/982
v -9.661794 2.572545 -6.149814
v -9.550000 0.064545 -6.880000
v -9.209954 -0.228542 -7.793827
vt -15.811607 2.572545
vt -16.430000 0.064545
vt -17.003781 -0.228542
vn 0.928193 -0.065280 0.366328
vn 0.928193 -0.065280 0.366328
vn 0.928193 -0.065280 0.366328
f 983/983/983 984/984/984 985/985/985
v -9.198091 2.279458 -6.838153
v -9.661794 2.572545 -6.149814
v -9.209954 -0.228542 -7.793827
vt -16.036244 2.279458
vt -15.811607 2.572545
vt -17.003781 -0.228542
vn 0.756391 -0.236037 0.610048
vn 0.756391 -0.236037 0.610048
vn 0.756391 -0.236037 0.610048
f 986/986/986 987/987/987 988/988/988
v -10.032841 2.682821 -7.716862
v -9.886902 0.174821 -7.793827
v -9.550000 0.064545 -6.880000
vt -17.749703 2.682821
vt -17.680728 0.174821
vt -16.430000 0.064545
vn -0.938803 -0.065009 0.338265
vn -0.938803 -0.065009 0.338265
vn -0.938803 -0.065009 0.338265
f 989/989/989 990/990/990 991/991/991
v -9.661794 2.572545 -6.149814
v -10.032841 2.682821 -7.716862
v -9.550000 0.064545 -6.880000
vt -15.811607 2.572545
vt -17.749703 2.682821
vt -16.430000 0.064545
vn -0.969098 -0.107796 0.221878
vn -0.969098 -0.107796 0.221878
vn -0.969098 -0.107796 0.221878
f 992/992/992 993/993/993 994/994/994
v -10.248045 2.297952 -10.621341
v -10.115661 -0.210048 -10.000000
v -9.886902 0.174821 -7.793827
vt -20.869386 2.297952
vt -20.115661 -0.210048
vt -17.680728 0.174821
vn -0.993864 -0.025814 0.107558
vn -0.993864 -0.025814 0.107558
vn -0.993864 -0.025814 0.107558
f 995/995/995 996/996/996 997/997/997
v -10.032841 2.682821 -7.716862
v -10.248045 2.297952 -10.621341
v -9.886902 0.174821 -7.793827
vt -17.749703 2.682821
vt -20.869386 2.297952
vt -17.680728 0.174821
vn -0.994824 -0.060396 0.081713
vn -0.994824 -0.060396 0.081713
vn -0.994824 -0.060396 0.081713
f 998/998/998 999/999/999 1000/1000/1000
v -9.895621 2.508000 -13.161847
v -9.883970 0.000000 -12.206173
v -10.115661 -0.210048 -10.000000
vt -23.057469 2.508000
vt -22.090144 0.000000
vt -20.115661 -0.210048
vn -0.993012 -0.046021 -0.108667
vn -0.993012 -0.046021 -0.108667
vn -0.993012 -0.046021 -0.108667
f 1001/1001/1001 1002/1002/1002 1003/1003/1003
v -10.248045 2.297952 -10.621341
v -9.895621 2.508000 -13.161847
v -10.115661 -0.210048 -10.000000
vt -20.869386 2.297952
vt -23.057469 2.508000
vt -20.115661 -0.210048
vn -0.985686 -0.087701 -0.143987
vn -0.985686 -0.087701 -0.143987
vn -0.985686 -0.087701 -0.143987
f 1004/1004/1004 1005/1005/1005 1006/1006/1006
v -9.436556 2.718048 -13.850186
v -9.550000 0.210048 -13.120000
v -9.883970 0.000000 -12.206173
vt -23.286743 2.718048
vt -22.670000 0.210048
vt -22.090144 0.000000
vn -0.932869 -0.061156 -0.354987
vn -0.932869 -0.061156 -0.354987
vn -0.932869 -0.061156 -0.354987
f 1007/1007/1007 1008/1008/1008 1009/1009/1009
v -9.895621 2.508000 -13.161847
v -9.436556 2.718048 -13.850186
v -9.883970 0.000000 -12.206173
vt -23.057469 2.508000
vt -23.286743 2.718048
vt -22.090144 0.000000
vn -0.776690 -0.227433 -0.587389
vn -0.776690 -0.227433 -0.587389
vn -0.776690 -0.227433 -0.587389
f 1010/1010/1010 1011/1011/1011 1012/1012/1012
v -9.075226 2.333179 -12.283138
v -9.218728 -0.174821 -12.206173
v -9.550000 0.210048 -13.120000
vt -21.358365 2.333179
vt -21.424901 -0.174821
vt -22.670000 0.210048
vn 0.929198 -0.064335 -0.363940
vn 0.929198 -0.064335 -0.363940
vn 0.929198 -0.064335 -0.363940
f 1013/1013/1013 1014/1014/1014 1015/1015/1015
v -9.436556 2.718048 -13.850186
v -9.075226 2.333179 -12.283138
v -9.550000 0.210048 -13.120000
vt -23.286743 2.718048
vt -21.358365 2.333179
vt -22.670000 0.210048
vn 0.961182 -0.116320 -0.250198
vn 0.961182 -0.116320 -0.250198
vn 0.961182 -0.116320 -0.250198
f 1016/1016/1016 1017/1017/1017 1018/1018/1018
v -8.862920 2.633669 -9.378659
v -8.993224 0.125669 -10.000000
v -9.218728 -0.174821 -12.206173
vt -18.241579 2.633669
vt -18.993224 0.125669
vt -21.424901 -0.174821
vn 0.994814 -0.027420 -0.097950
vn 0.994814 -0.027420 -0.097950
vn 0.994814 -0.027420 -0.097950
f 1019/1019/1019 1020/1020/1020 1021/1021/1021
v -9.075226 2.333179 -12.283138
v -8.862920 2.633669 -9.378659
v -9.218728 -0.174821 -12.206173
vt -21.358365 2.333179
vt -18.241579 2.633669
vt -21.424901 -0.174821
vn 0.996025 -0.059037 -0.066698
vn 0.996025 -0.059037 -0.066698
vn 0.996025 -0.059037 -0.066698
f 1022/1022/1022 1023/1023/1023 1024/1024/1024
v -9.162234 5.117458 -8.025643
v -9.198091 2.279458 -6.838153
v -8.862920 2.633669 -9.378659
vt -17.187877 5.117458
vt -16.036244 2.279458
vt -18.241579 2.633669
vn 0.989589 0.044735 0.136795
vn 0.989589 0.044735 0.136795
vn 0.989589 0.044735 0.136795
f 1025/1025/1025 1026/1026/1026 1027/1027/1027
v -8.983409 5.471669 -10.382840
v -9.162234 5.117458 -8.025643
v -8.862920 2.633669 -9.378659
vt -19.366248 5.471669
vt -17.187877 5.117458
vt -18.241579 2.633669
vn 0.993611 0.072723 0.086307
vn 0.993611 0.072723 0.086307
vn 0.993611 0.072723 0.086307
f 1028/1028/1028 1029/1029/1029 1030/1030/1030
v -9.481118 5.410545 -6.824998
v -9.661794 2.572545 -6.149814
v -9.198091 2.279458 -6.838153
vt -16.306116 5.410545
vt -15.811607 2.572545
vt -16.036244 2.279458
vn 0.841383 0.073805 0.535376
vn 0.841383 0.073805 0.535376
vn 0.841383 0.073805 0.535376
f 1031/1031/1031 1032/1032/1032 1033/1033/1033
v -9.162234 5.117458 -8.025643
v -9.481118 5.410545 -6.824998
v -9.198091 2.279458 -6.838153
vt -17.187877 5.117458
vt -16.306116 5.410545
vt -16.036244 2.279458
vn 0.967907 0.086500 0.235955
vn 0.967907 0.086500 0.235955
vn 0.967907 0.086500 0.235955
f 1034/1034/1034 1035/1035/1035 1036/1036/1036
v -9.851501 5.520821 -7.484226
v -10.032841 2.682821 -7.716862
v -9.661794 2.572545 -6.149814
vt -17.335727 5.520821
vt -17.749703 2.682821
vt -15.811607 2.572545
vn -0.971512 0.042973 0.233060
vn -0.971512 0.042973 0.233060
vn -0.971512 0.042973 0.233060
f 1037/1037/1037 1038/1038/1038 1039/1039/1039
v -9.481118 5.410545 -6.824998
v -9.851501 5.520821 -7.484226
v -9.661794 2.572545 -6.149814
vt -16.306116 5.410545
vt -17.335727 5.520821
vt -15.811607 2.572545
vn -0.845845 0.173829 0.504311
vn -0.845845 0.173829 0.504311
vn -0.845845 0.173829 0.504311
f 1040/1040/1040 1041/1041/1041 1042/1042/1042
v -10.125633 5.135952 -9.617160
v -10.248045 2.297952 -10.621341
v -10.032841 2.682821 -7.716862
vt -19.742794 5.135952
vt -20.869386 2.297952
vt -17.749703 2.682821
vn -0.997280 0.017700 0.071547
vn -0.997280 0.017700 0.071547
vn -0.997280 0.017700 0.071547
f 1043/1043/1043 1044/1044/1044 1045/1045/1045
v -9.851501 5.520821 -7.484226
v -10.125633 5.135952 -9.617160
v -10.032841 2.682821 -7.716862
vt -17.335727 5.520821
vt -19.742794 5.135952
vt -17.749703 2.682821
vn -0.991590 0.053707 0.117751
vn -0.991590 0.053707 0.117751
vn -0.991590 0.053707 0.117751
f 1046/1046/1046 1047/1047/1047 1048/1048/1048
v -9.930838 5.346000 -11.974357
v -9.895621 2.508000 -13.161847
v -10.248045 2.297952 -10.621341
vt -21.905195 5.346000
vt -23.057469 2.508000
vt -20.869386 2.297952
vn -0.990055 0.043671 -0.133732
vn -0.990055 0.043671 -0.133732
vn -0.990055 0.043671 -0.133732
f 1049/1049/1049 1050/1050/1050 1051/1051/1051
v -10.125633 5.135952 -9.617160
v -9.930838 5.346000 -11.974357
v -10.248045 2.297952 -10.621341
vt -19.742794 5.135952
vt -21.905195 5.346000
vt -20.869386 2.297952
vn -0.994664 0.069787 -0.075979
vn -0.994664 0.069787 -0.075979
vn -0.994664 0.069787 -0.075979
f 1052/1052/1052 1053/1053/1053 1054/1054/1054
v -9.619898 5.556048 -13.175002
v -9.436556 2.718048 -13.850186
v -9.895621 2.508000 -13.161847
vt -22.794900 5.556048
vt -23.286743 2.718048
vt -23.057469 2.508000
vn -0.839924 0.073658 -0.537683
vn -0.839924 0.073658 -0.537683
vn -0.839924 0.073658 -0.537683
f 1055/1055/1055 1056/1056/1056 1057/1057/1057
v -9.930838 5.346000 -11.974357
v -9.619898 5.556048 -13.175002
v -9.895621 2.508000 -13.161847
vt -21.905195 5.346000
vt -22.794900 5.556048
vt -23.057469 2.508000
vn -0.968001 0.086548 -0.235549
vn -0.968001 0.086548 -0.235549
vn -0.968001 0.086548 -0.235549
f 1058/1058/1058 1059/1059/1059 1060/1060/1060
v -9.253536 5.171179 -12.515774
v -9.075226 2.333179 -12.283138
v -9.436556 2.718048 -13.850186
vt -21.769310 5.171179
vt -21.358365 2.333179
vt -23.286743 2.718048
vn 0.975798 0.043746 -0.214255
vn 0.975798 0.043746 -0.214255
vn 0.975798 0.043746 -0.214255
f 1061/1061/1061 1062/1062/1062 1063/1063/1063
v -9.619898 5.556048 -13.175002
v -9.253536 5.171179 -12.515774
v -9.436556 2.718048 -13.850186
vt -22.794900 5.556048
vt -21.769310 5.171179
vt -23.286743 2.718048
vn 0.899204 0.155396 -0.409004
vn 0.899204 0.155396 -0.409004
vn 0.899204 0.155396 -0.409004
f 1064/1064/1064 1065/1065/1065 1066/1066/1066
v -8.983409 5.471669 -10.382840
v -8.862920 2.633669 -9.378659
v -9.075226 2.333179 -12.283138
vt -19.366248 5.471669
vt -18.241579 2.633669
vt -21.358365 2.333179
vn 0.997091 0.015959 -0.074535
vn 0.997091 0.015959 -0.074535
vn 0.997091 0.015959 -0.074535
f 1067/1067/1067 1068/1068/1068 1069/1069/1069
v -9.253536 5.171179 -12.515774
v -8.983409 5.471669 -10.382840
v -9.075226 2.333179 -12.283138
vt -21.769310 5.171179
vt -19.366248 5.471669
vt -21.358365 2.333179
vn 0.989841 0.051323 -0.132590
vn 0.989841 0.051323 -0.132590
vn 0.989841 0.051323 -0.132590
f 1070/1070/1070 1071/1071/1071 1072/1072/1072
v -9.374622 6.371458 -8.663825
v -9.162234 5.117458 -8.025643
v -8.983409 5.471669 -10.382840
vt -18.038446 6.371458
vt -17.187877 5.117458
vt -19.366248 5.471669
vn 0.970029 0.218449 0.106416
vn 0.970029 0.218449 0.106416
vn 0.970029 0.218449 0.106416
f 1073/1073/1073 1074/1074/1074 1075/1075/1075
v -9.237815 6.725669 -9.859750
v -9.374622 6.371458 -8.663825
v -8.983409 5.471669 -10.382840
vt -19.097565 6.725669
vt -18.038446 6.371458
vt -19.366248 5.471669
vn 0.979082 0.135208 0.152047
vn 0.979082 0.135208 0.152047
vn 0.979082 0.135208 0.152047
f 1076/1076/1076 1077/1077/1077 1078/1078/1078
v -9.575234 6.664545 -8.250613
v -9.481118 5.410545 -6.824998
v -9.162234 5.117458 -8.025643
vt -17.825847 6.664545
vt -16.306116 5.410545
vt -17.187877 5.117458
vn 0.942998 0.278279 0.182525
vn 0.942998 0.278279 0.182525
vn 0.942998 0.278279 0.182525
f 1079/1079/1079 1080/1080/1080 1081/1081/1081
v -9.374622 6.371458 -8.663825
v -9.575234 6.664545 -8.250613
v -9.162234 5.117458 -8.025643
vt -18.038446 6.371458
vt -17.825847 6.664545
vt -17.187877 5.117458
vn 0.926203 0.283410 0.248648
vn 0.926203 0.283410 0.248648
vn 0.926203 0.283410 0.248648
f 1082/1082/1082 1083/1083/1083 1084/1084/1084
v -9.754045 6.774821 -8.862169
v -9.851501 5.520821 -7.484226
v -9.481118 5.410545 -6.824998
vt -18.616214 6.774821
vt -17.335727 5.520821
vt -16.306116 5.410545
vn -0.670955 0.571409 0.472558
vn -0.670955 0.571409 0.472558
vn -0.670955 0.571409 0.472558
f 1085/1085/1085 1086/1086/1086 1087/1087/1087
v -9.575234 6.664545 -8.250613
v -9.754045 6.774821 -8.862169
v -9.481118 5.410545 -6.824998
vt -17.825847 6.664545
vt -18.616214 6.774821
vt -16.306116 5.410545
vn -0.902470 0.292138 0.316549
vn -0.902470 0.292138 0.316549
vn -0.902470 0.292138 0.316549
f 1088/1088/1088 1089/1089/1089 1090/1090/1090
v -9.867167 6.389952 -10.140250
v -10.125633 5.135952 -9.617160
v -9.851501 5.520821 -7.484226
vt -20.007417 6.389952
vt -19.742794 5.135952
vt -17.335727 5.520821
vn -0.968749 0.233996 0.082284
vn -0.968749 0.233996 0.082284
vn -0.968749 0.233996 0.082284
f 1091/1091/1091 1092/1092/1092 1093/1093/1093
v -9.754045 6.774821 -8.862169
v -9.867167 6.389952 -10.140250
v -9.851501 5.520821 -7.484226
vt -18.616214 6.774821
vt -20.007417 6.389952
vt -17.335727 5.520821
vn -0.990304 0.130195 0.048445
vn -0.990304 0.130195 0.048445
vn -0.990304 0.130195 0.048445
f 1094/1094/1094 1095/1095/1095 1096/1096/1096
v -9.722245 6.600000 -11.336175
v -9.930838 5.346000 -11.974357
v -10.125633 5.135952 -9.617160
vt -21.058420 6.600000
vt -21.905195 5.346000
vt -19.742794 5.135952
vn -0.978723 0.195116 -0.063494
vn -0.978723 0.195116 -0.063494
vn -0.978723 0.195116 -0.063494
f 1097/1097/1097 1098/1098/1098 1099/1099/1099
v -9.867167 6.389952 -10.140250
v -9.722245 6.600000 -11.336175
v -10.125633 5.135952 -9.617160
vt -20.007417 6.389952
vt -21.058420 6.600000
vt -19.742794 5.135952
vn -0.982194 0.164874 -0.090064
vn -0.982194 0.164874 -0.090064
vn -0.982194 0.164874 -0.090064
f 1100/1100/1100 1101/1101/1101 1102/1102/1102
v -9.524393 6.810048 -11.749387
v -9.619898 5.556048 -13.175002
v -9.930838 5.346000 -11.974357
vt -21.273780 6.810048
vt -22.794900 5.556048
vt -21.905195 5.346000
vn -0.937603 0.289815 -0.192116
vn -0.937603 0.289815 -0.192116
vn -0.937603 0.289815 -0.192116
f 1103/1103/1103 1104/1104/1104 1105/1105/1105
v -9.722245 6.600000 -11.336175
v -9.524393 6.810048 -11.749387
v -9.930838 5.346000 -11.974357
vt -21.058420 6.600000
vt -21.273780 6.810048
vt -21.905195 5.346000
vn -0.911269 0.296844 -0.285434
vn -0.911269 0.296844 -0.285434
vn -0.911269 0.296844 -0.285434
f 1106/1106/1106 1107/1107/1107 1108/1108/1108
v -9.349364 6.425179 -11.137831
v -9.253536 5.171179 -12.515774
v -9.619898 5.556048 -13.175002
vt -20.487195 6.425179
vt -21.769310 5.171179
vt -22.794900 5.556048
vn 0.886605 0.371105 -0.276067
vn 0.886605 0.371105 -0.276067
vn 0.886605 0.371105 -0.276067
f 1109/1109/1109 1110/1110/1110 1111/1111/1111
v -9.524393 6.810048 -11.749387
v -9.349364 6.425179 -11.137831
v -9.619898 5.556048 -13.175002
vt -21.273780 6.810048
vt -20.487195 6.425179
vt -22.794900 5.556048
vn 0.971724 0.141167 -0.189271
vn 0.971724 0.141167 -0.189271
vn 0.971724 0.141167 -0.189271
f 1112/1112/1112 1113/1113/1113 1114/1114/1114
v -9.237815 6.725669 -9.859750
v -8.983409 5.471669 -10.382840
v -9.253536 5.171179 -12.515774
vt -19.097565 6.725669
vt -19.366248 5.471669
vt -21.769310 5.171179
vn 0.953028 0.258909 -0.157173
vn 0.953028 0.258909 -0.157173
vn 0.953028 0.258909 -0.157173
f 1115/1115/1115 1116/1116/1116 1117/1117/1117
v -9.349364 6.425179 -11.137831
v -9.237815 6.725669 -9.859750
v -9.253536 5.171179 -12.515774
vt -20.487195 6.425179
vt -19.097565 6.725669
vt -21.769310 5.171179
vn 0.964879 0.224189 -0.136922
vn 0.964879 0.224189 -0.136922
vn 0.964879 0.224189 -0.136922
f 1118/1118/1118 1119/1119/1119 1120/1120/1120
v -9.091469 -0.210048 -2.000000
v -9.139704 0.000000 0.206173
v -9.550000 0.210048 1.120000
v -9.958347 -0.174821 0.206173
v -10.014039 -0.064545 -2.000000
v -9.956117 0.228542 -4.206173
v -9.550000 -0.125669 -5.120000
v -9.146379 -0.123948 -4.206173
vt -11.091469 -0.210048
vt -8.933531 0.000000
vt -8.430000 0.210048
vt -9.752174 -0.174821
vt -12.014039 -0.064545
vt -14.162290 0.228542
vt -14.670000 -0.125669
vt -13.352552 -0.123948
vn -0.299594 -0.950368 0.083933
vn -0.299594 -0.950368 0.083933
vn -0.299594 -0.950368 0.083933
vn -0.299594 -0.950368 0.083933
vn -0.299594 -0.950368 0.083933
vn -0.299594 -0.950368 0.083933
vn -0.299594 -0.950368 0.083933
vn -0.299594 -0.950368 0.083933
f 1121/1121/1121 1122/1122/1122 1123/1123/1123
f 1121/1121/1121 1123/1123/1123 1124/1124/1124
f 1121/1121/1121 1124/1124/1124 1125/1125/1125
f 1121/1121/1121 1125/1125/1125 1126/1126/1126
f 1121/1121/1121 1126/1126/1126 1127/1127/1127
f 1121/1121/1121 1127/1127/1127 1128/1128/1128
v -9.305546 6.476052 -3.137831
v -9.528990 6.474331 -3.749387
v -9.759454 6.828542 -3.336175
v -9.810187 6.535455 -2.140250
v -9.797316 6.425179 -0.862169
v -9.570727 6.810048 -0.250613
v -9.338390 6.600000 -0.663825
v -9.292901 6.389952 -1.859750
vt -12.443377 6.476052
vt -13.278377 6.474331
vt -13.095630 6.828542
vt -11.950437 6.535455
vt -10.659485 6.425179
vt -9.821340 6.810048
vt -10.002215 6.600000
vt -11.152651 6.389952
vn 0.658947 0.711938 -0.242763
vn 0.658947 0.711938 -0.242763
vn 0.658947 0.711938 -0.242763
vn 0.658947 0.711938 -0.242763
vn 0.658947 0.711938 -0.242763
vn 0.658947 0.711938 -0.242763
vn 0.658947 0.711938 -0.242763
vn 0.658947 0.711938 -0.242763
f 1129/1129/1129 1130/1130/1130 1131/1131/1131
f 1129/1129/1129 1131/1131/1131 1132/1132/1132
f 1129/1129/1129 1132/1132/1132 1133/1133/1133
f 1129/1129/1129 1133/1133/1133 1134/1134/1134
f 1129/1129/1129 1134/1134/1134 1135/1135/1135
f 1129/1129/1129 1135/1135/1135 1136/1136/1136
v -9.125391 2.508000 1.161847
v -9.139704 0.000000 0.206173
v -9.091469 -0.210048 -2.000000
vt -7.963543 2.508000
vt -8.933531 0.000000
vt -11.091469 -0.210048
vn 0.999624 -0.014562 0.023242
vn 0.999624 -0.014562 0.023242
vn 0.999624 -0.014562 0.023242
f 1137/1137/1137 1138/1138/1138 1139/1139/1139
v -8.984156 2.297952 -1.378659
v -9.125391 2.508000 1.161847
v -9.091469 -0.210048 -2.000000
vt -10.362815 2.297952
vt -7.963543 2.508000
vt -11.091469 -0.210048
vn 0.996529 -0.057543 0.060158
vn 0.996529 -0.057543 0.060158
vn 0.996529 -0.057543 0.060158
f 1140/1140/1140 1141/1141/1141 1142/1142/1142
v -9.641823 2.718048 1.850186
v -9.550000 0.210048 1.120000
v -9.139704 0.000000 0.206173
vt -7.791637 2.718048
vt -8.430000 0.210048
vt -8.933531 0.000000
vn 0.900530 -0.090824 0.425202
vn 0.900530 -0.090824 0.425202
vn 0.900530 -0.090824 0.425202
f 1143/1143/1143 1144/1144/1144 1145/1145/1145
v -9.125391 2.508000 1.161847
v -9.641823 2.718048 1.850186
v -9.139704 0.000000 0.206173
vt -7.963543 2.508000
vt -7.791637 2.718048
vt -8.933531 0.000000
vn 0.738619 -0.243715 0.628526
vn 0.738619 -0.243715 0.628526
vn 0.738619 -0.243715 0.628526
f 1146/1146/1146 1147/1147/1147 1148/1148/1148
v -10.135235 2.333179 0.283138
v -9.958347 -0.174821 0.206173
v -9.550000 0.210048 1.120000
vt -9.852097 2.333179
vt -9.752174 -0.174821
vt -8.430000 0.210048
vn -0.897890 -0.076631 0.433499
vn -0.897890 -0.076631 0.433499
vn -0.897890 -0.076631 0.433499
f 1149/1149/1149 1150/1150/1150 1151/1151/1151
v -9.641823 2.718048 1.850186
v -10.135235 2.333179 0.283138
v -9.550000 0.210048 1.120000
vt -7.791637 2.718048
vt -9.852097 2.333179
vt -8.430000 0.210048
vn -0.936278 -0.129359 0.326574
vn -0.936278 -0.129359 0.326574
vn -0.936278 -0.129359 0.326574
f 1152/1152/1152 1153/1153/1153 1154/1154/1154
v -10.122640 2.443455 -2.621341
v -10.014039 -0.064545 -2.000000
v -9.958347 -0.174821 0.206173
vt -12.743981 2.443455
vt -12.014039 -0.064545
vt -9.752174 -0.174821
vn -0.999025 -0.037476 0.023346
vn -0.999025 -0.037476 0.023346
vn -0.999025 -0.037476 0.023346
f 1155/1155/1155 1156/1156/1156 1157/1157/1157
v -10.135235 2.333179 0.283138
v -10.122640 2.443455 -2.621341
v -9.958347 -0.174821 0.206173
vt -9.852097 2.333179
vt -12.743981 2.443455
vt -9.752174 -0.174821
vn -0.997513 -0.070140 -0.006989
vn -0.997513 -0.070140 -0.006989
vn -0.997513 -0.070140 -0.006989
f 1158/1158/1158 1159/1159/1159 1160/1160/1160
v -9.970285 2.736542 -5.161847
v -9.956117 0.228542 -4.206173
v -10.014039 -0.064545 -2.000000
vt -15.132132 2.736542
vt -14.162290 0.228542
vt -12.014039 -0.064545
vn -0.999460 -0.016479 -0.028430
vn -0.999460 -0.016479 -0.028430
vn -0.999460 -0.016479 -0.028430
f 1161/1161/1161 1162/1162/1162 1163/1163/1163
v -10.122640 2.443455 -2.621341
v -9.970285 2.736542 -5.161847
v -10.014039 -0.064545 -2.000000
vt -12.743981 2.443455
vt -15.132132 2.736542
vt -12.014039 -0.064545
vn -0.995996 -0.059631 -0.066610
vn -0.995996 -0.059631 -0.066610
vn -0.995996 -0.059631 -0.066610
f 1164/1164/1164 1165/1165/1165 1166/1166/1166
v -9.456922 2.382331 -5.850186
v -9.550000 -0.125669 -5.120000
v -9.956117 0.228542 -4.206173
vt -15.307108 2.382331
vt -14.670000 -0.125669
vt -14.162290 0.228542
vn -0.921808 -0.076434 -0.380037
vn -0.921808 -0.076434 -0.380037
vn -0.921808 -0.076434 -0.380037
f 1167/1167/1167 1168/1168/1168 1169/1169/1169
v -9.970285 2.736542 -5.161847
v -9.456922 2.382331 -5.850186
v -9.956117 0.228542 -4.206173
vt -15.132132 2.736542
vt -15.307108 2.382331
vt -14.162290 0.228542
vn -0.832037 -0.201620 -0.516782
vn -0.832037 -0.201620 -0.516782
vn -0.832037 -0.201620 -0.516782
f 1170/1170/1170 1171/1171/1171 1172/1172/1172
v -8.971538 2.384052 -4.283138
v -9.146379 -0.123948 -4.206173
v -9.550000 -0.125669 -5.120000
vt -13.254676 2.384052
vt -13.352552 -0.123948
vt -14.670000 -0.125669
vn 0.912158 -0.075949 -0.402741
vn 0.912158 -0.075949 -0.402741
vn 0.912158 -0.075949 -0.402741
f 1173/1173/1173 1174/1174/1174 1175/1175/1175
v -9.456922 2.382331 -5.850186
v -8.971538 2.384052 -4.283138
v -9.550000 -0.125669 -5.120000
vt -15.307108 2.382331
vt -13.254676 2.384052
vt -14.670000 -0.125669
vn 0.948284 -0.120671 -0.293593
vn 0.948284 -0.120671 -0.293593
vn 0.948284 -0.120671 -0.293593
f 1176/1176/1176 1177/1177/1177 1178/1178/1178
v -8.984156 2.297952 -1.378659
v -9.091469 -0.210048 -2.000000
v -9.146379 -0.123948 -4.206173
vt -10.362815 2.297952
vt -11.091469 -0.210048
vt -13.352552 -0.123948
vn 0.998998 -0.036235 -0.026279
vn 0.998998 -0.036235 -0.026279
vn 0.998998 -0.036235 -0.026279
f 1179/1179/1179 1180/1180/1180 1181/1181/1181
v -8.971538 2.384052 -4.283138
v -8.984156 2.297952 -1.378659
v -9.146379 -0.123948 -4.206173
vt -13.254676 2.384052
vt -10.362815 2.297952
vt -13.352552 -0.123948
vn 0.997581 -0.069475 0.002275
vn 0.997581 -0.069475 0.002275
vn 0.997581 -0.069475 0.002275
f 1182/1182/1182 1183/1183/1183 1184/1184/1184
v -9.082126 5.346000 -0.025643
v -9.125391 2.508000 1.161847
v -8.984156 2.297952 -1.378659
vt -9.107769 5.346000
vt -7.963543 2.508000
vt -10.362815 2.297952
vn 0.998464 0.007737 0.054868
vn 0.998464 0.007737 0.054868
vn 0.998464 0.007737 0.054868
f 1185/1185/1185 1186/1186/1186 1187/1187/1187
v -9.083385 5.135952 -2.382840
v -9.082126 5.346000 -0.025643
v -8.984156 2.297952 -1.378659
vt -11.466225 5.135952
vt -9.107769 5.346000
vt -10.362815 2.297952
vn 0.999426 0.033693 -0.003536
vn 0.999426 0.033693 -0.003536
vn 0.999426 0.033693 -0.003536
f 1188/1188/1188 1189/1189/1189 1190/1190/1190
v -9.493423 5.556048 1.175002
v -9.641823 2.718048 1.850186
v -9.125391 2.508000 1.161847
vt -8.318421 5.556048
vt -7.791637 2.718048
vt -7.963543 2.508000
vn 0.810003 0.095305 0.578630
vn 0.810003 0.095305 0.578630
vn 0.810003 0.095305 0.578630
f 1191/1191/1191 1192/1192/1192 1193/1193/1193
v -9.082126 5.346000 -0.025643
v -9.493423 5.556048 1.175002
v -9.125391 2.508000 1.161847
vt -9.107769 5.346000
vt -8.318421 5.556048
vt -7.963543 2.508000
vn 0.945872 0.112895 0.304271
vn 0.945872 0.112895 0.304271
vn 0.945872 0.112895 0.304271
f 1194/1194/1194 1195/1195/1195 1196/1196/1196
v -9.915439 5.171179 0.515774
v -10.135235 2.333179 0.283138
v -9.641823 2.718048 1.850186
vt -9.399665 5.171179
vt -9.852097 2.333179
vt -7.791637 2.718048
vn -0.956102 0.050385 0.288670
vn -0.956102 0.050385 0.288670
vn -0.956102 0.050385 0.288670
f 1197/1197/1197 1198/1198/1198 1199/1199/1199
v -9.493423 5.556048 1.175002
v -9.915439 5.171179 0.515774
v -9.641823 2.718048 1.850186
vt -8.318421 5.556048
vt -9.399665 5.171179
vt -7.791637 2.718048
vn -0.870782 0.156428 0.466121
vn -0.870782 0.156428 0.466121
vn -0.870782 0.156428 0.466121
f 1200/1200/1200 1201/1201/1201 1202/1202/1202
v -10.022219 5.281455 -1.617160
v -10.122640 2.443455 -2.621341
v -10.135235 2.333179 0.283138
vt -11.639380 5.281455
vt -12.743981 2.443455
vt -9.852097 2.333179
vn -0.999333 0.036405 -0.002951
vn -0.999333 0.036405 -0.002951
vn -0.999333 0.036405 -0.002951
f 1203/1203/1203 1204/1204/1204 1205/1205/1205
v -9.915439 5.171179 0.515774
v -10.022219 5.281455 -1.617160
v -10.135235 2.333179 0.283138
vt -9.399665 5.171179
vt -11.639380 5.281455
vt -9.852097 2.333179
vn -0.995909 0.072735 0.053618
vn -0.995909 0.072735 0.053618
vn -0.995909 0.072735 0.053618
f 1206/1206/1206 1207/1207/1207 1208/1208/1208
v -10.013109 5.574542 -3.974357
v -9.970285 2.736542 -5.161847
v -10.122640 2.443455 -2.621341
vt -13.987466 5.574542
vt -15.132132 2.736542
vt -12.743981 2.443455
vn -0.998226 0.009526 -0.058765
vn -0.998226 0.009526 -0.058765
vn -0.998226 0.009526 -0.058765
f 1209/1209/1209 1210/1210/1210 1211/1211/1211
v -10.022219 5.281455 -1.617160
v -10.013109 5.574542 -3.974357
v -10.122640 2.443455 -2.621341
vt -11.639380 5.281455
vt -13.987466 5.574542
vt -12.743981 2.443455
vn -0.999381 0.035181 0.000512
vn -0.999381 0.035181 0.000512
vn -0.999381 0.035181 0.000512
f 1212/1212/1212 1213/1213/1213 1214/1214/1214
v -9.607350 5.220331 -5.175002
v -9.456922 2.382331 -5.850186
v -9.970285 2.736542 -5.161847
vt -14.782352 5.220331
vt -15.307108 2.382331
vt -15.132132 2.736542
vn -0.769123 0.109050 -0.629728
vn -0.769123 0.109050 -0.629728
vn -0.769123 0.109050 -0.629728
f 1215/1215/1215 1216/1216/1216 1217/1217/1217
v -10.013109 5.574542 -3.974357
v -9.607350 5.220331 -5.175002
v -9.970285 2.736542 -5.161847
vt -13.987466 5.574542
vt -14.782352 5.220331
vt -15.132132 2.736542
vn -0.926276 0.133482 -0.352415
vn -0.926276 0.133482 -0.352415
vn -0.926276 0.133482 -0.352415
f 1218/1218/1218 1219/1219/1219 1220/1220/1220
v -9.188790 5.222052 -4.515774
v -8.971538 2.384052 -4.283138
v -9.456922 2.382331 -5.850186
vt -13.704564 5.222052
vt -13.254676 2.384052
vt -15.307108 2.382331
vn 0.954073 0.048807 -0.295572
vn 0.954073 0.048807 -0.295572
vn 0.954073 0.048807 -0.295572
f 1221/1221/1221 1222/1222/1222 1223/1223/1223
v -9.607350 5.220331 -5.175002
v -9.188790 5.222052 -4.515774
v -9.456922 2.382331 -5.850186
vt -14.782352 5.220331
vt -13.704564 5.222052
vt -15.307108 2.382331
vn 0.831747 0.169831 -0.528540
vn 0.831747 0.169831 -0.528540
vn 0.831747 0.169831 -0.528540
f 1224/1224/1224 1225/1225/1225 1226/1226/1226
v -9.083385 5.135952 -2.382840
v -8.984156 2.297952 -1.378659
v -8.971538 2.384052 -4.283138
vt -11.466225 5.135952
vt -10.362815 2.297952
vt -13.254676 2.384052
vn 0.999306 0.036863 0.005434
vn 0.999306 0.036863 0.005434
vn 0.999306 0.036863 0.005434
f 1227/1227/1227 1228/1228/1228 1229/1229/1229
v -9.188790 5.222052 -4.515774
v -9.083385 5.135952 -2.382840
v -8.971538 2.384052 -4.283138
vt -13.704564 5.222052
vt -11.466225 5.135952
vt -13.254676 2.384052
vn 0.996295 0.072472 -0.046309
vn 0.996295 0.072472 -0.046309
vn 0.996295 0.072472 -0.046309
f 1230/1230/1230 1231/1231/1231 1232/1232/1232
v -9.338390 6.600000 -0.663825
v -9.082126 5.346000 -0.025643
v -9.083385 5.135952 -2.382840
vt -10.002215 6.600000
vt -9.107769 5.346000
vt -11.466225 5.135952
vn 0.981318 0.191585 -0.017596
vn 0.981318 0.191585 -0.017596
vn 0.981318 0.191585 -0.017596
f 1233/1233/1233 1234/1234/1234 1235/1235/1235
v -9.292901 6.389952 -1.859750
v -9.338390 6.600000 -0.663825
v -9.083385 5.135952 -2.382840
vt -11.152651 6.389952
vt -10.002215 6.600000
vt -11.466225 5.135952
vn 0.986906 0.161029 0.009257
vn 0.986906 0.161029 0.009257
vn 0.986906 0.161029 0.009257
f 1236/1236/1236 1237/1237/1237 1238/1238/1238
v -9.570727 6.810048 -0.250613
v -9.493423 5.556048 1.175002
v -9.082126 5.346000 -0.025643
vt -9.821340 6.810048
vt -8.318421 5.556048
vt -9.107769 5.346000
vn 0.906043 0.340905 0.250737
vn 0.906043 0.340905 0.250737
vn 0.906043 0.340905 0.250737
f 1239/1239/1239 1240/1240/1240 1241/1241/1241
v -9.338390 6.600000 -0.663825
v -9.570727 6.810048 -0.250613
v -9.082126 5.346000 -0.025643
vt -10.002215 6.600000
vt -9.821340 6.810048
vt -9.107769 5.346000
vn 0.882339 0.343841 0.321327
vn 0.882339 0.343841 0.321327
vn 0.882339 0.343841 0.321327
f 1242/1242/1242 1243/1243/1243 1244/1244/1244
v -9.797316 6.425179 -0.862169
v -9.915439 5.171179 0.515774
v -9.493423 5.556048 1.175002
vt -10.659485 6.425179
vt -9.399665 5.171179
vt -8.318421 5.556048
vn -0.856489 0.416179 0.305323
vn -0.856489 0.416179 0.305323
vn -0.856489 0.416179 0.305323
f 1245/1245/1245 1246/1246/1246 1247/1247/1247
v -9.570727 6.810048 -0.250613
v -9.797316 6.425179 -0.862169
v -9.493423 5.556048 1.175002
vt -9.821340 6.810048
vt -10.659485 6.425179
vt -8.318421 5.556048
vn -0.953087 0.199776 0.227408
vn -0.953087 0.199776 0.227408
vn -0.953087 0.199776 0.227408
f 1248/1248/1248 1249/1249/1249 1250/1250/1250
v -9.810187 6.535455 -2.140250
v -10.022219 5.281455 -1.617160
v -9.915439 5.171179 0.515774
vt -11.950437 6.535455
vt -11.639380 5.281455
vt -9.399665 5.171179
vn -0.979964 0.190265 0.058897
vn -0.979964 0.190265 0.058897
vn -0.979964 0.190265 0.058897
f 1251/1251/1251 1252/1252/1252 1253/1253/1253
v -9.797316 6.425179 -0.862169
v -9.810187 6.535455 -2.140250
v -9.915439 5.171179 0.515774
vt -10.659485 6.425179
vt -11.950437 6.535455
vt -9.399665 5.171179
vn -0.993108 0.115486 0.019965
vn -0.993108 0.115486 0.019965
vn -0.993108 0.115486 0.019965
f 1254/1254/1254 1255/1255/1255 1256/1256/1256
v -9.759454 6.828542 -3.336175
v -10.013109 5.574542 -3.974357
v -10.022219 5.281455 -1.617160
vt -13.095630 6.828542
vt -13.987466 5.574542
vt -11.639380 5.281455
vn -0.981857 0.188603 0.019655
vn -0.981857 0.188603 0.019655
vn -0.981857 0.188603 0.019655
f 1257/1257/1257 1258/1258/1258 1259/1259/1259
v -9.810187 6.535455 -2.140250
v -9.759454 6.828542 -3.336175
v -10.022219 5.281455 -1.617160
vt -11.950437 6.535455
vt -13.095630 6.828542
vt -11.639380 5.281455
vn -0.986078 0.166280 -0.001080
vn -0.986078 0.166280 -0.001080
vn -0.986078 0.166280 -0.001080
f 1260/1260/1260 1261/1261/1261 1262/1262/1262
v -9.528990 6.474331 -3.749387
v -9.607350 5.220331 -5.175002
v -10.013109 5.574542 -3.974357
vt -13.278377 6.474331
vt -14.782352 5.220331
vt -13.987466 5.574542
vn -0.758256 0.509629 -0.406602
vn -0.758256 0.509629 -0.406602
vn -0.758256 0.509629 -0.406602
f 1263/1263/1263 1264/1264/1264 1265/1265/1265
v -9.759454 6.828542 -3.336175
v -9.528990 6.474331 -3.749387
v -10.013109 5.574542 -3.974357
vt -13.095630 6.828542
vt -13.278377 6.474331
vt -13.987466 5.574542
vn -0.540301 0.465900 -0.700722
vn -0.540301 0.465900 -0.700722
vn -0.540301 0.465900 -0.700722
f 1266/1266/1266 1267/1267/1267 1268/1268/1268
v -9.305546 6.476052 -3.137831
v -9.188790 5.222052 -4.515774
v -9.607350 5.220331 -5.175002
vt -12.443377 6.476052
vt -13.704564 5.222052
vt -14.782352 5.220331
vn 0.701050 0.555975 -0.446565
vn 0.701050 0.555975 -0.446565
vn 0.701050 0.555975 -0.446565
f 1269/1269/1269 1270/1270/1270 1271/1271/1271
v -9.528990 6.474331 -3.749387
v -9.305546 6.476052 -3.137831
v -9.607350 5.220331 -5.175002
vt -13.278377 6.474331
vt -12.443377 6.476052
vt -14.782352 5.220331
vn 0.891029 0.315440 -0.326443
vn 0.891029 0.315440 -0.326443
vn 0.891029 0.315440 -0.326443
f 1272/1272/1272 1273/1273/1273 1274/1274/1274
v -9.292901 6.389952 -1.859750
v -9.083385 5.135952 -2.382840
v -9.188790 5.222052 -4.515774
vt -11.152651 6.389952
vt -11.466225 5.135952
vt -13.704564 5.222052
vn 0.982551 0.181363 -0.041234
vn 0.982551 0.181363 -0.041234
vn 0.982551 0.181363 -0.041234
f 1275/1275/1275 1276/1276/1276 1277/1277/1277
v -9.305546 6.476052 -3.137831
v -9.292901 6.389952 -1.859750
v -9.188790 5.222052 -4.515774
vt -12.443377 6.476052
vt -11.152651 6.389952
vt -13.704564 5.222052
vn 0.995341 0.096361 -0.003356
vn 0.995341 0.096361 -0.003356
vn 0.995341 0.096361 -0.003356
f 1278/1278/1278 1279/1279/1279 1280/1280/1280
v -9.048888 -0.064545 6.000000
v -9.167051 0.228542 8.206173
v -9.550000 -0.125669 9.120000
v -9.936660 -0.123948 8.206173
v -10.040623 0.228830 6.000000
v -9.940240 -0.066506 3.793827
v -9.550000 -0.173478 2.880000
v -9.156336 0.210890 3.793827
vt -3.048888 -0.064545
vt -0.960878 0.228542
vt -0.430000 -0.125669
vt -1.730487 -0.123948
vt -4.040623 0.228830
vt -6.146413 -0.066506
vt -6.670000 -0.173478
vt -5.362509 0.210890
vn 0.812514 -0.570598 0.119322
vn 0.812514 -0.570598 0.119322
vn 0.812514 -0.570598 0.119322
vn 0.812514 -0.570598 0.119322
vn 0.812514 -0.570598 0.119322
vn 0.812514 -0.570598 0.119322
vn 0.812514 -0.570598 0.119322
vn 0.812514 -0.570598 0.119322
f 1281/1281/1281 1282/1282/1282 1283/1283/1283
f 1281/1281/1281 1283/1283/1283 1284/1284/1284
f 1281/1281/1281 1284/1284/1284 1285/1285/1285
f 1281/1281/1281 1285/1285/1285 1286/1286/1286
f 1281/1281/1281 1286/1286/1286 1287/1287/1287
f 1281/1281/1281 1287/1287/1287 1288/1288/1288
v -9.311576 6.810890 4.862169
v -9.528168 6.426522 4.250613
v -9.751266 6.533494 4.663825
v -9.825093 6.828830 5.859750
v -9.784182 6.476052 7.137831
v -9.572286 6.474331 7.749387
v -9.352495 6.828542 7.336175
v -9.269026 6.535455 6.140250
vt -4.449408 6.810890
vt -5.277555 6.426522
vt -5.087441 6.533494
vt -3.965343 6.828830
vt -2.646350 6.476052
vt -1.822899 6.474331
vt -2.016319 6.828542
vt -3.128776 6.535455
vn -0.348989 0.844152 -0.406957
vn -0.348989 0.844152 -0.406957
vn -0.348989 0.844152 -0.406957
vn -0.348989 0.844152 -0.406957
vn -0.348989 0.844152 -0.406957
vn -0.348989 0.844152 -0.406957
vn -0.348989 0.844152 -0.406957
vn -0.348989 0.844152 -0.406957
f 1289/1289/1289 1290/1290/1290 1291/1291/1291
f 1289/1289/1289 1291/1291/1291 1292/1292/1292
f 1289/1289/1289 1292/1292/1292 1293/1293/1293
f 1289/1289/1289 1293/1293/1293 1294/1294/1294
f 1289/1289/1289 1294/1294/1294 1295/1295/1295
f 1289/1289/1289 1295/1295/1295 1296/1296/1296
v -9.153692 2.736542 9.161847
v -9.167051 0.228542 8.206173
v -9.048888 -0.064545 6.000000
vt 0.008156 2.736542
vt -0.960878 0.228542
vt -3.048888 -0.064545
vn 0.998005 -0.027054 0.057047
vn 0.998005 -0.027054 0.057047
vn 0.998005 -0.027054 0.057047
f 1297/1297/1297 1298/1298/1298 1299/1299/1299
v -8.931611 2.443455 6.621341
v -9.153692 2.736542 9.161847
v -9.048888 -0.064545 6.000000
vt -2.310270 2.443455
vt 0.008156 2.736542
vt -3.048888 -0.064545
vn 0.993029 -0.069940 0.094875
vn 0.993029 -0.069940 0.094875
vn 0.993029 -0.069940 0.094875
f 1300/1300/1300 1301/1301/1301 1302/1302/1302
v -9.648734 2.382331 9.850186
v -9.550000 -0.125669 9.120000
v -9.167051 0.228542 8.206173
vt 0.201452 2.382331
vt -0.430000 -0.125669
vt -0.960878 0.228542
vn 0.929346 -0.069012 0.362702
vn 0.929346 -0.069012 0.362702
vn 0.929346 -0.069012 0.362702
f 1303/1303/1303 1304/1304/1304 1305/1305/1305
v -9.153692 2.736542 9.161847
v -9.648734 2.382331 9.850186
v -9.167051 0.228542 8.206173
vt 0.008156 2.736542
vt 0.201452 2.382331
vt -0.960878 0.228542
vn 0.841155 -0.196470 0.503844
vn 0.841155 -0.196470 0.503844
vn 0.841155 -0.196470 0.503844
f 1306/1306/1306 1307/1307/1307 1308/1308/1308
v -10.104154 2.384052 8.283138
v -9.936660 -0.123948 8.206173
v -9.550000 -0.125669 9.120000
vt -1.821015 2.384052
vt -1.730487 -0.123948
vt -0.430000 -0.125669
vn -0.918527 -0.073265 0.388511
vn -0.918527 -0.073265 0.388511
vn -0.918527 -0.073265 0.388511
f 1309/1309/1309 1310/1310/1310 1311/1311/1311
v -9.648734 2.382331 9.850186
v -10.104154 2.384052 8.283138
v -9.550000 -0.125669 9.120000
vt 0.201452 2.382331
vt -1.821015 2.384052
vt -0.430000 -0.125669
vn -0.953574 -0.118187 0.277000
vn -0.953574 -0.118187 0.277000
vn -0.953574 -0.118187 0.277000
f 1312/1312/1312 1313/1313/1313 1314/1314/1314
v -10.155446 2.736830 5.378659
v -10.040623 0.228830 6.000000
v -9.936660 -0.123948 8.206173
vt -4.776787 2.736830
vt -4.040623 0.228830
vt -1.730487 -0.123948
vn -0.998514 -0.035462 0.041383
vn -0.998514 -0.035462 0.041383
vn -0.998514 -0.035462 0.041383
f 1315/1315/1315 1316/1316/1316 1317/1317/1317
v -10.104154 2.384052 8.283138
v -10.155446 2.736830 5.378659
v -9.936660 -0.123948 8.206173
vt -1.821015 2.384052
vt -4.776787 2.736830
vt -1.730487 -0.123948
vn -0.997713 -0.066922 0.009491
vn -0.997713 -0.066922 0.009491
vn -0.997713 -0.066922 0.009491
f 1318/1318/1318 1319/1319/1319 1320/1320/1320
v -9.953854 2.441494 2.838153
v -9.940240 -0.066506 3.793827
v -10.040623 0.228830 6.000000
vt -7.115701 2.441494
vt -6.146413 -0.066506
vt -4.040623 0.228830
vn -0.998860 -0.021637 -0.042553
vn -0.998860 -0.021637 -0.042553
vn -0.998860 -0.021637 -0.042553
f 1321/1321/1321 1322/1322/1322 1323/1323/1323
v -10.155446 2.736830 5.378659
v -9.953854 2.441494 2.838153
v -10.040623 0.228830 6.000000
vt -4.776787 2.736830
vt -7.115701 2.441494
vt -4.040623 0.228830
vn -0.995420 -0.063318 -0.071627
vn -0.995420 -0.063318 -0.071627
vn -0.995420 -0.063318 -0.071627
f 1324/1324/1324 1325/1325/1325 1326/1326/1326
v -9.453281 2.334522 2.149814
v -9.550000 -0.173478 2.880000
v -9.940240 -0.066506 3.793827
vt -7.303467 2.334522
vt -6.670000 -0.173478
vt -6.146413 -0.066506
vn -0.920168 -0.076317 -0.384014
vn -0.920168 -0.076317 -0.384014
vn -0.920168 -0.076317 -0.384014
f 1327/1327/1327 1328/1328/1328 1329/1329/1329
v -9.953854 2.441494 2.838153
v -9.453281 2.334522 2.149814
v -9.940240 -0.066506 3.793827
vt -7.115701 2.441494
vt -7.303467 2.334522
vt -6.146413 -0.066506
vn -0.805450 -0.214846 -0.552351
vn -0.805450 -0.214846 -0.552351
vn -0.805450 -0.214846 -0.552351
f 1330/1330/1330 1331/1331/1331 1332/1332/1332
v -8.985807 2.718890 3.716862
v -9.156336 0.210890 3.793827
v -9.550000 -0.173478 2.880000
vt -5.268946 2.718890
vt -5.362509 0.210890
vt -6.670000 -0.173478
vn 0.926845 -0.074313 -0.368015
vn 0.926845 -0.074313 -0.368015
vn 0.926845 -0.074313 -0.368015
f 1333/1333/1333 1334/1334/1334 1335/1335/1335
v -9.453281 2.334522 2.149814
v -8.985807 2.718890 3.716862
v -9.550000 -0.173478 2.880000
vt -7.303467 2.334522
vt -5.268946 2.718890
vt -6.670000 -0.173478
vn 0.959417 -0.112307 -0.258661
vn 0.959417 -0.112307 -0.258661
vn 0.959417 -0.112307 -0.258661
f 1336/1336/1336 1337/1337/1337 1338/1338/1338
v -8.931611 2.443455 6.621341
v -9.048888 -0.064545 6.000000
v -9.156336 0.210890 3.793827
vt -2.310270 2.443455
vt -3.048888 -0.064545
vt -5.362509 0.210890
vn 0.998040 -0.033588 -0.052801
vn 0.998040 -0.033588 -0.052801
vn 0.998040 -0.033588 -0.052801
f 1339/1339/1339 1340/1340/1340 1341/1341/1341
v -8.985807 2.718890 3.716862
v -8.931611 2.443455 6.621341
v -9.156336 0.210890 3.793827
vt -5.268946 2.718890
vt -2.310270 2.443455
vt -5.362509 0.210890
vn 0.997329 -0.068583 -0.025113
vn 0.997329 -0.068583 -0.025113
vn 0.997329 -0.068583 -0.025113
f 1342/1342/1342 1343/1343/1343 1344/1344/1344
v -9.113311 5.574542 7.974357
v -9.153692 2.736542 9.161847
v -8.931611 2.443455 6.621341
vt -1.138954 5.574542
vt 0.008156 2.736542
vt -2.310270 2.443455
vn 0.996186 0.021238 0.084632
vn 0.996186 0.021238 0.084632
vn 0.996186 0.021238 0.084632
f 1345/1345/1345 1346/1346/1346 1347/1347/1347
v -9.040054 5.281455 5.617160
v -9.113311 5.574542 7.974357
v -8.931611 2.443455 6.621341
vt -3.422894 5.281455
vt -1.138954 5.574542
vt -2.310270 2.443455
vn 0.998574 0.047067 0.025181
vn 0.998574 0.047067 0.025181
vn 0.998574 0.047067 0.025181
f 1348/1348/1348 1349/1349/1349 1350/1350/1350
v -9.489165 5.220331 9.175002
v -9.648734 2.382331 9.850186
v -9.153692 2.736542 9.161847
vt -0.314163 5.220331
vt 0.201452 2.382331
vt 0.008156 2.736542
vn 0.781874 0.102347 0.614978
vn 0.781874 0.102347 0.614978
vn 0.781874 0.102347 0.614978
f 1351/1351/1351 1352/1352/1352 1353/1353/1353
v -9.113311 5.574542 7.974357
v -9.489165 5.220331 9.175002
v -9.153692 2.736542 9.161847
vt -1.138954 5.574542
vt -0.314163 5.220331
vt 0.008156 2.736542
vn 0.935812 0.124649 0.329724
vn 0.935812 0.124649 0.329724
vn 0.935812 0.124649 0.329724
f 1354/1354/1354 1355/1355/1355 1356/1356/1356
v -9.896031 5.222052 8.515774
v -10.104154 2.384052 8.283138
v -9.648734 2.382331 9.850186
vt -1.380257 5.222052
vt -1.821015 2.384052
vt 0.201452 2.382331
vn -0.959172 0.047486 0.278809
vn -0.959172 0.047486 0.278809
vn -0.959172 0.047486 0.278809
f 1357/1357/1357 1358/1358/1358 1359/1359/1359
v -9.489165 5.220331 9.175002
v -9.896031 5.222052 8.515774
v -9.648734 2.382331 9.850186
vt -0.314163 5.220331
vt -1.380257 5.222052
vt 0.201452 2.382331
vn -0.838338 0.170339 0.517855
vn -0.838338 0.170339 0.517855
vn -0.838338 0.170339 0.517855
f 1360/1360/1360 1361/1361/1361 1362/1362/1362
v -10.049272 5.574830 6.382840
v -10.155446 2.736830 5.378659
v -10.104154 2.384052 8.283138
vt -3.666433 5.574830
vt -4.776787 2.736830
vt -1.821015 2.384052
vn -0.999328 0.029859 0.021274
vn -0.999328 0.029859 0.021274
vn -0.999328 0.029859 0.021274
f 1363/1363/1363 1364/1364/1364 1365/1365/1365
v -9.896031 5.222052 8.515774
v -10.049272 5.574830 6.382840
v -10.104154 2.384052 8.283138
vt -1.380257 5.222052
vt -3.666433 5.574830
vt -1.821015 2.384052
vn -0.994401 0.066170 0.082387
vn -0.994401 0.066170 0.082387
vn -0.994401 0.066170 0.082387
f 1366/1366/1366 1367/1367/1367 1368/1368/1368
v -9.995004 5.279494 4.025643
v -9.953854 2.441494 2.838153
v -10.155446 2.736830 5.378659
vt -5.969361 5.279494
vt -7.115701 2.441494
vt -4.776787 2.736830
vn -0.996493 0.019590 -0.081350
vn -0.996493 0.019590 -0.081350
vn -0.996493 0.019590 -0.081350
f 1369/1369/1369 1370/1370/1370 1371/1371/1371
v -10.049272 5.574830 6.382840
v -9.995004 5.279494 4.025643
v -10.155446 2.736830 5.378659
vt -3.666433 5.574830
vt -5.969361 5.279494
vt -4.776787 2.736830
vn -0.998447 0.047597 -0.028950
vn -0.998447 0.047597 -0.028950
vn -0.998447 0.047597 -0.028950
f 1372/1372/1372 1373/1373/1373 1374/1374/1374
v -9.609594 5.172522 2.824998
v -9.453281 2.334522 2.149814
v -9.953854 2.441494 2.838153
vt -6.784596 5.172522
vt -7.303467 2.334522
vt -7.115701 2.441494
vn -0.797608 0.097676 -0.595215
vn -0.797608 0.097676 -0.595215
vn -0.797608 0.097676 -0.595215
f 1375/1375/1375 1376/1376/1376 1377/1377/1377
v -9.995004 5.279494 4.025643
v -9.609594 5.172522 2.824998
v -9.953854 2.441494 2.838153
vt -5.969361 5.279494
vt -6.784596 5.172522
vt -7.115701 2.441494
vn -0.942485 0.117298 -0.312991
vn -0.942485 0.117298 -0.312991
vn -0.942485 0.117298 -0.312991
f 1378/1378/1378 1379/1379/1379 1380/1380/1380
v -9.197700 5.556890 3.484226
v -8.985807 2.718890 3.716862
v -9.453281 2.334522 2.149814
vt -5.713474 5.556890
vt -5.268946 2.718890
vt -7.303467 2.334522
vn 0.953999 0.046956 -0.296109
vn 0.953999 0.046956 -0.296109
vn 0.953999 0.046956 -0.296109
f 1381/1381/1381 1382/1382/1382 1383/1383/1383
v -9.609594 5.172522 2.824998
v -9.197700 5.556890 3.484226
v -9.453281 2.334522 2.149814
vt -6.784596 5.172522
vt -5.713474 5.556890
vt -7.303467 2.334522
vn 0.781416 0.184835 -0.596007
vn 0.781416 0.184835 -0.596007
vn 0.781416 0.184835 -0.596007
f 1384/1384/1384 1385/1385/1385 1386/1386/1386
v -9.040054 5.281455 5.617160
v -8.931611 2.443455 6.621341
v -8.985807 2.718890 3.716862
vt -3.422894 5.281455
vt -2.310270 2.443455
vt -5.268946 2.718890
vn 0.999345 0.032685 -0.015548
vn 0.999345 0.032685 -0.015548
vn 0.999345 0.032685 -0.015548
f 1387/1387/1387 1388/1388/1388 1389/1389/1389
v -9.197700 5.556890 3.484226
v -9.040054 5.281455 5.617160
v -8.985807 2.718890 3.716862
vt -5.713474 5.556890
vt -3.422894 5.281455
vt -5.268946 2.718890
vn 0.995517 0.069027 -0.064665
vn 0.995517 0.069027 -0.064665
vn 0.995517 0.069027 -0.064665
f 1390/1390/1390 1391/1391/1391 1392/1392/1392
v -9.352495 6.828542 7.336175
v -9.113311 5.574542 7.974357
v -9.040054 5.281455 5.617160
vt -2.016319 6.828542
vt -1.138954 5.574542
vt -3.422894 5.281455
vn 0.981627 0.190691 0.006797
vn 0.981627 0.190691 0.006797
vn 0.981627 0.190691 0.006797
f 1393/1393/1393 1394/1394/1394 1395/1395/1395
v -9.269026 6.535455 6.140250
v -9.352495 6.828542 7.336175
v -9.040054 5.281455 5.617160
vt -3.128776 6.535455
vt -2.016319 6.828542
vt -3.422894 5.281455
vn 0.985327 0.168448 0.027488
vn 0.985327 0.168448 0.027488
vn 0.985327 0.168448 0.027488
f 1396/1396/1396 1397/1397/1397 1398/1398/1398
v -9.572286 6.474331 7.749387
v -9.489165 5.220331 9.175002
v -9.113311 5.574542 7.974357
vt -1.822899 6.474331
vt -0.314163 5.220331
vt -1.138954 5.574542
vn 0.777571 0.493925 0.389130
vn 0.777571 0.493925 0.389130
vn 0.777571 0.493925 0.389130
f 1399/1399/1399 1400/1400/1400 1401/1401/1401
v -9.352495 6.828542 7.336175
v -9.572286 6.474331 7.749387
v -9.113311 5.574542 7.974357
vt -2.016319 6.828542
vt -1.822899 6.474331
vt -1.138954 5.574542
vn 0.559752 0.458163 0.690482
vn 0.559752 0.458163 0.690482
vn 0.559752 0.458163 0.690482
f 1402/1402/1402 1403/1403/1403 1404/1404/1404
v -9.784182 6.476052 7.137831
v -9.896031 5.222052 8.515774
v -9.489165 5.220331 9.175002
vt -2.646350 6.476052
vt -1.380257 5.222052
vt -0.314163 5.220331
vn -0.711448 0.547522 0.440525
vn -0.711448 0.547522 0.440525
vn -0.711448 0.547522 0.440525
f 1405/1405/1405 1406/1406/1406 1407/1407/1407
v -9.572286 6.474331 7.749387
v -9.784182 6.476052 7.137831
v -9.489165 5.220331 9.175002
vt -1.822899 6.474331
vt -2.646350 6.476052
vt -0.314163 5.220331
vn -0.902140 0.296506 0.313413
vn -0.902140 0.296506 0.313413
vn -0.902140 0.296506 0.313413
f 1408/1408/1408 1409/1409/1409 1410/1410/1410
v -9.825093 6.828830 5.859750
v -10.049272 5.574830 6.382840
v -9.896031 5.222052 8.515774
vt -3.965343 6.828830
vt -3.666433 5.574830
vt -1.380257 5.222052
vn -0.970309 0.217553 0.105694
vn -0.970309 0.217553 0.105694
vn -0.970309 0.217553 0.105694
f 1411/1411/1411 1412/1412/1412 1413/1413/1413
v -9.784182 6.476052 7.137831
v -9.825093 6.828830 5.859750
v -9.896031 5.222052 8.515774
vt -2.646350 6.476052
vt -3.965343 6.828830
vt -1.380257 5.222052
vn -0.981301 0.175173 0.079763
vn -0.981301 0.175173 0.079763
vn -0.981301 0.175173 0.079763
f 1414/1414/1414 1415/1415/1415 1416/1416/1416
v -9.751266 6.533494 4.663825
v -9.995004 5.279494 4.025643
v -10.049272 5.574830 6.382840
vt -5.087441 6.533494
vt -5.969361 5.279494
vt -3.666433 5.574830
vn -0.975429 0.214712 -0.049358
vn -0.975429 0.214712 -0.049358
vn -0.975429 0.214712 -0.049358
f 1417/1417/1417 1418/1418/1418 1419/1419/1419
v -9.825093 6.828830 5.859750
v -9.751266 6.533494 4.663825
v -10.049272 5.574830 6.382840
vt -3.965343 6.828830
vt -5.087441 6.533494
vt -3.666433 5.574830
vn -0.986067 0.136797 -0.094654
vn -0.986067 0.136797 -0.094654
vn -0.986067 0.136797 -0.094654
f 1420/1420/1420 1421/1421/1421 1422/1422/1422
v -9.528168 6.426522 4.250613
v -9.609594 5.172522 2.824998
v -9.995004 5.279494 4.025643
vt -5.277555 6.426522
vt -6.784596 5.172522
vt -5.969361 5.279494
vn -0.857177 0.409999 -0.311685
vn -0.857177 0.409999 -0.311685
vn -0.857177 0.409999 -0.311685
f 1423/1423/1423 1424/1424/1424 1425/1425/1425
v -9.751266 6.533494 4.663825
v -9.528168 6.426522 4.250613
v -9.995004 5.279494 4.025643
vt -5.087441 6.533494
vt -5.277555 6.426522
vt -5.969361 5.279494
vn -0.755052 0.407974 -0.513277
vn -0.755052 0.407974 -0.513277
vn -0.755052 0.407974 -0.513277
f 1426/1426/1426 1427/1427/1427 1428/1428/1428
v -9.311576 6.810890 4.862169
v -9.197700 5.556890 3.484226
v -9.609594 5.172522 2.824998
vt -4.449408 6.810890
vt -5.713474 5.556890
vt -6.784596 5.172522
vn 0.328998 0.711790 -0.620577
vn 0.328998 0.711790 -0.620577
vn 0.328998 0.711790 -0.620577
f 1429/1429/1429 1430/1430/1430 1431/1431/1431
v -9.528168 6.426522 4.250613
v -9.311576 6.810890 4.862169
v -9.609594 5.172522 2.824998
vt -5.277555 6.426522
vt -4.449408 6.810890
vt -6.784596 5.172522
vn 0.526738 0.623102 -0.578179
vn 0.526738 0.623102 -0.578179
vn 0.526738 0.623102 -0.578179
f 1432/1432/1432 1433/1433/1433 1434/1434/1434
v -9.269026 6.535455 6.140250
v -9.040054 5.281455 5.617160
v -9.197700 5.556890 3.484226
vt -3.128776 6.535455
vt -3.422894 5.281455
vt -5.713474 5.556890
vn 0.979032 0.198269 -0.046757
vn 0.979032 0.198269 -0.046757
vn 0.979032 0.198269 -0.046757
f 1435/1435/1435 1436/1436/1436 1437/1437/1437
v -9.311576 6.810890 4.862169
v -9.269026 6.535455 6.140250
v -9.197700 5.556890 3.484226
vt -4.449408 6.810890
vt -3.128776 6.535455
vt -5.713474 5.556890
vn 0.994677 0.102453 -0.011035
vn 0.994677 0.102453 -0.011035
vn 0.994677 0.102453 -0.011035
f 1438/1438/1438 1439/1439/1439 1440/1440/1440
v -3.098293 0.066501 -19.650000
v -4.081681 0.180119 -19.310589
v -6.000000 -0.216413 -19.170000
v -7.939297 0.000000 -19.310589
v -8.842424 0.216413 -19.650000
v -7.960556 -0.180119 -19.989411
v -6.000000 -0.066501 -20.130000
v -4.018051 0.235467 -19.989411
vt -22.748293 0.066501
vt -23.392269 0.180119
vt -25.170000 -0.216413
vt -27.249886 0.000000
vt -28.492424 0.216413
vt -27.949967 -0.180119
vt -26.130000 -0.066501
vt -24.007463 0.235467
vn 0.186002 -0.633567 0.750997
vn 0.186002 -0.633567 0.750997
vn 0.186002 -0.633567 0.750997
vn 0.186002 -0.633567 0.750997
vn 0.186002 -0.633567 0.750997
vn 0.186002 -0.633567 0.750997
vn 0.186002 -0.633567 0.750997
vn 0.186002 -0.633567 0.750997
f 1441/1441/1441 1442/1442/1442 1443/1443/1443
f 1441/1441/1441 1443/1443/1443 1444/1444/1444
f 1441/1441/1441 1444/1444/1444 1445/1445/1445
f 1441/1441/1441 1445/1445/1445 1446/1446/1446
f 1441/1441/1441 1446/1446/1446 1447/1447/1447
f 1441/1441/1441 1447/1447/1447 1448/1448/1448
v -4.799627 7.035467 -19.825051
v -5.873584 6.733499 -19.919136
v -7.011155 6.619881 -19.855565
v -7.593750 7.016413 -19.671577
v -7.174541 6.800000 -19.474949
v -6.129116 6.583587 -19.380864
v -5.010629 6.980119 -19.444435
v -4.373010 6.866501 -19.628423
vt -24.624678 7.035467
vt -25.792721 6.733499
vt -26.866720 6.619881
vt -27.265327 7.016413
vt -26.649490 6.800000
vt -25.509980 6.583587
vt -24.455063 6.980119
vt -24.001433 6.866501
vn -0.105217 0.617162 -0.779769
vn -0.105217 0.617162 -0.779769
vn -0.105217 0.617162 -0.779769
vn -0.105217 0.617162 -0.779769
vn -0.105217 0.617162 -0.779769
vn -0.105217 0.617162 -0.779769
vn -0.105217 0.617162 -0.779769
vn -0.105217 0.617162 -0.779769
f 1449/1449/1449 1450/1450/1450 1451/1451/1451
f 1449/1449/1449 1451/1451/1451 1452/1452/1452
f 1449/1449/1449 1452/1452/1452 1453/1453/1453
f 1449/1449/1449 1453/1453/1453 1454/1454/1454
f 1449/1449/1449 1454/1454/1454 1455/1455/1455
f 1449/1449/1449 1455/1455/1455 1456/1456/1456
v -4.014757 2.764119 -19.163562
v -4.081681 0.180119 -19.310589
v -3.098293 0.066501 -19.650000
vt -23.178319 2.764119
vt -23.392269 0.180119
vt -22.748293 0.066501
vn 0.319214 -0.062074 0.945648
vn 0.319214 -0.062074 0.945648
vn 0.319214 -0.062074 0.945648
f 1457/1457/1457 1458/1458/1458 1459/1459/1459
v -2.419194 2.650501 -19.554409
v -4.014757 2.764119 -19.163562
v -3.098293 0.066501 -19.650000
vt -21.973603 2.650501
vt -23.178319 2.764119
vt -22.748293 0.066501
vn 0.230339 -0.096357 0.968328
vn 0.230339 -0.096357 0.968328
vn 0.230339 -0.096357 0.968328
f 1460/1460/1460 1461/1461/1461 1462/1462/1462
v -6.572015 2.367587 -19.057664
v -6.000000 -0.216413 -19.170000
v -4.081681 0.180119 -19.310589
vt -25.629679 2.367587
vt -25.170000 -0.216413
vt -23.392269 0.180119
vn 0.078405 -0.025969 0.996583
vn 0.078405 -0.025969 0.996583
vn 0.078405 -0.025969 0.996583
f 1463/1463/1463 1464/1464/1464 1465/1465/1465
v -4.014757 2.764119 -19.163562
v -6.572015 2.367587 -19.057664
v -4.081681 0.180119 -19.310589
vt -23.178319 2.764119
vt -25.629679 2.367587
vt -23.392269 0.180119
vn 0.050287 -0.058033 0.997047
vn 0.050287 -0.058033 0.997047
vn 0.050287 -0.058033 0.997047
f 1466/1466/1466 1467/1467/1467 1468/1468/1468
v -8.779366 2.584000 -19.298748
v -7.939297 0.000000 -19.310589
v -6.000000 -0.216413 -19.170000
vt -28.078114 2.584000
vt -27.249886 0.000000
vt -25.170000 -0.216413
vn -0.075506 -0.029115 0.996720
vn -0.075506 -0.029115 0.996720
vn -0.075506 -0.029115 0.996720
f 1469/1469/1469 1470/1470/1470 1471/1471/1471
v -6.572015 2.367587 -19.057664
v -8.779366 2.584000 -19.298748
v -6.000000 -0.216413 -19.170000
vt -25.629679 2.367587
vt -28.078114 2.584000
vt -25.170000 -0.216413
vn -0.114955 -0.068530 0.991004
vn -0.114955 -0.068530 0.991004
vn -0.114955 -0.068530 0.991004
f 1472/1472/1472 1473/1473/1473 1474/1474/1474
v -9.507648 2.800413 -19.745591
v -8.842424 0.216413 -19.650000
v -7.939297 0.000000 -19.310589
vt -29.253239 2.800413
vt -28.492424 0.216413
vt -27.249886 0.000000
vn -0.363578 -0.059207 0.929680
vn -0.363578 -0.059207 0.929680
vn -0.363578 -0.059207 0.929680
f 1475/1475/1475 1476/1476/1476 1477/1477/1477
v -8.779366 2.584000 -19.298748
v -9.507648 2.800413 -19.745591
v -7.939297 0.000000 -19.310589
vt -28.078114 2.584000
vt -29.253239 2.800413
vt -27.249886 0.000000
vn -0.553133 -0.183549 0.812622
vn -0.553133 -0.183549 0.812622
vn -0.553133 -0.183549 0.812622
f 1478/1478/1478 1479/1479/1479 1480/1480/1480
v -8.028953 2.403881 -20.136438
v -7.960556 -0.180119 -19.989411
v -8.842424 0.216413 -19.650000
vt -28.165391 2.403881
vt -27.949967 -0.180119
vt -28.492424 0.216413
vn -0.382872 -0.062577 -0.921680
vn -0.382872 -0.062577 -0.921680
vn -0.382872 -0.062577 -0.921680
f 1481/1481/1481 1482/1482/1482 1483/1483/1483
v -9.507648 2.800413 -19.745591
v -8.028953 2.403881 -20.136438
v -8.842424 0.216413 -19.650000
vt -29.253239 2.800413
vt -28.165391 2.403881
vt -28.492424 0.216413
vn -0.280930 -0.107602 -0.953677
vn -0.280930 -0.107602 -0.953677
vn -0.280930 -0.107602 -0.953677
f 1484/1484/1484 1485/1485/1485 1486/1486/1486
v -5.439949 2.517499 -20.242336
v -6.000000 -0.066501 -20.130000
v -7.960556 -0.180119 -19.989411
vt -25.682285 2.517499
vt -26.130000 -0.066501
vt -27.949967 -0.180119
vn -0.069870 -0.028207 -0.997157
vn -0.069870 -0.028207 -0.997157
vn -0.069870 -0.028207 -0.997157
f 1487/1487/1487 1488/1488/1488 1489/1489/1489
v -8.028953 2.403881 -20.136438
v -5.439949 2.517499 -20.242336
v -7.960556 -0.180119 -19.989411
vt -28.165391 2.403881
vt -25.682285 2.517499
vt -27.949967 -0.180119
vn -0.038269 -0.057775 -0.997596
vn -0.038269 -0.057775 -0.997596
vn -0.038269 -0.057775 -0.997596
f 1490/1490/1490 1491/1491/1491 1492/1492/1492
v -3.159507 2.819467 -20.001252
v -4.018051 0.235467 -19.989411
v -6.000000 -0.066501 -20.130000
vt -23.160759 2.819467
vt -24.007463 0.235467
vt -26.130000 -0.066501
vn 0.075206 -0.029555 -0.996730
vn 0.075206 -0.029555 -0.996730
vn 0.075206 -0.029555 -0.996730
f 1493/1493/1493 1494/1494/1494 1495/1495/1495
v -5.439949 2.517499 -20.242336
v -3.159507 2.819467 -20.001252
v -6.000000 -0.066501 -20.130000
vt -25.682285 2.517499
vt -23.160759 2.819467
vt -26.130000 -0.066501
vn 0.113758 -0.067747 -0.991196
vn 0.113758 -0.067747 -0.991196
vn 0.113758 -0.067747 -0.991196
f 1496/1496/1496 1497/1497/1497 1498/1498/1498
v -2.419194 2.650501 -19.554409
v -3.098293 0.066501 -19.650000
v -4.018051 0.235467 -19.989411
vt -21.973603 2.650501
vt -22.748293 0.066501
vt -24.007463 0.235467
vn 0.336988 -0.053791 -0.939971
vn 0.336988 -0.053791 -0.939971
vn 0.336988 -0.053791 -0.939971
f 1499/1499/1499 1500/1500/1500 1501/1501/1501
v -3.159507 2.819467 -20.001252
v -2.419194 2.650501 -19.554409
v -4.018051 0.235467 -19.989411
vt -23.160759 2.819467
vt -21.973603 2.650501
vt -24.007463 0.235467
vn 0.482025 -0.164099 -0.860653
vn 0.482025 -0.164099 -0.860653
vn 0.482025 -0.164099 -0.860653
f 1502/1502/1502 1503/1503/1503 1504/1504/1504
v -3.812475 5.688119 -19.346253
v -4.014757 2.764119 -19.163562
v -2.419194 2.650501 -19.554409
vt -23.158728 5.688119
vt -23.178319 2.764119
vt -21.973603 2.650501
vn 0.240645 0.043934 0.969618
vn 0.240645 0.043934 0.969618
vn 0.240645 0.043934 0.969618
f 1505/1505/1505 1506/1506/1506 1507/1507/1507
v -3.047139 5.574501 -19.708898
v -3.812475 5.688119 -19.346253
v -2.419194 2.650501 -19.554409
vt -22.756037 5.574501
vt -23.158728 5.688119
vt -21.973603 2.650501
vn 0.440970 0.141528 0.886293
vn 0.440970 0.141528 0.886293
vn 0.440970 0.141528 0.886293
f 1508/1508/1508 1509/1509/1509 1510/1510/1510
v -5.647552 5.291587 -19.161538
v -6.572015 2.367587 -19.057664
v -4.014757 2.764119 -19.163562
vt -24.809091 5.291587
vt -25.629679 2.367587
vt -23.178319 2.764119
vn 0.037716 0.023565 0.999011
vn 0.037716 0.023565 0.999011
vn 0.037716 0.023565 0.999011
f 1511/1511/1511 1512/1512/1512 1513/1513/1513
v -3.812475 5.688119 -19.346253
v -5.647552 5.291587 -19.161538
v -4.014757 2.764119 -19.163562
vt -23.158728 5.688119
vt -24.809091 5.291587
vt -23.178319 2.764119
vn 0.087997 0.056051 0.994543
vn 0.087997 0.056051 0.994543
vn 0.087997 0.056051 0.994543
f 1514/1514/1514 1515/1515/1515 1516/1516/1516
v -7.735523 5.508000 -19.262958
v -8.779366 2.584000 -19.298748
v -6.572015 2.367587 -19.057664
vt -26.998481 5.508000
vt -28.078114 2.584000
vt -25.629679 2.367587
vn -0.106048 0.025691 0.994029
vn -0.106048 0.025691 0.994029
vn -0.106048 0.025691 0.994029
f 1517/1517/1517 1518/1518/1518 1519/1519/1519
v -5.647552 5.291587 -19.161538
v -7.735523 5.508000 -19.262958
v -6.572015 2.367587 -19.057664
vt -24.809091 5.291587
vt -26.998481 5.508000
vt -25.629679 2.367587
vn -0.043373 0.049161 0.997849
vn -0.043373 0.049161 0.997849
vn -0.043373 0.049161 0.997849
f 1520/1520/1520 1521/1521/1521 1522/1522/1522
v -8.892533 5.724413 -19.591102
v -9.507648 2.800413 -19.745591
v -8.779366 2.584000 -19.298748
vt -28.483634 5.724413
vt -29.253239 2.800413
vt -28.078114 2.584000
vn -0.508607 0.061620 0.858791
vn -0.508607 0.061620 0.858791
vn -0.508607 0.061620 0.858791
f 1523/1523/1523 1524/1524/1524 1525/1525/1525
v -7.735523 5.508000 -19.262958
v -8.892533 5.724413 -19.591102
v -8.779366 2.584000 -19.298748
vt -26.998481 5.508000
vt -28.483634 5.724413
vt -28.078114 2.584000
vn -0.258035 0.080332 0.962790
vn -0.258035 0.080332 0.962790
vn -0.258035 0.080332 0.962790
f 1526/1526/1526 1527/1527/1527 1528/1528/1528
v -8.235688 5.327881 -19.953747
v -8.028953 2.403881 -20.136438
v -9.507648 2.800413 -19.745591
vt -28.189436 5.327881
vt -28.165391 2.403881
vt -29.253239 2.800413
vn -0.244449 0.043241 -0.968697
vn -0.244449 0.043241 -0.968697
vn -0.244449 0.043241 -0.968697
f 1529/1529/1529 1530/1530/1530 1531/1531/1531
v -8.892533 5.724413 -19.591102
v -8.235688 5.327881 -19.953747
v -9.507648 2.800413 -19.745591
vt -28.483634 5.724413
vt -28.189436 5.327881
vt -29.253239 2.800413
vn -0.415264 0.134891 -0.899645
vn -0.415264 0.134891 -0.899645
vn -0.415264 0.134891 -0.899645
f 1532/1532/1532 1533/1533/1533 1534/1534/1534
v -6.345076 5.441499 -20.138462
v -5.439949 2.517499 -20.242336
v -8.028953 2.403881 -20.136438
vt -26.483538 5.441499
vt -25.682285 2.517499
vt -28.165391 2.403881
vn -0.041846 0.022531 -0.998870
vn -0.041846 0.022531 -0.998870
vn -0.041846 0.022531 -0.998870
f 1535/1535/1535 1536/1536/1536 1537/1537/1537
v -8.235688 5.327881 -19.953747
v -6.345076 5.441499 -20.138462
v -8.028953 2.403881 -20.136438
vt -28.189436 5.327881
vt -26.483538 5.441499
vt -28.165391 2.403881
vn -0.100363 0.054973 -0.993431
vn -0.100363 0.054973 -0.993431
vn -0.100363 0.054973 -0.993431
f 1538/1538/1538 1539/1539/1539 1540/1540/1540
v -4.226307 5.743467 -20.037042
v -3.159507 2.819467 -20.001252
v -5.439949 2.517499 -20.242336
vt -24.263349 5.743467
vt -23.160759 2.819467
vt -25.682285 2.517499
vn 0.101828 0.024979 -0.994488
vn 0.101828 0.024979 -0.994488
vn 0.101828 0.024979 -0.994488
f 1541/1541/1541 1542/1542/1542 1543/1543/1543
v -6.345076 5.441499 -20.138462
v -4.226307 5.743467 -20.037042
v -5.439949 2.517499 -20.242336
vt -26.483538 5.441499
vt -24.263349 5.743467
vt -25.682285 2.517499
vn 0.040914 0.048119 -0.998003
vn 0.040914 0.048119 -0.998003
vn 0.040914 0.048119 -0.998003
f 1544/1544/1544 1545/1545/1545 1546/1546/1546
v -3.047139 5.574501 -19.708898
v -2.419194 2.650501 -19.554409
v -3.159507 2.819467 -20.001252
vt -22.756037 5.574501
vt -21.973603 2.650501
vt -23.160759 2.819467
vn 0.526938 0.068404 -0.847146
vn 0.526938 0.068404 -0.847146
vn 0.526938 0.068404 -0.847146
f 1547/1547/1547 1548/1548/1548 1549/1549/1549
v -4.226307 5.743467 -20.037042
v -3.047139 5.574501 -19.708898
v -3.159507 2.819467 -20.001252
vt -24.263349 5.743467
vt -22.756037 5.574501
vt -23.160759 2.819467
vn 0.278966 0.090076 -0.956067
vn 0.278966 0.090076 -0.956067
vn 0.278966 0.090076 -0.956067
f 1550/1550/1550 1551/1551/1551 1552/1552/1552
v -5.010629 6.980119 -19.444435
v -3.812475 5.688119 -19.346253
v -3.047139 5.574501 -19.708898
vt -24.455063 6.980119
vt -23.158728 5.688119
vt -22.756037 5.574501
vn 0.434844 0.461998 0.772961
vn 0.434844 0.461998 0.772961
vn 0.434844 0.461998 0.772961
f 1553/1553/1553 1554/1554/1554 1555/1555/1555
v -4.373010 6.866501 -19.628423
v -5.010629 6.980119 -19.444435
v -3.047139 5.574501 -19.708898
vt -24.001433 6.866501
vt -24.455063 6.980119
vt -22.756037 5.574501
vn 0.310327 0.261536 0.913945
vn 0.310327 0.261536 0.913945
vn 0.310327 0.261536 0.913945
f 1556/1556/1556 1557/1557/1557 1558/1558/1558
v -6.129116 6.583587 -19.380864
v -5.647552 5.291587 -19.161538
v -3.812475 5.688119 -19.346253
vt -25.509980 6.583587
vt -24.809091 5.291587
vt -23.158728 5.688119
vn 0.058049 0.188072 0.980438
vn 0.058049 0.188072 0.980438
vn 0.058049 0.188072 0.980438
f 1559/1559/1559 1560/1560/1560 1561/1561/1561
v -5.010629 6.980119 -19.444435
v -6.129116 6.583587 -19.380864
v -3.812475 5.688119 -19.346253
vt -24.455063 6.980119
vt -25.509980 6.583587
vt -23.158728 5.688119
vn 0.022388 0.096381 0.995093
vn 0.022388 0.096381 0.995093
vn 0.022388 0.096381 0.995093
f 1562/1562/1562 1563/1563/1563 1564/1564/1564
v -7.174541 6.800000 -19.474949
v -7.735523 5.508000 -19.262958
v -5.647552 5.291587 -19.161538
vt -26.649490 6.800000
vt -26.998481 5.508000
vt -24.809091 5.291587
vn -0.029731 0.174401 0.984226
vn -0.029731 0.174401 0.984226
vn -0.029731 0.174401 0.984226
f 1565/1565/1565 1566/1566/1566 1567/1567/1567
v -6.129116 6.583587 -19.380864
v -7.174541 6.800000 -19.474949
v -5.647552 5.291587 -19.161538
vt -25.509980 6.583587
vt -26.649490 6.800000
vt -24.809091 5.291587
vn -0.058704 0.145767 0.987576
vn -0.058704 0.145767 0.987576
vn -0.058704 0.145767 0.987576
f 1568/1568/1568 1569/1569/1569 1570/1570/1570
v -7.593750 7.016413 -19.671577
v -8.892533 5.724413 -19.591102
v -7.735523 5.508000 -19.262958
vt -27.265327 7.016413
vt -28.483634 5.724413
vt -26.998481 5.508000
vn -0.214600 0.274118 0.937447
vn -0.214600 0.274118 0.937447
vn -0.214600 0.274118 0.937447
f 1571/1571/1571 1572/1572/1572 1573/1573/1573
v -7.174541 6.800000 -19.474949
v -7.593750 7.016413 -19.671577
v -7.735523 5.508000 -19.262958
vt -26.649490 6.800000
vt -27.265327 7.016413
vt -26.998481 5.508000
vn -0.287955 0.275516 0.917155
vn -0.287955 0.275516 0.917155
vn -0.287955 0.275516 0.917155
f 1574/1574/1574 1575/1575/1575 1576/1576/1576
v -7.011155 6.619881 -19.855565
v -8.235688 5.327881 -19.953747
v -8.892533 5.724413 -19.591102
vt -26.866720 6.619881
vt -28.189436 5.327881
vt -28.483634 5.724413
vn -0.288118 0.341070 -0.894796
vn -0.288118 0.341070 -0.894796
vn -0.288118 0.341070 -0.894796
f 1577/1577/1577 1578/1578/1578 1579/1579/1579
v -7.593750 7.016413 -19.671577
v -7.011155 6.619881 -19.855565
v -8.892533 5.724413 -19.591102
vt -27.265327 7.016413
vt -26.866720 6.619881
vt -28.483634 5.724413
vn -0.205783 0.146597 -0.967555
vn -0.205783 0.146597 -0.967555
vn -0.205783 0.146597 -0.967555
f 1580/1580/1580 1581/1581/1581 1582/1582/1582
v -5.873584 6.733499 -19.919136
v -6.345076 5.441499 -20.138462
v -8.235688 5.327881 -19.953747
vt -25.792721 6.733499
vt -26.483538 5.441499
vt -28.189436 5.327881
vn -0.107343 0.204345 -0.972996
vn -0.107343 0.204345 -0.972996
vn -0.107343 0.204345 -0.972996
f 1583/1583/1583 1584/1584/1584 1585/1585/1585
v -7.011155 6.619881 -19.855565
v -5.873584 6.733499 -19.919136
v -8.235688 5.327881 -19.953747
vt -26.866720 6.619881
vt -25.792721 6.733499
vt -28.189436 5.327881
vn -0.069243 0.140679 -0.987631
vn -0.069243 0.140679 -0.987631
vn -0.069243 0.140679 -0.987631
f 1586/1586/1586 1587/1587/1587 1588/1588/1588
v -4.799627 7.035467 -19.825051
v -4.226307 5.743467 -20.037042
v -6.345076 5.441499 -20.138462
vt -24.624678 7.035467
vt -24.263349 5.743467
vt -26.483538 5.441499
vn 0.022678 0.171665 -0.984894
vn 0.022678 0.171665 -0.984894
vn 0.022678 0.171665 -0.984894
f 1589/1589/1589 1590/1590/1590 1591/1591/1591
v -5.873584 6.733499 -19.919136
v -4.799627 7.035467 -19.825051
v -6.345076 5.441499 -20.138462
vt -25.792721 6.733499
vt -24.624678 7.035467
vt -26.483538 5.441499
vn 0.043878 0.151616 -0.987465
vn 0.043878 0.151616 -0.987465
vn 0.043878 0.151616 -0.987465
f 1592/1592/1592 1593/1593/1593 1594/1594/1594
v -4.373010 6.866501 -19.628423
v -3.047139 5.574501 -19.708898
v -4.226307 5.743467 -20.037042
vt -24.001433 6.866501
vt -22.756037 5.574501
vt -24.263349 5.743467
vn 0.297658 0.360523 -0.883981
vn 0.297658 0.360523 -0.883981
vn 0.297658 0.360523 -0.883981
f 1595/1595/1595 1596/1596/1596 1597/1597/1597
v -4.799627 7.035467 -19.825051
v -4.373010 6.866501 -19.628423
v -4.226307 5.743467 -20.037042
vt -24.624678 7.035467
vt -24.001433 6.866501
vt -24.263349 5.743467
vn 0.503290 0.352764 -0.788833
vn 0.503290 0.352764 -0.788833
vn 0.503290 0.352764 -0.788833
f 1598/1598/1598 1599/1599/1599 1600/1600/1600
v 2.800000 0.000000 -19.650000
v 1.990601 0.216413 -19.310589
v 0.000000 -0.180119 -19.170000
v -2.011932 -0.066501 -19.310589
v -2.739720 0.235467 -19.650000
v -2.033041 -0.129477 -19.989411
v -0.000000 -0.127704 -20.130000
v 2.053783 0.235765 -19.989411
vt -16.850000 0.000000
vt -17.319987 0.216413
vt -19.170000 -0.180119
vt -21.322521 -0.066501
vt -22.389720 0.235467
vt -22.022452 -0.129477
vt -20.130000 -0.127704
vt -17.935629 0.235765
vn 0.173169 -0.589613 0.788904
vn 0.173169 -0.589613 0.788904
vn 0.173169 -0.589613 0.788904
vn 0.173169 -0.589613 0.788904
vn 0.173169 -0.589613 0.788904
vn 0.173169 -0.589613 0.788904
vn 0.173169 -0.589613 0.788904
vn 0.173169 -0.589613 0.788904
f 1601/1601/1601 1602/1602/1602 1603/1603/1603
f 1601/1601/1601 1603/1603/1603 1604/1604/1604
f 1601/1601/1601 1604/1604/1604 1605/1605/1605
f 1601/1601/1601 1605/1605/1605 1606/1606/1606
f 1601/1601/1601 1606/1606/1606 1607/1607/1607
f 1601/1601/1601 1607/1607/1607 1608/1608/1608
v 1.243880 7.035765 -19.825051
v 0.121825 6.672296 -19.919136
v -1.048539 6.670523 -19.855565
v -1.536164 7.035467 -19.671577
v -1.218533 6.733499 -19.474949
v -0.124506 6.619881 -19.380864
v 1.026651 7.016413 -19.444435
v 1.569963 6.800000 -19.628423
vt -18.581171 7.035765
vt -19.797312 6.672296
vt -20.904104 6.670523
vt -21.207741 7.035467
vt -20.693482 6.733499
vt -19.505370 6.619881
vt -18.417784 7.016413
vt -18.058460 6.800000
vn -0.050458 0.393393 -0.917985
vn -0.050458 0.393393 -0.917985
vn -0.050458 0.393393 -0.917985
vn -0.050458 0.393393 -0.917985
vn -0.050458 0.393393 -0.917985
vn -0.050458 0.393393 -0.917985
vn -0.050458 0.393393 -0.917985
vn -0.050458 0.393393 -0.917985
f 1609/1609/1609 1610/1610/1610 1611/1611/1611
f 1609/1609/1609 1611/1611/1611 1612/1612/1612
f 1609/1609/1609 1612/1612/1612 1613/1613/1613
f 1609/1609/1609 1613/1613/1613 1614/1614/1614
f 1609/1609/1609 1614/1614/1614 1615/1615/1615
f 1609/1609/1609 1615/1615/1615 1616/1616/1616
v 2.060046 2.800413 -19.163562
v 1.990601 0.216413 -19.310589
v 2.800000 0.000000 -19.650000
vt -17.103516 2.800413
vt -17.319987 0.216413
vt -16.850000 0.000000
vn 0.371651 -0.062691 0.926253
vn 0.371651 -0.062691 0.926253
vn 0.371651 -0.062691 0.926253
f 1617/1617/1617 1618/1618/1618 1619/1619/1619
v 3.455295 2.584000 -19.554409
v 2.060046 2.800413 -19.163562
v 2.800000 0.000000 -19.650000
vt -16.099114 2.584000
vt -17.103516 2.800413
vt -16.850000 0.000000
vn 0.253979 -0.099997 0.962027
vn 0.253979 -0.099997 0.962027
vn 0.253979 -0.099997 0.962027
f 1620/1620/1620 1621/1621/1621 1622/1622/1622
v -0.551591 2.403881 -19.057664
v 0.000000 -0.180119 -19.170000
v 1.990601 0.216413 -19.310589
vt -19.609254 2.403881
vt -19.170000 -0.180119
vt -17.319987 0.216413
vn 0.075805 -0.027151 0.996753
vn 0.075805 -0.027151 0.996753
vn 0.075805 -0.027151 0.996753
f 1623/1623/1623 1624/1624/1624 1625/1625/1625
v 2.060046 2.800413 -19.163562
v -0.551591 2.403881 -19.057664
v 1.990601 0.216413 -19.310589
vt -17.103516 2.800413
vt -19.609254 2.403881
vt -17.319987 0.216413
vn 0.049246 -0.058057 0.997098
vn 0.049246 -0.058057 0.997098
vn 0.049246 -0.058057 0.997098
f 1626/1626/1626 1627/1627/1627 1628/1628/1628
v -2.883464 2.517499 -19.298748
v -2.011932 -0.066501 -19.310589
v 0.000000 -0.180119 -19.170000
vt -22.182212 2.517499
vt -21.322521 -0.066501
vt -19.170000 -0.180119
vn -0.071287 -0.028612 0.997045
vn -0.071287 -0.028612 0.997045
vn -0.071287 -0.028612 0.997045
f 1629/1629/1629 1630/1630/1630 1631/1631/1631
v -0.551591 2.403881 -19.057664
v -2.883464 2.517499 -19.298748
v 0.000000 -0.180119 -19.170000
vt -19.609254 2.403881
vt -22.182212 2.517499
vt -19.170000 -0.180119
vn -0.105784 -0.065716 0.992215
vn -0.105784 -0.065716 0.992215
vn -0.105784 -0.065716 0.992215
f 1632/1632/1632 1633/1633/1633 1634/1634/1634
v -3.380908 2.819467 -19.745591
v -2.739720 0.235467 -19.650000
v -2.011932 -0.066501 -19.310589
vt -23.126499 2.819467
vt -22.389720 0.235467
vt -21.322521 -0.066501
vn -0.447821 -0.078171 0.890700
vn -0.447821 -0.078171 0.890700
vn -0.447821 -0.078171 0.890700
f 1635/1635/1635 1636/1636/1636 1637/1637/1637
v -2.883464 2.517499 -19.298748
v -3.380908 2.819467 -19.745591
v -2.011932 -0.066501 -19.310589
vt -22.182212 2.517499
vt -23.126499 2.819467
vt -21.322521 -0.066501
vn -0.726347 -0.247920 0.641059
vn -0.726347 -0.247920 0.641059
vn -0.726347 -0.247920 0.641059
f 1638/1638/1638 1639/1639/1639 1640/1640/1640
v -2.103966 2.454523 -20.136438
v -2.033041 -0.129477 -19.989411
v -2.739720 0.235467 -19.650000
vt -22.240404 2.454523
vt -22.022452 -0.129477
vt -22.389720 0.235467
vn -0.458343 -0.063024 -0.886538
vn -0.458343 -0.063024 -0.886538
vn -0.458343 -0.063024 -0.886538
f 1641/1641/1641 1642/1642/1642 1643/1643/1643
v -3.380908 2.819467 -19.745591
v -2.103966 2.454523 -20.136438
v -2.739720 0.235467 -19.650000
vt -23.126499 2.819467
vt -22.240404 2.454523
vt -22.389720 0.235467
vn -0.320486 -0.114311 -0.940330
vn -0.320486 -0.114311 -0.940330
vn -0.320486 -0.114311 -0.940330
f 1644/1644/1644 1645/1645/1645 1646/1646/1646
v 0.539711 2.456296 -20.242336
v -0.000000 -0.127704 -20.130000
v -2.033041 -0.129477 -19.989411
vt -19.702626 2.456296
vt -20.130000 -0.127704
vt -22.022452 -0.129477
vn -0.068933 -0.028954 -0.997201
vn -0.068933 -0.028954 -0.997201
vn -0.068933 -0.028954 -0.997201
f 1647/1647/1647 1648/1648/1648 1649/1649/1649
v -2.103966 2.454523 -20.136438
v 0.539711 2.456296 -20.242336
v -2.033041 -0.129477 -19.989411
vt -22.240404 2.454523
vt -19.702626 2.456296
vt -22.022452 -0.129477
vn -0.039919 -0.057854 -0.997527
vn -0.039919 -0.057854 -0.997527
vn -0.039919 -0.057854 -0.997527
f 1650/1650/1650 1651/1651/1651 1652/1652/1652
v 2.943444 2.819765 -20.001252
v 2.053783 0.235765 -19.989411
v -0.000000 -0.127704 -20.130000
vt -17.057808 2.819765
vt -17.935629 0.235765
vt -20.130000 -0.127704
vn 0.073526 -0.029883 -0.996845
vn 0.073526 -0.029883 -0.996845
vn 0.073526 -0.029883 -0.996845
f 1653/1653/1653 1654/1654/1654 1655/1655/1655
v 0.539711 2.456296 -20.242336
v 2.943444 2.819765 -20.001252
v -0.000000 -0.127704 -20.130000
vt -19.702626 2.456296
vt -17.057808 2.819765
vt -20.130000 -0.127704
vn 0.109450 -0.065978 -0.991800
vn 0.109450 -0.065978 -0.991800
vn 0.109450 -0.065978 -0.991800
f 1656/1656/1656 1657/1657/1657 1658/1658/1658
v 3.455295 2.584000 -19.554409
v 2.800000 0.000000 -19.650000
v 2.053783 0.235765 -19.989411
vt -16.099114 2.584000
vt -16.850000 0.000000
vt -17.935629 0.235765
vn 0.395641 -0.066448 -0.915998
vn 0.395641 -0.066448 -0.915998
vn 0.395641 -0.066448 -0.915998
f 1659/1659/1659 1660/1660/1660 1661/1661/1661
v 2.943444 2.819765 -20.001252
v 3.455295 2.584000 -19.554409
v 2.053783 0.235765 -19.989411
vt -17.057808 2.819765
vt -16.099114 2.584000
vt -17.935629 0.235765
vn 0.587968 -0.206019 -0.782208
vn 0.587968 -0.206019 -0.782208
vn 0.587968 -0.206019 -0.782208
f 1662/1662/1662 1663/1663/1663 1664/1664/1664
v 2.269950 5.724413 -19.346253
v 2.060046 2.800413 -19.163562
v 3.455295 2.584000 -19.554409
vt -17.076303 5.724413
vt -17.103516 2.800413
vt -16.099114 2.584000
vn 0.275309 0.040249 0.960513
vn 0.275309 0.040249 0.960513
vn 0.275309 0.040249 0.960513
f 1665/1665/1665 1666/1666/1666 1667/1667/1667
v 2.849361 5.508000 -19.708898
v 2.269950 5.724413 -19.346253
v 3.455295 2.584000 -19.554409
vt -16.859538 5.508000
vt -17.076303 5.724413
vt -16.099114 2.584000
vn 0.565957 0.160013 0.808758
vn 0.565957 0.160013 0.808758
vn 0.565957 0.160013 0.808758
f 1668/1668/1668 1669/1669/1669 1670/1670/1670
v 0.339863 5.327881 -19.161538
v -0.551591 2.403881 -19.057664
v 2.060046 2.800413 -19.163562
vt -18.821675 5.327881
vt -19.609254 2.403881
vt -17.103516 2.800413
vn 0.036825 0.024263 0.999027
vn 0.036825 0.024263 0.999027
vn 0.036825 0.024263 0.999027
f 1671/1671/1671 1672/1672/1672 1673/1673/1673
v 2.269950 5.724413 -19.346253
v 0.339863 5.327881 -19.161538
v 2.060046 2.800413 -19.163562
vt -17.076303 5.724413
vt -18.821675 5.327881
vt -17.103516 2.800413
vn 0.083679 0.056155 0.994909
vn 0.083679 0.056155 0.994909
vn 0.083679 0.056155 0.994909
f 1674/1674/1674 1675/1675/1675 1676/1676/1676
v -1.800526 5.441499 -19.262958
v -2.883464 2.517499 -19.298748
v -0.551591 2.403881 -19.057664
vt -21.063484 5.441499
vt -22.182212 2.517499
vt -19.609254 2.403881
vn -0.101578 0.025448 0.994502
vn -0.101578 0.025448 0.994502
vn -0.101578 0.025448 0.994502
f 1677/1677/1677 1678/1678/1678 1679/1679/1679
v 0.339863 5.327881 -19.161538
v -1.800526 5.441499 -19.262958
v -0.551591 2.403881 -19.057664
vt -18.821675 5.327881
vt -21.063484 5.441499
vt -19.609254 2.403881
vn -0.044675 0.049067 0.997796
vn -0.044675 0.049067 0.997796
vn -0.044675 0.049067 0.997796
f 1680/1680/1680 1681/1681/1681 1682/1682/1682
v -2.788018 5.743467 -19.591102
v -3.380908 2.819467 -19.745591
v -2.883464 2.517499 -19.298748
vt -22.379120 5.743467
vt -23.126499 2.819467
vt -22.182212 2.517499
vn -0.635441 0.088318 0.767082
vn -0.635441 0.088318 0.767082
vn -0.635441 0.088318 0.767082
f 1683/1683/1683 1684/1684/1684 1685/1685/1685
v -1.800526 5.441499 -19.262958
v -2.788018 5.743467 -19.591102
v -2.883464 2.517499 -19.298748
vt -21.063484 5.441499
vt -22.379120 5.743467
vt -22.182212 2.517499
vn -0.287674 0.094879 0.953017
vn -0.287674 0.094879 0.953017
vn -0.287674 0.094879 0.953017
f 1686/1686/1686 1687/1687/1687 1688/1688/1688
v -2.318346 5.378523 -19.953747
v -2.103966 2.454523 -20.136438
v -3.380908 2.819467 -19.745591
vt -22.272093 5.378523
vt -22.240404 2.454523
vt -23.126499 2.819467
vn -0.282192 0.039201 -0.958557
vn -0.282192 0.039201 -0.958557
vn -0.282192 0.039201 -0.958557
f 1689/1689/1689 1690/1690/1690 1691/1691/1691
v -2.788018 5.743467 -19.591102
v -2.318346 5.378523 -19.953747
v -3.380908 2.819467 -19.745591
vt -22.379120 5.743467
vt -22.272093 5.378523
vt -23.126499 2.819467
vn -0.527847 0.151188 -0.835775
vn -0.527847 0.151188 -0.835775
vn -0.527847 0.151188 -0.835775
f 1692/1692/1692 1693/1693/1693 1694/1694/1694
v -0.332543 5.380296 -20.138462
v 0.539711 2.456296 -20.242336
v -2.103966 2.454523 -20.136438
vt -20.471005 5.380296
vt -19.702626 2.456296
vt -22.240404 2.454523
vn -0.040030 0.023545 -0.998921
vn -0.040030 0.023545 -0.998921
vn -0.040030 0.023545 -0.998921
f 1695/1695/1695 1696/1696/1696 1697/1697/1697
v -2.318346 5.378523 -19.953747
v -0.332543 5.380296 -20.138462
v -2.103966 2.454523 -20.136438
vt -22.272093 5.378523
vt -20.471005 5.380296
vt -22.240404 2.454523
vn -0.092525 0.055332 -0.994172
vn -0.092525 0.055332 -0.994172
vn -0.092525 0.055332 -0.994172
f 1698/1698/1698 1699/1699/1699 1700/1700/1700
v 1.837979 5.743765 -20.037042
v 2.943444 2.819765 -20.001252
v 0.539711 2.456296 -20.242336
vt -18.199063 5.743765
vt -17.057808 2.819765
vt -19.702626 2.456296
vn 0.096147 0.024170 -0.995074
vn 0.096147 0.024170 -0.995074
vn 0.096147 0.024170 -0.995074
f 1701/1701/1701 1702/1702/1702 1703/1703/1703
v -0.332543 5.380296 -20.138462
v 1.837979 5.743765 -20.037042
v 0.539711 2.456296 -20.242336
vt -20.471005 5.380296
vt -18.199063 5.743765
vt -19.702626 2.456296
vn 0.038765 0.047023 -0.998141
vn 0.038765 0.047023 -0.998141
vn 0.038765 0.047023 -0.998141
f 1704/1704/1704 1705/1705/1705 1706/1706/1706
v 2.849361 5.508000 -19.708898
v 3.455295 2.584000 -19.554409
v 2.943444 2.819765 -20.001252
vt -16.859538 5.508000
vt -16.099114 2.584000
vt -17.057808 2.819765
vn 0.680598 0.102711 -0.725422
vn 0.680598 0.102711 -0.725422
vn 0.680598 0.102711 -0.725422
f 1707/1707/1707 1708/1708/1708 1709/1709/1709
v 1.837979 5.743765 -20.037042
v 2.849361 5.508000 -19.708898
v 2.943444 2.819765 -20.001252
vt -18.199063 5.743765
vt -16.859538 5.508000
vt -17.057808 2.819765
vn 0.330453 0.113464 -0.936977
vn 0.330453 0.113464 -0.936977
vn 0.330453 0.113464 -0.936977
f 1710/1710/1710 1711/1711/1711 1712/1712/1712
v 1.026651 7.016413 -19.444435
v 2.269950 5.724413 -19.346253
v 2.849361 5.508000 -19.708898
vt -18.417784 7.016413
vt -17.076303 5.724413
vt -16.859538 5.508000
vn 0.574169 0.595246 0.562150
vn 0.574169 0.595246 0.562150
vn 0.574169 0.595246 0.562150
f 1713/1713/1713 1714/1714/1714 1715/1715/1715
v 1.569963 6.800000 -19.628423
v 1.026651 7.016413 -19.444435
v 2.849361 5.508000 -19.708898
vt -18.058460 6.800000
vt -18.417784 7.016413
vt -16.859538 5.508000
vn 0.427168 0.371661 0.824255
vn 0.427168 0.371661 0.824255
vn 0.427168 0.371661 0.824255
f 1716/1716/1716 1717/1717/1717 1718/1718/1718
v -0.124506 6.619881 -19.380864
v 0.339863 5.327881 -19.161538
v 2.269950 5.724413 -19.346253
vt -19.505370 6.619881
vt -18.821675 5.327881
vt -17.076303 5.724413
vn 0.055561 0.186482 0.980886
vn 0.055561 0.186482 0.980886
vn 0.055561 0.186482 0.980886
f 1719/1719/1719 1720/1720/1720 1721/1721/1721
v 1.026651 7.016413 -19.444435
v -0.124506 6.619881 -19.380864
v 2.269950 5.724413 -19.346253
vt -18.417784 7.016413
vt -19.505370 6.619881
vt -17.076303 5.724413
vn 0.021709 0.096510 0.995095
vn 0.021709 0.096510 0.995095
vn 0.021709 0.096510 0.995095
f 1722/1722/1722 1723/1723/1723 1724/1724/1724
v -1.218533 6.733499 -19.474949
v -1.800526 5.441499 -19.262958
v 0.339863 5.327881 -19.161538
vt -20.693482 6.733499
vt -21.063484 5.441499
vt -18.821675 5.327881
vn -0.037141 0.178073 0.983316
vn -0.037141 0.178073 0.983316
vn -0.037141 0.178073 0.983316
f 1725/1725/1725 1726/1726/1726 1727/1727/1727
v -0.124506 6.619881 -19.380864
v -1.218533 6.733499 -19.474949
v 0.339863 5.327881 -19.161538
vt -19.505370 6.619881
vt -20.693482 6.733499
vt -18.821675 5.327881
vn -0.070120 0.142402 0.987322
vn -0.070120 0.142402 0.987322
vn -0.070120 0.142402 0.987322
f 1728/1728/1728 1729/1729/1729 1730/1730/1730
v -1.536164 7.035467 -19.671577
v -2.788018 5.743467 -19.591102
v -1.800526 5.441499 -19.262958
vt -21.207741 7.035467
vt -22.379120 5.743467
vt -21.063484 5.441499
vn -0.225709 0.276874 0.934022
vn -0.225709 0.276874 0.934022
vn -0.225709 0.276874 0.934022
f 1731/1731/1731 1732/1732/1732 1733/1733/1733
v -1.218533 6.733499 -19.474949
v -1.536164 7.035467 -19.671577
v -1.800526 5.441499 -19.262958
vt -20.693482 6.733499
vt -21.207741 7.035467
vt -21.063484 5.441499
vn -0.295806 0.282952 0.912380
vn -0.295806 0.282952 0.912380
vn -0.295806 0.282952 0.912380
f 1734/1734/1734 1735/1735/1735 1736/1736/1736
v -1.048539 6.670523 -19.855565
v -2.318346 5.378523 -19.953747
v -2.788018 5.743467 -19.591102
vt -20.904104 6.670523
vt -22.272093 5.378523
vt -22.379120 5.743467
vn -0.343238 0.401855 -0.848940
vn -0.343238 0.401855 -0.848940
vn -0.343238 0.401855 -0.848940
f 1737/1737/1737 1738/1738/1738 1739/1739/1739
v -1.536164 7.035467 -19.671577
v -1.048539 6.670523 -19.855565
v -2.788018 5.743467 -19.591102
vt -21.207741 7.035467
vt -20.904104 6.670523
vt -22.379120 5.743467
vn -0.235232 0.168298 -0.957257
vn -0.235232 0.168298 -0.957257
vn -0.235232 0.168298 -0.957257
f 1740/1740/1740 1741/1741/1741 1742/1742/1742
v 0.121825 6.672296 -19.919136
v -0.332543 5.380296 -20.138462
v -2.318346 5.378523 -19.953747
vt -19.797312 6.672296
vt -20.471005 5.380296
vt -22.272093 5.378523
vn -0.090965 0.197679 -0.976037
vn -0.090965 0.197679 -0.976037
vn -0.090965 0.197679 -0.976037
f 1743/1743/1743 1744/1744/1744 1745/1745/1745
v -1.048539 6.670523 -19.855565
v 0.121825 6.672296 -19.919136
v -2.318346 5.378523 -19.953747
vt -20.904104 6.670523
vt -19.797312 6.672296
vt -22.272093 5.378523
vn -0.053983 0.128308 -0.990264
vn -0.053983 0.128308 -0.990264
vn -0.053983 0.128308 -0.990264
f 1746/1746/1746 1747/1747/1747 1748/1748/1748
v 1.243880 7.035765 -19.825051
v 1.837979 5.743765 -20.037042
v -0.332543 5.380296 -20.138462
vt -18.581171 7.035765
vt -18.199063 5.743765
vt -20.471005 5.380296
vn 0.017611 0.169770 -0.985326
vn 0.017611 0.169770 -0.985326
vn 0.017611 0.169770 -0.985326
f 1749/1749/1749 1750/1750/1750 1751/1751/1751
v 0.121825 6.672296 -19.919136
v 1.243880 7.035765 -19.825051
v -0.332543 5.380296 -20.138462
vt -19.797312 6.672296
vt -18.581171 7.035765
vt -20.471005 5.380296
vn 0.032155 0.156274 -0.987190
vn 0.032155 0.156274 -0.987190
vn 0.032155 0.156274 -0.987190
f 1752/1752/1752 1753/1753/1753 1754/1754/1754
v 1.569963 6.800000 -19.628423
v 2.849361 5.508000 -19.708898
v 1.837979 5.743765 -20.037042
vt -18.058460 6.800000
vt -16.859538 5.508000
vt -18.199063 5.743765
vn 0.366881 0.415156 -0.832493
vn 0.366881 0.415156 -0.832493
vn 0.366881 0.415156 -0.832493
f 1755/1755/1755 1756/1756/1756 1757/1757/1757
v 1.243880 7.035765 -19.825051
v 1.569963 6.800000 -19.628423
v 1.837979 5.743765 -20.037042
vt -18.581171 7.035765
vt -18.058460 6.800000
vt -18.199063 5.743765
vn 0.669687 0.409586 -0.619483
vn 0.669687 0.409586 -0.619483
vn 0.669687 0.409586 -0.619483
f 1758/1758/1758 1759/1759/1759 1760/1760/1760
v 8.698293 -0.066501 -19.650000
v 8.062031 0.235467 -19.310589
v 6.000000 -0.129477 -19.170000
v 3.917985 -0.127704 -19.310589
v 3.358182 0.235765 -19.650000
v 3.898707 -0.068521 -19.989411
v 6.000000 -0.178735 -20.130000
v 8.119731 0.217281 -19.989411
vt -10.951707 -0.066501
vt -11.248558 0.235467
vt -13.170000 -0.129477
vt -15.392604 -0.127704
vt -16.291818 0.235765
vt -16.090704 -0.068521
vt -14.130000 -0.178735
vt -11.869680 0.217281
vn 0.156386 -0.573965 0.803808
vn 0.156386 -0.573965 0.803808
vn 0.156386 -0.573965 0.803808
vn 0.156386 -0.573965 0.803808
vn 0.156386 -0.573965 0.803808
vn 0.156386 -0.573965 0.803808
vn 0.156386 -0.573965 0.803808
vn 0.156386 -0.573965 0.803808
f 1761/1761/1761 1762/1762/1762 1763/1763/1763
f 1761/1761/1761 1763/1763/1763 1764/1764/1764
f 1761/1761/1761 1764/1764/1764 1765/1765/1765
f 1761/1761/1761 1765/1765/1765 1766/1766/1766
f 1761/1761/1761 1766/1766/1766 1767/1767/1767
f 1761/1761/1761 1767/1767/1767 1768/1768/1768
v 7.283821 7.017281 -19.825051
v 6.117555 6.621265 -19.919136
v 4.916261 6.731479 -19.855565
v 4.518730 7.035765 -19.671577
v 4.739022 6.672296 -19.474949
v 5.879996 6.670523 -19.380864
v 7.063490 7.035467 -19.444435
v 7.512935 6.733499 -19.628423
vt -12.541230 7.017281
vt -13.801581 6.621265
vt -14.939305 6.731479
vt -15.152847 7.035765
vt -14.735927 6.672296
vt -13.500868 6.670523
vt -12.380944 7.035467
vt -12.115488 6.733499
vn -0.023398 0.295789 -0.954967
vn -0.023398 0.295789 -0.954967
vn -0.023398 0.295789 -0.954967
vn -0.023398 0.295789 -0.954967
vn -0.023398 0.295789 -0.954967
vn -0.023398 0.295789 -0.954967
vn -0.023398 0.295789 -0.954967
vn -0.023398 0.295789 -0.954967
f 1769/1769/1769 1770/1770/1770 1771/1771/1771
f 1769/1769/1769 1771/1771/1771 1772/1772/1772
f 1769/1769/1769 1772/1772/1772 1773/1773/1773
f 1769/1769/1769 1773/1773/1773 1774/1774/1774
f 1769/1769/1769 1774/1774/1774 1775/1775/1775
f 1769/1769/1769 1775/1775/1775 1776/1776/1776
v 8.133967 2.819467 -19.163562
v 8.062031 0.235467 -19.310589
v 8.698293 -0.066501 -19.650000
vt -11.029595 2.819467
vt -11.248558 0.235467
vt -10.951707 -0.066501
vn 0.446203 -0.063215 0.892696
vn 0.446203 -0.063215 0.892696
vn 0.446203 -0.063215 0.892696
f 1777/1777/1777 1778/1778/1778 1779/1779/1779
v 9.329785 2.517499 -19.554409
v 8.133967 2.819467 -19.163562
v 8.698293 -0.066501 -19.650000
vt -10.224624 2.517499
vt -11.029595 2.819467
vt -10.951707 -0.066501
vn 0.284931 -0.104880 0.952793
vn 0.284931 -0.104880 0.952793
vn 0.284931 -0.104880 0.952793
f 1780/1780/1780 1781/1781/1781 1782/1782/1782
v 5.468354 2.454523 -19.057664
v 6.000000 -0.129477 -19.170000
v 8.062031 0.235467 -19.310589
vt -13.589309 2.454523
vt -13.170000 -0.129477
vt -11.248558 0.235467
vn 0.072983 -0.028324 0.996931
vn 0.072983 -0.028324 0.996931
vn 0.072983 -0.028324 0.996931
f 1783/1783/1783 1784/1784/1784 1785/1785/1785
v 8.133967 2.819467 -19.163562
v 5.468354 2.454523 -19.057664
v 8.062031 0.235467 -19.310589
vt -11.029595 2.819467
vt -13.589309 2.454523
vt -11.248558 0.235467
vn 0.047565 -0.058063 0.997179
vn 0.047565 -0.058063 0.997179
vn 0.047565 -0.058063 0.997179
f 1786/1786/1786 1787/1787/1787 1788/1788/1788
v 3.016094 2.456296 -19.298748
v 3.917985 -0.127704 -19.310589
v 6.000000 -0.129477 -19.170000
vt -16.282654 2.456296
vt -15.392604 -0.127704
vt -13.170000 -0.129477
vn -0.067369 -0.028084 0.997333
vn -0.067369 -0.028084 0.997333
vn -0.067369 -0.028084 0.997333
f 1789/1789/1789 1790/1790/1790 1791/1791/1791
v 5.468354 2.454523 -19.057664
v 3.016094 2.456296 -19.298748
v 6.000000 -0.129477 -19.170000
vt -13.589309 2.454523
vt -16.282654 2.456296
vt -13.170000 -0.129477
vn -0.097689 -0.063277 0.993203
vn -0.097689 -0.063277 0.993203
vn -0.097689 -0.063277 0.993203
f 1792/1792/1792 1793/1793/1793 1794/1794/1794
v 2.739906 2.819765 -19.745591
v 3.358182 0.235765 -19.650000
v 3.917985 -0.127704 -19.310589
vt -17.005685 2.819765
vt -16.291818 0.235765
vt -15.392604 -0.127704
vn -0.564458 -0.104769 0.818786
vn -0.564458 -0.104769 0.818786
vn -0.564458 -0.104769 0.818786
f 1795/1795/1795 1796/1796/1796 1797/1797/1797
v 3.016094 2.456296 -19.298748
v 2.739906 2.819765 -19.745591
v 3.917985 -0.127704 -19.310589
vt -16.282654 2.456296
vt -17.005685 2.819765
vt -15.392604 -0.127704
vn -0.900303 -0.315605 0.299747
vn -0.900303 -0.315605 0.299747
vn -0.900303 -0.315605 0.299747
f 1798/1798/1798 1799/1799/1799 1800/1800/1800
v 3.825401 2.515479 -20.136438
v 3.898707 -0.068521 -19.989411
v 3.358182 0.235765 -19.650000
vt -16.311037 2.515479
vt -16.090704 -0.068521
vt -16.291818 0.235765
vn -0.555896 -0.062932 -0.828866
vn -0.555896 -0.062932 -0.828866
vn -0.555896 -0.062932 -0.828866
f 1801/1801/1801 1802/1802/1802 1803/1803/1803
v 2.739906 2.819765 -19.745591
v 3.825401 2.515479 -20.136438
v 3.358182 0.235765 -19.650000
vt -17.005685 2.819765
vt -16.311037 2.515479
vt -16.291818 0.235765
vn -0.366292 -0.121769 -0.922498
vn -0.366292 -0.121769 -0.922498
vn -0.366292 -0.121769 -0.922498
f 1804/1804/1804 1805/1805/1805 1806/1806/1806
v 6.520796 2.405265 -20.242336
v 6.000000 -0.178735 -20.130000
v 3.898707 -0.068521 -19.989411
vt -13.721540 2.405265
vt -14.130000 -0.178735
vt -16.090704 -0.068521
vn -0.068273 -0.029593 -0.997228
vn -0.068273 -0.029593 -0.997228
vn -0.068273 -0.029593 -0.997228
f 1807/1807/1807 1808/1808/1808 1809/1809/1809
v 3.825401 2.515479 -20.136438
v 6.520796 2.405265 -20.242336
v 3.898707 -0.068521 -19.989411
vt -16.311037 2.515479
vt -13.721540 2.405265
vt -16.090704 -0.068521
vn -0.041557 -0.057933 -0.997455
vn -0.041557 -0.057933 -0.997455
vn -0.041557 -0.057933 -0.997455
f 1810/1810/1810 1811/1811/1811 1812/1812/1812
v 9.037960 2.801281 -20.001252
v 8.119731 0.217281 -19.989411
v 6.000000 -0.178735 -20.130000
vt -10.963292 2.801281
vt -11.869680 0.217281
vt -14.130000 -0.178735
vn 0.071739 -0.030061 -0.996970
vn 0.071739 -0.030061 -0.996970
vn 0.071739 -0.030061 -0.996970
f 1813/1813/1813 1814/1814/1814 1815/1815/1815
v 6.520796 2.405265 -20.242336
v 9.037960 2.801281 -20.001252
v 6.000000 -0.178735 -20.130000
vt -13.721540 2.405265
vt -10.963292 2.801281
vt -14.130000 -0.178735
vn 0.105168 -0.064338 -0.992371
vn 0.105168 -0.064338 -0.992371
vn 0.105168 -0.064338 -0.992371
f 1816/1816/1816 1817/1817/1817 1818/1818/1818
v 9.329785 2.517499 -19.554409
v 8.698293 -0.066501 -19.650000
v 8.119731 0.217281 -19.989411
vt -10.224624 2.517499
vt -10.951707 -0.066501
vt -11.869680 0.217281
vn 0.473535 -0.083288 -0.876828
vn 0.473535 -0.083288 -0.876828
vn 0.473535 -0.083288 -0.876828
f 1819/1819/1819 1820/1820/1820 1821/1821/1821
v 9.037960 2.801281 -20.001252
v 9.329785 2.517499 -19.554409
v 8.119731 0.217281 -19.989411
vt -10.963292 2.801281
vt -10.224624 2.517499
vt -11.869680 0.217281
vn 0.724354 -0.260326 -0.638391
vn 0.724354 -0.260326 -0.638391
vn 0.724354 -0.260326 -0.638391
f 1822/1822/1822 1823/1823/1823 1824/1824/1824
v 8.351403 5.743467 -19.346253
v 8.133967 2.819467 -19.163562
v 9.329785 2.517499 -19.554409
vt -10.994849 5.743467
vt -11.029595 2.819467
vt -10.224624 2.517499
vn 0.318563 0.035494 0.947237
vn 0.318563 0.035494 0.947237
vn 0.318563 0.035494 0.947237
f 1825/1825/1825 1826/1826/1826 1827/1827/1827
v 8.745861 5.441499 -19.708898
v 8.351403 5.743467 -19.346253
v 9.329785 2.517499 -19.554409
vt -10.963038 5.441499
vt -10.994849 5.743467
vt -10.224624 2.517499
vn 0.737276 0.181615 0.650723
vn 0.737276 0.181615 0.650723
vn 0.737276 0.181615 0.650723
f 1828/1828/1828 1829/1829/1829 1830/1830/1830
v 6.327574 5.378523 -19.161538
v 5.468354 2.454523 -19.057664
v 8.133967 2.819467 -19.163562
vt -12.833964 5.378523
vt -13.589309 2.454523
vt -11.029595 2.819467
vn 0.036290 0.024827 0.999033
vn 0.036290 0.024827 0.999033
vn 0.036290 0.024827 0.999033
f 1831/1831/1831 1832/1832/1832 1833/1833/1833
v 8.351403 5.743467 -19.346253
v 6.327574 5.378523 -19.161538
v 8.133967 2.819467 -19.163562
vt -10.994849 5.743467
vt -12.833964 5.378523
vt -11.029595 2.819467
vn 0.080698 0.056176 0.995154
vn 0.080698 0.056176 0.995154
vn 0.080698 0.056176 0.995154
f 1834/1834/1834 1835/1835/1835 1836/1836/1836
v 4.136755 5.380296 -19.262958
v 3.016094 2.456296 -19.298748
v 5.468354 2.454523 -19.057664
vt -15.126203 5.380296
vt -16.282654 2.456296
vt -13.589309 2.454523
vn -0.097790 0.025302 0.994885
vn -0.097790 0.025302 0.994885
vn -0.097790 0.025302 0.994885
f 1837/1837/1837 1838/1838/1838 1839/1839/1839
v 6.327574 5.378523 -19.161538
v 4.136755 5.380296 -19.262958
v 5.468354 2.454523 -19.057664
vt -12.833964 5.378523
vt -15.126203 5.380296
vt -13.589309 2.454523
vn -0.046148 0.049005 0.997732
vn -0.046148 0.049005 0.997732
vn -0.046148 0.049005 0.997732
f 1840/1840/1840 1841/1841/1841 1842/1842/1842
v 3.311610 5.743765 -19.591102
v 2.739906 2.819765 -19.745591
v 3.016094 2.456296 -19.298748
vt -16.279492 5.743765
vt -17.005685 2.819765
vt -16.282654 2.456296
vn -0.795667 0.124246 0.592855
vn -0.795667 0.124246 0.592855
vn -0.795667 0.124246 0.592855
f 1843/1843/1843 1844/1844/1844 1845/1845/1845
v 4.136755 5.380296 -19.262958
v 3.311610 5.743765 -19.591102
v 3.016094 2.456296 -19.298748
vt -15.126203 5.380296
vt -16.279492 5.743765
vt -16.282654 2.456296
vn -0.323936 0.112655 0.939348
vn -0.323936 0.112655 0.939348
vn -0.323936 0.112655 0.939348
f 1846/1846/1846 1847/1847/1847 1848/1848/1848
v 3.603825 5.439479 -19.953747
v 3.825401 2.515479 -20.136438
v 2.739906 2.819765 -19.745591
vt -16.349922 5.439479
vt -16.311037 2.515479
vt -17.005685 2.819765
vn -0.330147 0.033920 -0.943320
vn -0.330147 0.033920 -0.943320
vn -0.330147 0.033920 -0.943320
f 1849/1849/1849 1850/1850/1850 1851/1851/1851
v 3.311610 5.743765 -19.591102
v 3.603825 5.439479 -19.953747
v 2.739906 2.819765 -19.745591
vt -16.279492 5.743765
vt -16.349922 5.439479
vt -17.005685 2.819765
vn -0.691391 0.172253 -0.701646
vn -0.691391 0.172253 -0.701646
vn -0.691391 0.172253 -0.701646
f 1852/1852/1852 1853/1853/1853 1854/1854/1854
v 5.679111 5.329265 -20.138462
v 6.520796 2.405265 -20.242336
v 3.825401 2.515479 -20.136438
vt -14.459351 5.329265
vt -13.721540 2.405265
vt -16.311037 2.515479
vn -0.038247 0.024479 -0.998968
vn -0.038247 0.024479 -0.998968
vn -0.038247 0.024479 -0.998968
f 1855/1855/1855 1856/1856/1856 1857/1857/1857
v 3.603825 5.439479 -19.953747
v 5.679111 5.329265 -20.138462
v 3.825401 2.515479 -20.136438
vt -16.349922 5.439479
vt -14.459351 5.329265
vt -16.311037 2.515479
vn -0.085585 0.055668 -0.994774
vn -0.085585 0.055668 -0.994774
vn -0.085585 0.055668 -0.994774
f 1858/1858/1858 1859/1859/1859 1860/1860/1860
v 7.896998 5.725281 -20.037042
v 9.037960 2.801281 -20.001252
v 6.520796 2.405265 -20.242336
vt -12.140044 5.725281
vt -10.963292 2.801281
vt -13.721540 2.405265
vn 0.091638 0.023572 -0.995513
vn 0.091638 0.023572 -0.995513
vn 0.091638 0.023572 -0.995513
f 1861/1861/1861 1862/1862/1862 1863/1863/1863
v 5.679111 5.329265 -20.138462
v 7.896998 5.725281 -20.037042
v 6.520796 2.405265 -20.242336
vt -14.459351 5.329265
vt -12.140044 5.725281
vt -13.721540 2.405265
vn 0.037393 0.046226 -0.998231
vn 0.037393 0.046226 -0.998231
vn 0.037393 0.046226 -0.998231
f 1864/1864/1864 1865/1865/1865 1866/1866/1866
v 8.745861 5.441499 -19.708898
v 9.329785 2.517499 -19.554409
v 9.037960 2.801281 -20.001252
vt -10.963038 5.441499
vt -10.224624 2.517499
vt -10.963292 2.801281
vn 0.868506 0.148454 -0.472925
vn 0.868506 0.148454 -0.472925
vn 0.868506 0.148454 -0.472925
f 1867/1867/1867 1868/1868/1868 1869/1869/1869
v 7.896998 5.725281 -20.037042
v 8.745861 5.441499 -19.708898
v 9.037960 2.801281 -20.001252
vt -12.140044 5.725281
vt -10.963038 5.441499
vt -10.963292 2.801281
vn 0.398409 0.144375 -0.905774
vn 0.398409 0.144375 -0.905774
vn 0.398409 0.144375 -0.905774
f 1870/1870/1870 1871/1871/1871 1872/1872/1872
v 7.063490 7.035467 -19.444435
v 8.351403 5.743467 -19.346253
v 8.745861 5.441499 -19.708898
vt -12.380944 7.035467
vt -10.994849 5.743467
vt -10.963038 5.441499
vn 0.691803 0.702355 0.167651
vn 0.691803 0.702355 0.167651
vn 0.691803 0.702355 0.167651
f 1873/1873/1873 1874/1874/1874 1875/1875/1875
v 7.512935 6.733499 -19.628423
v 7.063490 7.035467 -19.444435
v 8.745861 5.441499 -19.708898
vt -12.115488 6.733499
vt -12.380944 7.035467
vt -10.963038 5.441499
vn 0.602841 0.538613 0.588624
vn 0.602841 0.538613 0.588624
vn 0.602841 0.538613 0.588624
f 1876/1876/1876 1877/1877/1877 1878/1878/1878
v 5.879996 6.670523 -19.380864
v 6.327574 5.378523 -19.161538
v 8.351403 5.743467 -19.346253
vt -13.500868 6.670523
vt -12.833964 5.378523
vt -10.994849 5.743467
vn 0.056006 0.185927 0.980966
vn 0.056006 0.185927 0.980966
vn 0.056006 0.185927 0.980966
f 1879/1879/1879 1880/1880/1880 1881/1881/1881
v 7.063490 7.035467 -19.444435
v 5.879996 6.670523 -19.380864
v 8.351403 5.743467 -19.346253
vt -12.380944 7.035467
vt -13.500868 6.670523
vt -10.994849 5.743467
vn 0.023043 0.098572 0.994863
vn 0.023043 0.098572 0.994863
vn 0.023043 0.098572 0.994863
f 1882/1882/1882 1883/1883/1883 1884/1884/1884
v 4.739022 6.672296 -19.474949
v 4.136755 5.380296 -19.262958
v 6.327574 5.378523 -19.161538
vt -14.735927 6.672296
vt -15.126203 5.380296
vt -12.833964 5.378523
vn -0.045322 0.182286 0.982200
vn -0.045322 0.182286 0.982200
vn -0.045322 0.182286 0.982200
f 1885/1885/1885 1886/1886/1886 1887/1887/1887
v 5.879996 6.670523 -19.380864
v 4.739022 6.672296 -19.474949
v 6.327574 5.378523 -19.161538
vt -13.500868 6.670523
vt -14.735927 6.672296
vt -12.833964 5.378523
vn -0.081164 0.139416 0.986902
vn -0.081164 0.139416 0.986902
vn -0.081164 0.139416 0.986902
f 1888/1888/1888 1889/1889/1889 1890/1890/1890
v 4.518730 7.035765 -19.671577
v 3.311610 5.743765 -19.591102
v 4.136755 5.380296 -19.262958
vt -15.152847 7.035765
vt -16.279492 5.743765
vt -15.126203 5.380296
vn -0.243193 0.284967 0.927174
vn -0.243193 0.284967 0.927174
vn -0.243193 0.284967 0.927174
f 1891/1891/1891 1892/1892/1892 1893/1893/1893
v 4.739022 6.672296 -19.474949
v 4.518730 7.035765 -19.671577
v 4.136755 5.380296 -19.262958
vt -14.735927 6.672296
vt -15.152847 7.035765
vt -15.126203 5.380296
vn -0.316801 0.295557 0.901267
vn -0.316801 0.295557 0.901267
vn -0.316801 0.295557 0.901267
f 1894/1894/1894 1895/1895/1895 1896/1896/1896
v 4.916261 6.731479 -19.855565
v 3.603825 5.439479 -19.953747
v 3.311610 5.743765 -19.591102
vt -14.939305 6.731479
vt -16.349922 5.439479
vt -16.279492 5.743765
vn -0.427958 0.492324 -0.757938
vn -0.427958 0.492324 -0.757938
vn -0.427958 0.492324 -0.757938
f 1897/1897/1897 1898/1898/1898 1899/1899/1899
v 4.518730 7.035765 -19.671577
v 4.916261 6.731479 -19.855565
v 3.311610 5.743765 -19.591102
vt -15.152847 7.035765
vt -14.939305 6.731479
vt -16.279492 5.743765
vn -0.279363 0.202548 -0.938579
vn -0.279363 0.202548 -0.938579
vn -0.279363 0.202548 -0.938579
f 1900/1900/1900 1901/1901/1901 1902/1902/1902
v 6.117555 6.621265 -19.919136
v 5.679111 5.329265 -20.138462
v 3.603825 5.439479 -19.953747
vt -13.801581 6.621265
vt -14.459351 5.329265
vt -16.349922 5.439479
vn -0.076874 0.192168 -0.978346
vn -0.076874 0.192168 -0.978346
vn -0.076874 0.192168 -0.978346
f 1903/1903/1903 1904/1904/1904 1905/1905/1905
v 4.916261 6.731479 -19.855565
v 6.117555 6.621265 -19.919136
v 3.603825 5.439479 -19.953747
vt -14.939305 6.731479
vt -13.801581 6.621265
vt -16.349922 5.439479
vn -0.041700 0.117757 -0.992167
vn -0.041700 0.117757 -0.992167
vn -0.041700 0.117757 -0.992167
f 1906/1906/1906 1907/1907/1907 1908/1908/1908
v 7.283821 7.017281 -19.825051
v 7.896998 5.725281 -20.037042
v 5.679111 5.329265 -20.138462
vt -12.541230 7.017281
vt -12.140044 5.725281
vt -14.459351 5.329265
vn 0.014928 0.168792 -0.985539
vn 0.014928 0.168792 -0.985539
vn 0.014928 0.168792 -0.985539
f 1909/1909/1909 1910/1910/1910 1911/1911/1911
v 6.117555 6.621265 -19.919136
v 7.283821 7.017281 -19.825051
v 5.679111 5.329265 -20.138462
vt -13.801581 6.621265
vt -12.541230 7.017281
vt -14.459351 5.329265
vn 0.025690 0.158827 -0.986972
vn 0.025690 0.158827 -0.986972
vn 0.025690 0.158827 -0.986972
f 1912/1912/1912 1913/1913/1913 1914/1914/1914
v 7.512935 6.733499 -19.628423
v 8.745861 5.441499 -19.708898
v 7.896998 5.725281 -20.037042
vt -12.115488 6.733499
vt -10.963038 5.441499
vt -12.140044 5.725281
vn 0.451097 0.477438 -0.754032
vn 0.451097 0.477438 -0.754032
vn 0.451097 0.477438 -0.754032
f 1915/1915/1915 1916/1916/1916 1917/1917/1917
v 7.283821 7.017281 -19.825051
v 7.512935 6.733499 -19.628423
v 7.896998 5.725281 -20.037042
vt -12.541230 7.017281
vt -12.115488 6.733499
vt -12.140044 5.725281
vn 0.833172 0.448503 -0.323526
vn 0.833172 0.448503 -0.323526
vn 0.833172 0.448503 -0.323526
f 1918/1918/1918 1919/1919/1919 1920/1920/1920
v -3.098293 0.066501 19.650000
v -4.081681 0.180119 19.989411
v -6.000000 -0.216413 20.130000
v -7.939297 0.000000 19.989411
v -8.842424 0.216413 19.650000
v -7.960556 -0.180119 19.310589
v -6.000000 -0.066501 19.170000
v -4.018051 0.235467 19.310589
vt 16.551707 0.066501
vt 15.907731 0.180119
vt 14.130000 -0.216413
vt 12.050114 0.000000
vt 10.807576 0.216413
vt 11.350033 -0.180119
vt 13.170000 -0.066501
vt 15.292537 0.235467
vn 0.186002 -0.633567 0.750997
vn 0.186002 -0.633567 0.750997
vn 0.186002 -0.633567 0.750997
vn 0.186002 -0.633567 0.750997
vn 0.186002 -0.633567 0.750997
vn 0.186002 -0.633567 0.750997
vn 0.186002 -0.633567 0.750997
vn 0.186002 -0.633567 0.750997
f 1921/1921/1921 1922/1922/1922 1923/1923/1923
f 1921/1921/1921 1923/1923/1923 1924/1924/1924
f 1921/1921/1921 1924/1924/1924 1925/1925/1925
f 1921/1921/1921 1925/1925/1925 1926/1926/1926
f 1921/1921/1921 1926/1926/1926 1927/1927/1927
f 1921/1921/1921 1927/1927/1927 1928/1928/1928
v -4.799627 7.035467 19.474949
v -5.873584 6.733499 19.380864
v -7.011155 6.619881 19.444435
v -7.593750 7.016413 19.628423
v -7.174541 6.800000 19.825051
v -6.129116 6.583587 19.919136
v -5.010629 6.980119 19.855565
v -4.373010 6.866501 19.671577
vt 14.675322 7.035467
vt 13.507279 6.733499
vt 12.433280 6.619881
vt 12.034673 7.016413
vt 12.650510 6.800000
vt 13.790020 6.583587
vt 14.844937 6.980119
vt 15.298567 6.866501
vn -0.105217 0.617162 -0.779769
vn -0.105217 0.617162 -0.779769
vn -0.105217 0.617162 -0.779769
vn -0.105217 0.617162 -0.779769
vn -0.105217 0.617162 -0.779769
vn -0.105217 0.617162 -0.779769
vn -0.105217 0.617162 -0.779769
vn -0.105217 0.617162 -0.779769
f 1929/1929/1929 1930/1930/1930 1931/1931/1931
f 1929/1929/1929 1931/1931/1931 1932/1932/1932
f 1929/1929/1929 1932/1932/1932 1933/1933/1933
f 1929/1929/1929 1933/1933/1933 1934/1934/1934
f 1929/1929/1929 1934/1934/1934 1935/1935/1935
f 1929/1929/1929 1935/1935/1935 1936/1936/1936
v -4.014757 2.764119 20.136438
v -4.081681 0.180119 19.989411
v -3.098293 0.066501 19.650000
vt 16.121681 2.764119
vt 15.907731 0.180119
vt 16.551707 0.066501
vn 0.319214 -0.062074 0.945648
vn 0.319214 -0.062074 0.945648
vn 0.319214 -0.062074 0.945648
f 1937/1937/1937 1938/1938/1938 1939/1939/1939
v -2.419194 2.650501 19.745591
v -4.014757 2.764119 20.136438
v -3.098293 0.066501 19.650000
vt 17.326397 2.650501
vt 16.121681 2.764119
vt 16.551707 0.066501
vn 0.230339 -0.096357 0.968328
vn 0.230339 -0.096357 0.968328
vn 0.230339 -0.096357 0.968328
f 1940/1940/1940 1941/1941/1941 1942/1942/1942
v -6.572015 2.367587 20.242336
v -6.000000 -0.216413 20.130000
v -4.081681 0.180119 19.989411
vt 13.670321 2.367587
vt 14.130000 -0.216413
vt 15.907731 0.180119
vn 0.078405 -0.025969 0.996583
vn 0.078405 -0.025969 0.996583
vn 0.078405 -0.025969 0.996583
f 1943/1943/1943 1944/1944/1944 1945/1945/1945
v -4.014757 2.764119 20.136438
v -6.572015 2.367587 20.242336
v -4.081681 0.180119 19.989411
vt 16.121681 2.764119
vt 13.670321 2.367587
vt 15.907731 0.180119
vn 0.050287 -0.058033 0.997047
vn 0.050287 -0.058033 0.997047
vn 0.050287 -0.058033 0.997047
f 1946/1946/1946 1947/1947/1947 1948/1948/1948
v -8.779366 2.584000 20.001252
v -7.939297 0.000000 19.989411
v -6.000000 -0.216413 20.130000
vt 11.221886 2.584000
vt 12.050114 0.000000
vt 14.130000 -0.216413
vn -0.075506 -0.029115 0.996720
vn -0.075506 -0.029115 0.996720
vn -0.075506 -0.029115 0.996720
f 1949/1949/1949 1950/1950/1950 1951/1951/1951
v -6.572015 2.367587 20.242336
v -8.779366 2.584000 20.001252
v -6.000000 -0.216413 20.130000
vt 13.670321 2.367587
vt 11.221886 2.584000
vt 14.130000 -0.216413
vn -0.114955 -0.068530 0.991004
vn -0.114955 -0.068530 0.991004
vn -0.114955 -0.068530 0.991004
f 1952/1952/1952 1953/1953/1953 1954/1954/1954
v -9.507648 2.800413 19.554409
v -8.842424 0.216413 19.650000
v -7.939297 0.000000 19.989411
vt 10.046761 2.800413
vt 10.807576 0.216413
vt 12.050114 0.000000
vn -0.363578 -0.059207 0.929680
vn -0.363578 -0.059207 0.929680
vn -0.363578 -0.059207 0.929680
f 1955/1955/1955 1956/1956/1956 1957/1957/1957
v -8.779366 2.584000 20.001252
v -9.507648 2.800413 19.554409
v -7.939297 0.000000 19.989411
vt 11.221886 2.584000
vt 10.046761 2.800413
vt 12.050114 0.000000
vn -0.553133 -0.183549 0.812622
vn -0.553133 -0.183549 0.812622
vn -0.553133 -0.183549 0.812622
f 1958/1958/1958 1959/1959/1959 1960/1960/1960
v -8.028953 2.403881 19.163562
v -7.960556 -0.180119 19.310589
v -8.842424 0.216413 19.650000
vt 11.134609 2.403881
vt 11.350033 -0.180119
vt 10.807576 0.216413
vn -0.382872 -0.062577 -0.921680
vn -0.382872 -0.062577 -0.921680
vn -0.382872 -0.062577 -0.921680
f 1961/1961/1961 1962/1962/1962 1963/1963/1963
v -9.507648 2.800413 19.554409
v -8.028953 2.403881 19.163562
v -8.842424 0.216413 19.650000
vt 10.046761 2.800413
vt 11.134609 2.403881
vt 10.807576 0.216413
vn -0.280930 -0.107602 -0.953677
vn -0.280930 -0.107602 -0.953677
vn -0.280930 -0.107602 -0.953677
f 1964/1964/1964 1965/1965/1965 1966/1966/1966
v -5.439949 2.517499 19.057664
v -6.000000 -0.066501 19.170000
v -7.960556 -0.180119 19.310589
vt 13.617715 2.517499
vt 13.170000 -0.066501
vt 11.350033 -0.180119
vn -0.069870 -0.028207 -0.997157
vn -0.069870 -0.028207 -0.997157
vn -0.069870 -0.028207 -0.997157
f 1967/1967/1967 1968/1968/1968 1969/1969/1969
v -8.028953 2.403881 19.163562
v -5.439949 2.517499 19.057664
v -7.960556 -0.180119 19.310589
vt 11.134609 2.403881
vt 13.617715 2.517499
vt 11.350033 -0.180119
vn -0.038269 -0.057775 -0.997596
vn -0.038269 -0.057775 -0.997596
vn -0.038269 -0.057775 -0.997596
f 1970/1970/1970 1971/1971/1971 1972/1972/1972
v -3.159507 2.819467 19.298748
v -4.018051 0.235467 19.310589
v -6.000000 -0.066501 19.170000
vt 16.139241 2.819467
vt 15.292537 0.235467
vt 13.170000 -0.066501
vn 0.075206 -0.029555 -0.996730
vn 0.075206 -0.029555 -0.996730
vn 0.075206 -0.029555 -0.996730
f 1973/1973/1973 1974/1974/1974 1975/1975/1975
v -5.439949 2.517499 19.057664
v -3.159507 2.819467 19.298748
v -6.000000 -0.066501 19.170000
vt 13.617715 2.517499
vt 16.139241 2.819467
vt 13.170000 -0.066501
vn 0.113758 -0.067747 -0.991196
vn 0.113758 -0.067747 -0.991196
vn 0.113758 -0.067747 -0.991196
f 1976/1976/1976 1977/1977/1977 1978/1978/1978
v -2.419194 2.650501 19.745591
v -3.098293 0.066501 19.650000
v -4.018051 0.235467 19.310589
vt 17.326397 2.650501
vt 16.551707 0.066501
vt 15.292537 0.235467
vn 0.336988 -0.053791 -0.939971
vn 0.336988 -0.053791 -0.939971
vn 0.336988 -0.053791 -0.939971
f 1979/1979/1979 1980/1980/1980 1981/1981/1981
v -3.159507 2.819467 19.298748
v -2.419194 2.650501 19.745591
v -4.018051 0.235467 19.310589
vt 16.139241 2.819467
vt 17.326397 2.650501
vt 15.292537 0.235467
vn 0.482025 -0.164099 -0.860653
vn 0.482025 -0.164099 -0.860653
vn 0.482025 -0.164099 -0.860653
f 1982/1982/1982 1983/1983/1983 1984/1984/1984
v -3.812475 5.688119 19.953747
v -4.014757 2.764119 20.136438
v -2.419194 2.650501 19.745591
vt 16.141272 5.688119
vt 16.121681 2.764119
vt 17.326397 2.650501
vn 0.240645 0.043934 0.969618
vn 0.240645 0.043934 0.969618
vn 0.240645 0.043934 0.969618
f 1985/1985/1985 1986/1986/1986 1987/1987/1987
v -3.047139 5.574501 19.591102
v -3.812475 5.688119 19.953747
v -2.419194 2.650501 19.745591
vt 16.543963 5.574501
vt 16.141272 5.688119
vt 17.326397 2.650501
vn 0.440970 0.141528 0.886293
vn 0.440970 0.141528 0.886293
vn 0.440970 0.141528 0.886293
f 1988/1988/1988 1989/1989/1989 1990/1990/1990
v -5.647552 5.291587 20.138462
v -6.572015 2.367587 20.242336
v -4.014757 2.764119 20.136438
vt 14.490909 5.291587
vt 13.670321 2.367587
vt 16.121681 2.764119
vn 0.037716 0.023565 0.999011
vn 0.037716 0.023565 0.999011
vn 0.037716 0.023565 0.999011
f 1991/1991/1991 1992/1992/1992 1993/1993/1993
v -3.812475 5.688119 19.953747
v -5.647552 5.291587 20.138462
v -4.014757 2.764119 20.136438
vt 16.141272 5.688119
vt 14.490909 5.291587
vt 16.121681 2.764119
vn 0.087997 0.056051 0.994543
vn 0.087997 0.056051 0.994543
vn 0.087997 0.056051 0.994543
f 1994/1994/1994 1995/1995/1995 1996/1996/1996
v -7.735523 5.508000 20.037042
v -8.779366 2.584000 20.001252
v -6.572015 2.367587 20.242336
vt 12.301519 5.508000
vt 11.221886 2.584000
vt 13.670321 2.367587
vn -0.106048 0.025691 0.994029
vn -0.106048 0.025691 0.994029
vn -0.106048 0.025691 0.994029
f 1997/1997/1997 1998/1998/1998 1999/1999/1999
v -5.647552 5.291587 20.138462
v -7.735523 5.508000 20.037042
v -6.572015 2.367587 20.242336
vt 14.490909 5.291587
vt 12.301519 5.508000
vt 13.670321 2.367587
vn -0.043373 0.049161 0.997849
vn -0.043373 0.049161 0.997849
vn -0.043373 0.049161 0.997849
f 2000/2000/2000 2001/2001/2001 2002/2002/2002
v -8.892533 5.724413 19.708898
v -9.507648 2.800413 19.554409
v -8.779366 2.584000 20.001252
vt 10.816366 5.724413
vt 10.046761 2.800413
vt 11.221886 2.584000
vn -0.508607 0.061620 0.858791
vn -0.508607 0.061620 0.858791
vn -0.508607 0.061620 0.858791
f 2003/2003/2003 2004/2004/2004 2005/2005/2005
v -7.735523 5.508000 20.037042
v -8.892533 5.724413 19.708898
v -8.779366 2.584000 20.001252
vt 12.301519 5.508000
vt 10.816366 5.724413
vt 11.221886 2.584000
vn -0.258035 0.080332 0.962790
vn -0.258035 0.080332 0.962790
vn -0.258035 0.080332 0.962790
f 2006/2006/2006 2007/2007/2007 2008/2008/2008
v -8.235688 5.327881 19.346253
v -8.028953 2.403881 19.163562
v -9.507648 2.800413 19.554409
vt 11.110564 5.327881
vt 11.134609 2.403881
vt 10.046761 2.800413
vn -0.244449 0.043241 -0.968697
vn -0.244449 0.043241 -0.968697
vn -0.244449 0.043241 -0.968697
f 2009/2009/2009 2010/2010/2010 2011/2011/2011
v -8.892533 5.724413 19.708898
v -8.235688 5.327881 19.346253
v -9.507648 2.800413 19.554409
vt 10.816366 5.724413
vt 11.110564 5.327881
vt 10.046761 2.800413
vn -0.415264 0.134891 -0.899645
vn -0.415264 0.134891 -0.899645
vn -0.415264 0.134891 -0.899645
f 2012/2012/2012 2013/2013/2013 2014/2014/2014
v -6.345076 5.441499 19.161538
v -5.439949 2.517499 19.057664
v -8.028953 2.403881 19.163562
vt 12.816462 5.441499
vt 13.617715 2.517499
vt 11.134609 2.403881
vn -0.041846 0.022531 -0.998870
vn -0.041846 0.022531 -0.998870
vn -0.041846 0.022531 -0.998870
f 2015/2015/2015 2016/2016/2016 2017/2017/2017
v -8.235688 5.327881 19.346253
v -6.345076 5.441499 19.161538
v -8.028953 2.403881 19.163562
vt 11.110564 5.327881
vt 12.816462 5.441499
vt 11.134609 2.403881
vn -0.100363 0.054973 -0.993431
vn -0.100363 0.054973 -0.993431
vn -0.100363 0.054973 -0.993431
f 2018/2018/2018 2019/2019/2019 2020/2020/2020
v -4.226307 5.743467 19.262958
v -3.159507 2.819467 19.298748
v -5.439949 2.517499 19.057664
vt 15.036651 5.743467
vt 16.139241 2.819467
vt 13.617715 2.517499
vn 0.101828 0.024979 -0.994488
vn 0.101828 0.024979 -0.994488
vn 0.101828 0.024979 -0.994488
f 2021/2021/2021 2022/2022/2022 2023/2023/2023
v -6.345076 5.441499 19.161538
v -4.226307 5.743467 19.262958
v -5.439949 2.517499 19.057664
vt 12.816462 5.441499
vt 15.036651 5.743467
vt 13.617715 2.517499
vn 0.040914 0.048119 -0.998003
vn 0.040914 0.048119 -0.998003
vn 0.040914 0.048119 -0.998003
f 2024/2024/2024 2025/2025/2025 2026/2026/2026
v -3.047139 5.574501 19.591102
v -2.419194 2.650501 19.745591
v -3.159507 2.819467 19.298748
vt 16.543963 5.574501
vt 17.326397 2.650501
vt 16.139241 2.819467
vn 0.526938 0.068404 -0.847146
vn 0.526938 0.068404 -0.847146
vn 0.526938 0.068404 -0.847146
f 2027/2027/2027 2028/2028/2028 2029/2029/2029
v -4.226307 5.743467 19.262958
v -3.047139 5.574501 19.591102
v -3.159507 2.819467 19.298748
vt 15.036651 5.743467
vt 16.543963 5.574501
vt 16.139241 2.819467
vn 0.278966 0.090076 -0.956067
vn 0.278966 0.090076 -0.956067
vn 0.278966 0.090076 -0.956067
f 2030/2030/2030 2031/2031/2031 2032/2032/2032
v -5.010629 6.980119 19.855565
v -3.812475 5.688119 19.953747
v -3.047139 5.574501 19.591102
vt 14.844937 6.980119
vt 16.141272 5.688119
vt 16.543963 5.574501
vn 0.434844 0.461998 0.772961
vn 0.434844 0.461998 0.772961
vn 0.434844 0.461998 0.772961
f 2033/2033/2033 2034/2034/2034 2035/2035/2035
v -4.373010 6.866501 19.671577
v -5.010629 6.980119 19.855565
v -3.047139 5.574501 19.591102
vt 15.298567 6.866501
vt 14.844937 6.980119
vt 16.543963 5.574501
vn 0.310327 0.261536 0.913945
vn 0.310327 0.261536 0.913945
vn 0.310327 0.261536 0.913945
f 2036/2036/2036 2037/2037/2037 2038/2038/2038
v -6.129116 6.583587 19.919136
v -5.647552 5.291587 20.138462
v -3.812475 5.688119 19.953747
vt 13.790020 6.583587
vt 14.490909 5.291587
vt 16.141272 5.688119
vn 0.058049 0.188072 0.980438
vn 0.058049 0.188072 0.980438
vn 0.058049 0.188072 0.980438
f 2039/2039/2039 2040/2040/2040 2041/2041/2041
v -5.010629 6.980119 19.855565
v -6.129116 6.583587 19.919136
v -3.812475 5.688119 19.953747
vt 14.844937 6.980119
vt 13.790020 6.583587
vt 16.141272 5.688119
vn 0.022388 0.096381 0.995093
vn 0.022388 0.096381 0.995093
vn 0.022388 0.096381 0.995093
f 2042/2042/2042 2043/2043/2043 2044/2044/2044
v -7.174541 6.800000 19.825051
v -7.735523 5.508000 20.037042
v -5.647552 5.291587 20.138462
vt 12.650510 6.800000
vt 12.301519 5.508000
vt 14.490909 5.291587
vn -0.029731 0.174401 0.984226
vn -0.029731 0.174401 0.984226
vn -0.029731 0.174401 0.984226
f 2045/2045/2045 2046/2046/2046 2047/2047/2047
v -6.129116 6.583587 19.919136
v -7.174541 6.800000 19.825051
v -5.647552 5.291587 20.138462
vt 13.790020 6.583587
vt 12.650510 6.800000
vt 14.490909 5.291587
vn -0.058704 0.145767 0.987576
vn -0.058704 0.145767 0.987576
vn -0.058704 0.145767 0.987576
f 2048/2048/2048 2049/2049/2049 2050/2050/2050
v -7.593750 7.016413 19.628423
v -8.892533 5.724413 19.708898
v -7.735523 5.508000 20.037042
vt 12.034673 7.016413
vt 10.816366 5.724413
vt 12.301519 5.508000
vn -0.214600 0.274118 0.937447
vn -0.214600 0.274118 0.937447
vn -0.214600 0.274118 0.937447
f 2051/2051/2051 2052/2052/2052 2053/2053/2053
v -7.174541 6.800000 19.825051
v -7.593750 7.016413 19.628423
v -7.735523 5.508000 20.037042
vt 12.650510 6.800000
vt 12.034673 7.016413
vt 12.301519 5.508000
vn -0.287955 0.275516 0.917155
vn -0.287955 0.275516 0.917155
vn -0.287955 0.275516 0.917155
f 2054/2054/2054 2055/2055/2055 2056/2056/2056
v -7.011155 6.619881 19.444435
v -8.235688 5.327881 19.346253
v -8.892533 5.724413 19.708898
vt 12.433280 6.619881
vt 11.110564 5.327881
vt 10.816366 5.724413
vn -0.288118 0.341070 -0.894796
vn -0.288118 0.341070 -0.894796
vn -0.288118 0.341070 -0.894796
f 2057/2057/2057 2058/2058/2058 2059/2059/2059
v -7.593750 7.016413 19.628423
v -7.011155 6.619881 19.444435
v -8.892533 5.724413 19.708898
vt 12.034673 7.016413
vt 12.433280 6.619881
vt 10.816366 5.724413
vn -0.205783 0.146597 -0.967555
vn -0.205783 0.146597 -0.967555
vn -0.205783 0.146597 -0.967555
f 2060/2060/2060 2061/2061/2061 2062/2062/2062
v -5.873584 6.733499 19.380864
v -6.345076 5.441499 19.161538
v -8.235688 5.327881 19.346253
vt 13.507279 6.733499
vt 12.816462 5.441499
vt 11.110564 5.327881
vn -0.107343 0.204345 -0.972996
vn -0.107343 0.204345 -0.972996
vn -0.107343 0.204345 -0.972996
f 2063/2063/2063 2064/2064/2064 2065/2065/2065
v -7.011155 6.619881 19.444435
v -5.873584 6.733499 19.380864
v -8.235688 5.327881 19.346253
vt 12.433280 6.619881
vt 13.507279 6.733499
vt 11.110564 5.327881
vn -0.069243 0.140679 -0.987631
vn -0.069243 0.140679 -0.987631
vn -0.069243 0.140679 -0.987631
f 2066/2066/2066 2067/2067/2067 2068/2068/2068
v -4.799627 7.035467 19.474949
v -4.226307 5.743467 19.262958
v -6.345076 5.441499 19.161538
vt 14.675322 7.035467
vt 15.036651 5.743467
vt 12.816462 5.441499
vn 0.022678 0.171665 -0.984894
vn 0.022678 0.171665 -0.984894
vn 0.022678 0.171665 -0.984894
f 2069/2069/2069 2070/2070/2070 2071/2071/2071
v -5.873584 6.733499 19.380864
v -4.799627 7.035467 19.474949
v -6.345076 5.441499 19.161538
vt 13.507279 6.733499
vt 14.675322 7.035467
vt 12.816462 5.441499
vn 0.043878 0.151616 -0.987465
vn 0.043878 0.151616 -0.987465
vn 0.043878 0.151616 -0.987465
f 2072/2072/2072 2073/2073/2073 2074/2074/2074
v -4.373010 6.866501 19.671577
v -3.047139 5.574501 19.591102
v -4.226307 5.743467 19.262958
vt 15.298567 6.866501
vt 16.543963 5.574501
vt 15.036651 5.743467
vn 0.297658 0.360523 -0.883981
vn 0.297658 0.360523 -0.883981
vn 0.297658 0.360523 -0.883981
f 2075/2075/2075 2076/2076/2076 2077/2077/2077
v -4.799627 7.035467 19.474949
v -4.373010 6.866501 19.671577
v -4.226307 5.743467 19.262958
vt 14.675322 7.035467
vt 15.298567 6.866501
vt 15.036651 5.743467
vn 0.503290 0.352764 -0.788833
vn 0.503290 0.352764 -0.788833
vn 0.503290 0.352764 -0.788833
f 2078/2078/2078 2079/2079/2079 2080/2080/2080
v 2.800000 0.000000 19.650000
v 1.990601 0.216413 19.989411
v 0.000000 -0.180119 20.130000
v -2.011932 -0.066501 19.989411
v -2.739720 0.235467 19.650000
v -2.033041 -0.129477 19.310589
v -0.000000 -0.127704 19.170000
v 2.053783 0.235765 19.310589
vt 22.450000 0.000000
vt 21.980013 0.216413
vt 20.130000 -0.180119
vt 17.977479 -0.066501
vt 16.910280 0.235467
vt 17.277548 -0.129477
vt 19.170000 -0.127704
vt 21.364371 0.235765
vn 0.173169 -0.589613 0.788904
vn 0.173169 -0.589613 0.788904
vn 0.173169 -0.589613 0.788904
vn 0.173169 -0.589613 0.788904
vn 0.173169 -0.589613 0.788904
vn 0.173169 -0.589613 0.788904
vn 0.173169 -0.589613 0.788904
vn 0.173169 -0.589613 0.788904
f 2081/2081/2081 2082/2082/2082 2083/2083/2083
f 2081/2081/2081 2083/2083/2083 2084/2084/2084
f 2081/2081/2081 2084/2084/2084 2085/2085/2085
f 2081/2081/2081 2085/2085/2085 2086/2086/2086
f 2081/2081/2081 2086/2086/2086 2087/2087/2087
f 2081/2081/2081 2087/2087/2087 2088/2088/2088
v 1.243880 7.035765 19.474949
v 0.121825 6.672296 19.380864
v -1.048539 6.670523 19.444435
v -1.536164 7.035467 19.628423
v -1.218533 6.733499 19.825051
v -0.124506 6.619881 19.919136
v 1.026651 7.016413 19.855565
v 1.569963 6.800000 19.671577
vt 20.718829 7.035765
vt 19.502688 6.672296
vt 18.395896 6.670523
vt 18.092259 7.035467
vt 18.606518 6.733499
vt 19.794630 6.619881
vt 20.882216 7.016413
vt 21.241540 6.800000
vn -0.050458 0.393393 -0.917985
vn -0.050458 0.393393 -0.917985
vn -0.050458 0.393393 -0.917985
vn -0.050458 0.393393 -0.917985
vn -0.050458 0.393393 -0.917985
vn -0.050458 0.393393 -0.917985
vn -0.050458 0.393393 -0.917985
vn -0.050458 0.393393 -0.917985
f 2089/2089/2089 2090/2090/2090 2091/2091/2091
f 2089/2089/2089 2091/2091/2091 2092/2092/2092
f 2089/2089/2089 2092/2092/2092 2093/2093/2093
f 2089/2089/2089 2093/2093/2093 2094/2094/2094
f 2089/2089/2089 2094/2094/2094 2095/2095/2095
f 2089/2089/2089 2095/2095/2095 2096/2096/2096
v 2.060046 2.800413 20.136438
v 1.990601 0.216413 19.989411
v 2.800000 0.000000 19.650000
vt 22.196484 2.800413
vt 21.980013 0.216413
vt 22.450000 0.000000
vn 0.371651 -0.062691 0.926253
vn 0.371651 -0.062691 0.926253
vn 0.371651 -0.062691 0.926253
f 2097/2097/2097 2098/2098/2098 2099/2099/2099
v 3.455295 2.584000 19.745591
v 2.060046 2.800413 20.136438
v 2.800000 0.000000 19.650000
vt 23.200886 2.584000
vt 22.196484 2.800413
vt 22.450000 0.000000
vn 0.253979 -0.099997 0.962027
vn 0.253979 -0.099997 0.962027
vn 0.253979 -0.099997 0.962027
f 2100/2100/2100 2101/2101/2101 2102/2102/2102
v -0.551591 2.403881 20.242336
v 0.000000 -0.180119 20.130000
v 1.990601 0.216413 19.989411
vt 19.690746 2.403881
vt 20.130000 -0.180119
vt 21.980013 0.216413
vn 0.075805 -0.027151 0.996753
vn 0.075805 -0.027151 0.996753
vn 0.075805 -0.027151 0.996753
f 2103/2103/2103 2104/2104/2104 2105/2105/2105
v 2.060046 2.800413 20.136438
v -0.551591 2.403881 20.242336
v 1.990601 0.216413 19.989411
vt 22.196484 2.800413
vt 19.690746 2.403881
vt 21.980013 0.216413
vn 0.049246 -0.058057 0.997098
vn 0.049246 -0.058057 0.997098
vn 0.049246 -0.058057 0.997098
f 2106/2106/2106 2107/2107/2107 2108/2108/2108
v -2.883464 2.517499 20.001252
v -2.011932 -0.066501 19.989411
v 0.000000 -0.180119 20.130000
vt 17.117788 2.517499
vt 17.977479 -0.066501
vt 20.130000 -0.180119
vn -0.071287 -0.028612 0.997045
vn -0.071287 -0.028612 0.997045
vn -0.071287 -0.028612 0.997045
f 2109/2109/2109 2110/2110/2110 2111/2111/2111
v -0.551591 2.403881 20.242336
v -2.883464 2.517499 20.001252
v 0.000000 -0.180119 20.130000
vt 19.690746 2.403881
vt 17.117788 2.517499
vt 20.130000 -0.180119
vn -0.105784 -0.065716 0.992215
vn -0.105784 -0.065716 0.992215
vn -0.105784 -0.065716 0.992215
f 2112/2112/2112 2113/2113/2113 2114/2114/2114
v -3.380908 2.819467 19.554409
v -2.739720 0.235467 19.650000
v -2.011932 -0.066501 19.989411
vt 16.173501 2.819467
vt 16.910280 0.235467
vt 17.977479 -0.066501
vn -0.447821 -0.078171 0.890700
vn -0.447821 -0.078171 0.890700
vn -0.447821 -0.078171 0.890700
f 2115/2115/2115 2116/2116/2116 2117/2117/2117
v -2.883464 2.517499 20.001252
v -3.380908 2.819467 19.554409
v -2.011932 -0.066501 19.989411
vt 17.117788 2.517499
vt 16.173501 2.819467
vt 17.977479 -0.066501
vn -0.726347 -0.247920 0.641059
vn -0.726347 -0.247920 0.641059
vn -0.726347 -0.247920 0.641059
f 2118/2118/2118 2119/2119/2119 2120/2120/2120
v -2.103966 2.454523 19.163562
v -2.033041 -0.129477 19.310589
v -2.739720 0.235467 19.650000
vt 17.059596 2.454523
vt 17.277548 -0.129477
vt 16.910280 0.235467
vn -0.458343 -0.063024 -0.886538
vn -0.458343 -0.063024 -0.886538
vn -0.458343 -0.063024 -0.886538
f 2121/2121/2121 2122/2122/2122 2123/2123/2123
v -3.380908 2.819467 19.554409
v -2.103966 2.454523 19.163562
v -2.739720 0.235467 19.650000
vt 16.173501 2.819467
vt 17.059596 2.454523
vt 16.910280 0.235467
vn -0.320486 -0.114311 -0.940330
vn -0.320486 -0.114311 -0.940330
vn -0.320486 -0.114311 -0.940330
f 2124/2124/2124 2125/2125/2125 2126/2126/2126
v 0.539711 2.456296 19.057664
v -0.000000 -0.127704 19.170000
v -2.033041 -0.129477 19.310589
vt 19.597374 2.456296
vt 19.170000 -0.127704
vt 17.277548 -0.129477
vn -0.068933 -0.028954 -0.997201
vn -0.068933 -0.028954 -0.997201
vn -0.068933 -0.028954 -0.997201
f 2127/2127/2127 2128/2128/2128 2129/2129/2129
v -2.103966 2.454523 19.163562
v 0.539711 2.456296 19.057664
v -2.033041 -0.129477 19.310589
vt 17.059596 2.454523
vt 19.597374 2.456296
vt 17.277548 -0.129477
vn -0.039919 -0.057854 -0.997527
vn -0.039919 -0.057854 -0.997527
vn -0.039919 -0.057854 -0.997527
f 2130/2130/2130 2131/2131/2131 2132/2132/2132
v 2.943444 2.819765 19.298748
v 2.053783 0.235765 19.310589
v -0.000000 -0.127704 19.170000
vt 22.242192 2.819765
vt 21.364371 0.235765
vt 19.170000 -0.127704
vn 0.073526 -0.029883 -0.996845
vn 0.073526 -0.029883 -0.996845
vn 0.073526 -0.029883 -0.996845
f 2133/2133/2133 2134/2134/2134 2135/2135/2135
v 0.539711 2.456296 19.057664
v 2.943444 2.819765 19.298748
v -0.000000 -0.127704 19.170000
vt 19.597374 2.456296
vt 22.242192 2.819765
vt 19.170000 -0.127704
vn 0.109450 -0.065978 -0.991800
vn 0.109450 -0.065978 -0.991800
vn 0.109450 -0.065978 -0.991800
f 2136/2136/2136 2137/2137/2137 2138/2138/2138
v 3.455295 2.584000 19.745591
v 2.800000 0.000000 19.650000
v 2.053783 0.235765 19.310589
vt 23.200886 2.584000
vt 22.450000 0.000000
vt 21.364371 0.235765
vn 0.395641 -0.066448 -0.915998
vn 0.395641 -0.066448 -0.915998
vn 0.395641 -0.066448 -0.915998
f 2139/2139/2139 2140/2140/2140 2141/2141/2141
v 2.943444 2.819765 19.298748
v 3.455295 2.584000 19.745591
v 2.053783 0.235765 19.310589
vt 22.242192 2.819765
vt 23.200886 2.584000
vt 21.364371 0.235765
vn 0.587968 -0.206019 -0.782208
vn 0.587968 -0.206019 -0.782208
vn 0.587968 -0.206019 -0.782208
f 2142/2142/2142 2143/2143/2143 2144/2144/2144
v 2.269950 5.724413 19.953747
v 2.060046 2.800413 20.136438
v 3.455295 2.584000 19.745591
vt 22.223697 5.724413
vt 22.196484 2.800413
vt 23.200886 2.584000
vn 0.275309 0.040249 0.960513
vn 0.275309 0.040249 0.960513
vn 0.275309 0.040249 0.960513
f 2145/2145/2145 2146/2146/2146 2147/2147/2147
v 2.849361 5.508000 19.591102
v 2.269950 5.724413 19.953747
v 3.455295 2.584000 19.745591
vt 22.440462 5.508000
vt 22.223697 5.724413
vt 23.200886 2.584000
vn 0.565957 0.160013 0.808758
vn 0.565957 0.160013 0.808758
vn 0.565957 0.160013 0.808758
f 2148/2148/2148 2149/2149/2149 2150/2150/2150
v 0.339863 5.327881 20.138462
v -0.551591 2.403881 20.242336
v 2.060046 2.800413 20.136438
vt 20.478325 5.327881
vt 19.690746 2.403881
vt 22.196484 2.800413
vn 0.036825 0.024263 0.999027
vn 0.036825 0.024263 0.999027
vn 0.036825 0.024263 0.999027
f 2151/2151/2151 2152/2152/2152 2153/2153/2153
v 2.269950 5.724413 19.953747
v 0.339863 5.327881 20.138462
v 2.060046 2.800413 20.136438
vt 22.223697 5.724413
vt 20.478325 5.327881
vt 22.196484 2.800413
vn 0.083679 0.056155 0.994909
vn 0.083679 0.056155 0.994909
vn 0.083679 0.056155 0.994909
f 2154/2154/2154 2155/2155/2155 2156/2156/2156
v -1.800526 5.441499 20.037042
v -2.883464 2.517499 20.001252
v -0.551591 2.403881 20.242336
vt 18.236516 5.441499
vt 17.117788 2.517499
vt 19.690746 2.403881
vn -0.101578 0.025448 0.994502
vn -0.101578 0.025448 0.994502
vn -0.101578 0.025448 0.994502
f 2157/2157/2157 2158/2158/2158 2159/2159/2159
v 0.339863 5.327881 20.138462
v -1.800526 5.441499 20.037042
v -0.551591 2.403881 20.242336
vt 20.478325 5.327881
vt 18.236516 5.441499
vt 19.690746 2.403881
vn -0.044675 0.049067 0.997796
vn -0.044675 0.049067 0.997796
vn -0.044675 0.049067 0.997796
f 2160/2160/2160 2161/2161/2161 2162/2162/2162
v -2.788018 5.743467 19.708898
v -3.380908 2.819467 19.554409
v -2.883464 2.517499 20.001252
vt 16.920880 5.743467
vt 16.173501 2.819467
vt 17.117788 2.517499
vn -0.635441 0.088318 0.767082
vn -0.635441 0.088318 0.767082
vn -0.635441 0.088318 0.767082
f 2163/2163/2163 2164/2164/2164 2165/2165/2165
v -1.800526 5.441499 20.037042
v -2.788018 5.743467 19.708898
v -2.883464 2.517499 20.001252
vt 18.236516 5.441499
vt 16.920880 5.743467
vt 17.117788 2.517499
vn -0.287674 0.094879 0.953017
vn -0.287674 0.094879 0.953017
vn -0.287674 0.094879 0.953017
f 2166/2166/2166 2167/2167/2167 2168/2168/2168
v -2.318346 5.378523 19.346253
v -2.103966 2.454523 19.163562
v -3.380908 2.819467 19.554409
vt 17.027907 5.378523
vt 17.059596 2.454523
vt 16.173501 2.819467
vn -0.282192 0.039201 -0.958557
vn -0.282192 0.039201 -0.958557
vn -0.282192 0.039201 -0.958557
f 2169/2169/2169 2170/2170/2170 2171/2171/2171
v -2.788018 5.743467 19.708898
v -2.318346 5.378523 19.346253
v -3.380908 2.819467 19.554409
vt 16.920880 5.743467
vt 17.027907 5.378523
vt 16.173501 2.819467
vn -0.527847 0.151188 -0.835775
vn -0.527847 0.151188 -0.835775
vn -0.527847 0.151188 -0.835775
f 2172/2172/2172 2173/2173/2173 2174/2174/2174
v -0.332543 5.380296 19.161538
v 0.539711 2.456296 19.057664
v -2.103966 2.454523 19.163562
vt 18.828995 5.380296
vt 19.597374 2.456296
vt 17.059596 2.454523
vn -0.040030 0.023545 -0.998921
vn -0.040030 0.023545 -0.998921
vn -0.040030 0.023545 -0.998921
f 2175/2175/2175 2176/2176/2176 2177/2177/2177
v -2.318346 5.378523 19.346253
v -0.332543 5.380296 19.161538
v -2.103966 2.454523 19.163562
vt 17.027907 5.378523
vt 18.828995 5.380296
vt 17.059596 2.454523
vn -0.092525 0.055332 -0.994172
vn -0.092525 0.055332 -0.994172
vn -0.092525 0.055332 -0.994172
f 2178/2178/2178 2179/2179/2179 2180/2180/2180
v 1.837979 5.743765 19.262958
v 2.943444 2.819765 19.298748
v 0.539711 2.456296 19.057664
vt 21.100937 5.743765
vt 22.242192 2.819765
vt 19.597374 2.456296
vn 0.096147 0.024170 -0.995074
vn 0.096147 0.024170 -0.995074
vn 0.096147 0.024170 -0.995074
f 2181/2181/2181 2182/2182/2182 2183/2183/2183
v -0.332543 5.380296 19.161538
v 1.837979 5.743765 19.262958
v 0.539711 2.456296 19.057664
vt 18.828995 5.380296
vt 21.100937 5.743765
vt 19.597374 2.456296
vn 0.038765 0.047023 -0.998141
vn 0.038765 0.047023 -0.998141
vn 0.038765 0.047023 -0.998141
f 2184/2184/2184 2185/2185/2185 2186/2186/2186
v 2.849361 5.508000 19.591102
v 3.455295 2.584000 19.745591
v 2.943444 2.819765 19.298748
vt 22.440462 5.508000
vt 23.200886 2.584000
vt 22.242192 2.819765
vn 0.680598 0.102711 -0.725422
vn 0.680598 0.102711 -0.725422
vn 0.680598 0.102711 -0.725422
f 2187/2187/2187 2188/2188/2188 2189/2189/2189
v 1.837979 5.743765 19.262958
v 2.849361 5.508000 19.591102
v 2.943444 2.819765 19.298748
vt 21.100937 5.743765
vt 22.440462 5.508000
vt 22.242192 2.819765
vn 0.330453 0.113464 -0.936977
vn 0.330453 0.113464 -0.936977
vn 0.330453 0.113464 -0.936977
f 2190/2190/2190 2191/2191/2191 2192/2192/2192
v 1.026651 7.016413 19.855565
v 2.269950 5.724413 19.953747
v 2.849361 5.508000 19.591102
vt 20.882216 7.016413
vt 22.223697 5.724413
vt 22.440462 5.508000
vn 0.574169 0.595246 0.562150
vn 0.574169 0.595246 0.562150
vn 0.574169 0.595246 0.562150
f 2193/2193/2193 2194/2194/2194 2195/2195/2195
v 1.569963 6.800000 19.671577
v 1.026651 7.016413 19.855565
v 2.849361 5.508000 19.591102
vt 21.241540 6.800000
vt 20.882216 7.016413
vt 22.440462 5.508000
vn 0.427168 0.371661 0.824255
vn 0.427168 0.371661 0.824255
vn 0.427168 0.371661 0.824255
f 2196/2196/2196 2197/2197/2197 2198/2198/2198
v -0.124506 6.619881 19.919136
v 0.339863 5.327881 20.138462
v 2.269950 5.724413 19.953747
vt 19.794630 6.619881
vt 20.478325 5.327881
vt 22.223697 5.724413
vn 0.055561 0.186482 0.980886
vn 0.055561 0.186482 0.980886
vn 0.055561 0.186482 0.980886
f 2199/2199/2199 2200/2200/2200 2201/2201/2201
v 1.026651 7.016413 19.855565
v -0.124506 6.619881 19.919136
v 2.269950 5.724413 19.953747
vt 20.882216 7.016413
vt 19.794630 6.619881
vt 22.223697 5.724413
vn 0.021709 0.096510 0.995095
vn 0.021709 0.096510 0.995095
vn 0.021709 0.096510 0.995095
f 2202/2202/2202 2203/2203/2203 2204/2204/2204
v -1.218533 6.733499 19.825051
v -1.800526 5.441499 20.037042
v 0.339863 5.327881 20.138462
vt 18.606518 6.733499
vt 18.236516 5.441499
vt 20.478325 5.327881
vn -0.037141 0.178073 0.983316
vn -0.037141 0.178073 0.983316
vn -0.037141 0.178073 0.983316
f 2205/2205/2205 2206/2206/2206 2207/2207/2207
v -0.124506 6.619881 19.919136
v -1.218533 6.733499 19.825051
v 0.339863 5.327881 20.138462
vt 19.794630 6.619881
vt 18.606518 6.733499
vt 20.478325 5.327881
vn -0.070120 0.142402 0.987322
vn -0.070120 0.142402 0.987322
vn -0.070120 0.142402 0.987322
f 2208/2208/2208 2209/2209/2209 2210/2210/2210
v -1.536164 7.035467 19.628423
v -2.788018 5.743467 19.708898
v -1.800526 5.441499 20.037042
vt 18.092259 7.035467
vt 16.920880 5.743467
vt 18.236516 5.441499
vn -0.225709 0.276874 0.934022
vn -0.225709 0.276874 0.934022
vn -0.225709 0.276874 0.934022
f 2211/2211/2211 2212/2212/2212 2213/2213/2213
v -1.218533 6.733499 19.825051
v -1.536164 7.035467 19.628423
v -1.800526 5.441499 20.037042
vt 18.606518 6.733499
vt 18.092259 7.035467
vt 18.236516 5.441499
vn -0.295806 0.282952 0.912380
vn -0.295806 0.282952 0.912380
vn -0.295806 0.282952 0.912380
f 2214/2214/2214 2215/2215/2215 2216/2216/2216
v -1.048539 6.670523 19.444435
v -2.318346 5.378523 19.346253
v -2.788018 5.743467 19.708898
vt 18.395896 6.670523
vt 17.027907 5.378523
vt 16.920880 5.743467
vn -0.343238 0.401855 -0.848940
vn -0.343238 0.401855 -0.848940
vn -0.343238 0.401855 -0.848940
f 2217/2217/2217 2218/2218/2218 2219/2219/2219
v -1.536164 7.035467 19.628423
v -1.048539 6.670523 19.444435
v -2.788018 5.743467 19.708898
vt 18.092259 7.035467
vt 18.395896 6.670523
vt 16.920880 5.743467
vn -0.235232 0.168298 -0.957257
vn -0.235232 0.168298 -0.957257
vn -0.235232 0.168298 -0.957257
f 2220/2220/2220 2221/2221/2221 2222/2222/2222
v 0.121825 6.672296 19.380864
v -0.332543 5.380296 19.161538
v -2.318346 5.378523 19.346253
vt 19.502688 6.672296
vt 18.828995 5.380296
vt 17.027907 5.378523
vn -0.090965 0.197679 -0.976037
vn -0.090965 0.197679 -0.976037
vn -0.090965 0.197679 -0.976037
f 2223/2223/2223 2224/2224/2224 2225/2225/2225
v -1.048539 6.670523 19.444435
v 0.121825 6.672296 19.380864
v -2.318346 5.378523 19.346253
vt 18.395896 6.670523
vt 19.502688 6.672296
vt 17.027907 5.378523
vn -0.053983 0.128308 -0.990264
vn -0.053983 0.128308 -0.990264
vn -0.053983 0.128308 -0.990264
f 2226/2226/2226 2227/2227/2227 2228/2228/2228
v 1.243880 7.035765 19.474949
v 1.837979 5.743765 19.262958
v -0.332543 5.380296 19.161538
vt 20.718829 7.035765
vt 21.100937 5.743765
vt 18.828995 5.380296
vn 0.017611 0.169770 -0.985326
vn 0.017611 0.169770 -0.985326
vn 0.017611 0.169770 -0.985326
f 2229/2229/2229 2230/2230/2230 2231/2231/2231
v 0.121825 6.672296 19.380864
v 1.243880 7.035765 19.474949
v -0.332543 5.380296 19.161538
vt 19.502688 6.672296
vt 20.718829 7.035765
vt 18.828995 5.380296
vn 0.032155 0.156274 -0.987190
vn 0.032155 0.156274 -0.987190
vn 0.032155 0.156274 -0.987190
f 2232/2232/2232 2233/2233/2233 2234/2234/2234
v 1.569963 6.800000 19.671577
v 2.849361 5.508000 19.591102
v 1.837979 5.743765 19.262958
vt 21.241540 6.800000
vt 22.440462 5.508000
vt 21.100937 5.743765
vn 0.366881 0.415156 -0.832493
vn 0.366881 0.415156 -0.832493
vn 0.366881 0.415156 -0.832493
f 2235/2235/2235 2236/2236/2236 2237/2237/2237
v 1.243880 7.035765 19.474949
v 1.569963 6.800000 19.671577
v 1.837979 5.743765 19.262958
vt 20.718829 7.035765
vt 21.241540 6.800000
vt 21.100937 5.743765
vn 0.669687 0.409586 -0.619483
vn 0.669687 0.409586 -0.619483
vn 0.669687 0.409586 -0.619483
f 2238/2238/2238 2239/2239/2239 2240/2240/2240
v 8.698293 -0.066501 19.650000
v 8.062031 0.235467 19.989411
v 6.000000 -0.129477 20.130000
v 3.917985 -0.127704 19.989411
v 3.358182 0.235765 19.650000
v 3.898707 -0.068521 19.310589
v 6.000000 -0.178735 19.170000
v 8.119731 0.217281 19.310589
vt 28.348293 -0.066501
vt 28.051442 0.235467
vt 26.130000 -0.129477
vt 23.907396 -0.127704
vt 23.008182 0.235765
vt 23.209296 -0.068521
vt 25.170000 -0.178735
vt 27.430320 0.217281
vn 0.156386 -0.573965 0.803808
vn 0.156386 -0.573965 0.803808
vn 0.156386 -0.573965 0.803808
vn 0.156386 -0.573965 0.803808
vn 0.156386 -0.573965 0.803808
vn 0.156386 -0.573965 0.803808
vn 0.156386 -0.573965 0.803808
vn 0.156386 -0.573965 0.803808
f 2241/2241/2241 2242/2242/2242 2243/2243/2243
f 2241/2241/2241 2243/2243/2243 2244/2244/2244
f 2241/2241/2241 2244/2244/2244 2245/2245/2245
f 2241/2241/2241 2245/2245/2245 2246/2246/2246
f 2241/2241/2241 2246/2246/2246 2247/2247/2247
f 2241/2241/2241 2247/2247/2247 2248/2248/2248
v 7.283821 7.017281 19.474949
v 6.117555 6.621265 19.380864
v 4.916261 6.731479 19.444435
v 4.518730 7.035765 19.628423
v 4.739022 6.672296 19.825051
v 5.879996 6.670523 19.919136
v 7.063490 7.035467 19.855565
v 7.512935 6.733499 19.671577
vt 26.758770 7.017281
vt 25.498419 6.621265
vt 24.360695 6.731479
vt 24.147153 7.035765
vt 24.564073 6.672296
vt 25.799132 6.670523
vt 26.919056 7.035467
vt 27.184512 6.733499
vn -0.023398 0.295789 -0.954967
vn -0.023398 0.295789 -0.954967
vn -0.023398 0.295789 -0.954967
vn -0.023398 0.295789 -0.954967
vn -0.023398 0.295789 -0.954967
vn -0.023398 0.295789 -0.954967
vn -0.023398 0.295789 -0.954967
vn -0.023398 0.295789 -0.954967
f 2249/2249/2249 2250/2250/2250 2251/2251/2251
f 2249/2249/2249 2251/2251/2251 2252/2252/2252
f 2249/2249/2249 2252/2252/2252 2253/2253/2253
f 2249/2249/2249 2253/2253/2253 2254/2254/2254
f 2249/2249/2249 2254/2254/2254 2255/2255/2255
f 2249/2249/2249 2255/2255/2255 2256/2256/2256
v 8.133967 2.819467 20.136438
v 8.062031 0.235467 19.989411
v 8.698293 -0.066501 19.650000
vt 28.270405 2.819467
vt 28.051442 0.235467
vt 28.348293 -0.066501
vn 0.446203 -0.063215 0.892696
vn 0.446203 -0.063215 0.892696
vn 0.446203 -0.063215 0.892696
f 2257/2257/2257 2258/2258/2258 2259/2259/2259
v 9.329785 2.517499 19.745591
v 8.133967 2.819467 20.136438
v 8.698293 -0.066501 19.650000
vt 29.075376 2.517499
vt 28.270405 2.819467
vt 28.348293 -0.066501
vn 0.284931 -0.104880 0.952793
vn 0.284931 -0.104880 0.952793
vn 0.284931 -0.104880 0.952793
f 2260/2260/2260 2261/2261/2261 2262/2262/2262
v 5.468354 2.454523 20.242336
v 6.000000 -0.129477 20.130000
v 8.062031 0.235467 19.989411
vt 25.710691 2.454523
vt 26.130000 -0.129477
vt 28.051442 0.235467
vn 0.072983 -0.028324 0.996931
vn 0.072983 -0.028324 0.996931
vn 0.072983 -0.028324 0.996931
f 2263/2263/2263 2264/2264/2264 2265/2265/2265
v 8.133967 2.819467 20.136438
v 5.468354 2.454523 20.242336
v 8.062031 0.235467 19.989411
vt 28.270405 2.819467
vt 25.710691 2.454523
vt 28.051442 0.235467
vn 0.047565 -0.058063 0.997179
vn 0.047565 -0.058063 0.997179
vn 0.047565 -0.058063 0.997179
f 2266/2266/2266 2267/2267/2267 2268/2268/2268
v 3.016094 2.456296 20.001252
v 3.917985 -0.127704 19.989411
v 6.000000 -0.129477 20.130000
vt 23.017346 2.456296
vt 23.907396 -0.127704
vt 26.130000 -0.129477
vn -0.067369 -0.028084 0.997333
vn -0.067369 -0.028084 0.997333
vn -0.067369 -0.028084 0.997333
f 2269/2269/2269 2270/2270/2270 2271/2271/2271
v 5.468354 2.454523 20.242336
v 3.016094 2.456296 20.001252
v 6.000000 -0.129477 20.130000
vt 25.710691 2.454523
vt 23.017346 2.456296
vt 26.130000 -0.129477
vn -0.097689 -0.063277 0.993203
vn -0.097689 -0.063277 0.993203
vn -0.097689 -0.063277 0.993203
f 2272/2272/2272 2273/2273/2273 2274/2274/2274
v 2.739906 2.819765 19.554409
v 3.358182 0.235765 19.650000
v 3.917985 -0.127704 19.989411
vt 22.294315 2.819765
vt 23.008182 0.235765
vt 23.907396 -0.127704
vn -0.564458 -0.104769 0.818786
vn -0.564458 -0.104769 0.818786
vn -0.564458 -0.104769 0.818786
f 2275/2275/2275 2276/2276/2276 2277/2277/2277
v 3.016094 2.456296 20.001252
v 2.739906 2.819765 19.554409
v 3.917985 -0.127704 19.989411
vt 23.017346 2.456296
vt 22.294315 2.819765
vt 23.907396 -0.127704
vn -0.900303 -0.315605 0.299747
vn -0.900303 -0.315605 0.299747
vn -0.900303 -0.315605 0.299747
f 2278/2278/2278 2279/2279/2279 2280/2280/2280
v 3.825401 2.515479 19.163562
v 3.898707 -0.068521 19.310589
v 3.358182 0.235765 19.650000
vt 22.988963 2.515479
vt 23.209296 -0.068521
vt 23.008182 0.235765
vn -0.555896 -0.062932 -0.828866
vn -0.555896 -0.062932 -0.828866
vn -0.555896 -0.062932 -0.828866
f 2281/2281/2281 2282/2282/2282 2283/2283/2283
v 2.739906 2.819765 19.554409
v 3.825401 2.515479 19.163562
v 3.358182 0.235765 19.650000
vt 22.294315 2.819765
vt 22.988963 2.515479
vt 23.008182 0.235765
vn -0.366292 -0.121769 -0.922498
vn -0.366292 -0.121769 -0.922498
vn -0.366292 -0.121769 -0.922498
f 2284/2284/2284 2285/2285/2285 2286/2286/2286
v 6.520796 2.405265 19.057664
v 6.000000 -0.178735 19.170000
v 3.898707 -0.068521 19.310589
vt 25.578460 2.405265
vt 25.170000 -0.178735
vt 23.209296 -0.068521
vn -0.068273 -0.029593 -0.997228
vn -0.068273 -0.029593 -0.997228
vn -0.068273 -0.029593 -0.997228
f 2287/2287/2287 2288/2288/2288 2289/2289/2289
v 3.825401 2.515479 19.163562
v 6.520796 2.405265 19.057664
v 3.898707 -0.068521 19.310589
vt 22.988963 2.515479
vt 25.578460 2.405265
vt 23.209296 -0.068521
vn -0.041557 -0.057933 -0.997455
vn -0.041557 -0.057933 -0.997455
vn -0.041557 -0.057933 -0.997455
f 2290/2290/2290 2291/2291/2291 2292/2292/2292
v 9.037960 2.801281 19.298748
v 8.119731 0.217281 19.310589
v 6.000000 -0.178735 19.170000
vt 28.336708 2.801281
vt 27.430320 0.217281
vt 25.170000 -0.178735
vn 0.071739 -0.030061 -0.996970
vn 0.071739 -0.030061 -0.996970
vn 0.071739 -0.030061 -0.996970
f 2293/2293/2293 2294/2294/2294 2295/2295/2295
v 6.520796 2.405265 19.057664
v 9.037960 2.801281 19.298748
v 6.000000 -0.178735 19.170000
vt 25.578460 2.405265
vt 28.336708 2.801281
vt 25.170000 -0.178735
vn 0.105168 -0.064338 -0.992371
vn 0.105168 -0.064338 -0.992371
vn 0.105168 -0.064338 -0.992371
f 2296/2296/2296 2297/2297/2297 2298/2298/2298
v 9.329785 2.517499 19.745591
v 8.698293 -0.066501 19.650000
v 8.119731 0.217281 19.310589
vt 29.075376 2.517499
vt 28.348293 -0.066501
vt 27.430320 0.217281
vn 0.473535 -0.083288 -0.876828
vn 0.473535 -0.083288 -0.876828
vn 0.473535 -0.083288 -0.876828
f 2299/2299/2299 2300/2300/2300 2301/2301/2301
v 9.037960 2.801281 19.298748
v 9.329785 2.517499 19.745591
v 8.119731 0.217281 19.310589
vt 28.336708 2.801281
vt 29.075376 2.517499
vt 27.430320 0.217281
vn 0.724354 -0.260326 -0.638391
vn 0.724354 -0.260326 -0.638391
vn 0.724354 -0.260326 -0.638391
f 2302/2302/2302 2303/2303/2303 2304/2304/2304
v 8.351403 5.743467 19.953747
v 8.133967 2.819467 20.136438
v 9.329785 2.517499 19.745591
vt 28.305151 5.743467
vt 28.270405 2.819467
vt 29.075376 2.517499
vn 0.318563 0.035494 0.947237
vn 0.318563 0.035494 0.947237
vn 0.318563 0.035494 0.947237
f 2305/2305/2305 2306/2306/2306 2307/2307/2307
v 8.745861 5.441499 19.591102
v 8.351403 5.743467 19.953747
v 9.329785 2.517499 19.745591
vt 28.336962 5.441499
vt 28.305151 5.743467
vt 29.075376 2.517499
vn 0.737276 0.181615 0.650723
vn 0.737276 0.181615 0.650723
vn 0.737276 0.181615 0.650723
f 2308/2308/2308 2309/2309/2309 2310/2310/2310
v 6.327574 5.378523 20.138462
v 5.468354 2.454523 20.242336
v 8.133967 2.819467 20.136438
vt 26.466036 5.378523
vt 25.710691 2.454523
vt 28.270405 2.819467
vn 0.036290 0.024827 0.999033
vn 0.036290 0.024827 0.999033
vn 0.036290 0.024827 0.999033
f 2311/2311/2311 2312/2312/2312 2313/2313/2313
v 8.351403 5.743467 19.953747
v 6.327574 5.378523 20.138462
v 8.133967 2.819467 20.136438
vt 28.305151 5.743467
vt 26.466036 5.378523
vt 28.270405 2.819467
vn 0.080698 0.056176 0.995154
vn 0.080698 0.056176 0.995154
vn 0.080698 0.056176 0.995154
f 2314/2314/2314 2315/2315/2315 2316/2316/2316
v 4.136755 5.380296 20.037042
v 3.016094 2.456296 20.001252
v 5.468354 2.454523 20.242336
vt 24.173797 5.380296
vt 23.017346 2.456296
vt 25.710691 2.454523
vn -0.097790 0.025302 0.994885
vn -0.097790 0.025302 0.994885
vn -0.097790 0.025302 0.994885
f 2317/2317/2317 2318/2318/2318 2319/2319/2319
v 6.327574 5.378523 20.138462
v 4.136755 5.380296 20.037042
v 5.468354 2.454523 20.242336
vt 26.466036 5.378523
vt 24.173797 5.380296
vt 25.710691 2.454523
vn -0.046148 0.049005 0.997732
vn -0.046148 0.049005 0.997732
vn -0.046148 0.049005 0.997732
f 2320/2320/2320 2321/2321/2321 2322/2322/2322
v 3.311610 5.743765 19.708898
v 2.739906 2.819765 19.554409
v 3.016094 2.456296 20.001252
vt 23.020508 5.743765
vt 22.294315 2.819765
vt 23.017346 2.456296
vn -0.795667 0.124246 0.592855
vn -0.795667 0.124246 0.592855
vn -0.795667 0.124246 0.592855
f 2323/2323/2323 2324/2324/2324 2325/2325/2325
v 4.136755 5.380296 20.037042
v 3.311610 5.743765 19.708898
v 3.016094 2.456296 20.001252
vt 24.173797 5.380296
vt 23.020508 5.743765
vt 23.017346 2.456296
vn -0.323936 0.112655 0.939348
vn -0.323936 0.112655 0.939348
vn -0.323936 0.112655 0.939348
f 2326/2326/2326 2327/2327/2327 2328/2328/2328
v 3.603825 5.439479 19.346253
v 3.825401 2.515479 19.163562
v 2.739906 2.819765 19.554409
vt 22.950078 5.439479
vt 22.988963 2.515479
vt 22.294315 2.819765
vn -0.330147 0.033920 -0.943320
vn -0.330147 0.033920 -0.943320
vn -0.330147 0.033920 -0.943320
f 2329/2329/2329 2330/2330/2330 2331/2331/2331
v 3.311610 5.743765 19.708898
v 3.603825 5.439479 19.346253
v 2.739906 2.819765 19.554409
vt 23.020508 5.743765
vt 22.950078 5.439479
vt 22.294315 2.819765
vn -0.691391 0.172253 -0.701646
vn -0.691391 0.172253 -0.701646
vn -0.691391 0.172253 -0.701646
f 2332/2332/2332 2333/2333/2333 2334/2334/2334
v 5.679111 5.329265 19.161538
v 6.520796 2.405265 19.057664
v 3.825401 2.515479 19.163562
vt 24.840649 5.329265
vt 25.578460 2.405265
vt 22.988963 2.515479
vn -0.038247 0.024479 -0.998968
vn -0.038247 0.024479 -0.998968
vn -0.038247 0.024479 -0.998968
f 2335/2335/2335 2336/2336/2336 2337/2337/2337
v 3.603825 5.439479 19.346253
v 5.679111 5.329265 19.161538
v 3.825401 2.515479 19.163562
vt 22.950078 5.439479
vt 24.840649 5.329265
vt 22.988963 2.515479
vn -0.085585 0.055668 -0.994774
vn -0.085585 0.055668 -0.994774
vn -0.085585 0.055668 -0.994774
f 2338/2338/2338 2339/2339/2339 2340/2340/2340
v 7.896998 5.725281 19.262958
v 9.037960 2.801281 19.298748
v 6.520796 2.405265 19.057664
vt 27.159956 5.725281
vt 28.336708 2.801281
vt 25.578460 2.405265
vn 0.091638 0.023572 -0.995513
vn 0.091638 0.023572 -0.995513
vn 0.091638 0.023572 -0.995513
f 2341/2341/2341 2342/2342/2342 2343/2343/2343
v 5.679111 5.329265 19.161538
v 7.896998 5.725281 19.262958
v 6.520796 2.405265 19.057664
vt 24.840649 5.329265
vt 27.159956 5.725281
vt 25.578460 2.405265
vn 0.037393 0.046226 -0.998231
vn 0.037393 0.046226 -0.998231
vn 0.037393 0.046226 -0.998231
f 2344/2344/2344 2345/2345/2345 2346/2346/2346
v 8.745861 5.441499 19.591102
v 9.329785 2.517499 19.745591
v 9.037960 2.801281 19.298748
vt 28.336962 5.441499
vt 29.075376 2.517499
vt 28.336708 2.801281
vn 0.868506 0.148454 -0.472925
vn 0.868506 0.148454 -0.472925
vn 0.868506 0.148454 -0.472925
f 2347/2347/2347 2348/2348/2348 2349/2349/2349
v 7.896998 5.725281 19.262958
v 8.745861 5.441499 19.591102
v 9.037960 2.801281 19.298748
vt 27.159956 5.725281
vt 28.336962 5.441499
vt 28.336708 2.801281
vn 0.398409 0.144375 -0.905774
vn 0.398409 0.144375 -0.905774
vn 0.398409 0.144375 -0.905774
f 2350/2350/2350 2351/2351/2351 2352/2352/2352
v 7.063490 7.035467 19.855565
v 8.351403 5.743467 19.953747
v 8.745861 5.441499 19.591102
vt 26.919056 7.035467
vt 28.305151 5.743467
vt 28.336962 5.441499
vn 0.691803 0.702355 0.167651
vn 0.691803 0.702355 0.167651
vn 0.691803 0.702355 0.167651
f 2353/2353/2353 2354/2354/2354 2355/2355/2355
v 7.512935 6.733499 19.671577
v 7.063490 7.035467 19.855565
v 8.745861 5.441499 19.591102
vt 27.184512 6.733499
vt 26.919056 7.035467
vt 28.336962 5.441499
vn 0.602841 0.538613 0.588624
vn 0.602841 0.538613 0.588624
vn 0.602841 0.538613 0.588624
f 2356/2356/2356 2357/2357/2357 2358/2358/2358
v 5.879996 6.670523 19.919136
v 6.327574 5.378523 20.138462
v 8.351403 5.743467 19.953747
vt 25.799132 6.670523
vt 26.466036 5.378523
vt 28.305151 5.743467
vn 0.056006 0.185927 0.980966
vn 0.056006 0.185927 0.980966
vn 0.056006 0.185927 0.980966
f 2359/2359/2359 2360/2360/2360 2361/2361/2361
v 7.063490 7.035467 19.855565
v 5.879996 6.670523 19.919136
v 8.351403 5.743467 19.953747
vt 26.919056 7.035467
vt 25.799132 6.670523
vt 28.305151 5.743467
vn 0.023043 0.098572 0.994863
vn 0.023043 0.098572 0.994863
vn 0.023043 0.098572 0.994863
f 2362/2362/2362 2363/2363/2363 2364/2364/2364
v 4.739022 6.672296 19.825051
v 4.136755 5.380296 20.037042
v 6.327574 5.378523 20.138462
vt 24.564073 6.672296
vt 24.173797 5.380296
vt 26.466036 5.378523
vn -0.045322 0.182286 0.982200
vn -0.045322 0.182286 0.982200
vn -0.045322 0.182286 0.982200
f 2365/2365/2365 2366/2366/2366 2367/2367/2367
v 5.879996 6.670523 19.919136
v 4.739022 6.672296 19.825051
v 6.327574 5.378523 20.138462
vt 25.799132 6.670523
vt 24.564073 6.672296
vt 26.466036 5.378523
vn -0.081164 0.139416 0.986902
vn -0.081164 0.139416 0.986902
vn -0.081164 0.139416 0.986902
f 2368/2368/2368 2369/2369/2369 2370/2370/2370
v 4.518730 7.035765 19.628423
v 3.311610 5.743765 19.708898
v 4.136755 5.380296 20.037042
vt 24.147153 7.035765
vt 23.020508 5.743765
vt 24.173797 5.380296
vn -0.243193 0.284967 0.927174
vn -0.243193 0.284967 0.927174
vn -0.243193 0.284967 0.927174
f 2371/2371/2371 2372/2372/2372 2373/2373/2373
v 4.739022 6.672296 19.825051
v 4.518730 7.035765 19.628423
v 4.136755 5.380296 20.037042
vt 24.564073 6.672296
vt 24.147153 7.035765
vt 24.173797 5.380296
vn -0.316801 0.295557 0.901267
vn -0.316801 0.295557 0.901267
vn -0.316801 0.295557 0.901267
f 2374/2374/2374 2375/2375/2375 2376/2376/2376
v 4.916261 6.731479 19.444435
v 3.603825 5.439479 19.346253
v 3.311610 5.743765 19.708898
vt 24.360695 6.731479
vt 22.950078 5.439479
vt 23.020508 5.743765
vn -0.427958 0.492324 -0.757938
vn -0.427958 0.492324 -0.757938
vn -0.427958 0.492324 -0.757938
f 2377/2377/2377 2378/2378/2378 2379/2379/2379
v 4.518730 7.035765 19.628423
v 4.916261 6.731479 19.444435
v 3.311610 5.743765 19.708898
vt 24.147153 7.035765
vt 24.360695 6.731479
vt 23.020508 5.743765
vn -0.279363 0.202548 -0.938579
vn -0.279363 0.202548 -0.938579
vn -0.279363 0.202548 -0.938579
f 2380/2380/2380 2381/2381/2381 2382/2382/2382
v 6.117555 6.621265 19.380864
v 5.679111 5.329265 19.161538
v 3.603825 5.439479 19.346253
vt 25.498419 6.621265
vt 24.840649 5.329265
vt 22.950078 5.439479
vn -0.076874 0.192168 -0.978346
vn -0.076874 0.192168 -0.978346
vn -0.076874 0.192168 -0.978346
f 2383/2383/2383 2384/2384/2384 2385/2385/2385
v 4.916261 6.731479 19.444435
v 6.117555 6.621265 19.380864
v 3.603825 5.439479 19.346253
vt 24.360695 6.731479
vt 25.498419 6.621265
vt 22.950078 5.439479
vn -0.041700 0.117757 -0.992167
vn -0.041700 0.117757 -0.992167
vn -0.041700 0.117757 -0.992167
f 2386/2386/2386 2387/2387/2387 2388/2388/2388
v 7.283821 7.017281 19.474949
v 7.896998 5.725281 19.262958
v 5.679111 5.329265 19.161538
vt 26.758770 7.017281
vt 27.159956 5.725281
vt 24.840649 5.329265
vn 0.014928 0.168792 -0.985539
vn 0.014928 0.168792 -0.985539
vn 0.014928 0.168792 -0.985539
f 2389/2389/2389 2390/2390/2390 2391/2391/2391
v 6.117555 6.621265 19.380864
v 7.283821 7.017281 19.474949
v 5.679111 5.329265 19.161538
vt 25.498419 6.621265
vt 26.758770 7.017281
vt 24.840649 5.329265
vn 0.025690 0.158827 -0.986972
vn 0.025690 0.158827 -0.986972
vn 0.025690 0.158827 -0.986972
f 2392/2392/2392 2393/2393/2393 2394/2394/2394
v 7.512935 6.733499 19.671577
v 8.745861 5.441499 19.591102
v 7.896998 5.725281 19.262958
vt 27.184512 6.733499
vt 28.336962 5.441499
vt 27.159956 5.725281
vn 0.451097 0.477438 -0.754032
vn 0.451097 0.477438 -0.754032
vn 0.451097 0.477438 -0.754032
f 2395/2395/2395 2396/2396/2396 2397/2397/2397
v 7.283821 7.017281 19.474949
v 7.512935 6.733499 19.671577
v 7.896998 5.725281 19.262958
vt 26.758770 7.017281
vt 27.184512 6.733499
vt 27.159956 5.725281
vn 0.833172 0.448503 -0.323526
vn 0.833172 0.448503 -0.323526
vn 0.833172 0.448503 -0.323526
f 2398/2398/2398 2399/2399/2399 2400/2400/2400
v 7.699827 5.090824 -15.000000
v 6.839113 5.111765 -12.030152
v 2.500000 5.240999 -10.800000
v -1.803895 5.112497 -12.030152
v -2.799354 5.090214 -15.000000
v -1.766688 5.237262 -17.969848
v 2.500000 5.137158 -19.200000
v 6.727750 5.073426 -17.969848
vt -7.300173 5.090824
vt -5.191039 5.111765
vt -8.300000 5.240999
vt -13.834046 5.112497
vt -17.799354 5.090214
vt -19.736536 5.237262
vt -16.700000 5.137158
vt -11.242099 5.073426
vn -0.030258 -0.999541 -0.001721
vn -0.030258 -0.999541 -0.001721
vn -0.030258 -0.999541 -0.001721
vn -0.030258 -0.999541 -0.001721
vn -0.030258 -0.999541 -0.001721
vn -0.030258 -0.999541 -0.001721
vn -0.030258 -0.999541 -0.001721
vn -0.030258 -0.999541 -0.001721
f 2401/2401/2401 2402/2402/2402 2403/2403/2403
f 2401/2401/2401 2403/2403/2403 2404/2404/2404
f 2401/2401/2401 2404/2404/2404 2405/2405/2405
f 2401/2401/2401 2405/2405/2405 2406/2406/2406
f 2401/2401/2401 2406/2406/2406 2407/2407/2407
f 2401/2401/2401 2407/2407/2407 2408/2408/2408
v 5.060549 7.673426 -16.531696
v 2.740639 7.737158 -17.354944
v 0.299460 7.837262 -16.798698
v -0.471353 7.690214 -15.188798
v -0.106667 7.712497 -13.468304
v 2.264087 7.840999 -12.645056
v 4.737893 7.711765 -13.201302
v 5.415548 7.690824 -14.811202
vt -11.471147 7.673426
vt -14.614305 7.737158
vt -16.499237 7.837262
vt -15.660151 7.690214
vt -13.574970 7.712497
vt -10.380969 7.840999
vt -8.463409 7.711765
vt -9.395653 7.690824
vn 0.035682 0.999094 -0.023206
vn 0.035682 0.999094 -0.023206
vn 0.035682 0.999094 -0.023206
vn 0.035682 0.999094 -0.023206
vn 0.035682 0.999094 -0.023206
vn 0.035682 0.999094 -0.023206
vn 0.035682 0.999094 -0.023206
vn 0.035682 0.999094 -0.023206
f 2409/2409/2409 2410/2410/2410 2411/2411/2411
f 2409/2409/2409 2411/2411/2411 2412/2412/2412
f 2409/2409/2409 2412/2412/2412 2413/2413/2413
f 2409/2409/2409 2413/2413/2413 2414/2414/2414
f 2409/2409/2409 2414/2414/2414 2415/2415/2415
f 2409/2409/2409 2415/2415/2415 2416/2416/2416
v 6.990489 6.099765 -10.743667
v 6.839113 5.111765 -12.030152
v 7.699827 5.090824 -15.000000
vt -3.753178 6.099765
vt -5.191039 5.111765
vt -7.300173 5.090824
vn 0.853435 -0.457019 0.250563
vn 0.853435 -0.457019 0.250563
vn 0.853435 -0.457019 0.250563
f 2417/2417/2417 2418/2418/2418 2419/2419/2419
v 8.916764 6.078824 -14.163579
v 6.990489 6.099765 -10.743667
v 7.699827 5.090824 -15.000000
vt -5.246815 6.078824
vt -3.753178 6.099765
vt -7.300173 5.090824
vn 0.483432 -0.830274 0.277378
vn 0.483432 -0.830274 0.277378
vn 0.483432 -0.830274 0.277378
f 2420/2420/2420 2421/2421/2421 2422/2422/2422
v 1.454853 6.228999 -9.817057
v 2.500000 5.240999 -10.800000
v 6.839113 5.111765 -12.030152
vt -8.362204 6.228999
vt -8.300000 5.240999
vt -5.191039 5.111765
vn 0.208300 -0.570226 0.794641
vn 0.208300 -0.570226 0.794641
vn 0.208300 -0.570226 0.794641
f 2423/2423/2423 2424/2424/2424 2425/2425/2425
v 6.990489 6.099765 -10.743667
v 1.454853 6.228999 -9.817057
v 6.839113 5.111765 -12.030152
vt -3.753178 6.099765
vt -8.362204 6.228999
vt -5.191039 5.111765
vn 0.082031 -0.795068 0.600947
vn 0.082031 -0.795068 0.600947
vn 0.082031 -0.795068 0.600947
f 2426/2426/2426 2427/2427/2427 2428/2428/2428
v -3.668264 6.100497 -11.926544
v -1.803895 5.112497 -12.030152
v 2.500000 5.240999 -10.800000
vt -15.594808 6.100497
vt -13.834046 5.112497
vt -8.300000 5.240999
vn -0.222738 -0.507590 0.832310
vn -0.222738 -0.507590 0.832310
vn -0.222738 -0.507590 0.832310
f 2429/2429/2429 2430/2430/2430 2431/2431/2431
v 1.454853 6.228999 -9.817057
v -3.668264 6.100497 -11.926544
v 2.500000 5.240999 -10.800000
vt -8.362204 6.228999
vt -15.594808 6.100497
vt -8.300000 5.240999
vn -0.214574 -0.793524 0.569454
vn -0.214574 -0.793524 0.569454
vn -0.214574 -0.793524 0.569454
f 2432/2432/2432 2433/2433/2433 2434/2434/2434
v -4.039583 6.078214 -15.836421
v -2.799354 5.090214 -15.000000
v -1.803895 5.112497 -12.030152
vt -19.876004 6.078214
vt -17.799354 5.090214
vt -13.834046 5.112497
vn -0.698558 -0.674386 0.239209
vn -0.698558 -0.674386 0.239209
vn -0.698558 -0.674386 0.239209
f 2435/2435/2435 2436/2436/2436 2437/2437/2437
v -3.668264 6.100497 -11.926544
v -4.039583 6.078214 -15.836421
v -1.803895 5.112497 -12.030152
vt -15.594808 6.100497
vt -19.876004 6.078214
vt -13.834046 5.112497
vn -0.465545 -0.883653 0.049249
vn -0.465545 -0.883653 0.049249
vn -0.465545 -0.883653 0.049249
f 2438/2438/2438 2439/2439/2439 2440/2440/2440
v -1.915537 6.225262 -19.256333
v -1.766688 5.237262 -17.969848
v -2.799354 5.090214 -15.000000
vt -21.171870 6.225262
vt -19.736536 5.237262
vt -17.799354 5.090214
vn -0.800597 -0.516391 -0.303949
vn -0.800597 -0.516391 -0.303949
vn -0.800597 -0.516391 -0.303949
f 2441/2441/2441 2442/2442/2442 2443/2443/2443
v -4.039583 6.078214 -15.836421
v -1.915537 6.225262 -19.256333
v -2.799354 5.090214 -15.000000
vt -19.876004 6.078214
vt -21.171870 6.225262
vt -17.799354 5.090214
vn -0.451420 -0.834391 -0.316246
vn -0.451420 -0.834391 -0.316246
vn -0.451420 -0.834391 -0.316246
f 2444/2444/2444 2445/2445/2445 2446/2446/2446
v 3.566086 6.125158 -20.182943
v 2.500000 5.137158 -19.200000
v -1.766688 5.237262 -17.969848
vt -16.616857 6.125158
vt -16.700000 5.137158
vt -19.736536 5.237262
vn -0.245167 -0.537899 -0.806571
vn -0.245167 -0.537899 -0.806571
vn -0.245167 -0.537899 -0.806571
f 2447/2447/2447 2448/2448/2448 2449/2449/2449
v -1.915537 6.225262 -19.256333
v 3.566086 6.125158 -20.182943
v -1.766688 5.237262 -17.969848
vt -21.171870 6.225262
vt -16.616857 6.125158
vt -19.736536 5.237262
vn -0.115352 -0.794210 -0.596594
vn -0.115352 -0.794210 -0.596594
vn -0.115352 -0.794210 -0.596594
f 2450/2450/2450 2451/2451/2451 2452/2452/2452
v 8.559134 6.061426 -18.073456
v 6.727750 5.073426 -17.969848
v 2.500000 5.137158 -19.200000
vt -9.514321 6.061426
vt -11.242099 5.073426
vt -16.700000 5.137158
vn 0.232038 -0.516544 -0.824221
vn 0.232038 -0.516544 -0.824221
vn 0.232038 -0.516544 -0.824221
f 2453/2453/2453 2454/2454/2454 2455/2455/2455
v 3.566086 6.125158 -20.182943
v 8.559134 6.061426 -18.073456
v 2.500000 5.137158 -19.200000
vt -16.616857 6.125158
vt -9.514321 6.061426
vt -16.700000 5.137158
vn 0.225568 -0.798573 -0.558033
vn 0.225568 -0.798573 -0.558033
vn 0.225568 -0.798573 -0.558033
f 2456/2456/2456 2457/2457/2457 2458/2458/2458
v 8.916764 6.078824 -14.163579
v 7.699827 5.090824 -15.000000
v 6.727750 5.073426 -17.969848
vt -5.246815 6.078824
vt -7.300173 5.090824
vt -11.242099 5.073426
vn 0.702921 -0.674366 -0.226126
vn 0.702921 -0.674366 -0.226126
vn 0.702921 -0.674366 -0.226126
f 2459/2459/2459 2460/2460/2460 2461/2461/2461
v 8.559134 6.061426 -18.073456
v 8.916764 6.078824 -14.163579
v 6.727750 5.073426 -17.969848
vt -9.514321 6.061426
vt -5.246815 6.078824
vt -11.242099 5.073426
vn 0.472705 -0.880343 -0.039320
vn 0.472705 -0.880343 -0.039320
vn 0.472705 -0.880343 -0.039320
f 2462/2462/2462 2463/2463/2463 2464/2464/2464
v 7.448037 7.217765 -12.342212
v 6.990489 6.099765 -10.743667
v 8.916764 6.078824 -14.163579
vt -4.894174 7.217765
vt -3.753178 6.099765
vt -5.246815 6.078824
vn 0.825142 0.323999 0.462780
vn 0.825142 0.323999 0.462780
vn 0.825142 0.323999 0.462780
f 2465/2465/2465 2466/2466/2466 2467/2467/2467
v 7.791494 7.196824 -15.515361
v 7.448037 7.217765 -12.342212
v 8.916764 6.078824 -14.163579
vt -7.723867 7.196824
vt -4.894174 7.217765
vt -5.246815 6.078824
vn 0.661776 0.746729 0.066702
vn 0.661776 0.746729 0.066702
vn 0.661776 0.746729 0.066702
f 2468/2468/2468 2469/2469/2469 2470/2470/2470
v 3.143968 7.346999 -10.725959
v 1.454853 6.228999 -9.817057
v 6.990489 6.099765 -10.743667
vt -7.581991 7.346999
vt -8.362204 6.228999
vt -3.753178 6.099765
vn 0.156387 0.469969 0.868719
vn 0.156387 0.469969 0.868719
vn 0.156387 0.469969 0.868719
f 2471/2471/2471 2472/2472/2472 2473/2473/2473
v 7.448037 7.217765 -12.342212
v 3.143968 7.346999 -10.725959
v 6.990489 6.099765 -10.743667
vt -4.894174 7.217765
vt -7.581991 7.346999
vt -3.753178 6.099765
vn 0.248814 0.758807 0.601917
vn 0.248814 0.758807 0.601917
vn 0.248814 0.758807 0.601917
f 2474/2474/2474 2475/2475/2475 2476/2476/2476
v -1.351658 7.218497 -11.613381
v -3.668264 6.100497 -11.926544
v 1.454853 6.228999 -9.817057
vt -12.965039 7.218497
vt -15.594808 6.100497
vt -8.362204 6.228999
vn -0.343167 0.485918 0.803816
vn -0.343167 0.485918 0.803816
vn -0.343167 0.485918 0.803816
f 2477/2477/2477 2478/2478/2478 2479/2479/2479
v 3.143968 7.346999 -10.725959
v -1.351658 7.218497 -11.613381
v 1.454853 6.228999 -9.817057
vt -7.581991 7.346999
vt -12.965039 7.218497
vt -8.362204 6.228999
vn -0.148787 0.749353 0.645238
vn -0.148787 0.749353 0.645238
vn -0.148787 0.749353 0.645238
f 2480/2480/2480 2481/2481/2481 2482/2482/2482
v -2.892775 7.196214 -14.484639
v -4.039583 6.078214 -15.836421
v -3.668264 6.100497 -11.926544
vt -17.377414 7.196214
vt -19.876004 6.078214
vt -15.594808 6.100497
vn -0.735330 0.674489 0.065990
vn -0.735330 0.674489 0.065990
vn -0.735330 0.674489 0.065990
f 2483/2483/2483 2484/2484/2484 2485/2485/2485
v -1.351658 7.218497 -11.613381
v -2.892775 7.196214 -14.484639
v -3.668264 6.100497 -11.926544
vt -12.965039 7.218497
vt -17.377414 7.196214
vt -15.594808 6.100497
vn -0.448043 0.862903 0.233786
vn -0.448043 0.862903 0.233786
vn -0.448043 0.862903 0.233786
f 2486/2486/2486 2487/2487/2487 2488/2488/2488
v -2.365449 7.343262 -17.657788
v -1.915537 6.225262 -19.256333
v -4.039583 6.078214 -15.836421
vt -20.023237 7.343262
vt -21.171870 6.225262
vt -19.876004 6.078214
vn -0.797835 0.365000 -0.479827
vn -0.797835 0.365000 -0.479827
vn -0.797835 0.365000 -0.479827
f 2489/2489/2489 2490/2490/2490 2491/2491/2491
v -2.892775 7.196214 -14.484639
v -2.365449 7.343262 -17.657788
v -4.039583 6.078214 -15.836421
vt -17.377414 7.196214
vt -20.023237 7.343262
vt -19.876004 6.078214
vn -0.650673 0.755831 -0.073105
vn -0.650673 0.755831 -0.073105
vn -0.650673 0.755831 -0.073105
f 2492/2492/2492 2493/2493/2493 2494/2494/2494
v 1.843130 7.243158 -19.274041
v 3.566086 6.125158 -20.182943
v -1.915537 6.225262 -19.256333
vt -17.430911 7.243158
vt -16.616857 6.125158
vt -21.171870 6.225262
vn -0.136636 0.489559 -0.861198
vn -0.136636 0.489559 -0.861198
vn -0.136636 0.489559 -0.861198
f 2495/2495/2495 2496/2496/2496 2497/2497/2497
v -2.365449 7.343262 -17.657788
v 1.843130 7.243158 -19.274041
v -1.915537 6.225262 -19.256333
vt -20.023237 7.343262
vt -17.430911 7.243158
vt -21.171870 6.225262
vn -0.211854 0.771862 -0.599456
vn -0.211854 0.771862 -0.599456
vn -0.211854 0.771862 -0.599456
f 2498/2498/2498 2499/2499/2499 2500/2500/2500
v 6.283514 7.179426 -18.386619
v 8.559134 6.061426 -18.073456
v 3.566086 6.125158 -20.182943
vt -12.103105 7.179426
vt -9.514321 6.061426
vt -16.616857 6.125158
vn 0.346644 0.479806 -0.805993
vn 0.346644 0.479806 -0.805993
vn 0.346644 0.479806 -0.805993
f 2501/2501/2501 2502/2502/2502 2503/2503/2503
v 1.843130 7.243158 -19.274041
v 6.283514 7.179426 -18.386619
v 3.566086 6.125158 -20.182943
vt -17.430911 7.243158
vt -12.103105 7.179426
vt -16.616857 6.125158
vn 0.140778 0.746059 -0.650829
vn 0.140778 0.746059 -0.650829
vn 0.140778 0.746059 -0.650829
f 2504/2504/2504 2505/2505/2505 2506/2506/2506
v 7.791494 7.196824 -15.515361
v 8.916764 6.078824 -14.163579
v 8.559134 6.061426 -18.073456
vt -7.723867 7.196824
vt -5.246815 6.078824
vt -9.514321 6.061426
vn 0.744696 0.663609 -0.071069
vn 0.744696 0.663609 -0.071069
vn 0.744696 0.663609 -0.071069
f 2507/2507/2507 2508/2508/2508 2509/2509/2509
v 6.283514 7.179426 -18.386619
v 7.791494 7.196824 -15.515361
v 8.559134 6.061426 -18.073456
vt -12.103105 7.179426
vt -7.723867 7.196824
vt -9.514321 6.061426
vn 0.454468 0.856728 -0.243877
vn 0.454468 0.856728 -0.243877
vn 0.454468 0.856728 -0.243877
f 2510/2510/2510 2511/2511/2511 2512/2512/2512
v 4.737893 7.711765 -13.201302
v 7.448037 7.217765 -12.342212
v 7.791494 7.196824 -15.515361
vt -8.463409 7.711765
vt -4.894174 7.217765
vt -7.723867 7.196824
vn 0.175474 0.984405 0.012497
vn 0.175474 0.984405 0.012497
vn 0.175474 0.984405 0.012497
f 2513/2513/2513 2514/2514/2514 2515/2515/2515
v 5.415548 7.690824 -14.811202
v 4.737893 7.711765 -13.201302
v 7.791494 7.196824 -15.515361
vt -9.395653 7.690824
vt -8.463409 7.711765
vt -7.723867 7.196824
vn 0.226282 0.970551 0.082624
vn 0.226282 0.970551 0.082624
vn 0.226282 0.970551 0.082624
f 2516/2516/2516 2517/2517/2517 2518/2518/2518
v 2.264087 7.840999 -12.645056
v 3.143968 7.346999 -10.725959
v 7.448037 7.217765 -12.342212
vt -10.380969 7.840999
vt -7.581991 7.346999
vt -4.894174 7.217765
vn 0.105231 0.973637 0.202379
vn 0.105231 0.973637 0.202379
vn 0.105231 0.973637 0.202379
f 2519/2519/2519 2520/2520/2520 2521/2521/2521
v 4.737893 7.711765 -13.201302
v 2.264087 7.840999 -12.645056
v 7.448037 7.217765 -12.342212
vt -8.463409 7.711765
vt -10.380969 7.840999
vt -4.894174 7.217765
vn 0.102725 0.967246 0.232128
vn 0.102725 0.967246 0.232128
vn 0.102725 0.967246 0.232128
f 2522/2522/2522 2523/2523/2523 2524/2524/2524
v -0.106667 7.712497 -13.468304
v -1.351658 7.218497 -11.613381
v 3.143968 7.346999 -10.725959
vt -13.574970 7.712497
vt -12.965039 7.218497
vt -7.581991 7.346999
vn -0.069841 0.974622 0.212683
vn -0.069841 0.974622 0.212683
vn -0.069841 0.974622 0.212683
f 2525/2525/2525 2526/2526/2526 2527/2527/2527
v 2.264087 7.840999 -12.645056
v -0.106667 7.712497 -13.468304
v 3.143968 7.346999 -10.725959
vt -10.380969 7.840999
vt -13.574970 7.712497
vt -7.581991 7.346999
vn -0.159819 0.935819 0.314167
vn -0.159819 0.935819 0.314167
vn -0.159819 0.935819 0.314167
f 2528/2528/2528 2529/2529/2529 2530/2530/2530
v -0.471353 7.690214 -15.188798
v -2.892775 7.196214 -14.484639
v -1.351658 7.218497 -11.613381
vt -15.660151 7.690214
vt -17.377414 7.196214
vt -12.965039 7.218497
vn -0.174991 0.980779 0.086313
vn -0.174991 0.980779 0.086313
vn -0.174991 0.980779 0.086313
f 2531/2531/2531 2532/2532/2532 2533/2533/2533
v -0.106667 7.712497 -13.468304
v -0.471353 7.690214 -15.188798
v -1.351658 7.218497 -11.613381
vt -13.574970 7.712497
vt -15.660151 7.690214
vt -12.965039 7.218497
vn -0.301105 0.952200 0.051492
vn -0.301105 0.952200 0.051492
vn -0.301105 0.952200 0.051492
f 2534/2534/2534 2535/2535/2535 2536/2536/2536
v 0.299460 7.837262 -16.798698
v -2.365449 7.343262 -17.657788
v -2.892775 7.196214 -14.484639
vt -16.499237 7.837262
vt -20.023237 7.343262
vt -17.377414 7.196214
vn -0.186760 0.982299 0.014484
vn -0.186760 0.982299 0.014484
vn -0.186760 0.982299 0.014484
f 2537/2537/2537 2538/2538/2538 2539/2539/2539
v -0.471353 7.690214 -15.188798
v 0.299460 7.837262 -16.798698
v -2.892775 7.196214 -14.484639
vt -15.660151 7.690214
vt -16.499237 7.837262
vt -17.377414 7.196214
vn -0.201903 0.979379 -0.007214
vn -0.201903 0.979379 -0.007214
vn -0.201903 0.979379 -0.007214
f 2540/2540/2540 2541/2541/2541 2542/2542/2542
v 2.740639 7.737158 -17.354944
v 1.843130 7.243158 -19.274041
v -2.365449 7.343262 -17.657788
vt -14.614305 7.737158
vt -17.430911 7.243158
vt -20.023237 7.343262
vn -0.061934 0.973181 -0.221545
vn -0.061934 0.973181 -0.221545
vn -0.061934 0.973181 -0.221545
f 2543/2543/2543 2544/2544/2544 2545/2545/2545
v 0.299460 7.837262 -16.798698
v 2.740639 7.737158 -17.354944
v -2.365449 7.343262 -17.657788
vt -16.499237 7.837262
vt -14.614305 7.737158
vt -20.023237 7.343262
vn -0.048716 0.923691 -0.380029
vn -0.048716 0.923691 -0.380029
vn -0.048716 0.923691 -0.380029
f 2546/2546/2546 2547/2547/2547 2548/2548/2548
v 5.060549 7.673426 -16.531696
v 6.283514 7.179426 -18.386619
v 1.843130 7.243158 -19.274041
vt -11.471147 7.673426
vt -12.103105 7.179426
vt -17.430911 7.243158
vn 0.058130 0.973551 -0.220949
vn 0.058130 0.973551 -0.220949
vn 0.058130 0.973551 -0.220949
f 2549/2549/2549 2550/2550/2550 2551/2551/2551
v 2.740639 7.737158 -17.354944
v 5.060549 7.673426 -16.531696
v 1.843130 7.243158 -19.274041
vt -14.614305 7.737158
vt -11.471147 7.673426
vt -17.430911 7.243158
vn 0.134295 0.942685 -0.305465
vn 0.134295 0.942685 -0.305465
vn 0.134295 0.942685 -0.305465
f 2552/2552/2552 2553/2553/2553 2554/2554/2554
v 5.415548 7.690824 -14.811202
v 7.791494 7.196824 -15.515361
v 6.283514 7.179426 -18.386619
vt -9.395653 7.690824
vt -7.723867 7.196824
vt -12.103105 7.179426
vn 0.174748 0.979753 -0.097714
vn 0.174748 0.979753 -0.097714
vn 0.174748 0.979753 -0.097714
f 2555/2555/2555 2556/2556/2556 2557/2557/2557
v 5.060549 7.673426 -16.531696
v 5.415548 7.690824 -14.811202
v 6.283514 7.179426 -18.386619
vt -11.471147 7.673426
vt -9.395653 7.690824
vt -12.103105 7.179426
vn 0.283144 0.956657 -0.068096
vn 0.283144 0.956657 -0.068096
vn 0.283144 0.956657 -0.068096
f 2558/2558/2558 2559/2559/2559 2560/2560/2560
v 8.888070 5.237262 -5.000000
v 6.022277 5.137158 -2.030152
v 2.500000 5.073426 -0.800000
v -1.038011 5.226574 -2.030152
v -3.843606 5.162842 -5.000000
v -1.057053 5.062738 -7.969848
v 2.500000 5.209786 -9.200000
v 6.079272 5.187503 -7.969848
vt 3.888070 5.237262
vt 3.992126 5.137158
vt 1.700000 5.073426
vt -3.068162 5.226574
vt -8.843606 5.162842
vt -9.026902 5.062738
vt -6.700000 5.209786
vt -1.890577 5.187503
vn 0.009532 -0.999654 -0.024497
vn 0.009532 -0.999654 -0.024497
vn 0.009532 -0.999654 -0.024497
vn 0.009532 -0.999654 -0.024497
vn 0.009532 -0.999654 -0.024497
vn 0.009532 -0.999654 -0.024497
vn 0.009532 -0.999654 -0.024497
vn 0.009532 -0.999654 -0.024497
f 2561/2561/2561 2562/2562/2562 2563/2563/2563
f 2561/2561/2561 2563/2563/2563 2564/2564/2564
f 2561/2561/2561 2564/2564/2564 2565/2565/2565
f 2561/2561/2561 2565/2565/2565 2566/2566/2566
f 2561/2561/2561 2566/2566/2566 2567/2567/2567
f 2561/2561/2561 2567/2567/2567 2568/2568/2568
v 4.667797 7.787503 -6.531696
v 2.783845 7.809786 -7.354944
v 0.665454 7.662738 -6.798698
v -1.056866 7.762842 -5.188798
v 0.357193 7.826574 -3.468304
v 2.213736 7.673426 -2.645056
v 4.316611 7.737158 -3.201302
v 6.081797 7.837262 -4.811202
vt -1.863900 7.787503
vt -4.571099 7.809786
vt -6.133244 7.662738
vt -6.245664 7.762842
vt -3.111111 7.826574
vt -0.431320 7.673426
vt 1.115308 7.737158
vt 1.270595 7.837262
vn -0.038632 0.992582 0.115273
vn -0.038632 0.992582 0.115273
vn -0.038632 0.992582 0.115273
vn -0.038632 0.992582 0.115273
vn -0.038632 0.992582 0.115273
vn -0.038632 0.992582 0.115273
vn -0.038632 0.992582 0.115273
vn -0.038632 0.992582 0.115273
f 2569/2569/2569 2570/2570/2570 2571/2571/2571
f 2569/2569/2569 2571/2571/2571 2572/2572/2572
f 2569/2569/2569 2572/2572/2572 2573/2573/2573
f 2569/2569/2569 2573/2573/2573 2574/2574/2574
f 2569/2569/2569 2574/2574/2574 2575/2575/2575
f 2569/2569/2569 2575/2575/2575 2576/2576/2576
v 6.145156 6.125158 -0.743667
v 6.022277 5.137158 -2.030152
v 8.888070 5.237262 -5.000000
vt 5.401489 6.125158
vt 3.992126 5.137158
vt 3.888070 5.237262
vn 0.527274 -0.697479 0.485290
vn 0.527274 -0.697479 0.485290
vn 0.527274 -0.697479 0.485290
f 2577/2577/2577 2578/2578/2578 2579/2579/2579
v 10.383096 6.225262 -4.163579
v 6.145156 6.125158 -0.743667
v 8.888070 5.237262 -5.000000
vt 6.219516 6.225262
vt 5.401489 6.125158
vt 3.888070 5.237262
vn 0.340777 -0.852047 0.397350
vn 0.340777 -0.852047 0.397350
vn 0.340777 -0.852047 0.397350
f 2580/2580/2580 2581/2581/2581 2582/2582/2582
v 1.231784 6.061426 0.182943
v 2.500000 5.073426 -0.800000
v 6.022277 5.137158 -2.030152
vt 1.414727 6.061426
vt 1.700000 5.073426
vt 3.992126 5.137158
vn 0.301815 -0.449192 0.840912
vn 0.301815 -0.449192 0.840912
vn 0.301815 -0.449192 0.840912
f 2583/2583/2583 2584/2584/2584 2585/2585/2585
v 6.145156 6.125158 -0.743667
v 1.231784 6.061426 0.182943
v 6.022277 5.137158 -2.030152
vt 5.401489 6.125158
vt 1.414727 6.061426
vt 3.992126 5.137158
vn 0.122883 -0.792726 0.597064
vn 0.122883 -0.792726 0.597064
vn 0.122883 -0.792726 0.597064
f 2586/2586/2586 2587/2587/2587 2588/2588/2588
v -2.570613 6.214574 -1.926544
v -1.038011 5.226574 -2.030152
v 2.500000 5.073426 -0.800000
vt -4.497157 6.214574
vt -3.068162 5.226574
vt 1.700000 5.073426
vn -0.296709 -0.542663 0.785799
vn -0.296709 -0.542663 0.785799
vn -0.296709 -0.542663 0.785799
f 2589/2589/2589 2590/2590/2590 2591/2591/2591
v 1.231784 6.061426 0.182943
v -2.570613 6.214574 -1.926544
v 2.500000 5.073426 -0.800000
vt 1.414727 6.061426
vt -4.497157 6.214574
vt 1.700000 5.073426
vn -0.291404 -0.836227 0.464552
vn -0.291404 -0.836227 0.464552
vn -0.291404 -0.836227 0.464552
f 2592/2592/2592 2593/2593/2593 2594/2594/2594
v -5.328226 6.150842 -5.836421
v -3.843606 5.162842 -5.000000
v -1.038011 5.226574 -2.030152
vt -11.164647 6.150842
vt -8.843606 5.162842
vt -3.068162 5.226574
vn -0.645869 -0.445877 0.619716
vn -0.645869 -0.445877 0.619716
vn -0.645869 -0.445877 0.619716
f 2595/2595/2595 2596/2596/2596 2597/2597/2597
v -2.570613 6.214574 -1.926544
v -5.328226 6.150842 -5.836421
v -1.038011 5.226574 -2.030152
vt -4.497157 6.214574
vt -11.164647 6.150842
vt -3.068162 5.226574
vn -0.488775 -0.795707 0.357701
vn -0.488775 -0.795707 0.357701
vn -0.488775 -0.795707 0.357701
f 2598/2598/2598 2599/2599/2599 2600/2600/2600
v -1.181146 6.050738 -9.256333
v -1.057053 5.062738 -7.969848
v -3.843606 5.162842 -5.000000
vt -10.437479 6.050738
vt -9.026902 5.062738
vt -8.843606 5.162842
vn -0.537097 -0.693230 -0.480582
vn -0.537097 -0.693230 -0.480582
vn -0.537097 -0.693230 -0.480582
f 2601/2601/2601 2602/2602/2602 2603/2603/2603
v -5.328226 6.150842 -5.836421
v -1.181146 6.050738 -9.256333
v -3.843606 5.162842 -5.000000
vt -11.164647 6.150842
vt -10.437479 6.050738
vt -8.843606 5.162842
vn -0.345199 -0.851979 -0.393660
vn -0.345199 -0.851979 -0.393660
vn -0.345199 -0.851979 -0.393660
f 2604/2604/2604 2605/2605/2605 2606/2606/2606
v 3.757500 6.197786 -10.182943
v 2.500000 5.209786 -9.200000
v -1.057053 5.062738 -7.969848
vt -6.425444 6.197786
vt -6.700000 5.209786
vt -9.026902 5.062738
vn -0.267442 -0.486874 -0.831522
vn -0.267442 -0.486874 -0.831522
vn -0.267442 -0.486874 -0.831522
f 2607/2607/2607 2608/2608/2608 2609/2609/2609
v -1.181146 6.050738 -9.256333
v 3.757500 6.197786 -10.182943
v -1.057053 5.062738 -7.969848
vt -10.437479 6.050738
vt -6.425444 6.197786
vt -9.026902 5.062738
vn -0.089164 -0.794079 -0.601239
vn -0.089164 -0.794079 -0.601239
vn -0.089164 -0.794079 -0.601239
f 2610/2610/2610 2611/2611/2611 2612/2612/2612
v 7.629747 6.175503 -8.073456
v 6.079272 5.187503 -7.969848
v 2.500000 5.209786 -9.200000
vt -0.443708 6.175503
vt -1.890577 5.187503
vt -6.700000 5.209786
vn 0.275326 -0.517060 -0.810459
vn 0.275326 -0.517060 -0.810459
vn 0.275326 -0.517060 -0.810459
f 2613/2613/2613 2614/2614/2614 2615/2615/2615
v 3.757500 6.197786 -10.182943
v 7.629747 6.175503 -8.073456
v 2.500000 5.209786 -9.200000
vt -6.425444 6.197786
vt -0.443708 6.175503
vt -6.700000 5.209786
vn 0.264433 -0.828185 -0.494151
vn 0.264433 -0.828185 -0.494151
vn 0.264433 -0.828185 -0.494151
f 2616/2616/2616 2617/2617/2617 2618/2618/2618
v 10.383096 6.225262 -4.163579
v 8.888070 5.237262 -5.000000
v 6.079272 5.187503 -7.969848
vt 6.219516 6.225262
vt 3.888070 5.237262
vt -1.890577 5.187503
vn 0.646290 -0.467116 -0.603416
vn 0.646290 -0.467116 -0.603416
vn 0.646290 -0.467116 -0.603416
f 2619/2619/2619 2620/2620/2620 2621/2621/2621
v 7.629747 6.175503 -8.073456
v 10.383096 6.225262 -4.163579
v 6.079272 5.187503 -7.969848
vt -0.443708 6.175503
vt 6.219516 6.225262
vt -1.890577 5.187503
vn 0.490309 -0.804579 -0.335038
vn 0.490309 -0.804579 -0.335038
vn 0.490309 -0.804579 -0.335038
f 2622/2622/2622 2623/2623/2623 2624/2624/2624
v 6.516572 7.243158 -2.342212
v 6.145156 6.125158 -0.743667
v 10.383096 6.225262 -4.163579
vt 4.174360 7.243158
vt 5.401489 6.125158
vt 6.219516 6.225262
vn 0.451567 0.678481 0.579440
vn 0.451567 0.678481 0.579440
vn 0.451567 0.678481 0.579440
f 2625/2625/2625 2626/2626/2626 2627/2627/2627
v 9.000684 7.343262 -5.515361
v 6.516572 7.243158 -2.342212
v 10.383096 6.225262 -4.163579
vt 3.485323 7.343262
vt 4.174360 7.243158
vt 6.219516 6.225262
vn 0.381210 0.865206 0.325726
vn 0.381210 0.865206 0.325726
vn 0.381210 0.865206 0.325726
f 2628/2628/2628 2629/2629/2629 2630/2630/2630
v 3.281412 7.179426 -0.725959
v 1.231784 6.061426 0.182943
v 6.145156 6.125158 -0.743667
vt 2.555453 7.179426
vt 1.414727 6.061426
vt 5.401489 6.125158
vn 0.162328 0.425987 0.890047
vn 0.162328 0.425987 0.890047
vn 0.162328 0.425987 0.890047
f 2631/2631/2631 2632/2632/2632 2633/2633/2633
v 6.516572 7.243158 -2.342212
v 3.281412 7.179426 -0.725959
v 6.145156 6.125158 -0.743667
vt 4.174360 7.243158
vt 2.555453 7.179426
vt 5.401489 6.125158
vn 0.281401 0.754420 0.593013
vn 0.281401 0.754420 0.593013
vn 0.281401 0.754420 0.593013
f 2634/2634/2634 2635/2635/2635 2636/2636/2636
v -0.666250 7.332574 -1.613381
v -2.570613 6.214574 -1.926544
v 1.231784 6.061426 0.182943
vt -2.279632 7.332574
vt -4.497157 6.214574
vt 1.414727 6.061426
vn -0.410188 0.481796 0.774350
vn -0.410188 0.481796 0.774350
vn -0.410188 0.481796 0.774350
f 2637/2637/2637 2638/2638/2638 2639/2639/2639
v 3.281412 7.179426 -0.725959
v -0.666250 7.332574 -1.613381
v 1.231784 6.061426 0.182943
vt 2.555453 7.179426
vt -2.279632 7.332574
vt 1.414727 6.061426
vn -0.117930 0.747577 0.653622
vn -0.117930 0.747577 0.653622
vn -0.117930 0.747577 0.653622
f 2640/2640/2640 2641/2641/2641 2642/2642/2642
v -3.955437 7.268842 -4.484639
v -5.328226 6.150842 -5.836421
v -2.570613 6.214574 -1.926544
vt -8.440075 7.268842
vt -11.164647 6.150842
vt -4.497157 6.214574
vn -0.782035 0.299256 0.546687
vn -0.782035 0.299256 0.546687
vn -0.782035 0.299256 0.546687
f 2643/2643/2643 2644/2644/2644 2645/2645/2645
v -0.666250 7.332574 -1.613381
v -3.955437 7.268842 -4.484639
v -2.570613 6.214574 -1.926544
vt -2.279632 7.332574
vt -8.440075 7.268842
vt -4.497157 6.214574
vn -0.489247 0.680608 0.545353
vn -0.489247 0.680608 0.545353
vn -0.489247 0.680608 0.545353
f 2646/2646/2646 2647/2647/2647 2648/2648/2648
v -1.556228 7.168738 -7.657788
v -1.181146 6.050738 -9.256333
v -5.328226 6.150842 -5.836421
vt -9.214016 7.168738
vt -10.437479 6.050738
vt -11.164647 6.150842
vn -0.460979 0.672768 -0.578689
vn -0.460979 0.672768 -0.578689
vn -0.460979 0.672768 -0.578689
f 2649/2649/2649 2650/2650/2650 2651/2651/2651
v -3.955437 7.268842 -4.484639
v -1.556228 7.168738 -7.657788
v -5.328226 6.150842 -5.836421
vt -8.440075 7.268842
vt -9.214016 7.168738
vt -11.164647 6.150842
vn -0.387999 0.864093 -0.320625
vn -0.387999 0.864093 -0.320625
vn -0.387999 0.864093 -0.320625
f 2652/2652/2652 2653/2653/2653 2654/2654/2654
v 1.725191 7.315786 -9.274041
v 3.757500 6.197786 -10.182943
v -1.181146 6.050738 -9.256333
vt -7.548850 7.315786
vt -6.425444 6.197786
vt -10.437479 6.050738
vn -0.180404 0.401896 -0.897738
vn -0.180404 0.401896 -0.897738
vn -0.180404 0.401896 -0.897738
f 2655/2655/2655 2656/2656/2656 2657/2657/2657
v -1.556228 7.168738 -7.657788
v 1.725191 7.315786 -9.274041
v -1.181146 6.050738 -9.256333
vt -9.214016 7.168738
vt -7.548850 7.315786
vt -10.437479 6.050738
vn -0.324668 0.737608 -0.592052
vn -0.324668 0.737608 -0.592052
vn -0.324668 0.737608 -0.592052
f 2658/2658/2658 2659/2659/2659 2660/2660/2660
v 5.703176 7.293503 -8.386619
v 7.629747 6.175503 -8.073456
v 3.757500 6.197786 -10.182943
vt -2.683443 7.293503
vt -0.443708 6.175503
vt -6.425444 6.197786
vn 0.415472 0.503817 -0.757332
vn 0.415472 0.503817 -0.757332
vn 0.415472 0.503817 -0.757332
f 2661/2661/2661 2662/2662/2662 2663/2663/2663
v 1.725191 7.315786 -9.274041
v 5.703176 7.293503 -8.386619
v 3.757500 6.197786 -10.182943
vt -7.548850 7.315786
vt -2.683443 7.293503
vt -6.425444 6.197786
vn 0.143504 0.768146 -0.623986
vn 0.143504 0.768146 -0.623986
vn 0.143504 0.768146 -0.623986
f 2664/2664/2664 2665/2665/2665 2666/2666/2666
v 9.000684 7.343262 -5.515361
v 10.383096 6.225262 -4.163579
v 7.629747 6.175503 -8.073456
vt 3.485323 7.343262
vt 6.219516 6.225262
vt -0.443708 6.175503
vn 0.779320 0.295527 -0.552561
vn 0.779320 0.295527 -0.552561
vn 0.779320 0.295527 -0.552561
f 2667/2667/2667 2668/2668/2668 2669/2669/2669
v 5.703176 7.293503 -8.386619
v 9.000684 7.343262 -5.515361
v 7.629747 6.175503 -8.073456
vt -2.683443 7.293503
vt 3.485323 7.343262
vt -0.443708 6.175503
vn 0.481102 0.671024 -0.564152
vn 0.481102 0.671024 -0.564152
vn 0.481102 0.671024 -0.564152
f 2670/2670/2670 2671/2671/2671 2672/2672/2672
v 4.316611 7.737158 -3.201302
v 6.516572 7.243158 -2.342212
v 9.000684 7.343262 -5.515361
vt 1.115308 7.737158
vt 4.174360 7.243158
vt 3.485323 7.343262
vn 0.158500 0.975141 0.154845
vn 0.158500 0.975141 0.154845
vn 0.158500 0.975141 0.154845
f 2673/2673/2673 2674/2674/2674 2675/2675/2675
v 6.081797 7.837262 -4.811202
v 4.316611 7.737158 -3.201302
v 9.000684 7.343262 -5.515361
vt 1.270595 7.837262
vt 1.115308 7.737158
vt 3.485323 7.343262
vn 0.230979 0.922053 0.310592
vn 0.230979 0.922053 0.310592
vn 0.230979 0.922053 0.310592
f 2676/2676/2676 2677/2677/2677 2678/2678/2678
v 2.213736 7.673426 -2.645056
v 3.281412 7.179426 -0.725959
v 6.516572 7.243158 -2.342212
vt -0.431320 7.673426
vt 2.555453 7.179426
vt 4.174360 7.243158
vn 0.083108 0.975267 0.204809
vn 0.083108 0.975267 0.204809
vn 0.083108 0.975267 0.204809
f 2679/2679/2679 2680/2680/2680 2681/2681/2681
v 4.316611 7.737158 -3.201302
v 2.213736 7.673426 -2.645056
v 6.516572 7.243158 -2.342212
vt 1.115308 7.737158
vt -0.431320 7.673426
vt 4.174360 7.243158
vn 0.067516 0.929817 0.361775
vn 0.067516 0.929817 0.361775
vn 0.067516 0.929817 0.361775
f 2682/2682/2682 2683/2683/2683 2684/2684/2684
v 0.357193 7.826574 -3.468304
v -0.666250 7.332574 -1.613381
v 3.281412 7.179426 -0.725959
vt -3.111111 7.826574
vt -2.279632 7.332574
vt 2.555453 7.179426
vn -0.018159 0.968606 0.247938
vn -0.018159 0.968606 0.247938
vn -0.018159 0.968606 0.247938
f 2685/2685/2685 2686/2686/2686 2687/2687/2687
v 2.213736 7.673426 -2.645056
v 0.357193 7.826574 -3.468304
v 3.281412 7.179426 -0.725959
vt -0.431320 7.673426
vt -3.111111 7.826574
vt 2.555453 7.179426
vn -0.040423 0.961979 0.270115
vn -0.040423 0.961979 0.270115
vn -0.040423 0.961979 0.270115
f 2688/2688/2688 2689/2689/2689 2690/2690/2690
v -1.056866 7.762842 -5.188798
v -3.955437 7.268842 -4.484639
v -0.666250 7.332574 -1.613381
vt -6.245664 7.762842
vt -8.440075 7.268842
vt -2.279632 7.332574
vn -0.135052 0.981883 0.132915
vn -0.135052 0.981883 0.132915
vn -0.135052 0.981883 0.132915
f 2691/2691/2691 2692/2692/2692 2693/2693/2693
v 0.357193 7.826574 -3.468304
v -1.056866 7.762842 -5.188798
v -0.666250 7.332574 -1.613381
vt -3.111111 7.826574
vt -6.245664 7.762842
vt -2.279632 7.332574
vn -0.213535 0.966897 0.139686
vn -0.213535 0.966897 0.139686
vn -0.213535 0.966897 0.139686
f 2694/2694/2694 2695/2695/2695 2696/2696/2696
v 0.665454 7.662738 -6.798698
v -1.556228 7.168738 -7.657788
v -3.955437 7.268842 -4.484639
vt -6.133244 7.662738
vt -9.214016 7.168738
vt -8.440075 7.268842
vn -0.158670 0.975755 -0.150752
vn -0.158670 0.975755 -0.150752
vn -0.158670 0.975755 -0.150752
f 2697/2697/2697 2698/2698/2698 2699/2699/2699
v -1.056866 7.762842 -5.188798
v 0.665454 7.662738 -6.798698
v -3.955437 7.268842 -4.484639
vt -6.245664 7.762842
vt -6.133244 7.662738
vt -8.440075 7.268842
vn -0.231564 0.923715 -0.305171
vn -0.231564 0.923715 -0.305171
vn -0.231564 0.923715 -0.305171
f 2700/2700/2700 2701/2701/2701 2702/2702/2702
v 2.783845 7.809786 -7.354944
v 1.725191 7.315786 -9.274041
v -1.556228 7.168738 -7.657788
vt -4.571099 7.809786
vt -7.548850 7.315786
vt -9.214016 7.168738
vn -0.131579 0.975117 -0.178423
vn -0.131579 0.975117 -0.178423
vn -0.131579 0.975117 -0.178423
f 2703/2703/2703 2704/2704/2704 2705/2705/2705
v 0.665454 7.662738 -6.798698
v 2.783845 7.809786 -7.354944
v -1.556228 7.168738 -7.657788
vt -6.133244 7.662738
vt -4.571099 7.809786
vt -9.214016 7.168738
vn -0.126740 0.965511 -0.227433
vn -0.126740 0.965511 -0.227433
vn -0.126740 0.965511 -0.227433
f 2706/2706/2706 2707/2707/2707 2708/2708/2708
v 4.667797 7.787503 -6.531696
v 5.703176 7.293503 -8.386619
v 1.725191 7.315786 -9.274041
vt -1.863900 7.787503
vt -2.683443 7.293503
vt -7.548850 7.315786
vn 0.056204 0.972148 -0.227529
vn 0.056204 0.972148 -0.227529
vn 0.056204 0.972148 -0.227529
f 2709/2709/2709 2710/2710/2710 2711/2711/2711
v 2.783845 7.809786 -7.354944
v 4.667797 7.787503 -6.531696
v 1.725191 7.315786 -9.274041
vt -4.571099 7.809786
vt -1.863900 7.787503
vt -7.548850 7.315786
vn 0.152889 0.933409 -0.324611
vn 0.152889 0.933409 -0.324611
vn 0.152889 0.933409 -0.324611
f 2712/2712/2712 2713/2713/2713 2714/2714/2714
v 6.081797 7.837262 -4.811202
v 9.000684 7.343262 -5.515361
v 5.703176 7.293503 -8.386619
vt 1.270595 7.837262
vt 3.485323 7.343262
vt -2.683443 7.293503
vn 0.126488 0.978613 -0.162225
vn 0.126488 0.978613 -0.162225
vn 0.126488 0.978613 -0.162225
f 2715/2715/2715 2716/2716/2716 2717/2717/2717
v 4.667797 7.787503 -6.531696
v 6.081797 7.837262 -4.811202
v 5.703176 7.293503 -8.386619
vt -1.863900 7.787503
vt 1.270595 7.837262
vt -2.683443 7.293503
vn 0.167194 0.971931 -0.165519
vn 0.167194 0.971931 -0.165519
vn 0.167194 0.971931 -0.165519
f 2718/2718/2718 2719/2719/2719 2720/2720/2720
v 7.471930 5.062738 5.000000
v 7.022773 5.209786 7.969848
v 2.500000 5.187503 9.200000
v -2.031587 5.059001 7.969848
v -2.447020 5.188235 5.000000
v -2.036839 5.209176 2.030152
v 2.500000 5.062513 0.800000
v 7.038491 5.163639 2.030152
vt 12.471930 5.062738
vt 14.992621 5.209786
vt 11.700000 5.187503
vt 5.938261 5.059001
vt 2.552980 5.188235
vt -0.006687 5.209176
vt 3.300000 5.062513
vt 9.068642 5.163639
vn 0.019153 -0.998446 0.052333
vn 0.019153 -0.998446 0.052333
vn 0.019153 -0.998446 0.052333
vn 0.019153 -0.998446 0.052333
vn 0.019153 -0.998446 0.052333
vn 0.019153 -0.998446 0.052333
vn 0.019153 -0.998446 0.052333
vn 0.019153 -0.998446 0.052333
f 2721/2721/2721 2722/2722/2722 2723/2723/2723
f 2721/2721/2721 2723/2723/2723 2724/2724/2724
f 2721/2721/2721 2724/2724/2724 2725/2725/2725
f 2721/2721/2721 2725/2725/2725 2726/2726/2726
f 2721/2721/2721 2726/2726/2726 2727/2727/2727
f 2721/2721/2721 2727/2727/2727 2728/2728/2728
v 5.248751 7.763639 3.468304
v 2.722159 7.662513 2.645056
v 0.160130 7.809176 3.201302
v -0.273799 7.788235 4.811202
v -0.244569 7.659001 6.531696
v 2.277174 7.787503 7.354944
v 4.832615 7.809786 6.798698
v 5.287766 7.662738 5.188798
vt 8.717054 7.763639
vt 5.367215 7.662513
vt 3.361433 7.809176
vt 4.537402 7.788235
vt 6.287127 7.659001
vt 9.632118 7.787503
vt 11.631313 7.809786
vt 10.476565 7.662738
vn 0.018059 0.984168 -0.176316
vn 0.018059 0.984168 -0.176316
vn 0.018059 0.984168 -0.176316
vn 0.018059 0.984168 -0.176316
vn 0.018059 0.984168 -0.176316
vn 0.018059 0.984168 -0.176316
vn 0.018059 0.984168 -0.176316
vn 0.018059 0.984168 -0.176316
f 2729/2729/2729 2730/2730/2730 2731/2731/2731
f 2729/2729/2729 2731/2731/2731 2732/2732/2732
f 2729/2729/2729 2732/2732/2732 2733/2733/2733
f 2729/2729/2729 2733/2733/2733 2734/2734/2734
f 2729/2729/2729 2734/2734/2734 2735/2735/2735
f 2729/2729/2729 2735/2735/2735 2736/2736/2736
v 7.180556 6.197786 9.256333
v 7.022773 5.209786 7.969848
v 7.471930 5.062738 5.000000
vt 16.436889 6.197786
vt 14.992621 5.209786
vt 12.471930 5.062738
vn 0.922823 -0.351786 0.156985
vn 0.922823 -0.351786 0.156985
vn 0.922823 -0.351786 0.156985
f 2737/2737/2737 2738/2738/2738 2739/2739/2739
v 8.635532 6.050738 5.836421
v 7.180556 6.197786 9.256333
v 7.471930 5.062738 5.000000
vt 14.471952 6.050738
vt 16.436889 6.197786
vt 12.471930 5.062738
vn 0.513576 -0.819668 0.253741
vn 0.513576 -0.819668 0.253741
vn 0.513576 -0.819668 0.253741
f 2740/2740/2740 2741/2741/2741 2742/2742/2742
v 1.512830 6.175503 10.182943
v 2.500000 5.187503 9.200000
v 7.022773 5.209786 7.969848
vt 11.695773 6.175503
vt 11.700000 5.187503
vt 14.992621 5.209786
vn 0.218260 -0.569997 0.792128
vn 0.218260 -0.569997 0.792128
vn 0.218260 -0.569997 0.792128
f 2743/2743/2743 2744/2744/2744 2745/2745/2745
v 7.180556 6.197786 9.256333
v 1.512830 6.175503 10.182943
v 7.022773 5.209786 7.969848
vt 16.436889 6.197786
vt 11.695773 6.175503
vt 14.992621 5.209786
vn 0.100919 -0.794993 0.598165
vn 0.100919 -0.794993 0.598165
vn 0.100919 -0.794993 0.598165
f 2746/2746/2746 2747/2747/2747 2748/2748/2748
v -3.994589 6.047001 8.073456
v -2.031587 5.059001 7.969848
v 2.500000 5.187503 9.200000
vt 4.078867 6.047001
vt 5.938261 5.059001
vt 11.700000 5.187503
vn -0.212062 -0.508828 0.834340
vn -0.212062 -0.508828 0.834340
vn -0.212062 -0.508828 0.834340
f 2749/2749/2749 2750/2750/2750 2751/2751/2751
v 1.512830 6.175503 10.182943
v -3.994589 6.047001 8.073456
v 2.500000 5.187503 9.200000
vt 11.695773 6.175503
vt 4.078867 6.047001
vt 11.700000 5.187503
vn -0.205210 -0.785670 0.583619
vn -0.205210 -0.785670 0.583619
vn -0.205210 -0.785670 0.583619
f 2752/2752/2752 2753/2753/2753 2754/2754/2754
v -3.604792 6.176235 4.163579
v -2.447020 5.188235 5.000000
v -2.031587 5.059001 7.969848
vt 0.558788 6.176235
vt 2.552980 5.188235
vt 5.938261 5.059001
vn -0.673481 -0.736587 0.062156
vn -0.673481 -0.736587 0.062156
vn -0.673481 -0.736587 0.062156
f 2755/2755/2755 2756/2756/2756 2757/2757/2757
v -3.994589 6.047001 8.073456
v -3.604792 6.176235 4.163579
v -2.031587 5.059001 7.969848
vt 4.078867 6.047001
vt 0.558788 6.176235
vt 5.938261 5.059001
vn -0.451462 -0.889183 -0.074399
vn -0.451462 -0.889183 -0.074399
vn -0.451462 -0.889183 -0.074399
f 2758/2758/2758 2759/2759/2759 2760/2760/2760
v -2.195113 6.197176 0.743667
v -2.036839 5.209176 2.030152
v -2.447020 5.188235 5.000000
vt -1.451446 6.197176
vt -0.006687 5.209176
vt 2.552980 5.188235
vn -0.937603 -0.321774 -0.131766
vn -0.937603 -0.321774 -0.131766
vn -0.937603 -0.321774 -0.131766
f 2761/2761/2761 2762/2762/2762 2763/2763/2763
v -3.604792 6.176235 4.163579
v -2.195113 6.197176 0.743667
v -2.447020 5.188235 5.000000
vt 0.558788 6.176235
vt -1.451446 6.197176
vt 2.552980 5.188235
vn -0.533405 -0.815424 -0.224861
vn -0.533405 -0.815424 -0.224861
vn -0.533405 -0.815424 -0.224861
f 2764/2764/2764 2765/2765/2765 2766/2766/2766
v 3.484215 6.050513 -0.182943
v 2.500000 5.062513 0.800000
v -2.036839 5.209176 2.030152
vt 3.301272 6.050513
vt 3.300000 5.062513
vt -0.006687 5.209176
vn -0.233818 -0.558720 -0.795714
vn -0.233818 -0.558720 -0.795714
vn -0.233818 -0.558720 -0.795714
f 2767/2767/2767 2768/2768/2768 2769/2769/2769
v -2.195113 6.197176 0.743667
v 3.484215 6.050513 -0.182943
v -2.036839 5.209176 2.030152
vt -1.451446 6.197176
vt 3.301272 6.050513
vt -0.006687 5.209176
vn -0.117710 -0.794531 -0.595706
vn -0.117710 -0.794531 -0.595706
vn -0.117710 -0.794531 -0.595706
f 2770/2770/2770 2771/2771/2771 2772/2772/2772
v 9.004483 6.151639 1.926544
v 7.038491 5.163639 2.030152
v 2.500000 5.062513 0.800000
vt 10.931027 6.151639
vt 9.068642 5.163639
vt 3.300000 5.062513
vn 0.230802 -0.543872 -0.806805
vn 0.230802 -0.543872 -0.806805
vn 0.230802 -0.543872 -0.806805
f 2773/2773/2773 2774/2774/2774 2775/2775/2775
v 3.484215 6.050513 -0.182943
v 9.004483 6.151639 1.926544
v 2.500000 5.062513 0.800000
vt 3.301272 6.050513
vt 10.931027 6.151639
vt 3.300000 5.062513
vn 0.230524 -0.792031 -0.565284
vn 0.230524 -0.792031 -0.565284
vn 0.230524 -0.792031 -0.565284
f 2776/2776/2776 2777/2777/2777 2778/2778/2778
v 8.635532 6.050738 5.836421
v 7.471930 5.062738 5.000000
v 7.038491 5.163639 2.030152
vt 14.471952 6.050738
vt 12.471930 5.062738
vt 9.068642 5.163639
vn 0.692926 -0.710045 -0.125254
vn 0.692926 -0.710045 -0.125254
vn 0.692926 -0.710045 -0.125254
f 2779/2779/2779 2780/2780/2780 2781/2781/2781
v 9.004483 6.151639 1.926544
v 8.635532 6.050738 5.836421
v 7.038491 5.163639 2.030152
vt 10.931027 6.151639
vt 14.471952 6.050738
vt 9.068642 5.163639
vn 0.449764 -0.892937 0.019398
vn 0.449764 -0.892937 0.019398
vn 0.449764 -0.892937 0.019398
f 2782/2782/2782 2783/2783/2783 2784/2784/2784
v 7.657471 7.315786 7.657788
v 7.180556 6.197786 9.256333
v 8.635532 6.050738 5.836421
vt 15.315259 7.315786
vt 16.436889 6.197786
vt 14.471952 6.050738
vn 0.911314 0.156021 0.381003
vn 0.911314 0.156021 0.381003
vn 0.911314 0.156021 0.381003
f 2785/2785/2785 2786/2786/2786 2787/2787/2787
v 7.559580 7.168738 4.484639
v 7.657471 7.315786 7.657788
v 8.635532 6.050738 5.836421
vt 12.044219 7.168738
vt 15.315259 7.315786
vt 14.471952 6.050738
vn 0.751118 0.657983 -0.053664
vn 0.751118 0.657983 -0.053664
vn 0.751118 0.657983 -0.053664
f 2788/2788/2788 2789/2789/2789 2790/2790/2790
v 3.108246 7.293503 9.274041
v 1.512830 6.175503 10.182943
v 7.180556 6.197786 9.256333
vt 12.382287 7.293503
vt 11.695773 6.175503
vt 16.436889 6.197786
vn 0.137931 0.498803 0.855670
vn 0.137931 0.498803 0.855670
vn 0.137931 0.498803 0.855670
f 2791/2791/2791 2792/2792/2792 2793/2793/2793
v 7.657471 7.315786 7.657788
v 3.108246 7.293503 9.274041
v 7.180556 6.197786 9.256333
vt 15.315259 7.315786
vt 12.382287 7.293503
vt 16.436889 6.197786
vn 0.209977 0.770672 0.601643
vn 0.209977 0.770672 0.601643
vn 0.209977 0.770672 0.601643
f 2794/2794/2794 2795/2795/2795 2796/2796/2796
v -1.555426 7.165001 8.386619
v -3.994589 6.047001 8.073456
v 1.512830 6.175503 10.182943
vt 6.831193 7.165001
vt 4.078867 6.047001
vt 11.695773 6.175503
vn -0.323893 0.477933 0.816501
vn -0.323893 0.477933 0.816501
vn -0.323893 0.477933 0.816501
f 2797/2797/2797 2798/2798/2798 2799/2799/2799
v 3.108246 7.293503 9.274041
v -1.555426 7.165001 8.386619
v 1.512830 6.175503 10.182943
vt 12.382287 7.293503
vt 6.831193 7.165001
vt 11.695773 6.175503
vn -0.145242 0.740612 0.656047
vn -0.145242 0.740612 0.656047
vn -0.145242 0.740612 0.656047
f 2800/2800/2800 2801/2801/2801 2802/2802/2802
v -2.534231 7.294235 5.515361
v -3.604792 6.176235 4.163579
v -3.994589 6.047001 8.073456
vt 2.981130 7.294235
vt 0.558788 6.176235
vt 4.078867 6.047001
vn -0.693544 0.718983 -0.045378
vn -0.693544 0.718983 -0.045378
vn -0.693544 0.718983 -0.045378
f 2803/2803/2803 2804/2804/2804 2805/2805/2805
v -1.555426 7.165001 8.386619
v -2.534231 7.294235 5.515361
v -3.994589 6.047001 8.073456
vt 6.831193 7.165001
vt 2.981130 7.294235
vt 4.078867 6.047001
vn -0.429035 0.883922 0.186042
vn -0.429035 0.883922 0.186042
vn -0.429035 0.883922 0.186042
f 2806/2806/2806 2807/2807/2807 2808/2808/2808
v -2.673511 7.315176 2.342212
v -2.195113 6.197176 0.743667
v -3.604792 6.176235 4.163579
vt -0.331299 7.315176
vt -1.451446 6.197176
vt 0.558788 6.176235
vn -0.914886 0.146440 -0.376217
vn -0.914886 0.146440 -0.376217
vn -0.914886 0.146440 -0.376217
f 2809/2809/2809 2810/2810/2810 2811/2811/2811
v -2.534231 7.294235 5.515361
v -2.673511 7.315176 2.342212
v -3.604792 6.176235 4.163579
vt 2.981130 7.294235
vt -0.331299 7.315176
vt 0.558788 6.176235
vn -0.743768 0.667410 0.037051
vn -0.743768 0.667410 0.037051
vn -0.743768 0.667410 0.037051
f 2812/2812/2812 2813/2813/2813 2814/2814/2814
v 1.893575 7.168513 0.725959
v 3.484215 6.050513 -0.182943
v -2.195113 6.197176 0.743667
vt 2.619534 7.168513
vt 3.301272 6.050513
vt -1.451446 6.197176
vn -0.125387 0.512306 -0.849600
vn -0.125387 0.512306 -0.849600
vn -0.125387 0.512306 -0.849600
f 2815/2815/2815 2816/2816/2816 2817/2817/2817
v -2.673511 7.315176 2.342212
v 1.893575 7.168513 0.725959
v -2.195113 6.197176 0.743667
vt -0.331299 7.315176
vt 2.619534 7.168513
vt -1.451446 6.197176
vn -0.187364 0.777740 -0.600013
vn -0.187364 0.777740 -0.600013
vn -0.187364 0.777740 -0.600013
f 2818/2818/2818 2819/2819/2819 2820/2820/2820
v 6.561604 7.269639 1.613381
v 9.004483 6.151639 1.926544
v 3.484215 6.050513 -0.182943
vt 8.174985 7.269639
vt 10.931027 6.151639
vt 3.301272 6.050513
vn 0.312117 0.447199 -0.838210
vn 0.312117 0.447199 -0.838210
vn 0.312117 0.447199 -0.838210
f 2821/2821/2821 2822/2822/2822 2823/2823/2823
v 1.893575 7.168513 0.725959
v 6.561604 7.269639 1.613381
v 3.484215 6.050513 -0.182943
vt 2.619534 7.168513
vt 8.174985 7.269639
vt 3.301272 6.050513
vn 0.114585 0.719711 -0.684753
vn 0.114585 0.719711 -0.684753
vn 0.114585 0.719711 -0.684753
f 2824/2824/2824 2825/2825/2825 2826/2826/2826
v 7.559580 7.168738 4.484639
v 8.635532 6.050738 5.836421
v 9.004483 6.151639 1.926544
vt 12.044219 7.168738
vt 14.471952 6.050738
vt 10.931027 6.151639
vn 0.666695 0.740803 0.082030
vn 0.666695 0.740803 0.082030
vn 0.666695 0.740803 0.082030
f 2827/2827/2827 2828/2828/2828 2829/2829/2829
v 6.561604 7.269639 1.613381
v 7.559580 7.168738 4.484639
v 9.004483 6.151639 1.926544
vt 8.174985 7.269639
vt 12.044219 7.168738
vt 10.931027 6.151639
vn 0.425616 0.897386 -0.116398
vn 0.425616 0.897386 -0.116398
vn 0.425616 0.897386 -0.116398
f 2830/2830/2830 2831/2831/2831 2832/2832/2832
v 4.832615 7.809786 6.798698
v 7.657471 7.315786 7.657788
v 7.559580 7.168738 4.484639
vt 11.631313 7.809786
vt 15.315259 7.315786
vt 12.044219 7.168738
vn 0.187134 0.980997 -0.051234
vn 0.187134 0.980997 -0.051234
vn 0.187134 0.980997 -0.051234
f 2833/2833/2833 2834/2834/2834 2835/2835/2835
v 5.287766 7.662738 5.188798
v 4.832615 7.809786 6.798698
v 7.559580 7.168738 4.484639
vt 10.476565 7.662738
vt 11.631313 7.809786
vt 12.044219 7.168738
vn 0.202882 0.978679 -0.032033
vn 0.202882 0.978679 -0.032033
vn 0.202882 0.978679 -0.032033
f 2836/2836/2836 2837/2837/2837 2838/2838/2838
v 2.277174 7.787503 7.354944
v 3.108246 7.293503 9.274041
v 7.657471 7.315786 7.657788
vt 9.632118 7.787503
vt 12.382287 7.293503
vt 15.315259 7.315786
vn 0.072991 0.973023 0.218860
vn 0.072991 0.973023 0.218860
vn 0.072991 0.973023 0.218860
f 2839/2839/2839 2840/2840/2840 2841/2841/2841
v 4.832615 7.809786 6.798698
v 2.277174 7.787503 7.354944
v 7.657471 7.315786 7.657788
vt 11.631313 7.809786
vt 9.632118 7.787503
vt 15.315259 7.315786
vn 0.063891 0.941383 0.331233
vn 0.063891 0.941383 0.331233
vn 0.063891 0.941383 0.331233
f 2842/2842/2842 2843/2843/2843 2844/2844/2844
v -0.244569 7.659001 6.531696
v -1.555426 7.165001 8.386619
v 3.108246 7.293503 9.274041
vt 6.287127 7.659001
vt 6.831193 7.165001
vt 12.382287 7.293503
vn -0.067228 0.974926 0.212131
vn -0.067228 0.974926 0.212131
vn -0.067228 0.974926 0.212131
f 2845/2845/2845 2846/2846/2846 2847/2847/2847
v 2.277174 7.787503 7.354944
v -0.244569 7.659001 6.531696
v 3.108246 7.293503 9.274041
vt 9.632118 7.787503
vt 6.287127 7.659001
vt 12.382287 7.293503
vn -0.147856 0.940444 0.306112
vn -0.147856 0.940444 0.306112
vn -0.147856 0.940444 0.306112
f 2848/2848/2848 2849/2849/2849 2850/2850/2850
v -0.273799 7.788235 4.811202
v -2.534231 7.294235 5.515361
v -1.555426 7.165001 8.386619
vt 4.537402 7.788235
vt 2.981130 7.294235
vt 6.831193 7.165001
vn -0.180788 0.977832 0.105642
vn -0.180788 0.977832 0.105642
vn -0.180788 0.977832 0.105642
f 2851/2851/2851 2852/2852/2852 2853/2853/2853
v -0.244569 7.659001 6.531696
v -0.273799 7.788235 4.811202
v -1.555426 7.165001 8.386619
vt 6.287127 7.659001
vt 4.537402 7.788235
vt 6.831193 7.165001
vn -0.254692 0.963973 0.076735
vn -0.254692 0.963973 0.076735
vn -0.254692 0.963973 0.076735
f 2854/2854/2854 2855/2855/2855 2856/2856/2856
v 0.160130 7.809176 3.201302
v -2.673511 7.315176 2.342212
v -2.534231 7.294235 5.515361
vt 3.361433 7.809176
vt -0.331299 7.315176
vt 2.981130 7.294235
vn -0.175908 0.984304 0.014217
vn -0.175908 0.984304 0.014217
vn -0.175908 0.984304 0.014217
f 2857/2857/2857 2858/2858/2858 2859/2859/2859
v -0.273799 7.788235 4.811202
v 0.160130 7.809176 3.201302
v -2.534231 7.294235 5.515361
vt 4.537402 7.788235
vt 3.361433 7.809176
vt 2.981130 7.294235
vn -0.227714 0.972508 -0.048727
vn -0.227714 0.972508 -0.048727
vn -0.227714 0.972508 -0.048727
f 2860/2860/2860 2861/2861/2861 2862/2862/2862
v 2.722159 7.662513 2.645056
v 1.893575 7.168513 0.725959
v -2.673511 7.315176 2.342212
vt 5.367215 7.662513
vt 2.619534 7.168513
vt -0.331299 7.315176
vn -0.049743 0.972206 -0.228781
vn -0.049743 0.972206 -0.228781
vn -0.049743 0.972206 -0.228781
f 2863/2863/2863 2864/2864/2864 2865/2865/2865
v 0.160130 7.809176 3.201302
v 2.722159 7.662513 2.645056
v -2.673511 7.315176 2.342212
vt 3.361433 7.809176
vt 5.367215 7.662513
vt -0.331299 7.315176
vn -0.035964 0.912999 -0.406374
vn -0.035964 0.912999 -0.406374
vn -0.035964 0.912999 -0.406374
f 2866/2866/2866 2867/2867/2867 2868/2868/2868
v 5.248751 7.763639 3.468304
v 6.561604 7.269639 1.613381
v 1.893575 7.168513 0.725959
vt 8.717054 7.763639
vt 8.174985 7.269639
vt 2.619534 7.168513
vn 0.024771 0.970243 -0.240862
vn 0.024771 0.970243 -0.240862
vn 0.024771 0.970243 -0.240862
f 2869/2869/2869 2870/2870/2870 2871/2871/2871
v 2.722159 7.662513 2.645056
v 5.248751 7.763639 3.468304
v 1.893575 7.168513 0.725959
vt 5.367215 7.662513
vt 8.717054 7.763639
vt 2.619534 7.168513
vn 0.049086 0.961942 -0.268809
vn 0.049086 0.961942 -0.268809
vn 0.049086 0.961942 -0.268809
f 2872/2872/2872 2873/2873/2873 2874/2874/2874
v 5.287766 7.662738 5.188798
v 7.559580 7.168738 4.484639
v 6.561604 7.269639 1.613381
vt 10.476565 7.662738
vt 12.044219 7.168738
vt 8.174985 7.269639
vn 0.201759 0.978783 -0.035730
vn 0.201759 0.978783 -0.035730
vn 0.201759 0.978783 -0.035730
f 2875/2875/2875 2876/2876/2876 2877/2877/2877
v 5.248751 7.763639 3.468304
v 5.287766 7.662738 5.188798
v 6.561604 7.269639 1.613381
vt 8.717054 7.763639
vt 10.476565 7.662738
vt 8.174985 7.269639
vn 0.406076 0.912764 0.044322
vn 0.406076 0.912764 0.044322
vn 0.406076 0.912764 0.044322
f 2878/2878/2878 2879/2879/2879 2880/2880/2880
v 8.660173 5.209176 15.000000
v 6.160634 5.062513 17.969848
v 2.500000 5.163639 19.200000
v -1.130108 5.226136 17.969848
v -3.746439 5.072994 15.000000
v -1.102253 5.137956 12.030152
v 2.500000 5.237030 10.800000
v 6.077262 5.089609 12.030152
vt 23.660173 5.209176
vt 24.130482 5.062513
vt 21.700000 5.163639
vt 16.839741 5.226136
vt 11.253561 5.072994
vt 10.927899 5.137956
vt 13.300000 5.237030
vt 18.107413 5.089609
vn -0.061231 -0.993043 -0.100575
vn -0.061231 -0.993043 -0.100575
vn -0.061231 -0.993043 -0.100575
vn -0.061231 -0.993043 -0.100575
vn -0.061231 -0.993043 -0.100575
vn -0.061231 -0.993043 -0.100575
vn -0.061231 -0.993043 -0.100575
vn -0.061231 -0.993043 -0.100575
f 2881/2881/2881 2882/2882/2882 2883/2883/2883
f 2881/2881/2881 2883/2883/2883 2884/2884/2884
f 2881/2881/2881 2884/2884/2884 2885/2885/2885
f 2881/2881/2881 2885/2885/2885 2886/2886/2886
f 2881/2881/2881 2886/2886/2886 2887/2887/2887
f 2881/2881/2881 2887/2887/2887 2888/2888/2888
v 4.666579 7.689609 13.468304
v 2.782471 7.837030 12.645056
v 0.642142 7.737956 13.201302
v -1.002384 7.672994 14.811202
v 0.301414 7.826136 16.531696
v 2.221067 7.763639 17.354944
v 4.387968 7.662513 16.798698
v 5.954015 7.809176 15.188798
vt 18.134883 7.689609
vt 15.427527 7.837030
vt 13.843444 7.737956
vt 13.808817 7.672994
vt 16.833111 7.826136
vt 19.576011 7.763639
vt 21.186666 7.662513
vt 21.142813 7.809176
vn 0.000154 0.984403 0.175927
vn 0.000154 0.984403 0.175927
vn 0.000154 0.984403 0.175927
vn 0.000154 0.984403 0.175927
vn 0.000154 0.984403 0.175927
vn 0.000154 0.984403 0.175927
vn 0.000154 0.984403 0.175927
vn 0.000154 0.984403 0.175927
f 2889/2889/2889 2890/2890/2890 2891/2891/2891
f 2889/2889/2889 2891/2891/2891 2892/2892/2892
f 2889/2889/2889 2892/2892/2892 2893/2893/2893
f 2889/2889/2889 2893/2893/2893 2894/2894/2894
f 2889/2889/2889 2894/2894/2894 2895/2895/2895
f 2889/2889/2889 2895/2895/2895 2896/2896/2896
v 6.288340 6.050513 19.256333
v 6.160634 5.062513 17.969848
v 8.660173 5.209176 15.000000
vt 25.544673 6.050513
vt 24.130482 5.062513
vt 23.660173 5.209176
vn 0.583111 -0.671242 0.457620
vn 0.583111 -0.671242 0.457620
vn 0.583111 -0.671242 0.457620
f 2897/2897/2897 2898/2898/2898 2899/2899/2899
v 10.101863 6.197176 15.836421
v 6.288340 6.050513 19.256333
v 8.660173 5.209176 15.000000
vt 25.938284 6.197176
vt 25.544673 6.050513
vt 23.660173 5.209176
vn 0.367374 -0.851949 0.373121
vn 0.367374 -0.851949 0.373121
vn 0.367374 -0.851949 0.373121
f 2900/2900/2900 2901/2901/2901 2902/2902/2902
v 1.264264 6.151639 20.182943
v 2.500000 5.163639 19.200000
v 6.160634 5.062513 17.969848
vt 21.447207 6.151639
vt 21.700000 5.163639
vt 24.130482 5.062513
vn 0.264842 -0.493156 0.828647
vn 0.264842 -0.493156 0.828647
vn 0.264842 -0.493156 0.828647
f 2903/2903/2903 2904/2904/2904 2905/2905/2905
v 6.288340 6.050513 19.256333
v 1.264264 6.151639 20.182943
v 6.160634 5.062513 17.969848
vt 25.544673 6.050513
vt 21.447207 6.151639
vt 24.130482 5.062513
vn 0.094754 -0.794055 0.600416
vn 0.094754 -0.794055 0.600416
vn 0.094754 -0.794055 0.600416
f 2906/2906/2906 2907/2907/2907 2908/2908/2908
v -2.702604 6.214136 18.073456
v -1.130108 5.226136 17.969848
v 2.500000 5.163639 19.200000
vt 15.370851 6.214136
vt 16.839741 5.226136
vt 21.700000 5.163639
vn -0.280319 -0.530076 0.800275
vn -0.280319 -0.530076 0.800275
vn -0.280319 -0.530076 0.800275
f 2909/2909/2909 2910/2910/2910 2911/2911/2911
v 1.264264 6.151639 20.182943
v -2.702604 6.214136 18.073456
v 2.500000 5.163639 19.200000
vt 21.447207 6.151639
vt 15.370851 6.214136
vt 21.700000 5.163639
vn -0.273170 -0.828316 0.489153
vn -0.273170 -0.828316 0.489153
vn -0.273170 -0.828316 0.489153
f 2912/2912/2912 2913/2913/2913 2914/2914/2914
v -5.208318 6.060994 14.163579
v -3.746439 5.072994 15.000000
v -1.130108 5.226136 17.969848
vt 8.955261 6.060994
vt 11.253561 5.072994
vt 16.839741 5.226136
vn -0.654323 -0.460077 0.600159
vn -0.654323 -0.460077 0.600159
vn -0.654323 -0.460077 0.600159
f 2915/2915/2915 2916/2916/2916 2917/2917/2917
v -2.702604 6.214136 18.073456
v -5.208318 6.060994 14.163579
v -1.130108 5.226136 17.969848
vt 15.370851 6.214136
vt 8.955261 6.060994
vt 16.839741 5.226136
vn -0.483767 -0.805782 0.341591
vn -0.483767 -0.805782 0.341591
vn -0.483767 -0.805782 0.341591
f 2918/2918/2918 2919/2919/2919 2920/2920/2920
v -1.227922 6.125956 10.743667
v -1.102253 5.137956 12.030152
v -3.746439 5.072994 15.000000
vt 9.515745 6.125956
vt 10.927899 5.137956
vt 11.253561 5.072994
vn -0.527139 -0.698057 -0.484604
vn -0.527139 -0.698057 -0.484604
vn -0.527139 -0.698057 -0.484604
f 2921/2921/2921 2922/2922/2922 2923/2923/2923
v -5.208318 6.060994 14.163579
v -1.227922 6.125956 10.743667
v -3.746439 5.072994 15.000000
vt 8.955261 6.060994
vt 9.515745 6.125956
vt 11.253561 5.072994
vn -0.338179 -0.847222 -0.409696
vn -0.338179 -0.847222 -0.409696
vn -0.338179 -0.847222 -0.409696
f 2924/2924/2924 2925/2925/2925 2926/2926/2926
v 3.751412 6.225030 9.817057
v 2.500000 5.237030 10.800000
v -1.102253 5.137956 12.030152
vt 13.568469 6.225030
vt 13.300000 5.237030
vt 10.927899 5.137956
vn -0.270719 -0.484624 -0.831776
vn -0.270719 -0.484624 -0.831776
vn -0.270719 -0.484624 -0.831776
f 2927/2927/2927 2928/2928/2928 2929/2929/2929
v -1.227922 6.125956 10.743667
v 3.751412 6.225030 9.817057
v -1.102253 5.137956 12.030152
vt 9.515745 6.125956
vt 13.568469 6.225030
vt 10.927899 5.137956
vn -0.095926 -0.793949 -0.600370
vn -0.095926 -0.793949 -0.600370
vn -0.095926 -0.793949 -0.600370
f 2930/2930/2930 2931/2931/2931 2932/2932/2932
v 7.626867 6.077609 11.926544
v 6.077262 5.089609 12.030152
v 2.500000 5.237030 10.800000
vt 19.553411 6.077609
vt 18.107413 5.089609
vt 13.300000 5.237030
vn 0.263251 -0.499443 -0.825382
vn 0.263251 -0.499443 -0.825382
vn 0.263251 -0.499443 -0.825382
f 2933/2933/2933 2934/2934/2934 2935/2935/2935
v 3.751412 6.225030 9.817057
v 7.626867 6.077609 11.926544
v 2.500000 5.237030 10.800000
vt 13.568469 6.225030
vt 19.553411 6.077609
vt 13.300000 5.237030
vn 0.247366 -0.822635 -0.511939
vn 0.247366 -0.822635 -0.511939
vn 0.247366 -0.822635 -0.511939
f 2936/2936/2936 2937/2937/2937 2938/2938/2938
v 10.101863 6.197176 15.836421
v 8.660173 5.209176 15.000000
v 6.077262 5.089609 12.030152
vt 25.938284 6.197176
vt 23.660173 5.209176
vt 18.107413 5.089609
vn 0.664449 -0.497294 -0.557858
vn 0.664449 -0.497294 -0.557858
vn 0.664449 -0.497294 -0.557858
f 2939/2939/2939 2940/2940/2940 2941/2941/2941
v 7.626867 6.077609 11.926544
v 10.101863 6.197176 15.836421
v 6.077262 5.089609 12.030152
vt 19.553411 6.077609
vt 25.938284 6.197176
vt 18.107413 5.089609
vn 0.500273 -0.815236 -0.291748
vn 0.500273 -0.815236 -0.291748
vn 0.500273 -0.815236 -0.291748
f 2942/2942/2942 2943/2943/2943 2944/2944/2944
v 6.674345 7.168513 17.657788
v 6.288340 6.050513 19.256333
v 10.101863 6.197176 15.836421
vt 24.332133 7.168513
vt 25.544673 6.050513
vt 25.938284 6.197176
vn 0.491189 0.653637 0.575753
vn 0.491189 0.653637 0.575753
vn 0.491189 0.653637 0.575753
f 2945/2945/2945 2946/2946/2946 2947/2947/2947
v 8.768769 7.315176 14.484639
v 6.674345 7.168513 17.657788
v 10.101863 6.197176 15.836421
vt 23.253408 7.315176
vt 24.332133 7.168513
vt 25.938284 6.197176
vn 0.407616 0.859368 0.308765
vn 0.407616 0.859368 0.308765
vn 0.407616 0.859368 0.308765
f 2948/2948/2948 2949/2949/2949 2950/2950/2950
v 3.261400 7.269639 19.274041
v 1.264264 6.151639 20.182943
v 6.288340 6.050513 19.256333
vt 22.535441 7.269639
vt 21.447207 6.151639
vt 25.544673 6.050513
vn 0.172992 0.416554 0.892500
vn 0.172992 0.416554 0.892500
vn 0.172992 0.416554 0.892500
f 2951/2951/2951 2952/2952/2952 2953/2953/2953
v 6.674345 7.168513 17.657788
v 3.261400 7.269639 19.274041
v 6.288340 6.050513 19.256333
vt 24.332133 7.168513
vt 22.535441 7.269639
vt 25.544673 6.050513
vn 0.303472 0.744853 0.594220
vn 0.303472 0.744853 0.594220
vn 0.303472 0.744853 0.594220
f 2954/2954/2954 2955/2955/2955 2956/2956/2956
v -0.748670 7.332136 18.386619
v -2.702604 6.214136 18.073456
v 1.264264 6.151639 20.182943
vt 17.637949 7.332136
vt 15.370851 6.214136
vt 21.447207 6.151639
vn -0.403608 0.488734 0.773460
vn -0.403608 0.488734 0.773460
vn -0.403608 0.488734 0.773460
f 2957/2957/2957 2958/2958/2958 2959/2959/2959
v 3.261400 7.269639 19.274041
v -0.748670 7.332136 18.386619
v 1.264264 6.151639 20.182943
vt 22.535441 7.269639
vt 17.637949 7.332136
vt 21.447207 6.151639
vn -0.130394 0.755188 0.642408
vn -0.130394 0.755188 0.642408
vn -0.130394 0.755188 0.642408
f 2960/2960/2960 2961/2961/2961 2962/2962/2962
v -3.856556 7.178994 15.515361
v -5.208318 6.060994 14.163579
v -2.702604 6.214136 18.073456
vt 11.658805 7.178994
vt 8.955261 6.060994
vt 15.370851 6.214136
vn -0.791584 0.360802 0.493169
vn -0.791584 0.360802 0.493169
vn -0.791584 0.360802 0.493169
f 2963/2963/2963 2964/2964/2964 2965/2965/2965
v -0.748670 7.332136 18.386619
v -3.856556 7.178994 15.515361
v -2.702604 6.214136 18.073456
vt 17.637949 7.332136
vt 11.658805 7.178994
vt 15.370851 6.214136
vn -0.490361 0.719075 0.492420
vn -0.490361 0.719075 0.492420
vn -0.490361 0.719075 0.492420
f 2966/2966/2966 2967/2967/2967 2968/2968/2968
v -1.607771 7.243956 12.342212
v -1.227922 6.125956 10.743667
v -5.208318 6.060994 14.163579
vt 10.734441 7.243956
vt 9.515745 6.125956
vt 8.955261 6.060994
vn -0.502473 0.647879 -0.572516
vn -0.502473 0.647879 -0.572516
vn -0.502473 0.647879 -0.572516
f 2969/2969/2969 2970/2970/2970 2971/2971/2971
v -3.856556 7.178994 15.515361
v -1.607771 7.243956 12.342212
v -5.208318 6.060994 14.163579
vt 11.658805 7.178994
vt 10.734441 7.243956
vt 8.955261 6.060994
vn -0.426015 0.858876 -0.284330
vn -0.426015 0.858876 -0.284330
vn -0.426015 0.858876 -0.284330
f 2972/2972/2972 2973/2973/2973 2974/2974/2974
v 1.728942 7.343030 10.725959
v 3.751412 6.225030 9.817057
v -1.227922 6.125956 10.743667
vt 12.454900 7.343030
vt 13.568469 6.225030
vt 9.515745 6.125956
vn -0.174661 0.411321 -0.894600
vn -0.174661 0.411321 -0.894600
vn -0.174661 0.411321 -0.894600
f 2975/2975/2975 2976/2976/2976 2977/2977/2977
v -1.607771 7.243956 12.342212
v 1.728942 7.343030 10.725959
v -1.227922 6.125956 10.743667
vt 10.734441 7.243956
vt 12.454900 7.343030
vt 9.515745 6.125956
vn -0.309440 0.743148 -0.593277
vn -0.309440 0.743148 -0.593277
vn -0.309440 0.743148 -0.593277
f 2978/2978/2978 2979/2979/2979 2980/2980/2980
v 5.701377 7.195609 11.613381
v 7.626867 6.077609 11.926544
v 3.751412 6.225030 9.817057
vt 17.314758 7.195609
vt 19.553411 6.077609
vt 13.568469 6.225030
vn 0.423201 0.521286 -0.741055
vn 0.423201 0.521286 -0.741055
vn 0.423201 0.521286 -0.741055
f 2981/2981/2981 2982/2982/2982 2983/2983/2983
v 1.728942 7.343030 10.725959
v 5.701377 7.195609 11.613381
v 3.751412 6.225030 9.817057
vt 12.454900 7.343030
vt 17.314758 7.195609
vt 13.568469 6.225030
vn 0.163138 0.783049 -0.600183
vn 0.163138 0.783049 -0.600183
vn 0.163138 0.783049 -0.600183
f 2984/2984/2984 2985/2985/2985 2986/2986/2986
v 8.768769 7.315176 14.484639
v 10.101863 6.197176 15.836421
v 7.626867 6.077609 11.926544
vt 23.253408 7.315176
vt 25.938284 6.197176
vt 19.553411 6.077609
vn 0.793958 0.326941 -0.512582
vn 0.793958 0.326941 -0.512582
vn 0.793958 0.326941 -0.512582
f 2987/2987/2987 2988/2988/2988 2989/2989/2989
v 5.701377 7.195609 11.613381
v 8.768769 7.315176 14.484639
v 7.626867 6.077609 11.926544
vt 17.314758 7.195609
vt 23.253408 7.315176
vt 19.553411 6.077609
vn 0.485161 0.682433 -0.546721
vn 0.485161 0.682433 -0.546721
vn 0.485161 0.682433 -0.546721
f 2990/2990/2990 2991/2991/2991 2992/2992/2992
v 4.387968 7.662513 16.798698
v 6.674345 7.168513 17.657788
v 8.768769 7.315176 14.484639
vt 21.186666 7.662513
vt 24.332133 7.168513
vt 23.253408 7.315176
vn 0.155503 0.976718 0.147783
vn 0.155503 0.976718 0.147783
vn 0.155503 0.976718 0.147783
f 2993/2993/2993 2994/2994/2994 2995/2995/2995
v 5.954015 7.809176 15.188798
v 4.387968 7.662513 16.798698
v 8.768769 7.315176 14.484639
vt 21.142813 7.809176
vt 21.186666 7.662513
vt 23.253408 7.315176
vn 0.240399 0.917308 0.317418
vn 0.240399 0.917308 0.317418
vn 0.240399 0.917308 0.317418
f 2996/2996/2996 2997/2997/2997 2998/2998/2998
v 2.221067 7.763639 17.354944
v 3.261400 7.269639 19.274041
v 6.674345 7.168513 17.657788
vt 19.576011 7.763639
vt 22.535441 7.269639
vt 24.332133 7.168513
vn 0.117592 0.975240 0.187293
vn 0.117592 0.975240 0.187293
vn 0.117592 0.975240 0.187293
f 2999/2999/2999 3000/3000/3000 3001/3001/3001
v 4.387968 7.662513 16.798698
v 2.221067 7.763639 17.354944
v 6.674345 7.168513 17.657788
vt 21.186666 7.662513
vt 19.576011 7.763639
vt 24.332133 7.168513
vn 0.110807 0.960004 0.257127
vn 0.110807 0.960004 0.257127
vn 0.110807 0.960004 0.257127
f 3002/3002/3002 3003/3003/3003 3004/3004/3004
v 0.301414 7.826136 16.531696
v -0.748670 7.332136 18.386619
v 3.261400 7.269639 19.274041
vt 16.833111 7.826136
vt 17.637949 7.332136
vt 22.535441 7.269639
vn -0.037396 0.970705 0.237346
vn -0.037396 0.970705 0.237346
vn -0.037396 0.970705 0.237346
f 3005/3005/3005 3006/3006/3006 3007/3007/3007
v 2.221067 7.763639 17.354944
v 0.301414 7.826136 16.531696
v 3.261400 7.269639 19.274041
vt 19.576011 7.763639
vt 16.833111 7.826136
vt 22.535441 7.269639
vn -0.096348 0.950070 0.296790
vn -0.096348 0.950070 0.296790
vn -0.096348 0.950070 0.296790
f 3008/3008/3008 3009/3009/3009 3010/3010/3010
v -1.002384 7.672994 14.811202
v -3.856556 7.178994 15.515361
v -0.748670 7.332136 18.386619
vt 13.808817 7.672994
vt 11.658805 7.178994
vt 17.637949 7.332136
vn -0.144634 0.983997 0.104072
vn -0.144634 0.983997 0.104072
vn -0.144634 0.983997 0.104072
f 3011/3011/3011 3012/3012/3012 3013/3013/3013
v 0.301414 7.826136 16.531696
v -1.002384 7.672994 14.811202
v -0.748670 7.332136 18.386619
vt 16.833111 7.826136
vt 13.808817 7.672994
vt 17.637949 7.332136
vn -0.257652 0.959979 0.109802
vn -0.257652 0.959979 0.109802
vn -0.257652 0.959979 0.109802
f 3014/3014/3014 3015/3015/3015 3016/3016/3016
v 0.642142 7.737956 13.201302
v -1.607771 7.243956 12.342212
v -3.856556 7.178994 15.515361
vt 13.843444 7.737956
vt 10.734441 7.243956
vt 11.658805 7.178994
vn -0.175199 0.979012 -0.104120
vn -0.175199 0.979012 -0.104120
vn -0.175199 0.979012 -0.104120
f 3017/3017/3017 3018/3018/3018 3019/3019/3019
v -1.002384 7.672994 14.811202
v 0.642142 7.737956 13.201302
v -3.856556 7.178994 15.515361
vt 13.808817 7.672994
vt 13.843444 7.737956
vt 11.658805 7.178994
vn -0.209772 0.961876 -0.175471
vn -0.209772 0.961876 -0.175471
vn -0.209772 0.961876 -0.175471
f 3020/3020/3020 3021/3021/3021 3022/3022/3022
v 2.782471 7.837030 12.645056
v 1.728942 7.343030 10.725959
v -1.607771 7.243956 12.342212
vt 15.427527 7.837030
vt 12.454900 7.343030
vt 10.734441 7.243956
vn -0.118947 0.975367 -0.185773
vn -0.118947 0.975367 -0.185773
vn -0.118947 0.975367 -0.185773
f 3023/3023/3023 3024/3024/3024 3025/3025/3025
v 0.642142 7.737956 13.201302
v 2.782471 7.837030 12.645056
v -1.607771 7.243956 12.342212
vt 13.843444 7.737956
vt 15.427527 7.837030
vt 10.734441 7.243956
vn -0.111732 0.959380 -0.259048
vn -0.111732 0.959380 -0.259048
vn -0.111732 0.959380 -0.259048
f 3026/3026/3026 3027/3027/3027 3028/3028/3028
v 4.666579 7.689609 13.468304
v 5.701377 7.195609 11.613381
v 1.728942 7.343030 10.725959
vt 18.134883 7.689609
vt 17.314758 7.195609
vt 12.454900 7.343030
vn 0.083628 0.973550 -0.212621
vn 0.083628 0.973550 -0.212621
vn 0.083628 0.973550 -0.212621
f 3029/3029/3029 3030/3030/3030 3031/3031/3031
v 2.782471 7.837030 12.645056
v 4.666579 7.689609 13.468304
v 1.728942 7.343030 10.725959
vt 15.427527 7.837030
vt 18.134883 7.689609
vt 12.454900 7.343030
vn 0.227241 0.905693 -0.357886
vn 0.227241 0.905693 -0.357886
vn 0.227241 0.905693 -0.357886
f 3032/3032/3032 3033/3033/3033 3034/3034/3034
v 5.954015 7.809176 15.188798
v 8.768769 7.315176 14.484639
v 5.701377 7.195609 11.613381
vt 21.142813 7.809176
vt 23.253408 7.315176
vt 17.314758 7.195609
vn 0.127151 0.976057 -0.176483
vn 0.127151 0.976057 -0.176483
vn 0.127151 0.976057 -0.176483
f 3035/3035/3035 3036/3036/3036 3037/3037/3037
v 4.666579 7.689609 13.468304
v 5.954015 7.809176 15.188798
v 5.701377 7.195609 11.613381
vt 18.134883 7.689609
vt 21.142813 7.809176
vt 17.314758 7.195609
vn 0.146644 0.973159 -0.177363
vn 0.146644 0.973159 -0.177363
vn 0.146644 0.973159 -0.177363
f 3038/3038/3038 3039/3039/3039 3040/3040/3040
v 5.920000 0.000000 17.000000
v 5.654055 0.076381 17.565685
v 5.000000 -0.063571 17.800000
v 4.338937 -0.023471 17.565685
v 4.099806 0.083106 17.000000
v 4.332001 -0.045698 16.434315
v 5.000000 -0.045072 16.200000
v 5.674814 0.083211 16.434315
vt 22.920000 0.000000
vt 23.219740 0.076381
vt 22.800000 -0.063571
vt 21.904622 -0.023471
vt 21.099806 0.083106
vt 20.766315 -0.045698
vt 21.200000 -0.045072
vt 22.109129 0.083211
vn 0.290449 -0.920648 0.260858
vn 0.290449 -0.920648 0.260858
vn 0.290449 -0.920648 0.260858
vn 0.290449 -0.920648 0.260858
vn 0.290449 -0.920648 0.260858
vn 0.290449 -0.920648 0.260858
vn 0.290449 -0.920648 0.260858
vn 0.290449 -0.920648 0.260858
f 3041/3041/3041 3042/3042/3042 3043/3043/3043
f 3041/3041/3041 3043/3043/3043 3044/3044/3044
f 3041/3041/3041 3044/3044/3044 3045/3045/3045
f 3041/3041/3041 3045/3045/3045 3046/3046/3046
f 3041/3041/3041 3046/3046/3046 3047/3047/3047
f 3041/3041/3041 3047/3047/3047 3048/3048/3048
v 5.408703 2.483211 16.708248
v 5.040028 2.354928 16.551439
v 4.655480 2.354302 16.657391
v 4.495261 2.483106 16.964038
v 4.599625 2.376529 17.291752
v 4.959091 2.336429 17.448561
v 5.337328 2.476381 17.342609
v 5.515845 2.400000 17.035962
vt 22.116952 2.483211
vt 21.591467 2.354928
vt 21.312871 2.354302
vt 21.459299 2.483106
vt 21.891377 2.376529
vt 22.407652 2.336429
vt 22.679937 2.476381
vt 22.551806 2.400000
vn -0.122588 0.889752 -0.439675
vn -0.122588 0.889752 -0.439675
vn -0.122588 0.889752 -0.439675
vn -0.122588 0.889752 -0.439675
vn -0.122588 0.889752 -0.439675
vn -0.122588 0.889752 -0.439675
vn -0.122588 0.889752 -0.439675
vn -0.122588 0.889752 -0.439675
f 3049/3049/3049 3050/3050/3050 3051/3051/3051
f 3049/3049/3049 3051/3051/3051 3052/3052/3052
f 3049/3049/3049 3052/3052/3052 3053/3053/3053
f 3049/3049/3049 3053/3053/3053 3054/3054/3054
f 3049/3049/3049 3054/3054/3054 3055/3055/3055
f 3049/3049/3049 3055/3055/3055 3056/3056/3056
v 5.676872 0.988381 17.810730
v 5.654055 0.076381 17.565685
v 5.920000 0.000000 17.000000
vt 23.487602 0.988381
vt 23.219740 0.076381
vt 22.920000 0.000000
vn 0.888733 -0.139562 0.436664
vn 0.888733 -0.139562 0.436664
vn 0.888733 -0.139562 0.436664
f 3057/3057/3057 3058/3058/3058 3059/3059/3059
v 6.135311 0.912000 17.159318
v 5.676872 0.988381 17.810730
v 5.920000 0.000000 17.000000
vt 23.294630 0.912000
vt 23.487602 0.988381
vt 22.920000 0.000000
vn 0.768783 -0.281787 0.574081
vn 0.768783 -0.281787 0.574081
vn 0.768783 -0.281787 0.574081
f 3060/3060/3060 3061/3061/3061 3062/3062/3062
v 4.818763 0.848429 17.987227
v 5.000000 -0.063571 17.800000
v 5.654055 0.076381 17.565685
vt 22.805990 0.848429
vt 22.800000 -0.063571
vt 23.219740 0.076381
vn 0.357356 -0.119155 0.926336
vn 0.357356 -0.119155 0.926336
vn 0.357356 -0.119155 0.926336
f 3063/3063/3063 3064/3064/3064 3065/3065/3065
v 5.676872 0.988381 17.810730
v 4.818763 0.848429 17.987227
v 5.654055 0.076381 17.565685
vt 23.487602 0.988381
vt 22.805990 0.848429
vt 23.219740 0.076381
vn 0.234807 -0.257706 0.937258
vn 0.234807 -0.257706 0.937258
vn 0.234807 -0.257706 0.937258
f 3066/3066/3066 3067/3067/3067 3068/3068/3068
v 4.052576 0.888529 17.585420
v 4.338937 -0.023471 17.565685
v 5.000000 -0.063571 17.800000
vt 21.637996 0.888529
vt 21.904622 -0.023471
vt 22.800000 -0.063571
vn -0.338208 -0.126374 0.932547
vn -0.338208 -0.126374 0.932547
vn -0.338208 -0.126374 0.932547
f 3069/3069/3069 3070/3070/3070 3071/3071/3071
v 4.818763 0.848429 17.987227
v 4.052576 0.888529 17.585420
v 5.000000 -0.063571 17.800000
vt 22.805990 0.848429
vt 21.637996 0.888529
vt 22.800000 -0.063571
vn -0.458649 -0.265255 0.848104
vn -0.458649 -0.265255 0.848104
vn -0.458649 -0.265255 0.848104
f 3072/3072/3072 3073/3073/3073 3074/3074/3074
v 3.889130 0.995106 16.840682
v 4.099806 0.083106 17.000000
v 4.338937 -0.023471 17.565685
vt 20.729812 0.995106
vt 21.099806 0.083106
vt 21.904622 -0.023471
vn -0.920513 -0.149589 0.360942
vn -0.920513 -0.149589 0.360942
vn -0.920513 -0.149589 0.360942
f 3075/3075/3075 3076/3076/3076 3077/3077/3077
v 4.052576 0.888529 17.585420
v 3.889130 0.995106 16.840682
v 4.338937 -0.023471 17.565685
vt 21.637996 0.888529
vt 20.729812 0.995106
vt 21.904622 -0.023471
vn -0.940204 -0.298756 0.163590
vn -0.940204 -0.298756 0.163590
vn -0.940204 -0.298756 0.163590
f 3078/3078/3078 3079/3079/3079 3080/3080/3080
v 4.308697 0.866302 16.189270
v 4.332001 -0.045698 16.434315
v 4.099806 0.083106 17.000000
vt 20.497967 0.866302
vt 20.766315 -0.045698
vt 21.099806 0.083106
vn -0.927761 -0.118762 -0.353773
vn -0.927761 -0.118762 -0.353773
vn -0.927761 -0.118762 -0.353773
f 3081/3081/3081 3082/3082/3082 3083/3083/3083
v 3.889130 0.995106 16.840682
v 4.308697 0.866302 16.189270
v 4.099806 0.083106 17.000000
vt 20.729812 0.995106
vt 20.497967 0.866302
vt 21.099806 0.083106
vn -0.831936 -0.276245 -0.481218
vn -0.831936 -0.276245 -0.481218
vn -0.831936 -0.276245 -0.481218
f 3084/3084/3084 3085/3085/3085 3086/3086/3086
v 5.177334 0.866928 16.012773
v 5.000000 -0.045072 16.200000
v 4.332001 -0.045698 16.434315
vt 21.190106 0.866928
vt 21.200000 -0.045072
vt 20.766315 -0.045698
vn -0.328155 -0.128319 -0.935868
vn -0.328155 -0.128319 -0.935868
vn -0.328155 -0.128319 -0.935868
f 3087/3087/3087 3088/3088/3088 3089/3089/3089
v 4.308697 0.866302 16.189270
v 5.177334 0.866928 16.012773
v 4.332001 -0.045698 16.434315
vt 20.497967 0.866302
vt 21.190106 0.866928
vt 20.766315 -0.045698
vn -0.192134 -0.259227 -0.946512
vn -0.192134 -0.259227 -0.946512
vn -0.192134 -0.259227 -0.946512
f 3090/3090/3090 3091/3091/3091 3092/3092/3092
v 5.967132 0.995211 16.414580
v 5.674814 0.083211 16.434315
v 5.000000 -0.045072 16.200000
vt 22.381711 0.995211
vt 22.109129 0.083211
vt 21.200000 -0.045072
vn 0.347376 -0.131433 -0.928469
vn 0.347376 -0.131433 -0.928469
vn 0.347376 -0.131433 -0.928469
f 3093/3093/3093 3094/3094/3094 3095/3095/3095
v 5.177334 0.866928 16.012773
v 5.967132 0.995211 16.414580
v 5.000000 -0.045072 16.200000
vt 21.190106 0.866928
vt 22.381711 0.995211
vt 21.200000 -0.045072
vn 0.471074 -0.264362 -0.841548
vn 0.471074 -0.264362 -0.841548
vn 0.471074 -0.264362 -0.841548
f 3096/3096/3096 3097/3097/3097 3098/3098/3098
v 6.135311 0.912000 17.159318
v 5.920000 0.000000 17.000000
v 5.674814 0.083211 16.434315
vt 23.294630 0.912000
vt 22.920000 0.000000
vt 22.109129 0.083211
vn 0.900654 -0.140820 -0.411086
vn 0.900654 -0.140820 -0.411086
vn 0.900654 -0.140820 -0.411086
f 3099/3099/3099 3100/3100/3100 3101/3101/3101
v 5.967132 0.995211 16.414580
v 6.135311 0.912000 17.159318
v 5.674814 0.083211 16.434315
vt 22.381711 0.995211
vt 23.294630 0.912000
vt 22.109129 0.083211
vn 0.922456 -0.300904 -0.241933
vn 0.922456 -0.300904 -0.241933
vn 0.922456 -0.300904 -0.241933
f 3102/3102/3102 3103/3103/3103 3104/3104/3104
v 5.745841 2.020381 17.506245
v 5.676872 0.988381 17.810730
v 6.135311 0.912000 17.159318
vt 23.252086 2.020381
vt 23.487602 0.988381
vt 23.294630 0.912000
vn 0.818793 0.111439 0.563169
vn 0.818793 0.111439 0.563169
vn 0.818793 0.111439 0.563169
f 3105/3105/3105 3106/3106/3106 3107/3107/3107
v 5.936219 1.944000 16.901836
v 5.745841 2.020381 17.506245
v 6.135311 0.912000 17.159318
vt 22.838055 1.944000
vt 23.252086 2.020381
vt 23.294630 0.912000
vn 0.933055 0.245587 0.262860
vn 0.933055 0.245587 0.262860
vn 0.933055 0.245587 0.262860
f 3108/3108/3108 3109/3109/3109 3110/3110/3110
v 5.111669 1.880429 17.814103
v 4.818763 0.848429 17.987227
v 5.676872 0.988381 17.810730
vt 22.925772 1.880429
vt 22.805990 0.848429
vt 23.487602 0.988381
vn 0.182635 0.112024 0.976778
vn 0.182635 0.112024 0.976778
vn 0.182635 0.112024 0.976778
f 3111/3111/3111 3112/3112/3112 3113/3113/3113
v 5.745841 2.020381 17.506245
v 5.111669 1.880429 17.814103
v 5.676872 0.988381 17.810730
vt 23.252086 2.020381
vt 22.925772 1.880429
vt 23.487602 0.988381
vn 0.381124 0.238103 0.893337
vn 0.381124 0.238103 0.893337
vn 0.381124 0.238103 0.893337
f 3114/3114/3114 3115/3115/3115 3116/3116/3116
v 4.408399 1.920529 17.645070
v 4.052576 0.888529 17.585420
v 4.818763 0.848429 17.987227
vt 22.053469 1.920529
vt 21.637996 0.888529
vt 22.805990 0.848429
vn -0.457399 0.106678 0.882840
vn -0.457399 0.106678 0.882840
vn -0.457399 0.106678 0.882840
f 3117/3117/3117 3118/3118/3118 3119/3119/3119
v 5.111669 1.880429 17.814103
v 4.408399 1.920529 17.645070
v 4.818763 0.848429 17.987227
vt 22.925772 1.880429
vt 22.053469 1.920529
vt 22.805990 0.848429
vn -0.216003 0.220857 0.951086
vn -0.216003 0.220857 0.951086
vn -0.216003 0.220857 0.951086
f 3120/3120/3120 3121/3121/3121 3122/3122/3122
v 4.083937 2.027106 17.098164
v 3.889130 0.995106 16.840682
v 4.052576 0.888529 17.585420
vt 21.182101 2.027106
vt 20.729812 0.995106
vt 21.637996 0.888529
vn -0.965214 0.124889 0.229705
vn -0.965214 0.124889 0.229705
vn -0.965214 0.124889 0.229705
f 3123/3123/3123 3124/3124/3124 3125/3125/3125
v 4.408399 1.920529 17.645070
v 4.083937 2.027106 17.098164
v 4.052576 0.888529 17.585420
vt 22.053469 1.920529
vt 21.182101 2.027106
vt 21.637996 0.888529
vn -0.810890 0.248975 0.529593
vn -0.810890 0.248975 0.529593
vn -0.810890 0.248975 0.529593
f 3126/3126/3126 3127/3127/3127 3128/3128/3128
v 4.238258 1.898302 16.493755
v 4.308697 0.866302 16.189270
v 3.889130 0.995106 16.840682
vt 20.732013 1.898302
vt 20.497967 0.866302
vt 20.729812 0.995106
vn -0.826145 0.106840 -0.553236
vn -0.826145 0.106840 -0.553236
vn -0.826145 0.106840 -0.553236
f 3129/3129/3129 3130/3130/3130 3131/3131/3131
v 4.083937 2.027106 17.098164
v 4.238258 1.898302 16.493755
v 3.889130 0.995106 16.840682
vt 21.182101 2.027106
vt 20.732013 1.898302
vt 20.729812 0.995106
vn -0.925078 0.246669 -0.288763
vn -0.925078 0.246669 -0.288763
vn -0.925078 0.246669 -0.288763
f 3132/3132/3132 3133/3133/3133 3134/3134/3134
v 4.890736 1.898928 16.185897
v 5.177334 0.866928 16.012773
v 4.308697 0.866302 16.189270
vt 21.076633 1.898928
vt 21.190106 0.866928
vt 20.497967 0.866302
vn -0.198021 0.108432 -0.974182
vn -0.198021 0.108432 -0.974182
vn -0.198021 0.108432 -0.974182
f 3135/3135/3135 3136/3136/3136 3137/3137/3137
v 4.238258 1.898302 16.493755
v 4.890736 1.898928 16.185897
v 4.308697 0.866302 16.189270
vt 20.732013 1.898302
vt 21.076633 1.898928
vt 20.497967 0.866302
vn -0.415332 0.231228 -0.879791
vn -0.415332 0.231228 -0.879791
vn -0.415332 0.231228 -0.879791
f 3138/3138/3138 3139/3139/3139 3140/3140/3140
v 5.603907 2.027211 16.354930
v 5.967132 0.995211 16.414580
v 5.177334 0.866928 16.012773
vt 21.958837 2.027211
vt 22.381711 0.995211
vt 21.190106 0.866928
vn 0.437784 0.102454 -0.893224
vn 0.437784 0.102454 -0.893224
vn 0.437784 0.102454 -0.893224
f 3141/3141/3141 3142/3142/3142 3143/3143/3143
v 4.890736 1.898928 16.185897
v 5.603907 2.027211 16.354930
v 5.177334 0.866928 16.012773
vt 21.076633 1.898928
vt 21.958837 2.027211
vt 21.190106 0.866928
vn 0.188839 0.213249 -0.958574
vn 0.188839 0.213249 -0.958574
vn 0.188839 0.213249 -0.958574
f 3144/3144/3144 3145/3145/3145 3146/3146/3146
v 5.936219 1.944000 16.901836
v 6.135311 0.912000 17.159318
v 5.967132 0.995211 16.414580
vt 22.838055 1.944000
vt 23.294630 0.912000
vt 22.381711 0.995211
vn 0.969508 0.136209 -0.203719
vn 0.969508 0.136209 -0.203719
vn 0.969508 0.136209 -0.203719
f 3147/3147/3147 3148/3148/3148 3149/3149/3149
v 5.603907 2.027211 16.354930
v 5.936219 1.944000 16.901836
v 5.967132 0.995211 16.414580
vt 21.958837 2.027211
vt 22.838055 1.944000
vt 22.381711 0.995211
vn 0.840769 0.268753 -0.469978
vn 0.840769 0.268753 -0.469978
vn 0.840769 0.268753 -0.469978
f 3150/3150/3150 3151/3151/3151 3152/3152/3152
v 5.337328 2.476381 17.342609
v 5.745841 2.020381 17.506245
v 5.936219 1.944000 16.901836
vt 22.679937 2.476381
vt 23.252086 2.020381
vt 22.838055 1.944000
vn 0.712702 0.687846 0.137563
vn 0.712702 0.687846 0.137563
vn 0.712702 0.687846 0.137563
f 3153/3153/3153 3154/3154/3154 3155/3155/3155
v 5.515845 2.400000 17.035962
v 5.337328 2.476381 17.342609
v 5.936219 1.944000 16.901836
vt 22.551806 2.400000
vt 22.679937 2.476381
vt 22.838055 1.944000
vn 0.745195 0.603595 0.283474
vn 0.745195 0.603595 0.283474
vn 0.745195 0.603595 0.283474
f 3156/3156/3156 3157/3157/3157 3158/3158/3158
v 4.959091 2.336429 17.448561
v 5.111669 1.880429 17.814103
v 5.745841 2.020381 17.506245
vt 22.407652 2.336429
vt 22.925772 1.880429
vt 23.252086 2.020381
vn 0.209079 0.653282 0.727674
vn 0.209079 0.653282 0.727674
vn 0.209079 0.653282 0.727674
f 3159/3159/3159 3160/3160/3160 3161/3161/3161
v 5.337328 2.476381 17.342609
v 4.959091 2.336429 17.448561
v 5.745841 2.020381 17.506245
vt 22.679937 2.476381
vt 22.407652 2.336429
vt 23.252086 2.020381
vn 0.100104 0.414303 0.904617
vn 0.100104 0.414303 0.904617
vn 0.100104 0.414303 0.904617
f 3162/3162/3162 3163/3163/3163 3164/3164/3164
v 4.599625 2.376529 17.291752
v 4.408399 1.920529 17.645070
v 5.111669 1.880429 17.814103
vt 21.891377 2.376529
vt 22.053469 1.920529
vt 22.925772 1.880429
vn -0.144089 0.643143 0.752068
vn -0.144089 0.643143 0.752068
vn -0.144089 0.643143 0.752068
f 3165/3165/3165 3166/3166/3166 3167/3167/3167
v 4.959091 2.336429 17.448561
v 4.599625 2.376529 17.291752
v 5.111669 1.880429 17.814103
vt 22.407652 2.336429
vt 21.891377 2.376529
vt 22.925772 1.880429
vn -0.285368 0.539517 0.792140
vn -0.285368 0.539517 0.792140
vn -0.285368 0.539517 0.792140
f 3168/3168/3168 3169/3169/3169 3170/3170/3170
v 4.495261 2.483106 16.964038
v 4.083937 2.027106 17.098164
v 4.408399 1.920529 17.645070
vt 21.459299 2.483106
vt 21.182101 2.027106
vt 22.053469 1.920529
vn -0.580291 0.662683 0.473407
vn -0.580291 0.662683 0.473407
vn -0.580291 0.662683 0.473407
f 3171/3171/3171 3172/3172/3172 3173/3173/3173
v 4.599625 2.376529 17.291752
v 4.495261 2.483106 16.964038
v 4.408399 1.920529 17.645070
vt 21.891377 2.376529
vt 21.459299 2.483106
vt 22.053469 1.920529
vn -0.679984 0.605525 0.413475
vn -0.679984 0.605525 0.413475
vn -0.679984 0.605525 0.413475
f 3174/3174/3174 3175/3175/3175 3176/3176/3176
v 4.655480 2.354302 16.657391
v 4.238258 1.898302 16.493755
v 4.083937 2.027106 17.098164
vt 21.312871 2.354302
vt 20.732013 1.898302
vt 21.182101 2.027106
vn -0.642067 0.699812 -0.313071
vn -0.642067 0.699812 -0.313071
vn -0.642067 0.699812 -0.313071
f 3177/3177/3177 3178/3178/3178 3179/3179/3179
v 4.495261 2.483106 16.964038
v 4.655480 2.354302 16.657391
v 4.083937 2.027106 17.098164
vt 21.459299 2.483106
vt 21.312871 2.354302
vt 21.182101 2.027106
vn -0.692171 0.461023 -0.555299
vn -0.692171 0.461023 -0.555299
vn -0.692171 0.461023 -0.555299
f 3180/3180/3180 3181/3181/3181 3182/3182/3182
v 5.040028 2.354928 16.551439
v 4.890736 1.898928 16.185897
v 4.238258 1.898302 16.493755
vt 21.591467 2.354928
vt 21.076633 1.898928
vt 20.732013 1.898302
vn -0.323299 0.654059 -0.683875
vn -0.323299 0.654059 -0.683875
vn -0.323299 0.654059 -0.683875
f 3183/3183/3183 3184/3184/3184 3185/3185/3185
v 4.655480 2.354302 16.657391
v 5.040028 2.354928 16.551439
v 4.238258 1.898302 16.493755
vt 21.312871 2.354302
vt 21.591467 2.354928
vt 20.732013 1.898302
vn -0.229570 0.507973 -0.830218
vn -0.229570 0.507973 -0.830218
vn -0.229570 0.507973 -0.830218
f 3186/3186/3186 3187/3187/3187 3188/3188/3188
v 5.408703 2.483211 16.708248
v 5.603907 2.027211 16.354930
v 4.890736 1.898928 16.185897
vt 22.116952 2.483211
vt 21.958837 2.027211
vt 21.076633 1.898928
vn 0.070152 0.629567 -0.773773
vn 0.070152 0.629567 -0.773773
vn 0.070152 0.629567 -0.773773
f 3189/3189/3189 3190/3190/3190 3191/3191/3191
v 5.040028 2.354928 16.551439
v 5.408703 2.483211 16.708248
v 4.890736 1.898928 16.185897
vt 21.591467 2.354928
vt 22.116952 2.483211
vt 21.076633 1.898928
vn 0.131190 0.593561 -0.794024
vn 0.131190 0.593561 -0.794024
vn 0.131190 0.593561 -0.794024
f 3192/3192/3192 3193/3193/3193 3194/3194/3194
v 5.515845 2.400000 17.035962
v 5.936219 1.944000 16.901836
v 5.603907 2.027211 16.354930
vt 22.551806 2.400000
vt 22.838055 1.944000
vt 21.958837 2.027211
vn 0.657970 0.693139 -0.294336
vn 0.657970 0.693139 -0.294336
vn 0.657970 0.693139 -0.294336
f 3195/3195/3195 3196/3196/3196 3197/3197/3197
v 5.408703 2.483211 16.708248
v 5.515845 2.400000 17.035962
v 5.603907 2.027211 16.354930
vt 22.116952 2.483211
vt 22.551806 2.400000
vt 21.958837 2.027211
vn 0.858298 0.488697 -0.156523
vn 0.858298 0.488697 -0.156523
vn 0.858298 0.488697 -0.156523
f 3198/3198/3198 3199/3199/3199 3200/3200/3200
v 8.955344 0.024824 3.000000
v 8.628927 0.062639 3.565685
v 8.000000 -0.076958 3.800000
v 7.364205 0.001412 3.565685
v 7.064065 0.075782 3.000000
v 7.357234 -0.064486 2.434315
v 8.000000 -0.022111 2.200000
v 8.649790 0.082889 2.434315
vt 11.955344 0.024824
vt 12.194613 0.062639
vt 11.800000 -0.076958
vt 10.929890 0.001412
vt 10.064065 0.075782
vt 9.791549 -0.064486
vt 10.200000 -0.022111
vt 11.084104 0.082889
vn 0.291910 -0.928257 0.230494
vn 0.291910 -0.928257 0.230494
vn 0.291910 -0.928257 0.230494
vn 0.291910 -0.928257 0.230494
vn 0.291910 -0.928257 0.230494
vn 0.291910 -0.928257 0.230494
vn 0.291910 -0.928257 0.230494
vn 0.291910 -0.928257 0.230494
f 3201/3201/3201 3202/3202/3202 3203/3203/3203
f 3201/3201/3201 3203/3203/3203 3204/3204/3204
f 3201/3201/3201 3204/3204/3204 3205/3205/3205
f 3201/3201/3201 3205/3205/3205 3206/3206/3206
f 3201/3201/3201 3206/3206/3206 3207/3207/3207
f 3201/3201/3201 3207/3207/3207 3208/3208/3208
v 8.393547 2.482889 2.708248
v 8.041627 2.377889 2.551439
v 7.668494 2.335514 2.657391
v 7.475221 2.475782 2.964038
v 7.614929 2.401412 3.291752
v 7.957488 2.323042 3.448561
v 8.324369 2.462639 3.342609
v 8.535662 2.424824 3.035962
vt 11.101795 2.482889
vt 10.593066 2.377889
vt 10.325885 2.335514
vt 10.439259 2.475782
vt 10.906680 2.401412
vt 11.406048 2.323042
vt 11.666978 2.462639
vt 11.571624 2.424824
vn -0.176974 0.954081 -0.241682
vn -0.176974 0.954081 -0.241682
vn -0.176974 0.954081 -0.241682
vn -0.176974 0.954081 -0.241682
vn -0.176974 0.954081 -0.241682
vn -0.176974 0.954081 -0.241682
vn -0.176974 0.954081 -0.241682
vn -0.176974 0.954081 -0.241682
f 3209/3209/3209 3210/3210/3210 3211/3211/3211
f 3209/3209/3209 3211/3211/3211 3212/3212/3212
f 3209/3209/3209 3212/3212/3212 3213/3213/3213
f 3209/3209/3209 3213/3213/3213 3214/3214/3214
f 3209/3209/3209 3214/3214/3214 3215/3215/3215
f 3209/3209/3209 3215/3215/3215 3216/3216/3216
v 8.650868 0.974639 3.810730
v 8.628927 0.062639 3.565685
v 8.955344 0.024824 3.000000
vt 12.461598 0.974639
vt 12.194613 0.062639
vt 11.955344 0.024824
vn 0.851120 -0.155223 0.501498
vn 0.851120 -0.155223 0.501498
vn 0.851120 -0.155223 0.501498
f 3217/3217/3217 3218/3218/3218 3219/3219/3219
v 9.178927 0.936824 3.159318
v 8.650868 0.974639 3.810730
v 8.955344 0.024824 3.000000
vt 12.338246 0.936824
vt 12.461598 0.974639
vt 11.955344 0.024824
vn 0.735793 -0.287497 0.613151
vn 0.735793 -0.287497 0.613151
vn 0.735793 -0.287497 0.613151
f 3220/3220/3220 3221/3221/3221 3222/3222/3222
v 7.811660 0.835042 3.987227
v 8.000000 -0.076958 3.800000
v 8.628927 0.062639 3.565685
vt 11.798888 0.835042
vt 11.800000 -0.076958
vt 12.194613 0.062639
vn 0.368846 -0.113226 0.922569
vn 0.368846 -0.113226 0.922569
vn 0.368846 -0.113226 0.922569
f 3223/3223/3223 3224/3224/3224 3225/3225/3225
v 8.650868 0.974639 3.810730
v 7.811660 0.835042 3.987227
v 8.628927 0.062639 3.565685
vt 12.461598 0.974639
vt 11.798888 0.835042
vt 12.194613 0.062639
vn 0.239682 -0.257296 0.936136
vn 0.239682 -0.257296 0.936136
vn 0.239682 -0.257296 0.936136
f 3226/3226/3226 3227/3227/3227 3228/3228/3228
v 7.088790 0.913412 3.585420
v 7.364205 0.001412 3.565685
v 8.000000 -0.076958 3.800000
vt 10.674210 0.913412
vt 10.929890 0.001412
vt 11.800000 -0.076958
vn -0.356796 -0.127774 0.925403
vn -0.356796 -0.127774 0.925403
vn -0.356796 -0.127774 0.925403
f 3229/3229/3229 3230/3230/3230 3231/3231/3231
v 7.811660 0.835042 3.987227
v 7.088790 0.913412 3.585420
v 8.000000 -0.076958 3.800000
vt 11.798888 0.835042
vt 10.674210 0.913412
vt 11.800000 -0.076958
vn -0.489923 -0.271259 0.828489
vn -0.489923 -0.271259 0.828489
vn -0.489923 -0.271259 0.828489
f 3232/3232/3232 3233/3233/3233 3234/3234/3234
v 6.845025 0.987782 2.840682
v 7.064065 0.075782 3.000000
v 7.364205 0.001412 3.565685
vt 9.685707 0.987782
vt 10.064065 0.075782
vt 10.929890 0.001412
vn -0.882632 -0.133239 0.450787
vn -0.882632 -0.133239 0.450787
vn -0.882632 -0.133239 0.450787
f 3235/3235/3235 3236/3236/3236 3237/3237/3237
v 7.088790 0.913412 3.585420
v 6.845025 0.987782 2.840682
v 7.364205 0.001412 3.565685
vt 10.674210 0.913412
vt 9.685707 0.987782
vt 10.929890 0.001412
vn -0.919392 -0.283546 0.272616
vn -0.919392 -0.283546 0.272616
vn -0.919392 -0.283546 0.272616
f 3238/3238/3238 3239/3239/3239 3240/3240/3240
v 7.334811 0.847514 2.189270
v 7.357234 -0.064486 2.434315
v 7.064065 0.075782 3.000000
vt 9.524080 0.847514
vt 9.791549 -0.064486
vt 10.064065 0.075782
vn -0.892945 -0.137159 -0.428762
vn -0.892945 -0.137159 -0.428762
vn -0.892945 -0.137159 -0.428762
f 3241/3241/3241 3242/3242/3242 3243/3243/3243
v 6.845025 0.987782 2.840682
v 7.334811 0.847514 2.189270
v 7.064065 0.075782 3.000000
vt 9.685707 0.987782
vt 9.524080 0.847514
vt 10.064065 0.075782
vn -0.794669 -0.284535 -0.536229
vn -0.794669 -0.284535 -0.536229
vn -0.794669 -0.284535 -0.536229
f 3244/3244/3244 3245/3245/3245 3246/3246/3246
v 8.184417 0.889889 2.012773
v 8.000000 -0.022111 2.200000
v 7.357234 -0.064486 2.434315
vt 10.197190 0.889889
vt 10.200000 -0.022111
vt 9.791549 -0.064486
vn -0.332557 -0.124663 -0.934807
vn -0.332557 -0.124663 -0.934807
vn -0.332557 -0.124663 -0.934807
f 3247/3247/3247 3248/3248/3248 3249/3249/3249
v 7.334811 0.847514 2.189270
v 8.184417 0.889889 2.012773
v 7.357234 -0.064486 2.434315
vt 9.524080 0.847514
vt 10.197190 0.889889
vt 9.791549 -0.064486
vn -0.184029 -0.259272 -0.948109
vn -0.184029 -0.259272 -0.948109
vn -0.184029 -0.259272 -0.948109
f 3250/3250/3250 3251/3251/3251 3252/3252/3252
v 8.931267 0.994889 2.414580
v 8.649790 0.082889 2.434315
v 8.000000 -0.022111 2.200000
vt 11.345847 0.994889
vt 11.084104 0.082889
vt 10.200000 -0.022111
vn 0.354820 -0.129546 -0.925916
vn 0.354820 -0.129546 -0.925916
vn 0.354820 -0.129546 -0.925916
f 3253/3253/3253 3254/3254/3254 3255/3255/3255
v 8.184417 0.889889 2.012773
v 8.931267 0.994889 2.414580
v 8.000000 -0.022111 2.200000
vt 10.197190 0.889889
vt 11.345847 0.994889
vt 10.200000 -0.022111
vn 0.485381 -0.268936 -0.831913
vn 0.485381 -0.268936 -0.831913
vn 0.485381 -0.268936 -0.831913
f 3256/3256/3256 3257/3257/3257 3258/3258/3258
v 9.178927 0.936824 3.159318
v 8.955344 0.024824 3.000000
v 8.649790 0.082889 2.434315
vt 12.338246 0.936824
vt 11.955344 0.024824
vt 11.084104 0.082889
vn 0.866991 -0.128437 -0.481488
vn 0.866991 -0.128437 -0.481488
vn 0.866991 -0.128437 -0.481488
f 3259/3259/3259 3260/3260/3260 3261/3261/3261
v 8.931267 0.994889 2.414580
v 9.178927 0.936824 3.159318
v 8.649790 0.082889 2.434315
vt 11.345847 0.994889
vt 12.338246 0.936824
vt 11.084104 0.082889
vn 0.902518 -0.285527 -0.322391
vn 0.902518 -0.285527 -0.322391
vn 0.902518 -0.285527 -0.322391
f 3262/3262/3262 3263/3263/3263 3264/3264/3264
v 8.717187 2.006639 3.506245
v 8.650868 0.974639 3.810730
v 9.178927 0.936824 3.159318
vt 12.223432 2.006639
vt 12.461598 0.974639
vt 12.338246 0.936824
vn 0.773679 0.133046 0.619450
vn 0.773679 0.133046 0.619450
vn 0.773679 0.133046 0.619450
f 3265/3265/3265 3266/3266/3266 3267/3267/3267
v 8.972186 1.968824 2.901836
v 8.717187 2.006639 3.506245
v 9.178927 0.936824 3.159318
vt 11.874022 1.968824
vt 12.223432 2.006639
vt 12.338246 0.936824
vn 0.893354 0.268807 0.360086
vn 0.893354 0.268807 0.360086
vn 0.893354 0.268807 0.360086
f 3268/3268/3268 3269/3269/3269 3270/3270/3270
v 8.116046 1.867042 3.814103
v 7.811660 0.835042 3.987227
v 8.650868 0.974639 3.810730
vt 11.930149 1.867042
vt 11.798888 0.835042
vt 12.461598 0.974639
vn 0.187273 0.108543 0.976293
vn 0.187273 0.108543 0.976293
vn 0.187273 0.108543 0.976293
f 3271/3271/3271 3272/3272/3272 3273/3273/3273
v 8.717187 2.006639 3.506245
v 8.116046 1.867042 3.814103
v 8.650868 0.974639 3.810730
vt 12.223432 2.006639
vt 11.930149 1.867042
vt 12.461598 0.974639
vn 0.399035 0.235795 0.886099
vn 0.399035 0.235795 0.886099
vn 0.399035 0.235795 0.886099
f 3274/3274/3274 3275/3275/3275 3276/3276/3276
v 7.431012 1.945412 3.645070
v 7.088790 0.913412 3.585420
v 7.811660 0.835042 3.987227
vt 11.076082 1.945412
vt 10.674210 0.913412
vt 11.798888 0.835042
vn -0.474198 0.106736 0.873924
vn -0.474198 0.106736 0.873924
vn -0.474198 0.106736 0.873924
f 3277/3277/3277 3278/3278/3278 3279/3279/3279
v 8.116046 1.867042 3.814103
v 7.431012 1.945412 3.645070
v 7.811660 0.835042 3.987227
vt 11.930149 1.867042
vt 11.076082 1.945412
vt 11.798888 0.835042
vn -0.209639 0.221593 0.952338
vn -0.209639 0.221593 0.952338
vn -0.209639 0.221593 0.952338
f 3280/3280/3280 3281/3281/3281 3282/3282/3282
v 7.047566 2.019782 3.098164
v 6.845025 0.987782 2.840682
v 7.088790 0.913412 3.585420
vt 10.145730 2.019782
vt 9.685707 0.987782
vt 10.674210 0.913412
vn -0.941942 0.105319 0.318830
vn -0.941942 0.105319 0.318830
vn -0.941942 0.105319 0.318830
f 3283/3283/3283 3284/3284/3284 3285/3285/3285
v 7.431012 1.945412 3.645070
v 7.047566 2.019782 3.098164
v 7.088790 0.913412 3.585420
vt 11.076082 1.945412
vt 10.145730 2.019782
vt 10.674210 0.913412
vn -0.782878 0.226107 0.579636
vn -0.782878 0.226107 0.579636
vn -0.782878 0.226107 0.579636
f 3286/3286/3286 3287/3287/3287 3288/3288/3288
v 7.267033 1.879514 2.493755
v 7.334811 0.847514 2.189270
v 6.845025 0.987782 2.840682
vt 9.760787 1.879514
vt 9.524080 0.847514
vt 9.685707 0.987782
vn -0.778872 0.129882 -0.613588
vn -0.778872 0.129882 -0.613588
vn -0.778872 0.129882 -0.613588
f 3289/3289/3289 3290/3290/3290 3291/3291/3291
v 7.047566 2.019782 3.098164
v 7.267033 1.879514 2.493755
v 6.845025 0.987782 2.840682
vt 10.145730 2.019782
vt 9.760787 1.879514
vt 9.685707 0.987782
vn -0.883583 0.269039 -0.383274
vn -0.883583 0.269039 -0.383274
vn -0.883583 0.269039 -0.383274
f 3292/3292/3292 3293/3293/3293 3294/3294/3294
v 7.886371 1.921889 2.185897
v 8.184417 0.889889 2.012773
v 7.334811 0.847514 2.189270
vt 10.072268 1.921889
vt 10.197190 0.889889
vt 9.524080 0.847514
vn -0.207247 0.103342 -0.972815
vn -0.207247 0.103342 -0.972815
vn -0.207247 0.103342 -0.972815
f 3295/3295/3295 3296/3296/3296 3297/3297/3297
v 7.267033 1.879514 2.493755
v 7.886371 1.921889 2.185897
v 7.334811 0.847514 2.189270
vt 9.760787 1.879514
vt 10.072268 1.921889
vt 9.524080 0.847514
vn -0.445945 0.226220 -0.866001
vn -0.445945 0.226220 -0.866001
vn -0.445945 0.226220 -0.866001
f 3298/3298/3298 3299/3299/3299 3300/3300/3300
v 8.581512 2.026889 2.354930
v 8.931267 0.994889 2.414580
v 8.184417 0.889889 2.012773
vt 10.936442 2.026889
vt 11.345847 0.994889
vt 10.197190 0.889889
vn 0.459707 0.104827 -0.881862
vn 0.459707 0.104827 -0.881862
vn 0.459707 0.104827 -0.881862
f 3301/3301/3301 3302/3302/3302 3303/3303/3303
v 7.886371 1.921889 2.185897
v 8.581512 2.026889 2.354930
v 8.184417 0.889889 2.012773
vt 10.072268 1.921889
vt 10.936442 2.026889
vt 10.197190 0.889889
vn 0.199408 0.217862 -0.955391
vn 0.199408 0.217862 -0.955391
vn 0.199408 0.217862 -0.955391
f 3304/3304/3304 3305/3305/3305 3306/3306/3306
v 8.972186 1.968824 2.901836
v 9.178927 0.936824 3.159318
v 8.931267 0.994889 2.414580
vt 11.874022 1.968824
vt 12.338246 0.936824
vt 11.345847 0.994889
vn 0.945420 0.113157 -0.305574
vn 0.945420 0.113157 -0.305574
vn 0.945420 0.113157 -0.305574
f 3307/3307/3307 3308/3308/3308 3309/3309/3309
v 8.581512 2.026889 2.354930
v 8.972186 1.968824 2.901836
v 8.931267 0.994889 2.414580
vt 10.936442 2.026889
vt 11.874022 1.968824
vt 11.345847 0.994889
vn 0.801789 0.240102 -0.547253
vn 0.801789 0.240102 -0.547253
vn 0.801789 0.240102 -0.547253
f 3310/3310/3310 3311/3311/3311 3312/3312/3312
v 8.324369 2.462639 3.342609
v 8.717187 2.006639 3.506245
v 8.972186 1.968824 2.901836
vt 11.666978 2.462639
vt 12.223432 2.006639
vt 11.874022 1.968824
vn 0.688292 0.681824 0.247730
vn 0.688292 0.681824 0.247730
vn 0.688292 0.681824 0.247730
f 3313/3313/3313 3314/3314/3314 3315/3315/3315
v 8.535662 2.424824 3.035962
v 8.324369 2.462639 3.342609
v 8.972186 1.968824 2.901836
vt 11.571624 2.424824
vt 11.666978 2.462639
vt 11.874022 1.968824
vn 0.713530 0.558707 0.422755
vn 0.713530 0.558707 0.422755
vn 0.713530 0.558707 0.422755
f 3316/3316/3316 3317/3317/3317 3318/3318/3318
v 7.957488 2.323042 3.448561
v 8.116046 1.867042 3.814103
v 8.717187 2.006639 3.506245
vt 11.406048 2.323042
vt 11.930149 1.867042
vt 12.223432 2.006639
vn 0.218085 0.655456 0.723060
vn 0.218085 0.655456 0.723060
vn 0.218085 0.655456 0.723060
f 3319/3319/3319 3320/3320/3320 3321/3321/3321
v 8.324369 2.462639 3.342609
v 7.957488 2.323042 3.448561
v 8.717187 2.006639 3.506245
vt 11.666978 2.462639
vt 11.406048 2.323042
vt 12.223432 2.006639
vn 0.103703 0.413881 0.904405
vn 0.103703 0.413881 0.904405
vn 0.103703 0.413881 0.904405
f 3322/3322/3322 3323/3323/3323 3324/3324/3324
v 7.614929 2.401412 3.291752
v 7.431012 1.945412 3.645070
v 8.116046 1.867042 3.814103
vt 10.906680 2.401412
vt 11.076082 1.945412
vt 11.930149 1.867042
vn -0.115194 0.637022 0.762190
vn -0.115194 0.637022 0.762190
vn -0.115194 0.637022 0.762190
f 3325/3325/3325 3326/3326/3326 3327/3327/3327
v 7.957488 2.323042 3.448561
v 7.614929 2.401412 3.291752
v 8.116046 1.867042 3.814103
vt 11.406048 2.323042
vt 10.906680 2.401412
vt 11.930149 1.867042
vn -0.237434 0.555985 0.796559
vn -0.237434 0.555985 0.796559
vn -0.237434 0.555985 0.796559
f 3328/3328/3328 3329/3329/3329 3330/3330/3330
v 7.475221 2.475782 2.964038
v 7.047566 2.019782 3.098164
v 7.431012 1.945412 3.645070
vt 10.439259 2.475782
vt 10.145730 2.019782
vt 11.076082 1.945412
vn -0.562074 0.669840 0.485167
vn -0.562074 0.669840 0.485167
vn -0.562074 0.669840 0.485167
f 3331/3331/3331 3332/3332/3332 3333/3333/3333
v 7.614929 2.401412 3.291752
v 7.475221 2.475782 2.964038
v 7.431012 1.945412 3.645070
vt 10.906680 2.401412
vt 10.439259 2.475782
vt 11.076082 1.945412
vn -0.676173 0.601905 0.424854
vn -0.676173 0.601905 0.424854
vn -0.676173 0.601905 0.424854
f 3334/3334/3334 3335/3335/3335 3336/3336/3336
v 7.668494 2.335514 2.657391
v 7.267033 1.879514 2.493755
v 7.047566 2.019782 3.098164
vt 10.325885 2.335514
vt 9.760787 1.879514
vt 10.145730 2.019782
vn -0.620331 0.683927 -0.383970
vn -0.620331 0.683927 -0.383970
vn -0.620331 0.683927 -0.383970
f 3337/3337/3337 3338/3338/3338 3339/3339/3339
v 7.475221 2.475782 2.964038
v 7.668494 2.335514 2.657391
v 7.047566 2.019782 3.098164
vt 10.439259 2.475782
vt 10.325885 2.335514
vt 10.145730 2.019782
vn -0.657729 0.436218 -0.614090
vn -0.657729 0.436218 -0.614090
vn -0.657729 0.436218 -0.614090
f 3340/3340/3340 3341/3341/3341 3342/3342/3342
v 8.041627 2.377889 2.551439
v 7.886371 1.921889 2.185897
v 7.267033 1.879514 2.493755
vt 10.593066 2.377889
vt 10.072268 1.921889
vt 9.760787 1.879514
vn -0.372007 0.654387 -0.658322
vn -0.372007 0.654387 -0.658322
vn -0.372007 0.654387 -0.658322
f 3343/3343/3343 3344/3344/3344 3345/3345/3345
v 7.668494 2.335514 2.657391
v 8.041627 2.377889 2.551439
v 7.267033 1.879514 2.493755
vt 10.325885 2.335514
vt 10.593066 2.377889
vt 9.760787 1.879514
vn -0.286313 0.536856 -0.793606
vn -0.286313 0.536856 -0.793606
vn -0.286313 0.536856 -0.793606
f 3346/3346/3346 3347/3347/3347 3348/3348/3348
v 8.393547 2.482889 2.708248
v 8.581512 2.026889 2.354930
v 7.886371 1.921889 2.185897
vt 11.101795 2.482889
vt 10.936442 2.026889
vt 10.072268 1.921889
vn 0.091262 0.633162 -0.768620
vn 0.091262 0.633162 -0.768620
vn 0.091262 0.633162 -0.768620
f 3349/3349/3349 3350/3350/3350 3351/3351/3351
v 8.041627 2.377889 2.551439
v 8.393547 2.482889 2.708248
v 7.886371 1.921889 2.185897
vt 10.593066 2.377889
vt 11.101795 2.482889
vt 10.072268 1.921889
vn 0.183000 0.576223 -0.796541
vn 0.183000 0.576223 -0.796541
vn 0.183000 0.576223 -0.796541
f 3352/3352/3352 3353/3353/3353 3354/3354/3354
v 8.535662 2.424824 3.035962
v 8.972186 1.968824 2.901836
v 8.581512 2.026889 2.354930
vt 11.571624 2.424824
vt 11.874022 1.968824
vt 10.936442 2.026889
vn 0.616095 0.697449 -0.366049
vn 0.616095 0.697449 -0.366049
vn 0.616095 0.697449 -0.366049
f 3355/3355/3355 3356/3356/3356 3357/3357/3357
v 8.393547 2.482889 2.708248
v 8.535662 2.424824 3.035962
v 8.581512 2.026889 2.354930
vt 11.101795 2.482889
vt 11.571624 2.424824
vt 10.936442 2.026889
vn 0.807563 0.531290 -0.256071
vn 0.807563 0.531290 -0.256071
vn 0.807563 0.531290 -0.256071
f 3358/3358/3358 3359/3359/3359 3360/3360/3360
v 2.987531 0.047430 -1.000000
v 2.605730 0.043302 -0.434315
v 2.000000 -0.083470 -0.200000
v 1.388156 0.026169 -0.434315
v 1.029748 0.061689 -1.000000
v 1.381774 -0.077513 -1.565685
v 2.000000 0.002824 -1.800000
v 2.624832 0.075162 -1.565685
vt 1.987531 0.047430
vt 2.171415 0.043302
vt 1.800000 -0.083470
vt 0.953841 0.026169
vt 0.029748 0.061689
vt -0.183912 -0.077513
vt 0.200000 0.002824
vt 1.059147 0.075162
vn 0.265099 -0.948756 0.172001
vn 0.265099 -0.948756 0.172001
vn 0.265099 -0.948756 0.172001
vn 0.265099 -0.948756 0.172001
vn 0.265099 -0.948756 0.172001
vn 0.265099 -0.948756 0.172001
vn 0.265099 -0.948756 0.172001
vn 0.265099 -0.948756 0.172001
f 3361/3361/3361 3362/3362/3362 3363/3363/3363
f 3361/3361/3361 3363/3363/3363 3364/3364/3364
f 3361/3361/3361 3364/3364/3364 3365/3365/3365
f 3361/3361/3361 3365/3365/3365 3366/3366/3366
f 3361/3361/3361 3366/3366/3366 3367/3367/3367
f 3361/3361/3361 3367/3367/3367 3368/3368/3368
v 2.378431 2.475162 -1.291752
v 2.043202 2.402824 -1.448561
v 1.681150 2.322487 -1.342609
v 1.455979 2.461689 -1.035962
v 1.629435 2.426169 -0.708248
v 1.955988 2.316530 -0.551439
v 2.312405 2.443302 -0.657391
v 2.553710 2.447430 -0.964038
vt 1.086680 2.475162
vt 0.594641 2.402824
vt 0.338541 2.322487
vt 0.420017 2.461689
vt 0.921186 2.426169
vt 1.404548 2.316530
vt 1.655014 2.443302
vt 1.589671 2.447430
vn -0.214431 0.976708 0.007846
vn -0.214431 0.976708 0.007846
vn -0.214431 0.976708 0.007846
vn -0.214431 0.976708 0.007846
vn -0.214431 0.976708 0.007846
vn -0.214431 0.976708 0.007846
vn -0.214431 0.976708 0.007846
vn -0.214431 0.976708 0.007846
f 3369/3369/3369 3370/3370/3370 3371/3371/3371
f 3369/3369/3369 3371/3371/3371 3372/3372/3372
f 3369/3369/3369 3372/3372/3372 3373/3373/3373
f 3369/3369/3369 3373/3373/3373 3374/3374/3374
f 3369/3369/3369 3374/3374/3374 3375/3375/3375
f 3369/3369/3369 3375/3375/3375 3376/3376/3376
v 2.626862 0.955302 -0.189270
v 2.605730 0.043302 -0.434315
v 2.987531 0.047430 -1.000000
vt 2.437592 0.955302
vt 2.171415 0.043302
vt 1.987531 0.047430
vn 0.817808 -0.166930 0.550749
vn 0.817808 -0.166930 0.550749
vn 0.817808 -0.166930 0.550749
f 3377/3377/3377 3378/3378/3378 3379/3379/3379
v 3.218647 0.959430 -0.840682
v 2.626862 0.955302 -0.189270
v 2.987531 0.047430 -1.000000
vt 2.377965 0.959430
vt 2.437592 0.955302
vt 1.987531 0.047430
vn 0.708874 -0.291816 0.642138
vn 0.708874 -0.291816 0.642138
vn 0.708874 -0.291816 0.642138
f 3380/3380/3380 3381/3381/3381 3382/3382/3382
v 1.805015 0.828530 -0.012773
v 2.000000 -0.083470 -0.200000
v 2.605730 0.043302 -0.434315
vt 1.792243 0.828530
vt 1.800000 -0.083470
vt 2.171415 0.043302
vn 0.378231 -0.107882 0.919403
vn 0.378231 -0.107882 0.919403
vn 0.378231 -0.107882 0.919403
f 3383/3383/3383 3384/3384/3384 3385/3385/3385
v 2.626862 0.955302 -0.189270
v 1.805015 0.828530 -0.012773
v 2.605730 0.043302 -0.434315
vt 2.437592 0.955302
vt 1.792243 0.828530
vt 2.171415 0.043302
vn 0.240654 -0.257057 0.935953
vn 0.240654 -0.257057 0.935953
vn 0.240654 -0.257057 0.935953
f 3386/3386/3386 3387/3387/3387 3388/3388/3388
v 1.123116 0.938169 -0.414580
v 1.388156 0.026169 -0.434315
v 2.000000 -0.083470 -0.200000
vt 0.708536 0.938169
vt 0.953841 0.026169
vt 1.800000 -0.083470
vn -0.374697 -0.128760 0.918163
vn -0.374697 -0.128760 0.918163
vn -0.374697 -0.128760 0.918163
f 3389/3389/3389 3390/3390/3390 3391/3391/3391
v 1.805015 0.828530 -0.012773
v 1.123116 0.938169 -0.414580
v 2.000000 -0.083470 -0.200000
vt 1.792243 0.828530
vt 0.708536 0.938169
vt 1.800000 -0.083470
vn -0.520470 -0.277086 0.807672
vn -0.520470 -0.277086 0.807672
vn -0.520470 -0.277086 0.807672
f 3392/3392/3392 3393/3393/3393 3394/3394/3394
v 0.802676 0.973689 -1.159318
v 1.029748 0.061689 -1.000000
v 1.388156 0.026169 -0.434315
vt -0.356642 0.973689
vt 0.029748 0.061689
vt 0.953841 0.026169
vn -0.842173 -0.117766 0.526190
vn -0.842173 -0.117766 0.526190
vn -0.842173 -0.117766 0.526190
f 3395/3395/3395 3396/3396/3396 3397/3397/3397
v 1.123116 0.938169 -0.414580
v 0.802676 0.973689 -1.159318
v 1.388156 0.026169 -0.434315
vt 0.708536 0.938169
vt -0.356642 0.973689
vt 0.953841 0.026169
vn -0.889879 -0.266621 0.370173
vn -0.889879 -0.266621 0.370173
vn -0.889879 -0.266621 0.370173
f 3398/3398/3398 3399/3399/3399 3400/3400/3400
v 1.360206 0.834487 -1.810730
v 1.381774 -0.077513 -1.565685
v 1.029748 0.061689 -1.000000
vt -0.450524 0.834487
vt -0.183912 -0.077513
vt 0.029748 0.061689
vn -0.855477 -0.153145 -0.494677
vn -0.855477 -0.153145 -0.494677
vn -0.855477 -0.153145 -0.494677
f 3401/3401/3401 3402/3402/3402 3403/3403/3403
v 0.802676 0.973689 -1.159318
v 1.360206 0.834487 -1.810730
v 1.029748 0.061689 -1.000000
vt -0.356642 0.973689
vt -0.450524 0.834487
vt 0.029748 0.061689
vn -0.756724 -0.290700 -0.585544
vn -0.756724 -0.290700 -0.585544
vn -0.756724 -0.290700 -0.585544
f 3404/3404/3404 3405/3405/3405 3406/3406/3406
v 2.191393 0.914824 -1.987227
v 2.000000 0.002824 -1.800000
v 1.381774 -0.077513 -1.565685
vt 0.204166 0.914824
vt 0.200000 0.002824
vt -0.183912 -0.077513
vn -0.338071 -0.120663 -0.933353
vn -0.338071 -0.120663 -0.933353
vn -0.338071 -0.120663 -0.933353
f 3407/3407/3407 3408/3408/3408 3409/3409/3409
v 1.360206 0.834487 -1.810730
v 2.191393 0.914824 -1.987227
v 1.381774 -0.077513 -1.565685
vt -0.450524 0.834487
vt 0.204166 0.914824
vt -0.183912 -0.077513
vn -0.176562 -0.259301 -0.949520
vn -0.176562 -0.259301 -0.949520
vn -0.176562 -0.259301 -0.949520
f 3410/3410/3410 3411/3411/3411 3412/3412/3412
v 2.895498 0.987162 -1.585420
v 2.624832 0.075162 -1.565685
v 2.000000 0.002824 -1.800000
vt 1.310078 0.987162
vt 1.059147 0.075162
vt 0.200000 0.002824
vn 0.361150 -0.127173 -0.923795
vn 0.361150 -0.127173 -0.923795
vn 0.361150 -0.127173 -0.923795
f 3413/3413/3413 3414/3414/3414 3415/3415/3415
v 2.191393 0.914824 -1.987227
v 2.895498 0.987162 -1.585420
v 2.000000 0.002824 -1.800000
vt 0.204166 0.914824
vt 1.310078 0.987162
vt 0.200000 0.002824
vn 0.497787 -0.273436 -0.823068
vn 0.497787 -0.273436 -0.823068
vn 0.497787 -0.273436 -0.823068
f 3416/3416/3416 3417/3417/3417 3418/3418/3418
v 3.218647 0.959430 -0.840682
v 2.987531 0.047430 -1.000000
v 2.624832 0.075162 -1.565685
vt 2.377965 0.959430
vt 1.987531 0.047430
vt 1.059147 0.075162
vn 0.833444 -0.116857 -0.540107
vn 0.833444 -0.116857 -0.540107
vn 0.833444 -0.116857 -0.540107
f 3419/3419/3419 3420/3420/3420 3421/3421/3421
v 2.895498 0.987162 -1.585420
v 3.218647 0.959430 -0.840682
v 2.624832 0.075162 -1.565685
vt 1.310078 0.987162
vt 2.377965 0.959430
vt 1.059147 0.075162
vn 0.879700 -0.269557 -0.391748
vn 0.879700 -0.269557 -0.391748
vn 0.879700 -0.269557 -0.391748
f 3422/3422/3422 3423/3423/3423 3424/3424/3424
v 2.690734 1.987302 -0.493755
v 2.626862 0.955302 -0.189270
v 3.218647 0.959430 -0.840682
vt 2.196980 1.987302
vt 2.437592 0.955302
vt 2.377965 0.959430
vn 0.731205 0.151016 0.665232
vn 0.731205 0.151016 0.665232
vn 0.731205 0.151016 0.665232
f 3425/3425/3425 3426/3426/3426 3427/3427/3427
v 3.004940 1.991430 -1.098164
v 2.690734 1.987302 -0.493755
v 3.218647 0.959430 -0.840682
vt 1.906776 1.991430
vt 2.196980 1.987302
vt 2.377965 0.959430
vn 0.849271 0.286509 0.443455
vn 0.849271 0.286509 0.443455
vn 0.849271 0.286509 0.443455
f 3428/3428/3428 3429/3429/3429 3430/3430/3430
v 2.120140 1.860530 -0.185897
v 1.805015 0.828530 -0.012773
v 2.626862 0.955302 -0.189270
vt 1.934243 1.860530
vt 1.792243 0.828530
vt 2.437592 0.955302
vn 0.193367 0.104606 0.975534
vn 0.193367 0.104606 0.975534
vn 0.193367 0.104606 0.975534
f 3431/3431/3431 3432/3432/3432 3433/3433/3433
v 2.690734 1.987302 -0.493755
v 2.120140 1.860530 -0.185897
v 2.626862 0.955302 -0.189270
vt 2.196980 1.987302
vt 1.934243 1.860530
vt 2.437592 0.955302
vn 0.421291 0.232561 0.876601
vn 0.421291 0.232561 0.876601
vn 0.421291 0.232561 0.876601
f 3434/3434/3434 3435/3435/3435 3436/3436/3436
v 1.452446 1.970169 -0.354930
v 1.123116 0.938169 -0.414580
v 1.805015 0.828530 -0.012773
vt 1.097516 1.970169
vt 0.708536 0.938169
vt 1.792243 0.828530
vn -0.491920 0.107039 0.864036
vn -0.491920 0.107039 0.864036
vn -0.491920 0.107039 0.864036
f 3437/3437/3437 3438/3438/3438 3439/3439/3439
v 2.120140 1.860530 -0.185897
v 1.452446 1.970169 -0.354930
v 1.805015 0.828530 -0.012773
vt 1.934243 1.860530
vt 1.097516 1.970169
vt 1.792243 0.828530
vn -0.204785 0.222436 0.953197
vn -0.204785 0.222436 0.953197
vn -0.204785 0.222436 0.953197
f 3440/3440/3440 3441/3441/3441 3442/3442/3442
v 1.012644 2.005689 -0.901836
v 0.802676 0.973689 -1.159318
v 1.123116 0.938169 -0.414580
vt 0.110808 2.005689
vt -0.356642 0.973689
vt 0.708536 0.938169
vn -0.913605 0.086769 0.397237
vn -0.913605 0.086769 0.397237
vn -0.913605 0.086769 0.397237
f 3443/3443/3443 3444/3444/3444 3445/3445/3445
v 1.452446 1.970169 -0.354930
v 1.012644 2.005689 -0.901836
v 1.123116 0.938169 -0.414580
vt 1.097516 1.970169
vt 0.110808 2.005689
vt 0.708536 0.938169
vn -0.756115 0.205374 0.621379
vn -0.756115 0.205374 0.621379
vn -0.756115 0.205374 0.621379
f 3446/3446/3446 3447/3447/3447 3448/3448/3448
v 1.295015 1.866487 -1.506245
v 1.360206 0.834487 -1.810730
v 0.802676 0.973689 -1.159318
vt -0.211230 1.866487
vt -0.450524 0.834487
vt -0.356642 0.973689
vn -0.735381 0.148616 -0.661156
vn -0.735381 0.148616 -0.661156
vn -0.735381 0.148616 -0.661156
f 3449/3449/3449 3450/3450/3450 3451/3451/3451
v 1.012644 2.005689 -0.901836
v 1.295015 1.866487 -1.506245
v 0.802676 0.973689 -1.159318
vt 0.110808 2.005689
vt -0.211230 1.866487
vt -0.356642 0.973689
vn -0.841340 0.285660 -0.458853
vn -0.841340 0.285660 -0.458853
vn -0.841340 0.285660 -0.458853
f 3452/3452/3452 3453/3453/3453 3454/3454/3454
v 1.882073 1.946824 -1.814103
v 2.191393 0.914824 -1.987227
v 1.360206 0.834487 -1.810730
vt 0.067970 1.946824
vt 0.204166 0.914824
vt -0.450524 0.834487
vn -0.215788 0.098294 -0.971480
vn -0.215788 0.098294 -0.971480
vn -0.215788 0.098294 -0.971480
f 3455/3455/3455 3456/3456/3456 3457/3457/3457
v 1.295015 1.866487 -1.506245
v 1.882073 1.946824 -1.814103
v 1.360206 0.834487 -1.810730
vt -0.211230 1.866487
vt 0.067970 1.946824
vt -0.450524 0.834487
vn -0.476489 0.220970 -0.850959
vn -0.476489 0.220970 -0.850959
vn -0.476489 0.220970 -0.850959
f 3458/3458/3458 3459/3459/3459 3460/3460/3460
v 2.559177 2.019162 -1.645070
v 2.895498 0.987162 -1.585420
v 2.191393 0.914824 -1.987227
vt 0.914107 2.019162
vt 1.310078 0.987162
vt 0.204166 0.914824
vn 0.484389 0.107676 -0.868201
vn 0.484389 0.107676 -0.868201
vn 0.484389 0.107676 -0.868201
f 3461/3461/3461 3462/3462/3462 3463/3463/3463
v 1.882073 1.946824 -1.814103
v 2.559177 2.019162 -1.645070
v 2.191393 0.914824 -1.987227
vt 0.067970 1.946824
vt 0.914107 2.019162
vt 0.204166 0.914824
vn 0.213531 0.223540 -0.951017
vn 0.213531 0.223540 -0.951017
vn 0.213531 0.223540 -0.951017
f 3464/3464/3464 3465/3465/3465 3466/3466/3466
v 3.004940 1.991430 -1.098164
v 3.218647 0.959430 -0.840682
v 2.895498 0.987162 -1.585420
vt 1.906776 1.991430
vt 2.377965 0.959430
vt 1.310078 0.987162
vn 0.914772 0.091246 -0.393531
vn 0.914772 0.091246 -0.393531
vn 0.914772 0.091246 -0.393531
f 3467/3467/3467 3468/3468/3468 3469/3469/3469
v 2.559177 2.019162 -1.645070
v 3.004940 1.991430 -1.098164
v 2.895498 0.987162 -1.585420
vt 0.914107 2.019162
vt 1.906776 1.991430
vt 1.310078 0.987162
vn 0.762583 0.213219 -0.610742
vn 0.762583 0.213219 -0.610742
vn 0.762583 0.213219 -0.610742
f 3470/3470/3470 3471/3471/3471 3472/3472/3472
v 2.312405 2.443302 -0.657391
v 2.690734 1.987302 -0.493755
v 3.004940 1.991430 -1.098164
vt 1.655014 2.443302
vt 2.196980 1.987302
vt 1.906776 1.991430
vn 0.657195 0.669497 0.346219
vn 0.657195 0.669497 0.346219
vn 0.657195 0.669497 0.346219
f 3473/3473/3473 3474/3474/3474 3475/3475/3475
v 2.553710 2.447430 -0.964038
v 2.312405 2.443302 -0.657391
v 3.004940 1.991430 -1.098164
vt 1.589671 2.447430
vt 1.655014 2.443302
vt 1.906776 1.991430
vn 0.673359 0.508448 0.536720
vn 0.673359 0.508448 0.536720
vn 0.673359 0.508448 0.536720
f 3476/3476/3476 3477/3477/3477 3478/3478/3478
v 1.955988 2.316530 -0.551439
v 2.120140 1.860530 -0.185897
v 2.690734 1.987302 -0.493755
vt 1.404548 2.316530
vt 1.934243 1.860530
vt 2.196980 1.987302
vn 0.238911 0.658263 0.713871
vn 0.238911 0.658263 0.713871
vn 0.238911 0.658263 0.713871
f 3479/3479/3479 3480/3480/3480 3481/3481/3481
v 2.312405 2.443302 -0.657391
v 1.955988 2.316530 -0.551439
v 2.690734 1.987302 -0.493755
vt 1.655014 2.443302
vt 1.404548 2.316530
vt 2.196980 1.987302
vn 0.117825 0.420571 0.899576
vn 0.117825 0.420571 0.899576
vn 0.117825 0.420571 0.899576
f 3482/3482/3482 3483/3483/3483 3484/3484/3484
v 1.629435 2.426169 -0.708248
v 1.452446 1.970169 -0.354930
v 2.120140 1.860530 -0.185897
vt 0.921186 2.426169
vt 1.097516 1.970169
vt 1.934243 1.860530
vn -0.091127 0.631796 0.769760
vn -0.091127 0.631796 0.769760
vn -0.091127 0.631796 0.769760
f 3485/3485/3485 3486/3486/3486 3487/3487/3487
v 1.955988 2.316530 -0.551439
v 1.629435 2.426169 -0.708248
v 2.120140 1.860530 -0.185897
vt 1.404548 2.316530
vt 0.921186 2.426169
vt 1.934243 1.860530
vn -0.191644 0.570952 0.798302
vn -0.191644 0.570952 0.798302
vn -0.191644 0.570952 0.798302
f 3488/3488/3488 3489/3489/3489 3490/3490/3490
v 1.455979 2.461689 -1.035962
v 1.012644 2.005689 -0.901836
v 1.452446 1.970169 -0.354930
vt 0.420017 2.461689
vt 0.110808 2.005689
vt 1.097516 1.970169
vn -0.550451 0.678321 0.486708
vn -0.550451 0.678321 0.486708
vn -0.550451 0.678321 0.486708
f 3491/3491/3491 3492/3492/3492 3493/3493/3493
v 1.629435 2.426169 -0.708248
v 1.455979 2.461689 -1.035962
v 1.452446 1.970169 -0.354930
vt 0.921186 2.426169
vt 0.420017 2.461689
vt 1.097516 1.970169
vn -0.682243 0.594522 0.425544
vn -0.682243 0.594522 0.425544
vn -0.682243 0.594522 0.425544
f 3494/3494/3494 3495/3495/3495 3496/3496/3496
v 1.681150 2.322487 -1.342609
v 1.295015 1.866487 -1.506245
v 1.012644 2.005689 -0.901836
vt 0.338541 2.322487
vt -0.211230 1.866487
vt 0.110808 2.005689
vn -0.603686 0.667575 -0.435784
vn -0.603686 0.667575 -0.435784
vn -0.603686 0.667575 -0.435784
f 3497/3497/3497 3498/3498/3498 3499/3499/3499
v 1.455979 2.461689 -1.035962
v 1.681150 2.322487 -1.342609
v 1.012644 2.005689 -0.901836
vt 0.420017 2.461689
vt 0.338541 2.322487
vt 0.110808 2.005689
vn -0.629840 0.420205 -0.653245
vn -0.629840 0.420205 -0.653245
vn -0.629840 0.420205 -0.653245
f 3500/3500/3500 3501/3501/3501 3502/3502/3502
v 2.043202 2.402824 -1.448561
v 1.882073 1.946824 -1.814103
v 1.295015 1.866487 -1.506245
vt 0.594641 2.402824
vt 0.067970 1.946824
vt -0.211230 1.866487
vn -0.419788 0.653359 -0.630000
vn -0.419788 0.653359 -0.630000
vn -0.419788 0.653359 -0.630000
f 3503/3503/3503 3504/3504/3504 3505/3505/3505
v 1.681150 2.322487 -1.342609
v 2.043202 2.402824 -1.448561
v 1.295015 1.866487 -1.506245
vt 0.338541 2.322487
vt 0.594641 2.402824
vt -0.211230 1.866487
vn -0.344735 0.561786 -0.752034
vn -0.344735 0.561786 -0.752034
vn -0.344735 0.561786 -0.752034
f 3506/3506/3506 3507/3507/3507 3508/3508/3508
v 2.378431 2.475162 -1.291752
v 2.559177 2.019162 -1.645070
v 1.882073 1.946824 -1.814103
vt 1.086680 2.475162
vt 0.914107 2.019162
vt 0.067970 1.946824
vn 0.121769 0.637636 -0.760653
vn 0.121769 0.637636 -0.760653
vn 0.121769 0.637636 -0.760653
f 3509/3509/3509 3510/3510/3510 3511/3511/3511
v 2.043202 2.402824 -1.448561
v 2.378431 2.475162 -1.291752
v 1.882073 1.946824 -1.814103
vt 0.594641 2.402824
vt 1.086680 2.475162
vt 0.067970 1.946824
vn 0.254168 0.548663 -0.796472
vn 0.254168 0.548663 -0.796472
vn 0.254168 0.548663 -0.796472
f 3512/3512/3512 3513/3513/3513 3514/3514/3514
v 2.553710 2.447430 -0.964038
v 3.004940 1.991430 -1.098164
v 2.559177 2.019162 -1.645070
vt 1.589671 2.447430
vt 1.906776 1.991430
vt 0.914107 2.019162
vn 0.574010 0.695249 -0.432600
vn 0.574010 0.695249 -0.432600
vn 0.574010 0.695249 -0.432600
f 3515/3515/3515 3516/3516/3516 3517/3517/3517
v 2.378431 2.475162 -1.291752
v 2.553710 2.447430 -0.964038
v 2.559177 2.019162 -1.645070
vt 1.086680 2.475162
vt 1.589671 2.447430
vt 0.914107 2.019162
vn 0.745294 0.567092 -0.350633
vn 0.745294 0.567092 -0.350633
vn 0.745294 0.567092 -0.350633
f 3518/3518/3518 3519/3519/3519 3520/3520/3520
v -1.986314 0.065799 0.000000
v -2.413465 0.020097 0.565685
v -3.000000 -0.082526 0.800000
v -3.591350 0.048589 0.565685
v -4.000081 0.042086 0.000000
v -3.596574 -0.083617 -0.565685
v -3.000000 0.027508 -0.800000
v -2.397829 0.060722 -0.565685
vt -1.986314 0.065799
vt -1.847779 0.020097
vt -2.200000 -0.082526
vt -3.025664 0.048589
vt -4.000081 0.042086
vt -4.162259 -0.083617
vt -3.800000 0.027508
vt -2.963515 0.060722
vn 0.199672 -0.977227 0.071821
vn 0.199672 -0.977227 0.071821
vn 0.199672 -0.977227 0.071821
vn 0.199672 -0.977227 0.071821
vn 0.199672 -0.977227 0.071821
vn 0.199672 -0.977227 0.071821
vn 0.199672 -0.977227 0.071821
vn 0.199672 -0.977227 0.071821
f 3521/3521/3521 3522/3522/3522 3523/3523/3523
f 3521/3521/3521 3523/3523/3523 3524/3524/3524
f 3521/3521/3521 3524/3524/3524 3525/3525/3525
f 3521/3521/3521 3525/3525/3525 3526/3526/3526
f 3521/3521/3521 3526/3526/3526 3527/3527/3527
f 3521/3521/3521 3527/3527/3527 3528/3528/3528
v -2.635294 2.460722 -0.291752
v -2.955389 2.427508 -0.448561
v -3.307682 2.316383 -0.342609
v -3.560746 2.442086 -0.035962
v -3.358153 2.448589 0.291752
v -3.045275 2.317474 0.448561
v -2.697495 2.420097 0.342609
v -2.431625 2.465799 0.035962
vt -2.927045 2.460722
vt -3.403949 2.427508
vt -3.650291 2.316383
vt -3.596708 2.442086
vt -3.066401 2.448589
vt -2.596714 2.317474
vt -2.354886 2.420097
vt -2.395664 2.465799
vn -0.221297 0.942031 0.252201
vn -0.221297 0.942031 0.252201
vn -0.221297 0.942031 0.252201
vn -0.221297 0.942031 0.252201
vn -0.221297 0.942031 0.252201
vn -0.221297 0.942031 0.252201
vn -0.221297 0.942031 0.252201
vn -0.221297 0.942031 0.252201
f 3529/3529/3529 3530/3530/3530 3531/3531/3531
f 3529/3529/3529 3531/3531/3531 3532/3532/3532
f 3529/3529/3529 3532/3532/3532 3533/3533/3533
f 3529/3529/3529 3533/3533/3533 3534/3534/3534
f 3529/3529/3529 3534/3534/3534 3535/3535/3535
f 3529/3529/3529 3535/3535/3535 3536/3536/3536
v -2.393002 0.932097 0.810730
v -2.413465 0.020097 0.565685
v -1.986314 0.065799 0.000000
vt -1.582272 0.932097
vt -1.847779 0.020097
vt -1.986314 0.065799
vn 0.792497 -0.174775 0.584296
vn 0.792497 -0.174775 0.584296
vn 0.792497 -0.174775 0.584296
f 3537/3537/3537 3538/3538/3538 3539/3539/3539
v -1.749077 0.977799 0.159318
v -2.393002 0.932097 0.810730
v -1.986314 0.065799 0.000000
vt -1.589759 0.977799
vt -1.582272 0.932097
vt -1.986314 0.065799
vn 0.689810 -0.294943 0.661189
vn 0.689810 -0.294943 0.661189
vn 0.689810 -0.294943 0.661189
f 3540/3540/3540 3541/3541/3541 3542/3542/3542
v -3.200579 0.829474 0.987227
v -3.000000 -0.082526 0.800000
v -2.413465 0.020097 0.565685
vt -2.213351 0.829474
vt -2.200000 -0.082526
vt -1.847779 0.020097
vn 0.384578 -0.103723 0.917247
vn 0.384578 -0.103723 0.917247
vn 0.384578 -0.103723 0.917247
f 3543/3543/3543 3544/3544/3544 3545/3545/3545
v -2.393002 0.932097 0.810730
v -3.200579 0.829474 0.987227
v -2.413465 0.020097 0.565685
vt -1.582272 0.932097
vt -2.213351 0.829474
vt -1.847779 0.020097
vn 0.237400 -0.257032 0.936790
vn 0.237400 -0.257032 0.936790
vn 0.237400 -0.257032 0.936790
f 3546/3546/3546 3547/3547/3547 3548/3548/3548
v -3.847512 0.960589 0.585420
v -3.591350 0.048589 0.565685
v -3.000000 -0.082526 0.800000
vt -3.262092 0.960589
vt -3.025664 0.048589
vt -2.200000 -0.082526
vn -0.389920 -0.129249 0.911733
vn -0.389920 -0.129249 0.911733
vn -0.389920 -0.129249 0.911733
f 3549/3549/3549 3550/3550/3550 3551/3551/3551
v -3.200579 0.829474 0.987227
v -3.847512 0.960589 0.585420
v -3.000000 -0.082526 0.800000
vt -2.213351 0.829474
vt -3.262092 0.960589
vt -2.200000 -0.082526
vn -0.546792 -0.282093 0.788316
vn -0.546792 -0.282093 0.788316
vn -0.546792 -0.282093 0.788316
f 3552/3552/3552 3553/3553/3553 3554/3554/3554
v -4.234133 0.954086 -0.159318
v -4.000081 0.042086 0.000000
v -3.591350 0.048589 0.565685
vt -4.393452 0.954086
vt -4.000081 0.042086
vt -3.025664 0.048589
vn -0.805517 -0.104842 0.583224
vn -0.805517 -0.104842 0.583224
vn -0.805517 -0.104842 0.583224
f 3555/3555/3555 3556/3556/3556 3557/3557/3557
v -3.847512 0.960589 0.585420
v -4.234133 0.954086 -0.159318
v -3.591350 0.048589 0.565685
vt -3.262092 0.960589
vt -4.393452 0.954086
vt -3.025664 0.048589
vn -0.858275 -0.250761 0.447753
vn -0.858275 -0.250761 0.447753
vn -0.858275 -0.250761 0.447753
f 3558/3558/3558 3559/3559/3559 3560/3560/3560
v -3.617386 0.828383 -0.810730
v -3.596574 -0.083617 -0.565685
v -4.000081 0.042086 0.000000
vt -4.428116 0.828383
vt -4.162259 -0.083617
vt -4.000081 0.042086
vn -0.819884 -0.165940 -0.547955
vn -0.819884 -0.165940 -0.547955
vn -0.819884 -0.165940 -0.547955
f 3561/3561/3561 3562/3562/3562 3563/3563/3563
v -4.234133 0.954086 -0.159318
v -3.617386 0.828383 -0.810730
v -4.000081 0.042086 0.000000
vt -4.393452 0.954086
vt -4.428116 0.828383
vt -4.000081 0.042086
vn -0.721667 -0.294634 -0.626409
vn -0.721667 -0.294634 -0.626409
vn -0.721667 -0.294634 -0.626409
f 3564/3564/3564 3565/3565/3565 3566/3566/3566
v -2.802361 0.939508 -0.987227
v -3.000000 0.027508 -0.800000
v -3.596574 -0.083617 -0.565685
vt -3.789589 0.939508
vt -3.800000 0.027508
vt -4.162259 -0.083617
vn -0.344180 -0.116669 -0.931627
vn -0.344180 -0.116669 -0.931627
vn -0.344180 -0.116669 -0.931627
f 3567/3567/3567 3568/3568/3568 3569/3569/3569
v -3.617386 0.828383 -0.810730
v -2.802361 0.939508 -0.987227
v -3.596574 -0.083617 -0.565685
vt -4.428116 0.828383
vt -3.789589 0.939508
vt -4.162259 -0.083617
vn -0.170506 -0.259313 -0.950623
vn -0.170506 -0.259313 -0.950623
vn -0.170506 -0.259313 -0.950623
f 3570/3570/3570 3571/3571/3571 3572/3572/3572
v -2.136980 0.972722 -0.585420
v -2.397829 0.060722 -0.565685
v -3.000000 0.027508 -0.800000
vt -2.722400 0.972722
vt -2.963515 0.060722
vt -3.800000 0.027508
vn 0.365766 -0.124574 -0.922332
vn 0.365766 -0.124574 -0.922332
vn 0.365766 -0.124574 -0.922332
f 3573/3573/3573 3574/3574/3574 3575/3575/3575
v -2.802361 0.939508 -0.987227
v -2.136980 0.972722 -0.585420
v -3.000000 0.027508 -0.800000
vt -3.789589 0.939508
vt -2.722400 0.972722
vt -3.800000 0.027508
vn 0.506756 -0.277388 -0.816244
vn 0.506756 -0.277388 -0.816244
vn 0.506756 -0.277388 -0.816244
f 3576/3576/3576 3577/3577/3577 3578/3578/3578
v -1.749077 0.977799 0.159318
v -1.986314 0.065799 0.000000
v -2.397829 0.060722 -0.565685
vt -1.589759 0.977799
vt -1.986314 0.065799
vt -2.963515 0.060722
vn 0.804460 -0.107199 -0.584253
vn 0.804460 -0.107199 -0.584253
vn 0.804460 -0.107199 -0.584253
f 3579/3579/3579 3580/3580/3580 3581/3581/3581
v -2.136980 0.972722 -0.585420
v -1.749077 0.977799 0.159318
v -2.397829 0.060722 -0.565685
vt -2.722400 0.972722
vt -1.589759 0.977799
vt -2.963515 0.060722
vn 0.858269 -0.255117 -0.445297
vn 0.858269 -0.255117 -0.445297
vn 0.858269 -0.255117 -0.445297
f 3582/3582/3582 3583/3583/3583 3584/3584/3584
v -2.331154 1.964097 0.506245
v -2.393002 0.932097 0.810730
v -1.749077 0.977799 0.159318
vt -1.824908 1.964097
vt -1.582272 0.932097
vt -1.589759 0.977799
vn 0.695682 0.164612 0.699235
vn 0.695682 0.164612 0.699235
vn 0.695682 0.164612 0.699235
f 3585/3585/3585 3586/3586/3586 3587/3587/3587
v -1.968444 2.009799 -0.098164
v -2.331154 1.964097 0.506245
v -1.749077 0.977799 0.159318
vt -2.066608 2.009799
vt -1.824908 1.964097
vt -1.589759 0.977799
vn 0.808249 0.298451 0.507603
vn 0.808249 0.298451 0.507603
vn 0.808249 0.298451 0.507603
f 3588/3588/3588 3589/3589/3589 3590/3590/3590
v -2.876413 1.861474 0.814103
v -3.200579 0.829474 0.987227
v -2.393002 0.932097 0.810730
vt -2.062310 1.861474
vt -2.213351 0.829474
vt -1.582272 0.932097
vn 0.200211 0.100602 0.974574
vn 0.200211 0.100602 0.974574
vn 0.200211 0.100602 0.974574
f 3591/3591/3591 3592/3592/3592 3593/3593/3593
v -2.331154 1.964097 0.506245
v -2.876413 1.861474 0.814103
v -2.393002 0.932097 0.810730
vt -1.824908 1.964097
vt -2.062310 1.861474
vt -1.582272 0.932097
vn 0.445642 0.228657 0.865517
vn 0.445642 0.228657 0.865517
vn 0.445642 0.228657 0.865517
f 3594/3594/3594 3595/3595/3595 3596/3596/3596
v -3.529213 1.992589 0.645070
v -3.847512 0.960589 0.585420
v -3.200579 0.829474 0.987227
vt -2.884143 1.992589
vt -3.262092 0.960589
vt -2.213351 0.829474
vn -0.508734 0.107536 0.854182
vn -0.508734 0.107536 0.854182
vn -0.508734 0.107536 0.854182
f 3597/3597/3597 3598/3598/3598 3599/3599/3599
v -2.876413 1.861474 0.814103
v -3.529213 1.992589 0.645070
v -3.200579 0.829474 0.987227
vt -2.062310 1.861474
vt -2.884143 1.992589
vt -2.213351 0.829474
vn -0.202033 0.223426 0.953553
vn -0.202033 0.223426 0.953553
vn -0.202033 0.223426 0.953553
f 3600/3600/3600 3601/3601/3601 3602/3602/3602
v -4.017711 1.986086 0.098164
v -4.234133 0.954086 -0.159318
v -3.847512 0.960589 0.585420
vt -3.919547 1.986086
vt -4.393452 0.954086
vt -3.262092 0.960589
vn -0.885534 0.071164 0.459092
vn -0.885534 0.071164 0.459092
vn -0.885534 0.071164 0.459092
f 3603/3603/3603 3604/3604/3604 3605/3605/3605
v -3.529213 1.992589 0.645070
v -4.017711 1.986086 0.098164
v -3.847512 0.960589 0.585420
vt -2.884143 1.992589
vt -3.919547 1.986086
vt -3.262092 0.960589
vn -0.733552 0.188507 0.652968
vn -0.733552 0.188507 0.652968
vn -0.733552 0.188507 0.652968
f 3606/3606/3606 3607/3607/3607 3608/3608/3608
v -3.680293 1.860383 -0.506245
v -3.617386 0.828383 -0.810730
v -4.234133 0.954086 -0.159318
vt -4.186538 1.860383
vt -4.428116 0.828383
vt -4.393452 0.954086
vn -0.700717 0.162265 -0.694741
vn -0.700717 0.162265 -0.694741
vn -0.700717 0.162265 -0.694741
f 3609/3609/3609 3610/3610/3610 3611/3611/3611
v -4.017711 1.986086 0.098164
v -3.680293 1.860383 -0.506245
v -4.234133 0.954086 -0.159318
vt -3.919547 1.986086
vt -4.186538 1.860383
vt -4.393452 0.954086
vn -0.806219 0.296767 -0.511801
vn -0.806219 0.296767 -0.511801
vn -0.806219 0.296767 -0.511801
f 3612/3612/3612 3613/3613/3613 3614/3614/3614
v -3.121775 1.971508 -0.814103
v -2.802361 0.939508 -0.987227
v -3.617386 0.828383 -0.810730
vt -3.935878 1.971508
vt -3.789589 0.939508
vt -4.428116 0.828383
vn -0.222913 0.093783 -0.970317
vn -0.222913 0.093783 -0.970317
vn -0.222913 0.093783 -0.970317
f 3615/3615/3615 3616/3616/3616 3617/3617/3617
v -3.680293 1.860383 -0.506245
v -3.121775 1.971508 -0.814103
v -3.617386 0.828383 -0.810730
vt -4.186538 1.860383
vt -3.935878 1.971508
vt -4.428116 0.828383
vn -0.503945 0.216022 -0.836286
vn -0.503945 0.216022 -0.836286
vn -0.503945 0.216022 -0.836286
f 3618/3618/3618 3619/3619/3619 3620/3620/3620
v -2.461103 2.004722 -0.645070
v -2.136980 0.972722 -0.585420
v -2.802361 0.939508 -0.987227
vt -3.106174 2.004722
vt -2.722400 0.972722
vt -3.789589 0.939508
vn 0.509694 0.110766 -0.853195
vn 0.509694 0.110766 -0.853195
vn 0.509694 0.110766 -0.853195
f 3621/3621/3621 3622/3622/3622 3623/3623/3623
v -3.121775 1.971508 -0.814103
v -2.461103 2.004722 -0.645070
v -2.802361 0.939508 -0.987227
vt -3.935878 1.971508
vt -3.106174 2.004722
vt -3.789589 0.939508
vn 0.230361 0.229921 -0.945553
vn 0.230361 0.229921 -0.945553
vn 0.230361 0.229921 -0.945553
f 3624/3624/3624 3625/3625/3625 3626/3626/3626
v -1.968444 2.009799 -0.098164
v -1.749077 0.977799 0.159318
v -2.136980 0.972722 -0.585420
vt -2.066608 2.009799
vt -1.589759 0.977799
vt -2.722400 0.972722
vn 0.884339 0.072933 -0.461113
vn 0.884339 0.072933 -0.461113
vn 0.884339 0.072933 -0.461113
f 3627/3627/3627 3628/3628/3628 3629/3629/3629
v -2.461103 2.004722 -0.645070
v -1.968444 2.009799 -0.098164
v -2.136980 0.972722 -0.585420
vt -3.106174 2.004722
vt -2.066608 2.009799
vt -2.722400 0.972722
vn 0.728469 0.190761 -0.657984
vn 0.728469 0.190761 -0.657984
vn 0.728469 0.190761 -0.657984
f 3630/3630/3630 3631/3631/3631 3632/3632/3632
v -2.697495 2.420097 0.342609
v -2.331154 1.964097 0.506245
v -1.968444 2.009799 -0.098164
vt -2.354886 2.420097
vt -1.824908 1.964097
vt -2.066608 2.009799
vn 0.625252 0.654728 0.424725
vn 0.625252 0.654728 0.424725
vn 0.625252 0.654728 0.424725
f 3633/3633/3633 3634/3634/3634 3635/3635/3635
v -2.431625 2.465799 0.035962
v -2.697495 2.420097 0.342609
v -1.968444 2.009799 -0.098164
vt -2.395664 2.465799
vt -2.354886 2.420097
vt -2.066608 2.009799
vn 0.634619 0.462497 0.619157
vn 0.634619 0.462497 0.619157
vn 0.634619 0.462497 0.619157
f 3636/3636/3636 3637/3637/3637 3638/3638/3638
v -3.045275 2.317474 0.448561
v -2.876413 1.861474 0.814103
v -2.331154 1.964097 0.506245
vt -2.596714 2.317474
vt -2.062310 1.861474
vt -1.824908 1.964097
vn 0.270642 0.661151 0.699737
vn 0.270642 0.661151 0.699737
vn 0.270642 0.661151 0.699737
f 3639/3639/3639 3640/3640/3640 3641/3641/3641
v -2.697495 2.420097 0.342609
v -3.045275 2.317474 0.448561
v -2.331154 1.964097 0.506245
vt -2.354886 2.420097
vt -2.596714 2.317474
vt -1.824908 1.964097
vn 0.142918 0.434015 0.889497
vn 0.142918 0.434015 0.889497
vn 0.142918 0.434015 0.889497
f 3642/3642/3642 3643/3643/3643 3644/3644/3644
v -3.358153 2.448589 0.291752
v -3.529213 1.992589 0.645070
v -2.876413 1.861474 0.814103
vt -3.066401 2.448589
vt -2.884143 1.992589
vt -2.062310 1.861474
vn -0.074417 0.628079 0.774583
vn -0.074417 0.628079 0.774583
vn -0.074417 0.628079 0.774583
f 3645/3645/3645 3646/3646/3646 3647/3647/3647
v -3.045275 2.317474 0.448561
v -3.358153 2.448589 0.291752
v -2.876413 1.861474 0.814103
vt -2.596714 2.317474
vt -3.066401 2.448589
vt -2.062310 1.861474
vn -0.156112 0.581962 0.798091
vn -0.156112 0.581962 0.798091
vn -0.156112 0.581962 0.798091
f 3648/3648/3648 3649/3649/3649 3650/3650/3650
v -3.560746 2.442086 -0.035962
v -4.017711 1.986086 0.098164
v -3.529213 1.992589 0.645070
vt -3.596708 2.442086
vt -3.919547 1.986086
vt -2.884143 1.992589
vn -0.545549 0.687626 0.479109
vn -0.545549 0.687626 0.479109
vn -0.545549 0.687626 0.479109
f 3651/3651/3651 3652/3652/3652 3653/3653/3653
v -3.358153 2.448589 0.291752
v -3.560746 2.442086 -0.035962
v -3.529213 1.992589 0.645070
vt -3.066401 2.448589
vt -3.596708 2.442086
vt -2.884143 1.992589
vn -0.695145 0.584752 0.418137
vn -0.695145 0.584752 0.418137
vn -0.695145 0.584752 0.418137
f 3654/3654/3654 3655/3655/3655 3656/3656/3656
v -3.307682 2.316383 -0.342609
v -3.680293 1.860383 -0.506245
v -4.017711 1.986086 0.098164
vt -3.650291 2.316383
vt -4.186538 1.860383
vt -3.919547 1.986086
vn -0.594626 0.653804 -0.467931
vn -0.594626 0.653804 -0.467931
vn -0.594626 0.653804 -0.467931
f 3657/3657/3657 3658/3658/3658 3659/3659/3659
v -3.560746 2.442086 -0.035962
v -3.307682 2.316383 -0.342609
v -4.017711 1.986086 0.098164
vt -3.596708 2.442086
vt -3.650291 2.316383
vt -3.919547 1.986086
vn -0.611308 0.414264 -0.674305
vn -0.611308 0.414264 -0.674305
vn -0.611308 0.414264 -0.674305
f 3660/3660/3660 3661/3661/3661 3662/3662/3662
v -2.955389 2.427508 -0.448561
v -3.121775 1.971508 -0.814103
v -3.680293 1.860383 -0.506245
vt -3.403949 2.427508
vt -3.935878 1.971508
vt -4.186538 1.860383
vn -0.461582 0.651265 -0.602326
vn -0.461582 0.651265 -0.602326
vn -0.461582 0.651265 -0.602326
f 3663/3663/3663 3664/3664/3664 3665/3665/3665
v -3.307682 2.316383 -0.342609
v -2.955389 2.427508 -0.448561
v -3.680293 1.860383 -0.506245
vt -3.650291 2.316383
vt -3.403949 2.427508
vt -4.186538 1.860383
vn -0.396880 0.579681 -0.711657
vn -0.396880 0.579681 -0.711657
vn -0.396880 0.579681 -0.711657
f 3666/3666/3666 3667/3667/3667 3668/3668/3668
v -2.635294 2.460722 -0.291752
v -2.461103 2.004722 -0.645070
v -3.121775 1.971508 -0.814103
vt -2.927045 2.460722
vt -3.106174 2.004722
vt -3.935878 1.971508
vn 0.159588 0.642006 -0.749907
vn 0.159588 0.642006 -0.749907
vn 0.159588 0.642006 -0.749907
f 3669/3669/3669 3670/3670/3670 3671/3671/3671
v -2.955389 2.427508 -0.448561
v -2.635294 2.460722 -0.291752
v -3.121775 1.971508 -0.814103
vt -3.403949 2.427508
vt -2.927045 2.460722
vt -3.935878 1.971508
vn 0.334410 0.512159 -0.791115
vn 0.334410 0.512159 -0.791115
vn 0.334410 0.512159 -0.791115
f 3672/3672/3672 3673/3673/3673 3674/3674/3674
v -2.431625 2.465799 0.035962
v -1.968444 2.009799 -0.098164
v -2.461103 2.004722 -0.645070
vt -2.395664 2.465799
vt -2.066608 2.009799
vt -3.106174 2.004722
vn 0.535880 0.688185 -0.489116
vn 0.535880 0.688185 -0.489116
vn 0.535880 0.688185 -0.489116
f 3675/3675/3675 3676/3676/3676 3677/3677/3677
v -2.635294 2.460722 -0.291752
v -2.431625 2.465799 0.035962
v -2.461103 2.004722 -0.645070
vt -2.927045 2.460722
vt -2.395664 2.465799
vt -3.106174 2.004722
vn 0.679286 0.593714 -0.431363
vn 0.679286 0.593714 -0.431363
vn 0.679286 0.593714 -0.431363
f 3678/3678/3678 3679/3679/3679 3680/3680/3680
v 5.004719 3.591331 -7.000000
v 4.931776 3.625618 -5.783776
v 4.300000 3.658155 -5.280000
v 3.671133 3.596788 -5.783776
v 3.587063 3.615326 -7.000000
v 3.674478 3.661264 -8.216224
v 4.300000 3.604492 -8.720000
v 4.921763 3.605805 -8.216224
vt -1.995281 3.591331
vt -0.852001 3.625618
vt -0.980000 3.658155
vt -2.112644 3.596788
vt -3.412937 3.615326
vt -4.541746 3.661264
vt -4.420000 3.604492
vt -3.294460 3.605805
vn -0.030454 -0.999189 0.026342
vn -0.030454 -0.999189 0.026342
vn -0.030454 -0.999189 0.026342
vn -0.030454 -0.999189 0.026342
vn -0.030454 -0.999189 0.026342
vn -0.030454 -0.999189 0.026342
vn -0.030454 -0.999189 0.026342
vn -0.030454 -0.999189 0.026342
f 3681/3681/3681 3682/3682/3682 3683/3683/3683
f 3681/3681/3681 3683/3683/3683 3684/3684/3684
f 3681/3681/3681 3684/3684/3684 3685/3685/3685
f 3681/3681/3681 3685/3685/3685 3686/3686/3686
f 3681/3681/3681 3686/3686/3686 3687/3687/3687
f 3681/3681/3681 3687/3687/3687 3688/3688/3688
v 4.676573 4.655805 -7.627266
v 4.332274 4.654492 -7.964406
v 3.977388 4.711264 -7.736609
v 3.900255 4.665326 -7.077317
v 3.919125 4.646788 -6.372734
v 4.268151 4.708155 -6.035594
v 4.625838 4.675618 -6.263391
v 4.695136 4.641331 -6.922683
vt -2.950693 4.655805
vt -3.632132 4.654492
vt -3.759222 4.711264
vt -3.177062 4.665326
vt -2.453609 4.646788
vt -1.767443 4.708155
vt -1.637553 4.675618
vt -2.227546 4.641331
vn 0.094217 0.990509 -0.100077
vn 0.094217 0.990509 -0.100077
vn 0.094217 0.990509 -0.100077
vn 0.094217 0.990509 -0.100077
vn 0.094217 0.990509 -0.100077
vn 0.094217 0.990509 -0.100077
vn 0.094217 0.990509 -0.100077
vn 0.094217 0.990509 -0.100077
f 3689/3689/3689 3690/3690/3690 3691/3691/3691
f 3689/3689/3689 3691/3691/3691 3692/3692/3692
f 3689/3689/3689 3692/3692/3692 3693/3693/3693
f 3689/3689/3689 3693/3693/3693 3694/3694/3694
f 3689/3689/3689 3694/3694/3694 3695/3695/3695
f 3689/3689/3689 3695/3695/3695 3696/3696/3696
v 4.953816 4.024618 -5.256930
v 4.931776 3.625618 -5.783776
v 5.004719 3.591331 -7.000000
vt -0.303114 4.024618
vt -0.852001 3.625618
vt -1.995281 3.591331
vn 0.988414 -0.138011 0.063171
vn 0.988414 -0.138011 0.063171
vn 0.988414 -0.138011 0.063171
f 3697/3697/3697 3698/3698/3698 3699/3699/3699
v 5.169647 3.990331 -6.657466
v 4.953816 4.024618 -5.256930
v 5.004719 3.591331 -7.000000
vt -1.487819 3.990331
vt -0.303114 4.024618
vt -1.995281 3.591331
vn 0.864257 -0.481707 0.144980
vn 0.864257 -0.481707 0.144980
vn 0.864257 -0.481707 0.144980
f 3700/3700/3700 3701/3701/3701 3702/3702/3702
v 4.158901 4.057155 -4.877461
v 4.300000 3.658155 -5.280000
v 4.931776 3.625618 -5.783776
vt -0.718560 4.057155
vt -0.980000 3.658155
vt -0.852001 3.625618
vn 0.520898 -0.507932 0.686053
vn 0.520898 -0.507932 0.686053
vn 0.520898 -0.507932 0.686053
f 3703/3703/3703 3704/3704/3704 3705/3705/3705
v 4.953816 4.024618 -5.256930
v 4.158901 4.057155 -4.877461
v 4.931776 3.625618 -5.783776
vt -0.303114 4.024618
vt -0.718560 4.057155
vt -0.852001 3.625618
vn 0.244506 -0.777883 0.578891
vn 0.244506 -0.777883 0.578891
vn 0.244506 -0.777883 0.578891
f 3706/3706/3706 3707/3707/3707 3708/3708/3708
v 3.398719 3.995788 -5.741347
v 3.671133 3.596788 -5.783776
v 4.300000 3.658155 -5.280000
vt -2.342628 3.995788
vt -2.112644 3.596788
vt -0.980000 3.658155
vn -0.534351 -0.441475 0.720812
vn -0.534351 -0.441475 0.720812
vn -0.534351 -0.441475 0.720812
f 3709/3709/3709 3710/3710/3710 3711/3711/3711
v 4.158901 4.057155 -4.877461
v 3.398719 3.995788 -5.741347
v 4.300000 3.658155 -5.280000
vt -0.718560 4.057155
vt -2.342628 3.995788
vt -0.980000 3.658155
vn -0.517177 -0.691583 0.504222
vn -0.517177 -0.691583 0.504222
vn -0.517177 -0.691583 0.504222
f 3712/3712/3712 3713/3713/3713 3714/3714/3714
v 3.420211 4.014326 -7.342534
v 3.587063 3.615326 -7.000000
v 3.671133 3.596788 -5.783776
vt -3.922323 4.014326
vt -3.412937 3.615326
vt -2.112644 3.596788
vn -0.938134 -0.341097 0.059648
vn -0.938134 -0.341097 0.059648
vn -0.938134 -0.341097 0.059648
f 3715/3715/3715 3716/3716/3716 3717/3717/3717
v 3.398719 3.995788 -5.741347
v 3.420211 4.014326 -7.342534
v 3.671133 3.596788 -5.783776
vt -2.342628 3.995788
vt -3.922323 4.014326
vt -2.112644 3.596788
vn -0.826615 -0.562492 -0.017608
vn -0.826615 -0.562492 -0.017608
vn -0.826615 -0.562492 -0.017608
f 3718/3718/3718 3719/3719/3719 3720/3720/3720
v 3.652656 4.060264 -8.743070
v 3.674478 3.661264 -8.216224
v 3.587063 3.615326 -7.000000
vt -5.090414 4.060264
vt -4.541746 3.661264
vt -3.412937 3.615326
vn -0.984925 -0.155075 -0.076648
vn -0.984925 -0.155075 -0.076648
vn -0.984925 -0.155075 -0.076648
f 3721/3721/3721 3722/3722/3722 3723/3723/3723
v 3.420211 4.014326 -7.342534
v 3.652656 4.060264 -8.743070
v 3.587063 3.615326 -7.000000
vt -3.922323 4.014326
vt -5.090414 4.060264
vt -3.412937 3.615326
vn -0.855295 -0.493420 -0.158136
vn -0.855295 -0.493420 -0.158136
vn -0.855295 -0.493420 -0.158136
f 3724/3724/3724 3725/3725/3725 3726/3726/3726
v 4.442981 4.003492 -9.122539
v 4.300000 3.604492 -8.720000
v 3.674478 3.661264 -8.216224
vt -4.679558 4.003492
vt -4.420000 3.604492
vt -4.541746 3.661264
vn -0.580254 -0.465962 -0.667971
vn -0.580254 -0.465962 -0.667971
vn -0.580254 -0.465962 -0.667971
f 3727/3727/3727 3728/3728/3728 3729/3729/3729
v 3.652656 4.060264 -8.743070
v 4.442981 4.003492 -9.122539
v 3.674478 3.661264 -8.216224
vt -5.090414 4.060264
vt -4.679558 4.003492
vt -4.541746 3.661264
vn -0.324678 -0.760420 -0.562446
vn -0.324678 -0.760420 -0.562446
vn -0.324678 -0.760420 -0.562446
f 3730/3730/3730 3731/3731/3731 3732/3732/3732
v 5.191100 4.004805 -8.258653
v 4.921763 3.605805 -8.216224
v 4.300000 3.604492 -8.720000
vt -3.067553 4.004805
vt -3.294460 3.605805
vt -4.420000 3.604492
vn 0.561851 -0.452881 -0.692259
vn 0.561851 -0.452881 -0.692259
vn 0.561851 -0.452881 -0.692259
f 3733/3733/3733 3734/3734/3734 3735/3735/3735
v 4.442981 4.003492 -9.122539
v 5.191100 4.004805 -8.258653
v 4.300000 3.604492 -8.720000
vt -4.679558 4.003492
vt -3.067553 4.004805
vt -4.420000 3.604492
vn 0.553854 -0.681315 -0.478598
vn 0.553854 -0.681315 -0.478598
vn 0.553854 -0.681315 -0.478598
f 3736/3736/3736 3737/3737/3737 3738/3738/3738
v 5.169647 3.990331 -6.657466
v 5.004719 3.591331 -7.000000
v 4.921763 3.605805 -8.216224
vt -1.487819 3.990331
vt -1.995281 3.591331
vt -3.294460 3.605805
vn 0.941309 -0.330598 -0.068139
vn 0.941309 -0.330598 -0.068139
vn 0.941309 -0.330598 -0.068139
f 3739/3739/3739 3740/3740/3740 3741/3741/3741
v 5.191100 4.004805 -8.258653
v 5.169647 3.990331 -6.657466
v 4.921763 3.605805 -8.216224
vt -3.067553 4.004805
vt -1.487819 3.990331
vt -3.294460 3.605805
vn 0.829121 -0.559037 0.006055
vn 0.829121 -0.559037 0.006055
vn 0.829121 -0.559037 0.006055
f 3742/3742/3742 3743/3743/3743 3744/3744/3744
v 5.020435 4.476118 -5.911572
v 4.953816 4.024618 -5.256930
v 5.169647 3.990331 -6.657466
vt -0.891137 4.476118
vt -0.303114 4.024618
vt -1.487819 3.990331
vn 0.986014 0.072265 0.150182
vn 0.986014 0.072265 0.150182
vn 0.986014 0.072265 0.150182
f 3745/3745/3745 3746/3746/3746 3747/3747/3747
v 5.017142 4.441831 -7.211053
v 5.020435 4.476118 -5.911572
v 5.169647 3.990331 -6.657466
vt -2.193910 4.441831
vt -0.891137 4.476118
vt -1.487819 3.990331
vn 0.951210 0.308363 -0.010547
vn 0.951210 0.308363 -0.010547
vn 0.951210 0.308363 -0.010547
f 3748/3748/3748 3749/3749/3749 3750/3750/3750
v 4.386938 4.508655 -5.249678
v 4.158901 4.057155 -4.877461
v 4.953816 4.024618 -5.256930
vt -0.862740 4.508655
vt -0.718560 4.057155
vt -0.303114 4.024618
vn 0.398719 0.455029 0.796224
vn 0.398719 0.455029 0.796224
vn 0.398719 0.455029 0.796224
f 3751/3751/3751 3752/3752/3752 3753/3753/3753
v 5.020435 4.476118 -5.911572
v 4.386938 4.508655 -5.249678
v 4.953816 4.024618 -5.256930
vt -0.891137 4.476118
vt -0.862740 4.508655
vt -0.303114 4.024618
vn 0.563390 0.652214 0.507158
vn 0.563390 0.652214 0.507158
vn 0.563390 0.652214 0.507158
f 3754/3754/3754 3755/3755/3755 3756/3756/3756
v 3.737212 4.447288 -5.613099
v 3.398719 3.995788 -5.741347
v 4.158901 4.057155 -4.877461
vt -1.875887 4.447288
vt -2.342628 3.995788
vt -0.718560 4.057155
vn -0.712105 0.363208 0.600821
vn -0.712105 0.363208 0.600821
vn -0.712105 0.363208 0.600821
f 3757/3757/3757 3758/3758/3758 3759/3759/3759
v 4.386938 4.508655 -5.249678
v 3.737212 4.447288 -5.613099
v 4.158901 4.057155 -4.877461
vt -0.862740 4.508655
vt -1.875887 4.447288
vt -0.718560 4.057155
vn -0.399967 0.694788 0.597742
vn -0.399967 0.694788 0.597742
vn -0.399967 0.694788 0.597742
f 3760/3760/3760 3761/3761/3761 3762/3762/3762
v 3.574494 4.465826 -6.788947
v 3.420211 4.014326 -7.342534
v 3.398719 3.995788 -5.741347
vt -3.214453 4.465826
vt -3.922323 4.014326
vt -2.342628 3.995788
vn -0.942890 0.332988 -0.008801
vn -0.942890 0.332988 -0.008801
vn -0.942890 0.332988 -0.008801
f 3763/3763/3763 3764/3764/3764 3765/3765/3765
v 3.737212 4.447288 -5.613099
v 3.574494 4.465826 -6.788947
v 3.398719 3.995788 -5.741347
vt -1.875887 4.447288
vt -3.214453 4.465826
vt -2.342628 3.995788
vn -0.810431 0.573163 0.121186
vn -0.810431 0.573163 0.121186
vn -0.810431 0.573163 0.121186
f 3766/3766/3766 3767/3767/3767 3768/3768/3768
v 3.586696 4.511764 -8.088428
v 3.652656 4.060264 -8.743070
v 3.420211 4.014326 -7.342534
vt -4.501732 4.511764
vt -5.090414 4.060264
vt -3.922323 4.014326
vn -0.983080 0.088732 -0.160250
vn -0.983080 0.088732 -0.160250
vn -0.983080 0.088732 -0.160250
f 3769/3769/3769 3770/3770/3770 3771/3771/3771
v 3.574494 4.465826 -6.788947
v 3.586696 4.511764 -8.088428
v 3.420211 4.014326 -7.342534
vt -3.214453 4.465826
vt -4.501732 4.511764
vt -3.922323 4.014326
vn -0.947187 0.320671 0.002442
vn -0.947187 0.320671 0.002442
vn -0.947187 0.320671 0.002442
f 3772/3772/3772 3773/3773/3773 3774/3774/3774
v 4.211902 4.454992 -8.750322
v 4.442981 4.003492 -9.122539
v 3.652656 4.060264 -8.743070
vt -4.538420 4.454992
vt -4.679558 4.003492
vt -5.090414 4.060264
vn -0.350787 0.482244 -0.802738
vn -0.350787 0.482244 -0.802738
vn -0.350787 0.482244 -0.802738
f 3775/3775/3775 3776/3776/3776 3777/3777/3777
v 3.586696 4.511764 -8.088428
v 4.211902 4.454992 -8.750322
v 3.652656 4.060264 -8.743070
vt -4.501732 4.511764
vt -4.538420 4.454992
vt -5.090414 4.060264
vn -0.494756 0.691290 -0.526626
vn -0.494756 0.691290 -0.526626
vn -0.494756 0.691290 -0.526626
f 3778/3778/3778 3779/3779/3779 3780/3780/3780
v 4.856431 4.456305 -8.386901
v 5.191100 4.004805 -8.258653
v 4.442981 4.003492 -9.122539
vt -3.530470 4.456305
vt -3.067553 4.004805
vt -4.679558 4.003492
vn 0.707759 0.350370 -0.613447
vn 0.707759 0.350370 -0.613447
vn 0.707759 0.350370 -0.613447
f 3781/3781/3781 3782/3782/3782 3783/3783/3783
v 4.211902 4.454992 -8.750322
v 4.856431 4.456305 -8.386901
v 4.442981 4.003492 -9.122539
vt -4.538420 4.454992
vt -3.530470 4.456305
vt -4.679558 4.003492
vn 0.351575 0.696042 -0.626036
vn 0.351575 0.696042 -0.626036
vn 0.351575 0.696042 -0.626036
f 3784/3784/3784 3785/3785/3785 3786/3786/3786
v 5.017142 4.441831 -7.211053
v 5.169647 3.990331 -6.657466
v 5.191100 4.004805 -8.258653
vt -2.193910 4.441831
vt -1.487819 3.990331
vt -3.067553 4.004805
vn 0.941319 0.337153 0.015660
vn 0.941319 0.337153 0.015660
vn 0.941319 0.337153 0.015660
f 3787/3787/3787 3788/3788/3788 3789/3789/3789
v 4.856431 4.456305 -8.386901
v 5.017142 4.441831 -7.211053
v 5.191100 4.004805 -8.258653
vt -3.530470 4.456305
vt -2.193910 4.441831
vt -3.067553 4.004805
vn 0.812917 0.573009 -0.104053
vn 0.812917 0.573009 -0.104053
vn 0.812917 0.573009 -0.104053
f 3790/3790/3790 3791/3791/3791 3792/3792/3792
v 4.625838 4.675618 -6.263391
v 5.020435 4.476118 -5.911572
v 5.017142 4.441831 -7.211053
vt -1.637553 4.675618
vt -0.891137 4.476118
vt -2.193910 4.441831
vn 0.468361 0.883198 -0.024490
vn 0.468361 0.883198 -0.024490
vn 0.468361 0.883198 -0.024490
f 3793/3793/3793 3794/3794/3794 3795/3795/3795
v 4.695136 4.641331 -6.922683
v 4.625838 4.675618 -6.263391
v 5.017142 4.441831 -7.211053
vt -2.227546 4.641331
vt -1.637553 4.675618
vt -2.193910 4.441831
vn 0.534522 0.845066 0.012236
vn 0.534522 0.845066 0.012236
vn 0.534522 0.845066 0.012236
f 3796/3796/3796 3797/3797/3797 3798/3798/3798
v 4.268151 4.708155 -6.035594
v 4.386938 4.508655 -5.249678
v 5.020435 4.476118 -5.911572
vt -1.767443 4.708155
vt -0.862740 4.508655
vt -0.891137 4.476118
vn 0.258355 0.944947 0.200820
vn 0.258355 0.944947 0.200820
vn 0.258355 0.944947 0.200820
f 3799/3799/3799 3800/3800/3800 3801/3801/3801
v 4.625838 4.675618 -6.263391
v 4.268151 4.708155 -6.035594
v 5.020435 4.476118 -5.911572
vt -1.637553 4.675618
vt -1.767443 4.708155
vt -0.891137 4.476118
vn 0.246660 0.935301 0.253714
vn 0.246660 0.935301 0.253714
vn 0.246660 0.935301 0.253714
f 3802/3802/3802 3803/3803/3803 3804/3804/3804
v 3.919125 4.646788 -6.372734
v 3.737212 4.447288 -5.613099
v 4.386938 4.508655 -5.249678
vt -2.453609 4.646788
vt -1.875887 4.447288
vt -0.862740 4.508655
vn -0.203854 0.957783 0.202721
vn -0.203854 0.957783 0.202721
vn -0.203854 0.957783 0.202721
f 3805/3805/3805 3806/3806/3806 3807/3807/3807
v 4.268151 4.708155 -6.035594
v 3.919125 4.646788 -6.372734
v 4.386938 4.508655 -5.249678
vt -1.767443 4.708155
vt -2.453609 4.646788
vt -0.862740 4.508655
vn -0.424170 0.860387 0.282515
vn -0.424170 0.860387 0.282515
vn -0.424170 0.860387 0.282515
f 3808/3808/3808 3809/3809/3809 3810/3810/3810
v 3.900255 4.665326 -7.077317
v 3.574494 4.465826 -6.788947
v 3.737212 4.447288 -5.613099
vt -3.177062 4.665326
vt -3.214453 4.465826
vt -1.875887 4.447288
vn -0.468998 0.879680 0.078770
vn -0.468998 0.879680 0.078770
vn -0.468998 0.879680 0.078770
f 3811/3811/3811 3812/3812/3812 3813/3813/3813
v 3.919125 4.646788 -6.372734
v 3.900255 4.665326 -7.077317
v 3.737212 4.447288 -5.613099
vt -2.453609 4.646788
vt -3.177062 4.665326
vt -1.875887 4.447288
vn -0.663339 0.747382 0.037429
vn -0.663339 0.747382 0.037429
vn -0.663339 0.747382 0.037429
f 3814/3814/3814 3815/3815/3815 3816/3816/3816
v 3.977388 4.711264 -7.736609
v 3.586696 4.511764 -8.088428
v 3.574494 4.465826 -6.788947
vt -3.759222 4.711264
vt -4.501732 4.511764
vt -3.214453 4.465826
vn -0.473560 0.880357 0.026675
vn -0.473560 0.880357 0.026675
vn -0.473560 0.880357 0.026675
f 3817/3817/3817 3818/3818/3818 3819/3819/3819
v 3.900255 4.665326 -7.077317
v 3.977388 4.711264 -7.736609
v 3.574494 4.465826 -6.788947
vt -3.177062 4.665326
vt -3.759222 4.711264
vt -3.214453 4.465826
vn -0.523462 0.852047 -0.001873
vn -0.523462 0.852047 -0.001873
vn -0.523462 0.852047 -0.001873
f 3820/3820/3820 3821/3821/3821 3822/3822/3822
v 4.332274 4.654492 -7.964406
v 4.211902 4.454992 -8.750322
v 3.586696 4.511764 -8.088428
vt -3.632132 4.654492
vt -4.538420 4.454992
vt -4.501732 4.511764
vn -0.147566 0.963803 -0.222054
vn -0.147566 0.963803 -0.222054
vn -0.147566 0.963803 -0.222054
f 3823/3823/3823 3824/3824/3824 3825/3825/3825
v 3.977388 4.711264 -7.736609
v 4.332274 4.654492 -7.964406
v 3.586696 4.511764 -8.088428
vt -3.759222 4.711264
vt -3.632132 4.654492
vt -4.501732 4.511764
vn -0.108585 0.911647 -0.396370
vn -0.108585 0.911647 -0.396370
vn -0.108585 0.911647 -0.396370
f 3826/3826/3826 3827/3827/3827 3828/3828/3828
v 4.676573 4.655805 -7.627266
v 4.856431 4.456305 -8.386901
v 4.211902 4.454992 -8.750322
vt -2.950693 4.655805
vt -3.530470 4.456305
vt -4.538420 4.454992
vn 0.124530 0.966520 -0.224348
vn 0.124530 0.966520 -0.224348
vn 0.124530 0.966520 -0.224348
f 3829/3829/3829 3830/3830/3830 3831/3831/3831
v 4.332274 4.654492 -7.964406
v 4.676573 4.655805 -7.627266
v 4.211902 4.454992 -8.750322
vt -3.632132 4.654492
vt -2.950693 4.655805
vt -4.538420 4.454992
vn 0.266004 0.923839 -0.275252
vn 0.266004 0.923839 -0.275252
vn 0.266004 0.923839 -0.275252
f 3832/3832/3832 3833/3833/3833 3834/3834/3834
v 4.695136 4.641331 -6.922683
v 5.017142 4.441831 -7.211053
v 4.856431 4.456305 -8.386901
vt -2.227546 4.641331
vt -2.193910 4.441831
vt -3.530470 4.456305
vn 0.489034 0.870457 -0.056125
vn 0.489034 0.870457 -0.056125
vn 0.489034 0.870457 -0.056125
f 3835/3835/3835 3836/3836/3836 3837/3837/3837
v 4.676573 4.655805 -7.627266
v 4.695136 4.641331 -6.922683
v 4.856431 4.456305 -8.386901
vt -2.950693 4.655805
vt -2.227546 4.641331
vt -3.530470 4.456305
vn 0.732560 0.680682 -0.005318
vn 0.732560 0.680682 -0.005318
vn 0.732560 0.680682 -0.005318
f 3838/3838/3838 3839/3839/3839 3840/3840/3840
v 8.602769 3.661315 -7.000000
v 8.193548 3.615013 -5.783776
v 7.700000 3.596997 -5.280000
v 7.205015 3.658294 -5.783776
v 6.801291 3.625293 -7.000000
v 7.203089 3.591463 -8.216224
v 7.700000 3.652620 -8.720000
v 8.199312 3.635549 -8.216224
vt 1.602769 3.661315
vt 2.409772 3.615013
vt 2.420000 3.596997
vt 1.421239 3.658294
vt -0.198709 3.625293
vt -1.013135 3.591463
vt -1.020000 3.652620
vt -0.016911 3.635549
vn -0.003587 -0.999223 -0.039248
vn -0.003587 -0.999223 -0.039248
vn -0.003587 -0.999223 -0.039248
vn -0.003587 -0.999223 -0.039248
vn -0.003587 -0.999223 -0.039248
vn -0.003587 -0.999223 -0.039248
vn -0.003587 -0.999223 -0.039248
vn -0.003587 -0.999223 -0.039248
f 3841/3841/3841 3842/3842/3842 3843/3843/3843
f 3841/3841/3841 3843/3843/3843 3844/3844/3844
f 3841/3841/3841 3844/3844/3844 3845/3845/3845
f 3841/3841/3841 3845/3845/3845 3846/3846/3846
f 3841/3841/3841 3846/3846/3846 3847/3847/3847
f 3841/3841/3841 3847/3847/3847 3848/3848/3848
v 8.002410 4.685549 -7.627266
v 7.740261 4.702620 -7.964406
v 7.443719 4.641463 -7.736609
v 7.196093 4.675293 -7.077317
v 7.400211 4.708294 -6.372734
v 7.659494 4.646997 -6.035594
v 7.954547 4.665013 -6.263391
v 8.206184 4.711315 -6.922683
vt 0.375144 4.685549
vt -0.224145 4.702620
vt -0.292891 4.641463
vt 0.118776 4.675293
vt 1.027477 4.708294
vt 1.623900 4.646997
vt 1.691156 4.665013
vt 1.283501 4.711315
vn -0.103305 0.986084 0.130258
vn -0.103305 0.986084 0.130258
vn -0.103305 0.986084 0.130258
vn -0.103305 0.986084 0.130258
vn -0.103305 0.986084 0.130258
vn -0.103305 0.986084 0.130258
vn -0.103305 0.986084 0.130258
vn -0.103305 0.986084 0.130258
f 3849/3849/3849 3850/3850/3850 3851/3851/3851
f 3849/3849/3849 3851/3851/3851 3852/3852/3852
f 3849/3849/3849 3852/3852/3852 3853/3853/3853
f 3849/3849/3849 3853/3853/3853 3854/3854/3854
f 3849/3849/3849 3854/3854/3854 3855/3855/3855
f 3849/3849/3849 3855/3855/3855 3856/3856/3856
v 8.210766 4.014013 -5.256930
v 8.193548 3.615013 -5.783776
v 8.602769 3.661315 -7.000000
vt 2.953836 4.014013
vt 2.409772 3.615013
vt 1.602769 3.661315
vn 0.871371 -0.404405 0.277793
vn 0.871371 -0.404405 0.277793
vn 0.871371 -0.404405 0.277793
f 3857/3857/3857 3858/3858/3858 3859/3859/3859
v 8.814048 4.060315 -6.657466
v 8.210766 4.014013 -5.256930
v 8.602769 3.661315 -7.000000
vt 2.156582 4.060315
vt 2.953836 4.014013
vt 1.602769 3.661315
vn 0.720523 -0.630092 0.289535
vn 0.720523 -0.630092 0.289535
vn 0.720523 -0.630092 0.289535
f 3860/3860/3860 3861/3861/3861 3862/3862/3862
v 7.520550 3.995997 -4.877461
v 7.700000 3.596997 -5.280000
v 8.193548 3.615013 -5.783776
vt 2.643089 3.995997
vt 2.420000 3.596997
vt 2.409772 3.615013
vn 0.675121 -0.350982 0.648863
vn 0.675121 -0.350982 0.648863
vn 0.675121 -0.350982 0.648863
f 3863/3863/3863 3864/3864/3864 3865/3865/3865
v 8.210766 4.014013 -5.256930
v 7.520550 3.995997 -4.877461
v 8.193548 3.615013 -5.783776
vt 2.953836 4.014013
vt 2.643089 3.995997
vt 2.409772 3.615013
vn 0.329405 -0.757842 0.563176
vn 0.329405 -0.757842 0.563176
vn 0.329405 -0.757842 0.563176
f 3866/3866/3866 3867/3867/3867 3868/3868/3868
v 6.990596 4.057294 -5.741347
v 7.205015 3.658294 -5.783776
v 7.700000 3.596997 -5.280000
vt 1.249250 4.057294
vt 1.421239 3.658294
vt 2.420000 3.596997
vn -0.670948 -0.425163 0.607508
vn -0.670948 -0.425163 0.607508
vn -0.670948 -0.425163 0.607508
f 3869/3869/3869 3870/3870/3870 3871/3871/3871
v 7.520550 3.995997 -4.877461
v 6.990596 4.057294 -5.741347
v 7.700000 3.596997 -5.280000
vt 2.643089 3.995997
vt 1.249250 4.057294
vt 2.420000 3.596997
vn -0.660958 -0.659144 0.358698
vn -0.660958 -0.659144 0.358698
vn -0.660958 -0.659144 0.358698
f 3872/3872/3872 3873/3873/3873 3874/3874/3874
v 6.590963 4.024293 -7.342534
v 6.801291 3.625293 -7.000000
v 7.205015 3.658294 -5.783776
vt -0.751572 4.024293
vt -0.198709 3.625293
vt 1.421239 3.658294
vn -0.924303 -0.218741 0.312756
vn -0.924303 -0.218741 0.312756
vn -0.924303 -0.218741 0.312756
f 3875/3875/3875 3876/3876/3876 3877/3877/3877
v 6.990596 4.057294 -5.741347
v 6.590963 4.024293 -7.342534
v 7.205015 3.658294 -5.783776
vt 1.249250 4.057294
vt -0.751572 4.024293
vt 1.421239 3.658294
vn -0.848904 -0.479775 0.221763
vn -0.848904 -0.479775 0.221763
vn -0.848904 -0.479775 0.221763
f 3878/3878/3878 3879/3879/3879 3880/3880/3880
v 7.185754 3.990463 -8.743070
v 7.203089 3.591463 -8.216224
v 6.801291 3.625293 -7.000000
vt -1.557316 3.990463
vt -1.013135 3.591463
vt -0.198709 3.625293
vn -0.872084 -0.403490 -0.276883
vn -0.872084 -0.403490 -0.276883
vn -0.872084 -0.403490 -0.276883
f 3881/3881/3881 3882/3882/3882 3883/3883/3883
v 6.590963 4.024293 -7.342534
v 7.185754 3.990463 -8.743070
v 6.801291 3.625293 -7.000000
vt -0.751572 4.024293
vt -1.557316 3.990463
vt -0.198709 3.625293
vn -0.720548 -0.629479 -0.290803
vn -0.720548 -0.629479 -0.290803
vn -0.720548 -0.629479 -0.290803
f 3884/3884/3884 3885/3885/3885 3886/3886/3886
v 7.878366 4.051620 -9.122539
v 7.700000 3.652620 -8.720000
v 7.203089 3.591463 -8.216224
vt -1.244173 4.051620
vt -1.020000 3.652620
vt -1.013135 3.591463
vn -0.630145 -0.393578 -0.669338
vn -0.630145 -0.393578 -0.669338
vn -0.630145 -0.393578 -0.669338
f 3887/3887/3887 3888/3888/3888 3889/3889/3889
v 7.185754 3.990463 -8.743070
v 7.878366 4.051620 -9.122539
v 7.203089 3.591463 -8.216224
vt -1.557316 3.990463
vt -1.244173 4.051620
vt -1.013135 3.591463
vn -0.248978 -0.776005 -0.579505
vn -0.248978 -0.776005 -0.579505
vn -0.248978 -0.776005 -0.579505
f 3890/3890/3890 3891/3891/3891 3892/3892/3892
v 8.415605 4.034549 -8.258653
v 8.199312 3.635549 -8.216224
v 7.700000 3.652620 -8.720000
vt 0.156952 4.034549
vt -0.016911 3.635549
vt -1.020000 3.652620
vn 0.639037 -0.415264 -0.647447
vn 0.639037 -0.415264 -0.647447
vn 0.639037 -0.415264 -0.647447
f 3893/3893/3893 3894/3894/3894 3895/3895/3895
v 7.878366 4.051620 -9.122539
v 8.415605 4.034549 -8.258653
v 7.700000 3.652620 -8.720000
vt -1.244173 4.051620
vt 0.156952 4.034549
vt -1.020000 3.652620
vn 0.618273 -0.677807 -0.397890
vn 0.618273 -0.677807 -0.397890
vn 0.618273 -0.677807 -0.397890
f 3896/3896/3896 3897/3897/3897 3898/3898/3898
v 8.814048 4.060315 -6.657466
v 8.602769 3.661315 -7.000000
v 8.199312 3.635549 -8.216224
vt 2.156582 4.060315
vt 1.602769 3.661315
vt -0.016911 3.635549
vn 0.925013 -0.230579 -0.301969
vn 0.925013 -0.230579 -0.301969
vn 0.925013 -0.230579 -0.301969
f 3899/3899/3899 3900/3900/3900 3901/3901/3901
v 8.415605 4.034549 -8.258653
v 8.814048 4.060315 -6.657466
v 8.199312 3.635549 -8.216224
vt 0.156952 4.034549
vt 2.156582 4.060315
vt -0.016911 3.635549
vn 0.851378 -0.483224 -0.204083
vn 0.851378 -0.483224 -0.204083
vn 0.851378 -0.483224 -0.204083
f 3902/3902/3902 3903/3903/3903 3904/3904/3904
v 8.262810 4.465513 -5.911572
v 8.210766 4.014013 -5.256930
v 8.814048 4.060315 -6.657466
vt 2.351237 4.465513
vt 2.953836 4.014013
vt 2.156582 4.060315
vn 0.819990 0.438639 0.367713
vn 0.819990 0.438639 0.367713
vn 0.819990 0.438639 0.367713
f 3905/3905/3905 3906/3906/3906 3907/3907/3907
v 8.618684 4.511815 -7.211053
v 8.262810 4.465513 -5.911572
v 8.814048 4.060315 -6.657466
vt 1.407632 4.511815
vt 2.351237 4.465513
vt 2.156582 4.060315
vn 0.758697 0.609679 0.229500
vn 0.758697 0.609679 0.229500
vn 0.758697 0.609679 0.229500
f 3908/3908/3908 3909/3909/3909 3910/3910/3910
v 7.810568 4.447497 -5.249678
v 7.520550 3.995997 -4.877461
v 8.210766 4.014013 -5.256930
vt 2.560890 4.447497
vt 2.643089 3.995997
vt 2.953836 4.014013
vn 0.436018 0.388961 0.811540
vn 0.436018 0.388961 0.811540
vn 0.436018 0.388961 0.811540
f 3911/3911/3911 3912/3912/3912 3913/3913/3913
v 8.262810 4.465513 -5.911572
v 7.810568 4.447497 -5.249678
v 8.210766 4.014013 -5.256930
vt 2.351237 4.465513
vt 2.560890 4.447497
vt 2.953836 4.014013
vn 0.654849 0.596808 0.463672
vn 0.654849 0.596808 0.463672
vn 0.654849 0.596808 0.463672
f 3914/3914/3914 3915/3915/3915 3916/3916/3916
v 7.257026 4.508794 -5.613099
v 6.990596 4.057294 -5.741347
v 7.520550 3.995997 -4.877461
vt 1.643927 4.508794
vt 1.249250 4.057294
vt 2.643089 3.995997
vn -0.795856 0.324417 0.511240
vn -0.795856 0.324417 0.511240
vn -0.795856 0.324417 0.511240
f 3917/3917/3917 3918/3918/3918 3919/3919/3919
v 7.810568 4.447497 -5.249678
v 7.257026 4.508794 -5.613099
v 7.520550 3.995997 -4.877461
vt 2.560890 4.447497
vt 1.643927 4.508794
vt 2.643089 3.995997
vn -0.325282 0.717105 0.616402
vn -0.325282 0.717105 0.616402
vn -0.325282 0.717105 0.616402
f 3920/3920/3920 3921/3921/3921 3922/3922/3922
v 6.785448 4.475793 -6.788947
v 6.590963 4.024293 -7.342534
v 6.990596 4.057294 -5.741347
vt -0.003500 4.475793
vt -0.751572 4.024293
vt 1.249250 4.057294
vn -0.963429 0.123289 0.237917
vn -0.963429 0.123289 0.237917
vn -0.963429 0.123289 0.237917
f 3923/3923/3923 3924/3924/3924 3925/3925/3925
v 7.257026 4.508794 -5.613099
v 6.785448 4.475793 -6.788947
v 6.990596 4.057294 -5.741347
vt 1.643927 4.508794
vt -0.003500 4.475793
vt 1.249250 4.057294
vn -0.851063 0.408516 0.329857
vn -0.851063 0.408516 0.329857
vn -0.851063 0.408516 0.329857
f 3926/3926/3926 3927/3927/3927 3928/3928/3928
v 7.133356 4.441963 -8.088428
v 7.185754 3.990463 -8.743070
v 6.590963 4.024293 -7.342534
vt -0.955072 4.441963
vt -1.557316 3.990463
vt -0.751572 4.024293
vn -0.827801 0.428678 -0.361912
vn -0.827801 0.428678 -0.361912
vn -0.827801 0.428678 -0.361912
f 3929/3929/3929 3930/3930/3930 3931/3931/3931
v 6.785448 4.475793 -6.788947
v 7.133356 4.441963 -8.088428
v 6.590963 4.024293 -7.342534
vt -0.003500 4.475793
vt -0.955072 4.441963
vt -0.751572 4.024293
vn -0.767473 0.601733 -0.221140
vn -0.767473 0.601733 -0.221140
vn -0.767473 0.601733 -0.221140
f 3932/3932/3932 3933/3933/3933 3934/3934/3934
v 7.590100 4.503120 -8.750322
v 7.878366 4.051620 -9.122539
v 7.185754 3.990463 -8.743070
vt -1.160222 4.503120
vt -1.244173 4.051620
vt -1.557316 3.990463
vn -0.472381 0.361206 -0.803982
vn -0.472381 0.361206 -0.803982
vn -0.472381 0.361206 -0.803982
f 3935/3935/3935 3936/3936/3936 3937/3937/3937
v 7.133356 4.441963 -8.088428
v 7.590100 4.503120 -8.750322
v 7.185754 3.990463 -8.743070
vt -0.955072 4.441963
vt -1.160222 4.503120
vt -1.557316 3.990463
vn -0.708831 0.552876 -0.438048
vn -0.708831 0.552876 -0.438048
vn -0.708831 0.552876 -0.438048
f 3938/3938/3938 3939/3939/3939 3940/3940/3940
v 8.146847 4.486049 -8.386901
v 8.415605 4.034549 -8.258653
v 7.878366 4.051620 -9.122539
vt -0.240054 4.486049
vt 0.156952 4.034549
vt -1.244173 4.051620
vn 0.802266 0.337734 -0.492245
vn 0.802266 0.337734 -0.492245
vn 0.802266 0.337734 -0.492245
f 3941/3941/3941 3942/3942/3942 3943/3943/3943
v 7.590100 4.503120 -8.750322
v 8.146847 4.486049 -8.386901
v 7.878366 4.051620 -9.122539
vt -1.160222 4.503120
vt -0.240054 4.486049
vt -1.244173 4.051620
vn 0.394004 0.721235 -0.569720
vn 0.394004 0.721235 -0.569720
vn 0.394004 0.721235 -0.569720
f 3944/3944/3944 3945/3945/3945 3946/3946/3946
v 8.618684 4.511815 -7.211053
v 8.814048 4.060315 -6.657466
v 8.415605 4.034549 -8.258653
vt 1.407632 4.511815
vt 2.156582 4.060315
vt 0.156952 4.034549
vn 0.962882 0.120480 -0.241544
vn 0.962882 0.120480 -0.241544
vn 0.962882 0.120480 -0.241544
f 3947/3947/3947 3948/3948/3948 3949/3949/3949
v 8.146847 4.486049 -8.386901
v 8.618684 4.511815 -7.211053
v 8.415605 4.034549 -8.258653
vt -0.240054 4.486049
vt 1.407632 4.511815
vt 0.156952 4.034549
vn 0.845664 0.404481 -0.348206
vn 0.845664 0.404481 -0.348206
vn 0.845664 0.404481 -0.348206
f 3950/3950/3950 3951/3951/3951 3952/3952/3952
v 7.954547 4.665013 -6.263391
v 8.262810 4.465513 -5.911572
v 8.618684 4.511815 -7.211053
vt 1.691156 4.665013
vt 2.351237 4.465513
vt 1.407632 4.511815
vn 0.414993 0.898091 0.145650
vn 0.414993 0.898091 0.145650
vn 0.414993 0.898091 0.145650
f 3953/3953/3953 3954/3954/3954 3955/3955/3955
v 8.206184 4.711315 -6.922683
v 7.954547 4.665013 -6.263391
v 8.618684 4.511815 -7.211053
vt 1.283501 4.711315
vt 1.691156 4.665013
vt 1.407632 4.511815
vn 0.565876 0.778793 0.270677
vn 0.565876 0.778793 0.270677
vn 0.565876 0.778793 0.270677
f 3956/3956/3956 3957/3957/3957 3958/3958/3958
v 7.659494 4.646997 -6.035594
v 7.810568 4.447497 -5.249678
v 8.262810 4.465513 -5.911572
vt 1.623900 4.646997
vt 2.560890 4.447497
vt 2.351237 4.465513
vn 0.245846 0.949732 0.193826
vn 0.245846 0.949732 0.193826
vn 0.245846 0.949732 0.193826
f 3959/3959/3959 3960/3960/3960 3961/3961/3961
v 7.954547 4.665013 -6.263391
v 7.659494 4.646997 -6.035594
v 8.262810 4.465513 -5.911572
vt 1.691156 4.665013
vt 1.623900 4.646997
vt 2.351237 4.465513
vn 0.206216 0.917658 0.339676
vn 0.206216 0.917658 0.339676
vn 0.206216 0.917658 0.339676
f 3962/3962/3962 3963/3963/3963 3964/3964/3964
v 7.400211 4.708294 -6.372734
v 7.257026 4.508794 -5.613099
v 7.810568 4.447497 -5.249678
vt 1.027477 4.708294
vt 1.643927 4.508794
vt 2.560890 4.447497
vn -0.053152 0.968250 0.244269
vn -0.053152 0.968250 0.244269
vn -0.053152 0.968250 0.244269
f 3965/3965/3965 3966/3966/3966 3967/3967/3967
v 7.659494 4.646997 -6.035594
v 7.400211 4.708294 -6.372734
v 7.810568 4.447497 -5.249678
vt 1.623900 4.646997
vt 1.027477 4.708294
vt 2.560890 4.447497
vn -0.119450 0.956602 0.265789
vn -0.119450 0.956602 0.265789
vn -0.119450 0.956602 0.265789
f 3968/3968/3968 3969/3969/3969 3970/3970/3970
v 7.196093 4.675293 -7.077317
v 6.785448 4.475793 -6.788947
v 7.257026 4.508794 -5.613099
vt 0.118776 4.675293
vt -0.003500 4.475793
vt 1.643927 4.508794
vn -0.364270 0.923508 0.120173
vn -0.364270 0.923508 0.120173
vn -0.364270 0.923508 0.120173
f 3971/3971/3971 3972/3972/3972 3973/3973/3973
v 7.400211 4.708294 -6.372734
v 7.196093 4.675293 -7.077317
v 7.257026 4.508794 -5.613099
vt 1.027477 4.708294
vt 0.118776 4.675293
vt 1.643927 4.508794
vn -0.539560 0.833742 0.117260
vn -0.539560 0.833742 0.117260
vn -0.539560 0.833742 0.117260
f 3974/3974/3974 3975/3975/3975 3976/3976/3976
v 7.443719 4.641463 -7.736609
v 7.133356 4.441963 -8.088428
v 6.785448 4.475793 -6.788947
vt -0.292891 4.641463
vt -0.955072 4.441963
vt -0.003500 4.475793
vn -0.421758 0.896413 -0.136253
vn -0.421758 0.896413 -0.136253
vn -0.421758 0.896413 -0.136253
f 3977/3977/3977 3978/3978/3978 3979/3979/3979
v 7.196093 4.675293 -7.077317
v 7.443719 4.641463 -7.736609
v 6.785448 4.475793 -6.788947
vt 0.118776 4.675293
vt -0.292891 4.641463
vt -0.003500 4.475793
vn -0.559795 0.789772 -0.250780
vn -0.559795 0.789772 -0.250780
vn -0.559795 0.789772 -0.250780
f 3980/3980/3980 3981/3981/3981 3982/3982/3982
v 7.740261 4.702620 -7.964406
v 7.590100 4.503120 -8.750322
v 7.133356 4.441963 -8.088428
vt -0.224145 4.702620
vt -1.160222 4.503120
vt -0.955072 4.441963
vn -0.360773 0.918100 -0.164123
vn -0.360773 0.918100 -0.164123
vn -0.360773 0.918100 -0.164123
f 3983/3983/3983 3984/3984/3984 3985/3985/3985
v 7.443719 4.641463 -7.736609
v 7.740261 4.702620 -7.964406
v 7.133356 4.441963 -8.088428
vt -0.292891 4.641463
vt -0.224145 4.702620
vt -0.955072 4.441963
vn -0.349379 0.913228 -0.209638
vn -0.349379 0.913228 -0.209638
vn -0.349379 0.913228 -0.209638
f 3986/3986/3986 3987/3987/3987 3988/3988/3988
v 8.002410 4.685549 -7.627266
v 8.146847 4.486049 -8.386901
v 7.590100 4.503120 -8.750322
vt 0.375144 4.685549
vt -0.240054 4.486049
vt -1.160222 4.503120
vn 0.172634 0.960249 -0.219362
vn 0.172634 0.960249 -0.219362
vn 0.172634 0.960249 -0.219362
f 3989/3989/3989 3990/3990/3990 3991/3991/3991
v 7.740261 4.702620 -7.964406
v 8.002410 4.685549 -7.627266
v 7.590100 4.503120 -8.750322
vt -0.224145 4.702620
vt 0.375144 4.685549
vt -1.160222 4.503120
vn 0.439677 0.846927 -0.298995
vn 0.439677 0.846927 -0.298995
vn 0.439677 0.846927 -0.298995
f 3992/3992/3992 3993/3993/3993 3994/3994/3994
v 8.206184 4.711315 -6.922683
v 8.618684 4.511815 -7.211053
v 8.146847 4.486049 -8.386901
vt 1.283501 4.711315
vt 1.407632 4.511815
vt -0.240054 4.486049
vn 0.339244 0.927596 -0.156456
vn 0.339244 0.927596 -0.156456
vn 0.339244 0.927596 -0.156456
f 3995/3995/3995 3996/3996/3996 3997/3997/3997
v 8.002410 4.685549 -7.627266
v 8.206184 4.711315 -6.922683
v 8.146847 4.486049 -8.386901
vt 0.375144 4.685549
vt 1.283501 4.711315
vt -0.240054 4.486049
vn 0.421413 0.893601 -0.154556
vn 0.421413 0.893601 -0.154556
vn 0.421413 0.893601 -0.154556
f 3998/3998/3998 3999/3999/3999 4000/4000/4000
