# Original MODUS Black Start coastal presentation. Authored static geometry; no third-party source.
o coastal_return_gallery_brass
v -2.231820 0.181820 -41.000000
v -2.200000 0.195000 -41.000000
v -2.168180 0.181820 -41.000000
v -2.155000 0.150000 -41.000000
v -2.168180 0.118180 -41.000000
v -2.200000 0.105000 -41.000000
v -2.231820 0.118180 -41.000000
v -2.245000 0.150000 -41.000000
vt -43.231820 0.181820
vt -43.200000 0.195000
vt -43.168180 0.181820
vt -43.155000 0.150000
vt -43.168180 0.118180
vt -43.200000 0.105000
vt -43.231820 0.118180
vt -43.245000 0.150000
vn 0.000000 0.000000 -1.000000
vn 0.000000 0.000000 -1.000000
vn 0.000000 0.000000 -1.000000
vn 0.000000 0.000000 -1.000000
vn 0.000000 0.000000 -1.000000
vn 0.000000 0.000000 -1.000000
vn 0.000000 0.000000 -1.000000
vn 0.000000 0.000000 -1.000000
f 1/1/1 2/2/2 3/3/3
f 1/1/1 3/3/3 4/4/4
f 1/1/1 4/4/4 5/5/5
f 1/1/1 5/5/5 6/6/6
f 1/1/1 6/6/6 7/7/7
f 1/1/1 7/7/7 8/8/8
v -2.245000 0.150000 41.000000
v -2.231820 0.118180 41.000000
v -2.200000 0.105000 41.000000
v -2.168180 0.118180 41.000000
v -2.155000 0.150000 41.000000
v -2.168180 0.181820 41.000000
v -2.200000 0.195000 41.000000
v -2.231820 0.181820 41.000000
vt 38.755000 0.150000
vt 38.768180 0.118180
vt 38.800000 0.105000
vt 38.831820 0.118180
vt 38.845000 0.150000
vt 38.831820 0.181820
vt 38.800000 0.195000
vt 38.768180 0.181820
vn 0.000000 0.000000 1.000000
vn 0.000000 0.000000 1.000000
vn 0.000000 0.000000 1.000000
vn 0.000000 0.000000 1.000000
vn 0.000000 0.000000 1.000000
vn 0.000000 0.000000 1.000000
vn 0.000000 0.000000 1.000000
vn 0.000000 0.000000 1.000000
f 9/9/9 10/10/10 11/11/11
f 9/9/9 11/11/11 12/12/12
f 9/9/9 12/12/12 13/13/13
f 9/9/9 13/13/13 14/14/14
f 9/9/9 14/14/14 15/15/15
f 9/9/9 15/15/15 16/16/16
v -2.245000 0.150000 -41.000000
v -2.231820 0.118180 -41.000000
v -2.231820 0.118180 41.000000
v -2.245000 0.150000 41.000000
vt -43.245000 0.150000
vt -43.231820 0.118180
vt 38.768180 0.118180
vt 38.755000 0.150000
vn -0.923880 -0.382683 0.000000
vn -0.923880 -0.382683 0.000000
vn -0.923880 -0.382683 0.000000
vn -0.923880 -0.382683 0.000000
f 17/17/17 18/18/18 19/19/19
f 17/17/17 19/19/19 20/20/20
v -2.231820 0.118180 -41.000000
v -2.200000 0.105000 -41.000000
v -2.200000 0.105000 41.000000
v -2.231820 0.118180 41.000000
vt -43.231820 0.118180
vt -43.200000 0.105000
vt 38.800000 0.105000
vt 38.768180 0.118180
vn -0.382683 -0.923880 0.000000
vn -0.382683 -0.923880 0.000000
vn -0.382683 -0.923880 0.000000
vn -0.382683 -0.923880 0.000000
f 21/21/21 22/22/22 23/23/23
f 21/21/21 23/23/23 24/24/24
v -2.200000 0.105000 -41.000000
v -2.168180 0.118180 -41.000000
v -2.168180 0.118180 41.000000
v -2.200000 0.105000 41.000000
vt -43.200000 0.105000
vt -43.168180 0.118180
vt 38.831820 0.118180
vt 38.800000 0.105000
vn 0.382683 -0.923880 0.000000
vn 0.382683 -0.923880 0.000000
vn 0.382683 -0.923880 0.000000
vn 0.382683 -0.923880 0.000000
f 25/25/25 26/26/26 27/27/27
f 25/25/25 27/27/27 28/28/28
v -2.168180 0.118180 -41.000000
v -2.155000 0.150000 -41.000000
v -2.155000 0.150000 41.000000
v -2.168180 0.118180 41.000000
vt -43.168180 0.118180
vt -43.155000 0.150000
vt 38.845000 0.150000
vt 38.831820 0.118180
vn 0.923880 -0.382683 0.000000
vn 0.923880 -0.382683 0.000000
vn 0.923880 -0.382683 0.000000
vn 0.923880 -0.382683 0.000000
f 29/29/29 30/30/30 31/31/31
f 29/29/29 31/31/31 32/32/32
v -2.155000 0.150000 -41.000000
v -2.168180 0.181820 -41.000000
v -2.168180 0.181820 41.000000
v -2.155000 0.150000 41.000000
vt -43.155000 0.150000
vt -43.168180 0.181820
vt 38.831820 0.181820
vt 38.845000 0.150000
vn 0.923880 0.382683 0.000000
vn 0.923880 0.382683 0.000000
vn 0.923880 0.382683 0.000000
vn 0.923880 0.382683 0.000000
f 33/33/33 34/34/34 35/35/35
f 33/33/33 35/35/35 36/36/36
v -2.168180 0.181820 -41.000000
v -2.200000 0.195000 -41.000000
v -2.200000 0.195000 41.000000
v -2.168180 0.181820 41.000000
vt -43.168180 0.181820
vt -43.200000 0.195000
vt 38.800000 0.195000
vt 38.831820 0.181820
vn 0.382683 0.923880 0.000000
vn 0.382683 0.923880 0.000000
vn 0.382683 0.923880 0.000000
vn 0.382683 0.923880 0.000000
f 37/37/37 38/38/38 39/39/39
f 37/37/37 39/39/39 40/40/40
v -2.200000 0.195000 -41.000000
v -2.231820 0.181820 -41.000000
v -2.231820 0.181820 41.000000
v -2.200000 0.195000 41.000000
vt -43.200000 0.195000
vt -43.231820 0.181820
vt 38.768180 0.181820
vt 38.800000 0.195000
vn -0.382683 0.923880 0.000000
vn -0.382683 0.923880 0.000000
vn -0.382683 0.923880 0.000000
vn -0.382683 0.923880 0.000000
f 41/41/41 42/42/42 43/43/43
f 41/41/41 43/43/43 44/44/44
v -2.231820 0.181820 -41.000000
v -2.245000 0.150000 -41.000000
v -2.245000 0.150000 41.000000
v -2.231820 0.181820 41.000000
vt -43.231820 0.181820
vt -43.245000 0.150000
vt 38.755000 0.150000
vt 38.768180 0.181820
vn -0.923880 0.382683 0.000000
vn -0.923880 0.382683 0.000000
vn -0.923880 0.382683 0.000000
vn -0.923880 0.382683 0.000000
f 45/45/45 46/46/46 47/47/47
f 45/45/45 47/47/47 48/48/48
v -2.231820 0.751820 -41.000000
v -2.200000 0.765000 -41.000000
v -2.168180 0.751820 -41.000000
v -2.155000 0.720000 -41.000000
v -2.168180 0.688180 -41.000000
v -2.200000 0.675000 -41.000000
v -2.231820 0.688180 -41.000000
v -2.245000 0.720000 -41.000000
vt -43.231820 0.751820
vt -43.200000 0.765000
vt -43.168180 0.751820
vt -43.155000 0.720000
vt -43.168180 0.688180
vt -43.200000 0.675000
vt -43.231820 0.688180
vt -43.245000 0.720000
vn 0.000000 0.000000 -1.000000
vn 0.000000 0.000000 -1.000000
vn 0.000000 0.000000 -1.000000
vn 0.000000 0.000000 -1.000000
vn 0.000000 0.000000 -1.000000
vn 0.000000 0.000000 -1.000000
vn 0.000000 0.000000 -1.000000
vn 0.000000 0.000000 -1.000000
f 49/49/49 50/50/50 51/51/51
f 49/49/49 51/51/51 52/52/52
f 49/49/49 52/52/52 53/53/53
f 49/49/49 53/53/53 54/54/54
f 49/49/49 54/54/54 55/55/55
f 49/49/49 55/55/55 56/56/56
v -2.245000 0.720000 41.000000
v -2.231820 0.688180 41.000000
v -2.200000 0.675000 41.000000
v -2.168180 0.688180 41.000000
v -2.155000 0.720000 41.000000
v -2.168180 0.751820 41.000000
v -2.200000 0.765000 41.000000
v -2.231820 0.751820 41.000000
vt 38.755000 0.720000
vt 38.768180 0.688180
vt 38.800000 0.675000
vt 38.831820 0.688180
vt 38.845000 0.720000
vt 38.831820 0.751820
vt 38.800000 0.765000
vt 38.768180 0.751820
vn 0.000000 0.000000 1.000000
vn 0.000000 0.000000 1.000000
vn 0.000000 0.000000 1.000000
vn 0.000000 0.000000 1.000000
vn 0.000000 0.000000 1.000000
vn 0.000000 0.000000 1.000000
vn 0.000000 0.000000 1.000000
vn 0.000000 0.000000 1.000000
f 57/57/57 58/58/58 59/59/59
f 57/57/57 59/59/59 60/60/60
f 57/57/57 60/60/60 61/61/61
f 57/57/57 61/61/61 62/62/62
f 57/57/57 62/62/62 63/63/63
f 57/57/57 63/63/63 64/64/64
v -2.245000 0.720000 -41.000000
v -2.231820 0.688180 -41.000000
v -2.231820 0.688180 41.000000
v -2.245000 0.720000 41.000000
vt -43.245000 0.720000
vt -43.231820 0.688180
vt 38.768180 0.688180
vt 38.755000 0.720000
vn -0.923880 -0.382683 0.000000
vn -0.923880 -0.382683 0.000000
vn -0.923880 -0.382683 0.000000
vn -0.923880 -0.382683 0.000000
f 65/65/65 66/66/66 67/67/67
f 65/65/65 67/67/67 68/68/68
v -2.231820 0.688180 -41.000000
v -2.200000 0.675000 -41.000000
v -2.200000 0.675000 41.000000
v -2.231820 0.688180 41.000000
vt -43.231820 0.688180
vt -43.200000 0.675000
vt 38.800000 0.675000
vt 38.768180 0.688180
vn -0.382683 -0.923880 0.000000
vn -0.382683 -0.923880 0.000000
vn -0.382683 -0.923880 0.000000
vn -0.382683 -0.923880 0.000000
f 69/69/69 70/70/70 71/71/71
f 69/69/69 71/71/71 72/72/72
v -2.200000 0.675000 -41.000000
v -2.168180 0.688180 -41.000000
v -2.168180 0.688180 41.000000
v -2.200000 0.675000 41.000000
vt -43.200000 0.675000
vt -43.168180 0.688180
vt 38.831820 0.688180
vt 38.800000 0.675000
vn 0.382683 -0.923880 0.000000
vn 0.382683 -0.923880 0.000000
vn 0.382683 -0.923880 0.000000
vn 0.382683 -0.923880 0.000000
f 73/73/73 74/74/74 75/75/75
f 73/73/73 75/75/75 76/76/76
v -2.168180 0.688180 -41.000000
v -2.155000 0.720000 -41.000000
v -2.155000 0.720000 41.000000
v -2.168180 0.688180 41.000000
vt -43.168180 0.688180
vt -43.155000 0.720000
vt 38.845000 0.720000
vt 38.831820 0.688180
vn 0.923880 -0.382683 0.000000
vn 0.923880 -0.382683 0.000000
vn 0.923880 -0.382683 0.000000
vn 0.923880 -0.382683 0.000000
f 77/77/77 78/78/78 79/79/79
f 77/77/77 79/79/79 80/80/80
v -2.155000 0.720000 -41.000000
v -2.168180 0.751820 -41.000000
v -2.168180 0.751820 41.000000
v -2.155000 0.720000 41.000000
vt -43.155000 0.720000
vt -43.168180 0.751820
vt 38.831820 0.751820
vt 38.845000 0.720000
vn 0.923880 0.382683 0.000000
vn 0.923880 0.382683 0.000000
vn 0.923880 0.382683 0.000000
vn 0.923880 0.382683 0.000000
f 81/81/81 82/82/82 83/83/83
f 81/81/81 83/83/83 84/84/84
v -2.168180 0.751820 -41.000000
v -2.200000 0.765000 -41.000000
v -2.200000 0.765000 41.000000
v -2.168180 0.751820 41.000000
vt -43.168180 0.751820
vt -43.200000 0.765000
vt 38.800000 0.765000
vt 38.831820 0.751820
vn 0.382683 0.923880 0.000000
vn 0.382683 0.923880 0.000000
vn 0.382683 0.923880 0.000000
vn 0.382683 0.923880 0.000000
f 85/85/85 86/86/86 87/87/87
f 85/85/85 87/87/87 88/88/88
v -2.200000 0.765000 -41.000000
v -2.231820 0.751820 -41.000000
v -2.231820 0.751820 41.000000
v -2.200000 0.765000 41.000000
vt -43.200000 0.765000
vt -43.231820 0.751820
vt 38.768180 0.751820
vt 38.800000 0.765000
vn -0.382683 0.923880 0.000000
vn -0.382683 0.923880 0.000000
vn -0.382683 0.923880 0.000000
vn -0.382683 0.923880 0.000000
f 89/89/89 90/90/90 91/91/91
f 89/89/89 91/91/91 92/92/92
v -2.231820 0.751820 -41.000000
v -2.245000 0.720000 -41.000000
v -2.245000 0.720000 41.000000
v -2.231820 0.751820 41.000000
vt -43.231820 0.751820
vt -43.245000 0.720000
vt 38.755000 0.720000
vt 38.768180 0.751820
vn -0.923880 0.382683 0.000000
vn -0.923880 0.382683 0.000000
vn -0.923880 0.382683 0.000000
vn -0.923880 0.382683 0.000000
f 93/93/93 94/94/94 95/95/95
f 93/93/93 95/95/95 96/96/96
v -2.231820 1.411820 -41.000000
v -2.200000 1.425000 -41.000000
v -2.168180 1.411820 -41.000000
v -2.155000 1.380000 -41.000000
v -2.168180 1.348180 -41.000000
v -2.200000 1.335000 -41.000000
v -2.231820 1.348180 -41.000000
v -2.245000 1.380000 -41.000000
vt -43.231820 1.411820
vt -43.200000 1.425000
vt -43.168180 1.411820
vt -43.155000 1.380000
vt -43.168180 1.348180
vt -43.200000 1.335000
vt -43.231820 1.348180
vt -43.245000 1.380000
vn 0.000000 0.000000 -1.000000
vn 0.000000 0.000000 -1.000000
vn 0.000000 0.000000 -1.000000
vn 0.000000 0.000000 -1.000000
vn 0.000000 0.000000 -1.000000
vn 0.000000 0.000000 -1.000000
vn 0.000000 0.000000 -1.000000
vn 0.000000 0.000000 -1.000000
f 97/97/97 98/98/98 99/99/99
f 97/97/97 99/99/99 100/100/100
f 97/97/97 100/100/100 101/101/101
f 97/97/97 101/101/101 102/102/102
f 97/97/97 102/102/102 103/103/103
f 97/97/97 103/103/103 104/104/104
v -2.245000 1.380000 41.000000
v -2.231820 1.348180 41.000000
v -2.200000 1.335000 41.000000
v -2.168180 1.348180 41.000000
v -2.155000 1.380000 41.000000
v -2.168180 1.411820 41.000000
v -2.200000 1.425000 41.000000
v -2.231820 1.411820 41.000000
vt 38.755000 1.380000
vt 38.768180 1.348180
vt 38.800000 1.335000
vt 38.831820 1.348180
vt 38.845000 1.380000
vt 38.831820 1.411820
vt 38.800000 1.425000
vt 38.768180 1.411820
vn 0.000000 0.000000 1.000000
vn 0.000000 0.000000 1.000000
vn 0.000000 0.000000 1.000000
vn 0.000000 0.000000 1.000000
vn 0.000000 0.000000 1.000000
vn 0.000000 0.000000 1.000000
vn 0.000000 0.000000 1.000000
vn 0.000000 0.000000 1.000000
f 105/105/105 106/106/106 107/107/107
f 105/105/105 107/107/107 108/108/108
f 105/105/105 108/108/108 109/109/109
f 105/105/105 109/109/109 110/110/110
f 105/105/105 110/110/110 111/111/111
f 105/105/105 111/111/111 112/112/112
v -2.245000 1.380000 -41.000000
v -2.231820 1.348180 -41.000000
v -2.231820 1.348180 41.000000
v -2.245000 1.380000 41.000000
vt -43.245000 1.380000
vt -43.231820 1.348180
vt 38.768180 1.348180
vt 38.755000 1.380000
vn -0.923880 -0.382683 0.000000
vn -0.923880 -0.382683 0.000000
vn -0.923880 -0.382683 0.000000
vn -0.923880 -0.382683 0.000000
f 113/113/113 114/114/114 115/115/115
f 113/113/113 115/115/115 116/116/116
v -2.231820 1.348180 -41.000000
v -2.200000 1.335000 -41.000000
v -2.200000 1.335000 41.000000
v -2.231820 1.348180 41.000000
vt -43.231820 1.348180
vt -43.200000 1.335000
vt 38.800000 1.335000
vt 38.768180 1.348180
vn -0.382683 -0.923880 0.000000
vn -0.382683 -0.923880 0.000000
vn -0.382683 -0.923880 0.000000
vn -0.382683 -0.923880 0.000000
f 117/117/117 118/118/118 119/119/119
f 117/117/117 119/119/119 120/120/120
v -2.200000 1.335000 -41.000000
v -2.168180 1.348180 -41.000000
v -2.168180 1.348180 41.000000
v -2.200000 1.335000 41.000000
vt -43.200000 1.335000
vt -43.168180 1.348180
vt 38.831820 1.348180
vt 38.800000 1.335000
vn 0.382683 -0.923880 0.000000
vn 0.382683 -0.923880 0.000000
vn 0.382683 -0.923880 0.000000
vn 0.382683 -0.923880 0.000000
f 121/121/121 122/122/122 123/123/123
f 121/121/121 123/123/123 124/124/124
v -2.168180 1.348180 -41.000000
v -2.155000 1.380000 -41.000000
v -2.155000 1.380000 41.000000
v -2.168180 1.348180 41.000000
vt -43.168180 1.348180
vt -43.155000 1.380000
vt 38.845000 1.380000
vt 38.831820 1.348180
vn 0.923880 -0.382683 0.000000
vn 0.923880 -0.382683 0.000000
vn 0.923880 -0.382683 0.000000
vn 0.923880 -0.382683 0.000000
f 125/125/125 126/126/126 127/127/127
f 125/125/125 127/127/127 128/128/128
v -2.155000 1.380000 -41.000000
v -2.168180 1.411820 -41.000000
v -2.168180 1.411820 41.000000
v -2.155000 1.380000 41.000000
vt -43.155000 1.380000
vt -43.168180 1.411820
vt 38.831820 1.411820
vt 38.845000 1.380000
vn 0.923880 0.382683 0.000000
vn 0.923880 0.382683 0.000000
vn 0.923880 0.382683 0.000000
vn 0.923880 0.382683 0.000000
f 129/129/129 130/130/130 131/131/131
f 129/129/129 131/131/131 132/132/132
v -2.168180 1.411820 -41.000000
v -2.200000 1.425000 -41.000000
v -2.200000 1.425000 41.000000
v -2.168180 1.411820 41.000000
vt -43.168180 1.411820
vt -43.200000 1.425000
vt 38.800000 1.425000
vt 38.831820 1.411820
vn 0.382683 0.923880 0.000000
vn 0.382683 0.923880 0.000000
vn 0.382683 0.923880 0.000000
vn 0.382683 0.923880 0.000000
f 133/133/133 134/134/134 135/135/135
f 133/133/133 135/135/135 136/136/136
v -2.200000 1.425000 -41.000000
v -2.231820 1.411820 -41.000000
v -2.231820 1.411820 41.000000
v -2.200000 1.425000 41.000000
vt -43.200000 1.425000
vt -43.231820 1.411820
vt 38.768180 1.411820
vt 38.800000 1.425000
vn -0.382683 0.923880 0.000000
vn -0.382683 0.923880 0.000000
vn -0.382683 0.923880 0.000000
vn -0.382683 0.923880 0.000000
f 137/137/137 138/138/138 139/139/139
f 137/137/137 139/139/139 140/140/140
v -2.231820 1.411820 -41.000000
v -2.245000 1.380000 -41.000000
v -2.245000 1.380000 41.000000
v -2.231820 1.411820 41.000000
vt -43.231820 1.411820
vt -43.245000 1.380000
vt 38.755000 1.380000
vt 38.768180 1.411820
vn -0.923880 0.382683 0.000000
vn -0.923880 0.382683 0.000000
vn -0.923880 0.382683 0.000000
vn -0.923880 0.382683 0.000000
f 141/141/141 142/142/142 143/143/143
f 141/141/141 143/143/143 144/144/144
v 2.168180 0.181820 -41.000000
v 2.200000 0.195000 -41.000000
v 2.231820 0.181820 -41.000000
v 2.245000 0.150000 -41.000000
v 2.231820 0.118180 -41.000000
v 2.200000 0.105000 -41.000000
v 2.168180 0.118180 -41.000000
v 2.155000 0.150000 -41.000000
vt -38.831820 0.181820
vt -38.800000 0.195000
vt -38.768180 0.181820
vt -38.755000 0.150000
vt -38.768180 0.118180
vt -38.800000 0.105000
vt -38.831820 0.118180
vt -38.845000 0.150000
vn 0.000000 0.000000 -1.000000
vn 0.000000 0.000000 -1.000000
vn 0.000000 0.000000 -1.000000
vn 0.000000 0.000000 -1.000000
vn 0.000000 0.000000 -1.000000
vn 0.000000 0.000000 -1.000000
vn 0.000000 0.000000 -1.000000
vn 0.000000 0.000000 -1.000000
f 145/145/145 146/146/146 147/147/147
f 145/145/145 147/147/147 148/148/148
f 145/145/145 148/148/148 149/149/149
f 145/145/145 149/149/149 150/150/150
f 145/145/145 150/150/150 151/151/151
f 145/145/145 151/151/151 152/152/152
v 2.155000 0.150000 41.000000
v 2.168180 0.118180 41.000000
v 2.200000 0.105000 41.000000
v 2.231820 0.118180 41.000000
v 2.245000 0.150000 41.000000
v 2.231820 0.181820 41.000000
v 2.200000 0.195000 41.000000
v 2.168180 0.181820 41.000000
vt 43.155000 0.150000
vt 43.168180 0.118180
vt 43.200000 0.105000
vt 43.231820 0.118180
vt 43.245000 0.150000
vt 43.231820 0.181820
vt 43.200000 0.195000
vt 43.168180 0.181820
vn 0.000000 0.000000 1.000000
vn 0.000000 0.000000 1.000000
vn 0.000000 0.000000 1.000000
vn 0.000000 0.000000 1.000000
vn 0.000000 0.000000 1.000000
vn 0.000000 0.000000 1.000000
vn 0.000000 0.000000 1.000000
vn 0.000000 0.000000 1.000000
f 153/153/153 154/154/154 155/155/155
f 153/153/153 155/155/155 156/156/156
f 153/153/153 156/156/156 157/157/157
f 153/153/153 157/157/157 158/158/158
f 153/153/153 158/158/158 159/159/159
f 153/153/153 159/159/159 160/160/160
v 2.155000 0.150000 -41.000000
v 2.168180 0.118180 -41.000000
v 2.168180 0.118180 41.000000
v 2.155000 0.150000 41.000000
vt -38.845000 0.150000
vt -38.831820 0.118180
vt 43.168180 0.118180
vt 43.155000 0.150000
vn -0.923880 -0.382683 0.000000
vn -0.923880 -0.382683 0.000000
vn -0.923880 -0.382683 0.000000
vn -0.923880 -0.382683 0.000000
f 161/161/161 162/162/162 163/163/163
f 161/161/161 163/163/163 164/164/164
v 2.168180 0.118180 -41.000000
v 2.200000 0.105000 -41.000000
v 2.200000 0.105000 41.000000
v 2.168180 0.118180 41.000000
vt -38.831820 0.118180
vt -38.800000 0.105000
vt 43.200000 0.105000
vt 43.168180 0.118180
vn -0.382683 -0.923880 0.000000
vn -0.382683 -0.923880 0.000000
vn -0.382683 -0.923880 0.000000
vn -0.382683 -0.923880 0.000000
f 165/165/165 166/166/166 167/167/167
f 165/165/165 167/167/167 168/168/168
v 2.200000 0.105000 -41.000000
v 2.231820 0.118180 -41.000000
v 2.231820 0.118180 41.000000
v 2.200000 0.105000 41.000000
vt -38.800000 0.105000
vt -38.768180 0.118180
vt 43.231820 0.118180
vt 43.200000 0.105000
vn 0.382683 -0.923880 0.000000
vn 0.382683 -0.923880 0.000000
vn 0.382683 -0.923880 0.000000
vn 0.382683 -0.923880 0.000000
f 169/169/169 170/170/170 171/171/171
f 169/169/169 171/171/171 172/172/172
v 2.231820 0.118180 -41.000000
v 2.245000 0.150000 -41.000000
v 2.245000 0.150000 41.000000
v 2.231820 0.118180 41.000000
vt -38.768180 0.118180
vt -38.755000 0.150000
vt 43.245000 0.150000
vt 43.231820 0.118180
vn 0.923880 -0.382683 0.000000
vn 0.923880 -0.382683 0.000000
vn 0.923880 -0.382683 0.000000
vn 0.923880 -0.382683 0.000000
f 173/173/173 174/174/174 175/175/175
f 173/173/173 175/175/175 176/176/176
v 2.245000 0.150000 -41.000000
v 2.231820 0.181820 -41.000000
v 2.231820 0.181820 41.000000
v 2.245000 0.150000 41.000000
vt -38.755000 0.150000
vt -38.768180 0.181820
vt 43.231820 0.181820
vt 43.245000 0.150000
vn 0.923880 0.382683 0.000000
vn 0.923880 0.382683 0.000000
vn 0.923880 0.382683 0.000000
vn 0.923880 0.382683 0.000000
f 177/177/177 178/178/178 179/179/179
f 177/177/177 179/179/179 180/180/180
v 2.231820 0.181820 -41.000000
v 2.200000 0.195000 -41.000000
v 2.200000 0.195000 41.000000
v 2.231820 0.181820 41.000000
vt -38.768180 0.181820
vt -38.800000 0.195000
vt 43.200000 0.195000
vt 43.231820 0.181820
vn 0.382683 0.923880 0.000000
vn 0.382683 0.923880 0.000000
vn 0.382683 0.923880 0.000000
vn 0.382683 0.923880 0.000000
f 181/181/181 182/182/182 183/183/183
f 181/181/181 183/183/183 184/184/184
v 2.200000 0.195000 -41.000000
v 2.168180 0.181820 -41.000000
v 2.168180 0.181820 41.000000
v 2.200000 0.195000 41.000000
vt -38.800000 0.195000
vt -38.831820 0.181820
vt 43.168180 0.181820
vt 43.200000 0.195000
vn -0.382683 0.923880 0.000000
vn -0.382683 0.923880 0.000000
vn -0.382683 0.923880 0.000000
vn -0.382683 0.923880 0.000000
f 185/185/185 186/186/186 187/187/187
f 185/185/185 187/187/187 188/188/188
v 2.168180 0.181820 -41.000000
v 2.155000 0.150000 -41.000000
v 2.155000 0.150000 41.000000
v 2.168180 0.181820 41.000000
vt -38.831820 0.181820
vt -38.845000 0.150000
vt 43.155000 0.150000
vt 43.168180 0.181820
vn -0.923880 0.382683 0.000000
vn -0.923880 0.382683 0.000000
vn -0.923880 0.382683 0.000000
vn -0.923880 0.382683 0.000000
f 189/189/189 190/190/190 191/191/191
f 189/189/189 191/191/191 192/192/192
v 2.168180 0.751820 -41.000000
v 2.200000 0.765000 -41.000000
v 2.231820 0.751820 -41.000000
v 2.245000 0.720000 -41.000000
v 2.231820 0.688180 -41.000000
v 2.200000 0.675000 -41.000000
v 2.168180 0.688180 -41.000000
v 2.155000 0.720000 -41.000000
vt -38.831820 0.751820
vt -38.800000 0.765000
vt -38.768180 0.751820
vt -38.755000 0.720000
vt -38.768180 0.688180
vt -38.800000 0.675000
vt -38.831820 0.688180
vt -38.845000 0.720000
vn 0.000000 0.000000 -1.000000
vn 0.000000 0.000000 -1.000000
vn 0.000000 0.000000 -1.000000
vn 0.000000 0.000000 -1.000000
vn 0.000000 0.000000 -1.000000
vn 0.000000 0.000000 -1.000000
vn 0.000000 0.000000 -1.000000
vn 0.000000 0.000000 -1.000000
f 193/193/193 194/194/194 195/195/195
f 193/193/193 195/195/195 196/196/196
f 193/193/193 196/196/196 197/197/197
f 193/193/193 197/197/197 198/198/198
f 193/193/193 198/198/198 199/199/199
f 193/193/193 199/199/199 200/200/200
v 2.155000 0.720000 41.000000
v 2.168180 0.688180 41.000000
v 2.200000 0.675000 41.000000
v 2.231820 0.688180 41.000000
v 2.245000 0.720000 41.000000
v 2.231820 0.751820 41.000000
v 2.200000 0.765000 41.000000
v 2.168180 0.751820 41.000000
vt 43.155000 0.720000
vt 43.168180 0.688180
vt 43.200000 0.675000
vt 43.231820 0.688180
vt 43.245000 0.720000
vt 43.231820 0.751820
vt 43.200000 0.765000
vt 43.168180 0.751820
vn 0.000000 0.000000 1.000000
vn 0.000000 0.000000 1.000000
vn 0.000000 0.000000 1.000000
vn 0.000000 0.000000 1.000000
vn 0.000000 0.000000 1.000000
vn 0.000000 0.000000 1.000000
vn 0.000000 0.000000 1.000000
vn 0.000000 0.000000 1.000000
f 201/201/201 202/202/202 203/203/203
f 201/201/201 203/203/203 204/204/204
f 201/201/201 204/204/204 205/205/205
f 201/201/201 205/205/205 206/206/206
f 201/201/201 206/206/206 207/207/207
f 201/201/201 207/207/207 208/208/208
v 2.155000 0.720000 -41.000000
v 2.168180 0.688180 -41.000000
v 2.168180 0.688180 41.000000
v 2.155000 0.720000 41.000000
vt -38.845000 0.720000
vt -38.831820 0.688180
vt 43.168180 0.688180
vt 43.155000 0.720000
vn -0.923880 -0.382683 0.000000
vn -0.923880 -0.382683 0.000000
vn -0.923880 -0.382683 0.000000
vn -0.923880 -0.382683 0.000000
f 209/209/209 210/210/210 211/211/211
f 209/209/209 211/211/211 212/212/212
v 2.168180 0.688180 -41.000000
v 2.200000 0.675000 -41.000000
v 2.200000 0.675000 41.000000
v 2.168180 0.688180 41.000000
vt -38.831820 0.688180
vt -38.800000 0.675000
vt 43.200000 0.675000
vt 43.168180 0.688180
vn -0.382683 -0.923880 0.000000
vn -0.382683 -0.923880 0.000000
vn -0.382683 -0.923880 0.000000
vn -0.382683 -0.923880 0.000000
f 213/213/213 214/214/214 215/215/215
f 213/213/213 215/215/215 216/216/216
v 2.200000 0.675000 -41.000000
v 2.231820 0.688180 -41.000000
v 2.231820 0.688180 41.000000
v 2.200000 0.675000 41.000000
vt -38.800000 0.675000
vt -38.768180 0.688180
vt 43.231820 0.688180
vt 43.200000 0.675000
vn 0.382683 -0.923880 0.000000
vn 0.382683 -0.923880 0.000000
vn 0.382683 -0.923880 0.000000
vn 0.382683 -0.923880 0.000000
f 217/217/217 218/218/218 219/219/219
f 217/217/217 219/219/219 220/220/220
v 2.231820 0.688180 -41.000000
v 2.245000 0.720000 -41.000000
v 2.245000 0.720000 41.000000
v 2.231820 0.688180 41.000000
vt -38.768180 0.688180
vt -38.755000 0.720000
vt 43.245000 0.720000
vt 43.231820 0.688180
vn 0.923880 -0.382683 0.000000
vn 0.923880 -0.382683 0.000000
vn 0.923880 -0.382683 0.000000
vn 0.923880 -0.382683 0.000000
f 221/221/221 222/222/222 223/223/223
f 221/221/221 223/223/223 224/224/224
v 2.245000 0.720000 -41.000000
v 2.231820 0.751820 -41.000000
v 2.231820 0.751820 41.000000
v 2.245000 0.720000 41.000000
vt -38.755000 0.720000
vt -38.768180 0.751820
vt 43.231820 0.751820
vt 43.245000 0.720000
vn 0.923880 0.382683 0.000000
vn 0.923880 0.382683 0.000000
vn 0.923880 0.382683 0.000000
vn 0.923880 0.382683 0.000000
f 225/225/225 226/226/226 227/227/227
f 225/225/225 227/227/227 228/228/228
v 2.231820 0.751820 -41.000000
v 2.200000 0.765000 -41.000000
v 2.200000 0.765000 41.000000
v 2.231820 0.751820 41.000000
vt -38.768180 0.751820
vt -38.800000 0.765000
vt 43.200000 0.765000
vt 43.231820 0.751820
vn 0.382683 0.923880 0.000000
vn 0.382683 0.923880 0.000000
vn 0.382683 0.923880 0.000000
vn 0.382683 0.923880 0.000000
f 229/229/229 230/230/230 231/231/231
f 229/229/229 231/231/231 232/232/232
v 2.200000 0.765000 -41.000000
v 2.168180 0.751820 -41.000000
v 2.168180 0.751820 41.000000
v 2.200000 0.765000 41.000000
vt -38.800000 0.765000
vt -38.831820 0.751820
vt 43.168180 0.751820
vt 43.200000 0.765000
vn -0.382683 0.923880 0.000000
vn -0.382683 0.923880 0.000000
vn -0.382683 0.923880 0.000000
vn -0.382683 0.923880 0.000000
f 233/233/233 234/234/234 235/235/235
f 233/233/233 235/235/235 236/236/236
v 2.168180 0.751820 -41.000000
v 2.155000 0.720000 -41.000000
v 2.155000 0.720000 41.000000
v 2.168180 0.751820 41.000000
vt -38.831820 0.751820
vt -38.845000 0.720000
vt 43.155000 0.720000
vt 43.168180 0.751820
vn -0.923880 0.382683 0.000000
vn -0.923880 0.382683 0.000000
vn -0.923880 0.382683 0.000000
vn -0.923880 0.382683 0.000000
f 237/237/237 238/238/238 239/239/239
f 237/237/237 239/239/239 240/240/240
v 2.168180 1.411820 -41.000000
v 2.200000 1.425000 -41.000000
v 2.231820 1.411820 -41.000000
v 2.245000 1.380000 -41.000000
v 2.231820 1.348180 -41.000000
v 2.200000 1.335000 -41.000000
v 2.168180 1.348180 -41.000000
v 2.155000 1.380000 -41.000000
vt -38.831820 1.411820
vt -38.800000 1.425000
vt -38.768180 1.411820
vt -38.755000 1.380000
vt -38.768180 1.348180
vt -38.800000 1.335000
vt -38.831820 1.348180
vt -38.845000 1.380000
vn 0.000000 0.000000 -1.000000
vn 0.000000 0.000000 -1.000000
vn 0.000000 0.000000 -1.000000
vn 0.000000 0.000000 -1.000000
vn 0.000000 0.000000 -1.000000
vn 0.000000 0.000000 -1.000000
vn 0.000000 0.000000 -1.000000
vn 0.000000 0.000000 -1.000000
f 241/241/241 242/242/242 243/243/243
f 241/241/241 243/243/243 244/244/244
f 241/241/241 244/244/244 245/245/245
f 241/241/241 245/245/245 246/246/246
f 241/241/241 246/246/246 247/247/247
f 241/241/241 247/247/247 248/248/248
v 2.155000 1.380000 41.000000
v 2.168180 1.348180 41.000000
v 2.200000 1.335000 41.000000
v 2.231820 1.348180 41.000000
v 2.245000 1.380000 41.000000
v 2.231820 1.411820 41.000000
v 2.200000 1.425000 41.000000
v 2.168180 1.411820 41.000000
vt 43.155000 1.380000
vt 43.168180 1.348180
vt 43.200000 1.335000
vt 43.231820 1.348180
vt 43.245000 1.380000
vt 43.231820 1.411820
vt 43.200000 1.425000
vt 43.168180 1.411820
vn 0.000000 0.000000 1.000000
vn 0.000000 0.000000 1.000000
vn 0.000000 0.000000 1.000000
vn 0.000000 0.000000 1.000000
vn 0.000000 0.000000 1.000000
vn 0.000000 0.000000 1.000000
vn 0.000000 0.000000 1.000000
vn 0.000000 0.000000 1.000000
f 249/249/249 250/250/250 251/251/251
f 249/249/249 251/251/251 252/252/252
f 249/249/249 252/252/252 253/253/253
f 249/249/249 253/253/253 254/254/254
f 249/249/249 254/254/254 255/255/255
f 249/249/249 255/255/255 256/256/256
v 2.155000 1.380000 -41.000000
v 2.168180 1.348180 -41.000000
v 2.168180 1.348180 41.000000
v 2.155000 1.380000 41.000000
vt -38.845000 1.380000
vt -38.831820 1.348180
vt 43.168180 1.348180
vt 43.155000 1.380000
vn -0.923880 -0.382683 0.000000
vn -0.923880 -0.382683 0.000000
vn -0.923880 -0.382683 0.000000
vn -0.923880 -0.382683 0.000000
f 257/257/257 258/258/258 259/259/259
f 257/257/257 259/259/259 260/260/260
v 2.168180 1.348180 -41.000000
v 2.200000 1.335000 -41.000000
v 2.200000 1.335000 41.000000
v 2.168180 1.348180 41.000000
vt -38.831820 1.348180
vt -38.800000 1.335000
vt 43.200000 1.335000
vt 43.168180 1.348180
vn -0.382683 -0.923880 0.000000
vn -0.382683 -0.923880 0.000000
vn -0.382683 -0.923880 0.000000
vn -0.382683 -0.923880 0.000000
f 261/261/261 262/262/262 263/263/263
f 261/261/261 263/263/263 264/264/264
v 2.200000 1.335000 -41.000000
v 2.231820 1.348180 -41.000000
v 2.231820 1.348180 41.000000
v 2.200000 1.335000 41.000000
vt -38.800000 1.335000
vt -38.768180 1.348180
vt 43.231820 1.348180
vt 43.200000 1.335000
vn 0.382683 -0.923880 0.000000
vn 0.382683 -0.923880 0.000000
vn 0.382683 -0.923880 0.000000
vn 0.382683 -0.923880 0.000000
f 265/265/265 266/266/266 267/267/267
f 265/265/265 267/267/267 268/268/268
v 2.231820 1.348180 -41.000000
v 2.245000 1.380000 -41.000000
v 2.245000 1.380000 41.000000
v 2.231820 1.348180 41.000000
vt -38.768180 1.348180
vt -38.755000 1.380000
vt 43.245000 1.380000
vt 43.231820 1.348180
vn 0.923880 -0.382683 0.000000
vn 0.923880 -0.382683 0.000000
vn 0.923880 -0.382683 0.000000
vn 0.923880 -0.382683 0.000000
f 269/269/269 270/270/270 271/271/271
f 269/269/269 271/271/271 272/272/272
v 2.245000 1.380000 -41.000000
v 2.231820 1.411820 -41.000000
v 2.231820 1.411820 41.000000
v 2.245000 1.380000 41.000000
vt -38.755000 1.380000
vt -38.768180 1.411820
vt 43.231820 1.411820
vt 43.245000 1.380000
vn 0.923880 0.382683 0.000000
vn 0.923880 0.382683 0.000000
vn 0.923880 0.382683 0.000000
vn 0.923880 0.382683 0.000000
f 273/273/273 274/274/274 275/275/275
f 273/273/273 275/275/275 276/276/276
v 2.231820 1.411820 -41.000000
v 2.200000 1.425000 -41.000000
v 2.200000 1.425000 41.000000
v 2.231820 1.411820 41.000000
vt -38.768180 1.411820
vt -38.800000 1.425000
vt 43.200000 1.425000
vt 43.231820 1.411820
vn 0.382683 0.923880 0.000000
vn 0.382683 0.923880 0.000000
vn 0.382683 0.923880 0.000000
vn 0.382683 0.923880 0.000000
f 277/277/277 278/278/278 279/279/279
f 277/277/277 279/279/279 280/280/280
v 2.200000 1.425000 -41.000000
v 2.168180 1.411820 -41.000000
v 2.168180 1.411820 41.000000
v 2.200000 1.425000 41.000000
vt -38.800000 1.425000
vt -38.831820 1.411820
vt 43.168180 1.411820
vt 43.200000 1.425000
vn -0.382683 0.923880 0.000000
vn -0.382683 0.923880 0.000000
vn -0.382683 0.923880 0.000000
vn -0.382683 0.923880 0.000000
f 281/281/281 282/282/282 283/283/283
f 281/281/281 283/283/283 284/284/284
v 2.168180 1.411820 -41.000000
v 2.155000 1.380000 -41.000000
v 2.155000 1.380000 41.000000
v 2.168180 1.411820 41.000000
vt -38.831820 1.411820
vt -38.845000 1.380000
vt 43.155000 1.380000
vt 43.168180 1.411820
vn -0.923880 0.382683 0.000000
vn -0.923880 0.382683 0.000000
vn -0.923880 0.382683 0.000000
vn -0.923880 0.382683 0.000000
f 285/285/285 286/286/286 287/287/287
f 285/285/285 287/287/287 288/288/288
v -1.827500 0.002000 -42.000000
v -1.827500 0.022000 -42.000000
v -1.772500 0.022000 -42.000000
v -1.772500 0.002000 -42.000000
vt -43.827500 0.002000
vt -43.827500 0.022000
vt -43.772500 0.022000
vt -43.772500 0.002000
vn 0.000000 0.000000 -1.000000
vn 0.000000 0.000000 -1.000000
vn 0.000000 0.000000 -1.000000
vn 0.000000 0.000000 -1.000000
f 289/289/289 290/290/290 291/291/291
f 289/289/289 291/291/291 292/292/292
v -1.827500 0.002000 42.000000
v -1.772500 0.002000 42.000000
v -1.772500 0.022000 42.000000
v -1.827500 0.022000 42.000000
vt 40.172500 0.002000
vt 40.227500 0.002000
vt 40.227500 0.022000
vt 40.172500 0.022000
vn 0.000000 0.000000 1.000000
vn 0.000000 0.000000 1.000000
vn 0.000000 0.000000 1.000000
vn 0.000000 0.000000 1.000000
f 293/293/293 294/294/294 295/295/295
f 293/293/293 295/295/295 296/296/296
v -1.827500 0.002000 -42.000000
v -1.827500 0.002000 42.000000
v -1.827500 0.022000 42.000000
v -1.827500 0.022000 -42.000000
vt -43.827500 0.002000
vt 40.172500 0.002000
vt 40.172500 0.022000
vt -43.827500 0.022000
vn -1.000000 0.000000 0.000000
vn -1.000000 0.000000 0.000000
vn -1.000000 0.000000 0.000000
vn -1.000000 0.000000 0.000000
f 297/297/297 298/298/298 299/299/299
f 297/297/297 299/299/299 300/300/300
v -1.772500 0.002000 -42.000000
v -1.772500 0.022000 -42.000000
v -1.772500 0.022000 42.000000
v -1.772500 0.002000 42.000000
vt -43.772500 0.002000
vt -43.772500 0.022000
vt 40.227500 0.022000
vt 40.227500 0.002000
vn 1.000000 0.000000 0.000000
vn 1.000000 0.000000 0.000000
vn 1.000000 0.000000 0.000000
vn 1.000000 0.000000 0.000000
f 301/301/301 302/302/302 303/303/303
f 301/301/301 303/303/303 304/304/304
v -1.827500 0.002000 -42.000000
v -1.772500 0.002000 -42.000000
v -1.772500 0.002000 42.000000
v -1.827500 0.002000 42.000000
vt -43.827500 0.002000
vt -43.772500 0.002000
vt 40.227500 0.002000
vt 40.172500 0.002000
vn 0.000000 -1.000000 0.000000
vn 0.000000 -1.000000 0.000000
vn 0.000000 -1.000000 0.000000
vn 0.000000 -1.000000 0.000000
f 305/305/305 306/306/306 307/307/307
f 305/305/305 307/307/307 308/308/308
v -1.827500 0.022000 -42.000000
v -1.827500 0.022000 42.000000
v -1.772500 0.022000 42.000000
v -1.772500 0.022000 -42.000000
vt -43.827500 0.022000
vt 40.172500 0.022000
vt 40.227500 0.022000
vt -43.772500 0.022000
vn 0.000000 1.000000 0.000000
vn 0.000000 1.000000 0.000000
vn 0.000000 1.000000 0.000000
vn 0.000000 1.000000 0.000000
f 309/309/309 310/310/310 311/311/311
f 309/309/309 311/311/311 312/312/312
v 1.772500 0.002000 -42.000000
v 1.772500 0.022000 -42.000000
v 1.827500 0.022000 -42.000000
v 1.827500 0.002000 -42.000000
vt -40.227500 0.002000
vt -40.227500 0.022000
vt -40.172500 0.022000
vt -40.172500 0.002000
vn 0.000000 0.000000 -1.000000
vn 0.000000 0.000000 -1.000000
vn 0.000000 0.000000 -1.000000
vn 0.000000 0.000000 -1.000000
f 313/313/313 314/314/314 315/315/315
f 313/313/313 315/315/315 316/316/316
v 1.772500 0.002000 42.000000
v 1.827500 0.002000 42.000000
v 1.827500 0.022000 42.000000
v 1.772500 0.022000 42.000000
vt 43.772500 0.002000
vt 43.827500 0.002000
vt 43.827500 0.022000
vt 43.772500 0.022000
vn 0.000000 0.000000 1.000000
vn 0.000000 0.000000 1.000000
vn 0.000000 0.000000 1.000000
vn 0.000000 0.000000 1.000000
f 317/317/317 318/318/318 319/319/319
f 317/317/317 319/319/319 320/320/320
v 1.772500 0.002000 -42.000000
v 1.772500 0.002000 42.000000
v 1.772500 0.022000 42.000000
v 1.772500 0.022000 -42.000000
vt -40.227500 0.002000
vt 43.772500 0.002000
vt 43.772500 0.022000
vt -40.227500 0.022000
vn -1.000000 0.000000 0.000000
vn -1.000000 0.000000 0.000000
vn -1.000000 0.000000 0.000000
vn -1.000000 0.000000 0.000000
f 321/321/321 322/322/322 323/323/323
f 321/321/321 323/323/323 324/324/324
v 1.827500 0.002000 -42.000000
v 1.827500 0.022000 -42.000000
v 1.827500 0.022000 42.000000
v 1.827500 0.002000 42.000000
vt -40.172500 0.002000
vt -40.172500 0.022000
vt 43.827500 0.022000
vt 43.827500 0.002000
vn 1.000000 0.000000 0.000000
vn 1.000000 0.000000 0.000000
vn 1.000000 0.000000 0.000000
vn 1.000000 0.000000 0.000000
f 325/325/325 326/326/326 327/327/327
f 325/325/325 327/327/327 328/328/328
v 1.772500 0.002000 -42.000000
v 1.827500 0.002000 -42.000000
v 1.827500 0.002000 42.000000
v 1.772500 0.002000 42.000000
vt -40.227500 0.002000
vt -40.172500 0.002000
vt 43.827500 0.002000
vt 43.772500 0.002000
vn 0.000000 -1.000000 0.000000
vn 0.000000 -1.000000 0.000000
vn 0.000000 -1.000000 0.000000
vn 0.000000 -1.000000 0.000000
f 329/329/329 330/330/330 331/331/331
f 329/329/329 331/331/331 332/332/332
v 1.772500 0.022000 -42.000000
v 1.772500 0.022000 42.000000
v 1.827500 0.022000 42.000000
v 1.827500 0.022000 -42.000000
vt -40.227500 0.022000
vt 43.772500 0.022000
vt 43.827500 0.022000
vt -40.172500 0.022000
vn 0.000000 1.000000 0.000000
vn 0.000000 1.000000 0.000000
vn 0.000000 1.000000 0.000000
vn 0.000000 1.000000 0.000000
f 333/333/333 334/334/334 335/335/335
f 333/333/333 335/335/335 336/336/336
v -1.775000 0.002000 -39.040000
v -1.775000 0.022000 -39.040000
v -1.425000 0.022000 -39.040000
v -1.425000 0.002000 -39.040000
vt -40.815000 0.002000
vt -40.815000 0.022000
vt -40.465000 0.022000
vt -40.465000 0.002000
vn 0.000000 0.000000 -1.000000
vn 0.000000 0.000000 -1.000000
vn 0.000000 0.000000 -1.000000
vn 0.000000 0.000000 -1.000000
f 337/337/337 338/338/338 339/339/339
f 337/337/337 339/339/339 340/340/340
v -1.775000 0.002000 -38.960000
v -1.425000 0.002000 -38.960000
v -1.425000 0.022000 -38.960000
v -1.775000 0.022000 -38.960000
vt -40.735000 0.002000
vt -40.385000 0.002000
vt -40.385000 0.022000
vt -40.735000 0.022000
vn 0.000000 0.000000 1.000000
vn 0.000000 0.000000 1.000000
vn 0.000000 0.000000 1.000000
vn 0.000000 0.000000 1.000000
f 341/341/341 342/342/342 343/343/343
f 341/341/341 343/343/343 344/344/344
v -1.775000 0.002000 -39.040000
v -1.775000 0.002000 -38.960000
v -1.775000 0.022000 -38.960000
v -1.775000 0.022000 -39.040000
vt -40.815000 0.002000
vt -40.735000 0.002000
vt -40.735000 0.022000
vt -40.815000 0.022000
vn -1.000000 0.000000 0.000000
vn -1.000000 0.000000 0.000000
vn -1.000000 0.000000 0.000000
vn -1.000000 0.000000 0.000000
f 345/345/345 346/346/346 347/347/347
f 345/345/345 347/347/347 348/348/348
v -1.425000 0.002000 -39.040000
v -1.425000 0.022000 -39.040000
v -1.425000 0.022000 -38.960000
v -1.425000 0.002000 -38.960000
vt -40.465000 0.002000
vt -40.465000 0.022000
vt -40.385000 0.022000
vt -40.385000 0.002000
vn 1.000000 0.000000 0.000000
vn 1.000000 0.000000 0.000000
vn 1.000000 0.000000 0.000000
vn 1.000000 0.000000 0.000000
f 349/349/349 350/350/350 351/351/351
f 349/349/349 351/351/351 352/352/352
v -1.775000 0.002000 -39.040000
v -1.425000 0.002000 -39.040000
v -1.425000 0.002000 -38.960000
v -1.775000 0.002000 -38.960000
vt -40.815000 0.002000
vt -40.465000 0.002000
vt -40.385000 0.002000
vt -40.735000 0.002000
vn 0.000000 -1.000000 0.000000
vn 0.000000 -1.000000 0.000000
vn 0.000000 -1.000000 0.000000
vn 0.000000 -1.000000 0.000000
f 353/353/353 354/354/354 355/355/355
f 353/353/353 355/355/355 356/356/356
v -1.775000 0.022000 -39.040000
v -1.775000 0.022000 -38.960000
v -1.425000 0.022000 -38.960000
v -1.425000 0.022000 -39.040000
vt -40.815000 0.022000
vt -40.735000 0.022000
vt -40.385000 0.022000
vt -40.465000 0.022000
vn 0.000000 1.000000 0.000000
vn 0.000000 1.000000 0.000000
vn 0.000000 1.000000 0.000000
vn 0.000000 1.000000 0.000000
f 357/357/357 358/358/358 359/359/359
f 357/357/357 359/359/359 360/360/360
v 1.425000 0.002000 -39.040000
v 1.425000 0.022000 -39.040000
v 1.775000 0.022000 -39.040000
v 1.775000 0.002000 -39.040000
vt -37.615000 0.002000
vt -37.615000 0.022000
vt -37.265000 0.022000
vt -37.265000 0.002000
vn 0.000000 0.000000 -1.000000
vn 0.000000 0.000000 -1.000000
vn 0.000000 0.000000 -1.000000
vn 0.000000 0.000000 -1.000000
f 361/361/361 362/362/362 363/363/363
f 361/361/361 363/363/363 364/364/364
v 1.425000 0.002000 -38.960000
v 1.775000 0.002000 -38.960000
v 1.775000 0.022000 -38.960000
v 1.425000 0.022000 -38.960000
vt -37.535000 0.002000
vt -37.185000 0.002000
vt -37.185000 0.022000
vt -37.535000 0.022000
vn 0.000000 0.000000 1.000000
vn 0.000000 0.000000 1.000000
vn 0.000000 0.000000 1.000000
vn 0.000000 0.000000 1.000000
f 365/365/365 366/366/366 367/367/367
f 365/365/365 367/367/367 368/368/368
v 1.425000 0.002000 -39.040000
v 1.425000 0.002000 -38.960000
v 1.425000 0.022000 -38.960000
v 1.425000 0.022000 -39.040000
vt -37.615000 0.002000
vt -37.535000 0.002000
vt -37.535000 0.022000
vt -37.615000 0.022000
vn -1.000000 0.000000 0.000000
vn -1.000000 0.000000 0.000000
vn -1.000000 0.000000 0.000000
vn -1.000000 0.000000 0.000000
f 369/369/369 370/370/370 371/371/371
f 369/369/369 371/371/371 372/372/372
v 1.775000 0.002000 -39.040000
v 1.775000 0.022000 -39.040000
v 1.775000 0.022000 -38.960000
v 1.775000 0.002000 -38.960000
vt -37.265000 0.002000
vt -37.265000 0.022000
vt -37.185000 0.022000
vt -37.185000 0.002000
vn 1.000000 0.000000 0.000000
vn 1.000000 0.000000 0.000000
vn 1.000000 0.000000 0.000000
vn 1.000000 0.000000 0.000000
f 373/373/373 374/374/374 375/375/375
f 373/373/373 375/375/375 376/376/376
v 1.425000 0.002000 -39.040000
v 1.775000 0.002000 -39.040000
v 1.775000 0.002000 -38.960000
v 1.425000 0.002000 -38.960000
vt -37.615000 0.002000
vt -37.265000 0.002000
vt -37.185000 0.002000
vt -37.535000 0.002000
vn 0.000000 -1.000000 0.000000
vn 0.000000 -1.000000 0.000000
vn 0.000000 -1.000000 0.000000
vn 0.000000 -1.000000 0.000000
f 377/377/377 378/378/378 379/379/379
f 377/377/377 379/379/379 380/380/380
v 1.425000 0.022000 -39.040000
v 1.425000 0.022000 -38.960000
v 1.775000 0.022000 -38.960000
v 1.775000 0.022000 -39.040000
vt -37.615000 0.022000
vt -37.535000 0.022000
vt -37.185000 0.022000
vt -37.265000 0.022000
vn 0.000000 1.000000 0.000000
vn 0.000000 1.000000 0.000000
vn 0.000000 1.000000 0.000000
vn 0.000000 1.000000 0.000000
f 381/381/381 382/382/382 383/383/383
f 381/381/381 383/383/383 384/384/384
v -1.775000 0.002000 -33.040000
v -1.775000 0.022000 -33.040000
v -1.425000 0.022000 -33.040000
v -1.425000 0.002000 -33.040000
vt -34.815000 0.002000
vt -34.815000 0.022000
vt -34.465000 0.022000
vt -34.465000 0.002000
vn 0.000000 0.000000 -1.000000
vn 0.000000 0.000000 -1.000000
vn 0.000000 0.000000 -1.000000
vn 0.000000 0.000000 -1.000000
f 385/385/385 386/386/386 387/387/387
f 385/385/385 387/387/387 388/388/388
v -1.775000 0.002000 -32.960000
v -1.425000 0.002000 -32.960000
v -1.425000 0.022000 -32.960000
v -1.775000 0.022000 -32.960000
vt -34.735000 0.002000
vt -34.385000 0.002000
vt -34.385000 0.022000
vt -34.735000 0.022000
vn 0.000000 0.000000 1.000000
vn 0.000000 0.000000 1.000000
vn 0.000000 0.000000 1.000000
vn 0.000000 0.000000 1.000000
f 389/389/389 390/390/390 391/391/391
f 389/389/389 391/391/391 392/392/392
v -1.775000 0.002000 -33.040000
v -1.775000 0.002000 -32.960000
v -1.775000 0.022000 -32.960000
v -1.775000 0.022000 -33.040000
vt -34.815000 0.002000
vt -34.735000 0.002000
vt -34.735000 0.022000
vt -34.815000 0.022000
vn -1.000000 0.000000 0.000000
vn -1.000000 0.000000 0.000000
vn -1.000000 0.000000 0.000000
vn -1.000000 0.000000 0.000000
f 393/393/393 394/394/394 395/395/395
f 393/393/393 395/395/395 396/396/396
v -1.425000 0.002000 -33.040000
v -1.425000 0.022000 -33.040000
v -1.425000 0.022000 -32.960000
v -1.425000 0.002000 -32.960000
vt -34.465000 0.002000
vt -34.465000 0.022000
vt -34.385000 0.022000
vt -34.385000 0.002000
vn 1.000000 0.000000 0.000000
vn 1.000000 0.000000 0.000000
vn 1.000000 0.000000 0.000000
vn 1.000000 0.000000 0.000000
f 397/397/397 398/398/398 399/399/399
f 397/397/397 399/399/399 400/400/400
v -1.775000 0.002000 -33.040000
v -1.425000 0.002000 -33.040000
v -1.425000 0.002000 -32.960000
v -1.775000 0.002000 -32.960000
vt -34.815000 0.002000
vt -34.465000 0.002000
vt -34.385000 0.002000
vt -34.735000 0.002000
vn 0.000000 -1.000000 0.000000
vn 0.000000 -1.000000 0.000000
vn 0.000000 -1.000000 0.000000
vn 0.000000 -1.000000 0.000000
f 401/401/401 402/402/402 403/403/403
f 401/401/401 403/403/403 404/404/404
v -1.775000 0.022000 -33.040000
v -1.775000 0.022000 -32.960000
v -1.425000 0.022000 -32.960000
v -1.425000 0.022000 -33.040000
vt -34.815000 0.022000
vt -34.735000 0.022000
vt -34.385000 0.022000
vt -34.465000 0.022000
vn 0.000000 1.000000 0.000000
vn 0.000000 1.000000 0.000000
vn 0.000000 1.000000 0.000000
vn 0.000000 1.000000 0.000000
f 405/405/405 406/406/406 407/407/407
f 405/405/405 407/407/407 408/408/408
v 1.425000 0.002000 -33.040000
v 1.425000 0.022000 -33.040000
v 1.775000 0.022000 -33.040000
v 1.775000 0.002000 -33.040000
vt -31.615000 0.002000
vt -31.615000 0.022000
vt -31.265000 0.022000
vt -31.265000 0.002000
vn 0.000000 0.000000 -1.000000
vn 0.000000 0.000000 -1.000000
vn 0.000000 0.000000 -1.000000
vn 0.000000 0.000000 -1.000000
f 409/409/409 410/410/410 411/411/411
f 409/409/409 411/411/411 412/412/412
v 1.425000 0.002000 -32.960000
v 1.775000 0.002000 -32.960000
v 1.775000 0.022000 -32.960000
v 1.425000 0.022000 -32.960000
vt -31.535000 0.002000
vt -31.185000 0.002000
vt -31.185000 0.022000
vt -31.535000 0.022000
vn 0.000000 0.000000 1.000000
vn 0.000000 0.000000 1.000000
vn 0.000000 0.000000 1.000000
vn 0.000000 0.000000 1.000000
f 413/413/413 414/414/414 415/415/415
f 413/413/413 415/415/415 416/416/416
v 1.425000 0.002000 -33.040000
v 1.425000 0.002000 -32.960000
v 1.425000 0.022000 -32.960000
v 1.425000 0.022000 -33.040000
vt -31.615000 0.002000
vt -31.535000 0.002000
vt -31.535000 0.022000
vt -31.615000 0.022000
vn -1.000000 0.000000 0.000000
vn -1.000000 0.000000 0.000000
vn -1.000000 0.000000 0.000000
vn -1.000000 0.000000 0.000000
f 417/417/417 418/418/418 419/419/419
f 417/417/417 419/419/419 420/420/420
v 1.775000 0.002000 -33.040000
v 1.775000 0.022000 -33.040000
v 1.775000 0.022000 -32.960000
v 1.775000 0.002000 -32.960000
vt -31.265000 0.002000
vt -31.265000 0.022000
vt -31.185000 0.022000
vt -31.185000 0.002000
vn 1.000000 0.000000 0.000000
vn 1.000000 0.000000 0.000000
vn 1.000000 0.000000 0.000000
vn 1.000000 0.000000 0.000000
f 421/421/421 422/422/422 423/423/423
f 421/421/421 423/423/423 424/424/424
v 1.425000 0.002000 -33.040000
v 1.775000 0.002000 -33.040000
v 1.775000 0.002000 -32.960000
v 1.425000 0.002000 -32.960000
vt -31.615000 0.002000
vt -31.265000 0.002000
vt -31.185000 0.002000
vt -31.535000 0.002000
vn 0.000000 -1.000000 0.000000
vn 0.000000 -1.000000 0.000000
vn 0.000000 -1.000000 0.000000
vn 0.000000 -1.000000 0.000000
f 425/425/425 426/426/426 427/427/427
f 425/425/425 427/427/427 428/428/428
v 1.425000 0.022000 -33.040000
v 1.425000 0.022000 -32.960000
v 1.775000 0.022000 -32.960000
v 1.775000 0.022000 -33.040000
vt -31.615000 0.022000
vt -31.535000 0.022000
vt -31.185000 0.022000
vt -31.265000 0.022000
vn 0.000000 1.000000 0.000000
vn 0.000000 1.000000 0.000000
vn 0.000000 1.000000 0.000000
vn 0.000000 1.000000 0.000000
f 429/429/429 430/430/430 431/431/431
f 429/429/429 431/431/431 432/432/432
v -1.775000 0.002000 -27.040000
v -1.775000 0.022000 -27.040000
v -1.425000 0.022000 -27.040000
v -1.425000 0.002000 -27.040000
vt -28.815000 0.002000
vt -28.815000 0.022000
vt -28.465000 0.022000
vt -28.465000 0.002000
vn 0.000000 0.000000 -1.000000
vn 0.000000 0.000000 -1.000000
vn 0.000000 0.000000 -1.000000
vn 0.000000 0.000000 -1.000000
f 433/433/433 434/434/434 435/435/435
f 433/433/433 435/435/435 436/436/436
v -1.775000 0.002000 -26.960000
v -1.425000 0.002000 -26.960000
v -1.425000 0.022000 -26.960000
v -1.775000 0.022000 -26.960000
vt -28.735000 0.002000
vt -28.385000 0.002000
vt -28.385000 0.022000
vt -28.735000 0.022000
vn 0.000000 0.000000 1.000000
vn 0.000000 0.000000 1.000000
vn 0.000000 0.000000 1.000000
vn 0.000000 0.000000 1.000000
f 437/437/437 438/438/438 439/439/439
f 437/437/437 439/439/439 440/440/440
v -1.775000 0.002000 -27.040000
v -1.775000 0.002000 -26.960000
v -1.775000 0.022000 -26.960000
v -1.775000 0.022000 -27.040000
vt -28.815000 0.002000
vt -28.735000 0.002000
vt -28.735000 0.022000
vt -28.815000 0.022000
vn -1.000000 0.000000 0.000000
vn -1.000000 0.000000 0.000000
vn -1.000000 0.000000 0.000000
vn -1.000000 0.000000 0.000000
f 441/441/441 442/442/442 443/443/443
f 441/441/441 443/443/443 444/444/444
v -1.425000 0.002000 -27.040000
v -1.425000 0.022000 -27.040000
v -1.425000 0.022000 -26.960000
v -1.425000 0.002000 -26.960000
vt -28.465000 0.002000
vt -28.465000 0.022000
vt -28.385000 0.022000
vt -28.385000 0.002000
vn 1.000000 0.000000 0.000000
vn 1.000000 0.000000 0.000000
vn 1.000000 0.000000 0.000000
vn 1.000000 0.000000 0.000000
f 445/445/445 446/446/446 447/447/447
f 445/445/445 447/447/447 448/448/448
v -1.775000 0.002000 -27.040000
v -1.425000 0.002000 -27.040000
v -1.425000 0.002000 -26.960000
v -1.775000 0.002000 -26.960000
vt -28.815000 0.002000
vt -28.465000 0.002000
vt -28.385000 0.002000
vt -28.735000 0.002000
vn 0.000000 -1.000000 0.000000
vn 0.000000 -1.000000 0.000000
vn 0.000000 -1.000000 0.000000
vn 0.000000 -1.000000 0.000000
f 449/449/449 450/450/450 451/451/451
f 449/449/449 451/451/451 452/452/452
v -1.775000 0.022000 -27.040000
v -1.775000 0.022000 -26.960000
v -1.425000 0.022000 -26.960000
v -1.425000 0.022000 -27.040000
vt -28.815000 0.022000
vt -28.735000 0.022000
vt -28.385000 0.022000
vt -28.465000 0.022000
vn 0.000000 1.000000 0.000000
vn 0.000000 1.000000 0.000000
vn 0.000000 1.000000 0.000000
vn 0.000000 1.000000 0.000000
f 453/453/453 454/454/454 455/455/455
f 453/453/453 455/455/455 456/456/456
v 1.425000 0.002000 -27.040000
v 1.425000 0.022000 -27.040000
v 1.775000 0.022000 -27.040000
v 1.775000 0.002000 -27.040000
vt -25.615000 0.002000
vt -25.615000 0.022000
vt -25.265000 0.022000
vt -25.265000 0.002000
vn 0.000000 0.000000 -1.000000
vn 0.000000 0.000000 -1.000000
vn 0.000000 0.000000 -1.000000
vn 0.000000 0.000000 -1.000000
f 457/457/457 458/458/458 459/459/459
f 457/457/457 459/459/459 460/460/460
v 1.425000 0.002000 -26.960000
v 1.775000 0.002000 -26.960000
v 1.775000 0.022000 -26.960000
v 1.425000 0.022000 -26.960000
vt -25.535000 0.002000
vt -25.185000 0.002000
vt -25.185000 0.022000
vt -25.535000 0.022000
vn 0.000000 0.000000 1.000000
vn 0.000000 0.000000 1.000000
vn 0.000000 0.000000 1.000000
vn 0.000000 0.000000 1.000000
f 461/461/461 462/462/462 463/463/463
f 461/461/461 463/463/463 464/464/464
v 1.425000 0.002000 -27.040000
v 1.425000 0.002000 -26.960000
v 1.425000 0.022000 -26.960000
v 1.425000 0.022000 -27.040000
vt -25.615000 0.002000
vt -25.535000 0.002000
vt -25.535000 0.022000
vt -25.615000 0.022000
vn -1.000000 0.000000 0.000000
vn -1.000000 0.000000 0.000000
vn -1.000000 0.000000 0.000000
vn -1.000000 0.000000 0.000000
f 465/465/465 466/466/466 467/467/467
f 465/465/465 467/467/467 468/468/468
v 1.775000 0.002000 -27.040000
v 1.775000 0.022000 -27.040000
v 1.775000 0.022000 -26.960000
v 1.775000 0.002000 -26.960000
vt -25.265000 0.002000
vt -25.265000 0.022000
vt -25.185000 0.022000
vt -25.185000 0.002000
vn 1.000000 0.000000 0.000000
vn 1.000000 0.000000 0.000000
vn 1.000000 0.000000 0.000000
vn 1.000000 0.000000 0.000000
f 469/469/469 470/470/470 471/471/471
f 469/469/469 471/471/471 472/472/472
v 1.425000 0.002000 -27.040000
v 1.775000 0.002000 -27.040000
v 1.775000 0.002000 -26.960000
v 1.425000 0.002000 -26.960000
vt -25.615000 0.002000
vt -25.265000 0.002000
vt -25.185000 0.002000
vt -25.535000 0.002000
vn 0.000000 -1.000000 0.000000
vn 0.000000 -1.000000 0.000000
vn 0.000000 -1.000000 0.000000
vn 0.000000 -1.000000 0.000000
f 473/473/473 474/474/474 475/475/475
f 473/473/473 475/475/475 476/476/476
v 1.425000 0.022000 -27.040000
v 1.425000 0.022000 -26.960000
v 1.775000 0.022000 -26.960000
v 1.775000 0.022000 -27.040000
vt -25.615000 0.022000
vt -25.535000 0.022000
vt -25.185000 0.022000
vt -25.265000 0.022000
vn 0.000000 1.000000 0.000000
vn 0.000000 1.000000 0.000000
vn 0.000000 1.000000 0.000000
vn 0.000000 1.000000 0.000000
f 477/477/477 478/478/478 479/479/479
f 477/477/477 479/479/479 480/480/480
v -1.775000 0.002000 -21.040000
v -1.775000 0.022000 -21.040000
v -1.425000 0.022000 -21.040000
v -1.425000 0.002000 -21.040000
vt -22.815000 0.002000
vt -22.815000 0.022000
vt -22.465000 0.022000
vt -22.465000 0.002000
vn 0.000000 0.000000 -1.000000
vn 0.000000 0.000000 -1.000000
vn 0.000000 0.000000 -1.000000
vn 0.000000 0.000000 -1.000000
f 481/481/481 482/482/482 483/483/483
f 481/481/481 483/483/483 484/484/484
v -1.775000 0.002000 -20.960000
v -1.425000 0.002000 -20.960000
v -1.425000 0.022000 -20.960000
v -1.775000 0.022000 -20.960000
vt -22.735000 0.002000
vt -22.385000 0.002000
vt -22.385000 0.022000
vt -22.735000 0.022000
vn 0.000000 0.000000 1.000000
vn 0.000000 0.000000 1.000000
vn 0.000000 0.000000 1.000000
vn 0.000000 0.000000 1.000000
f 485/485/485 486/486/486 487/487/487
f 485/485/485 487/487/487 488/488/488
v -1.775000 0.002000 -21.040000
v -1.775000 0.002000 -20.960000
v -1.775000 0.022000 -20.960000
v -1.775000 0.022000 -21.040000
vt -22.815000 0.002000
vt -22.735000 0.002000
vt -22.735000 0.022000
vt -22.815000 0.022000
vn -1.000000 0.000000 0.000000
vn -1.000000 0.000000 0.000000
vn -1.000000 0.000000 0.000000
vn -1.000000 0.000000 0.000000
f 489/489/489 490/490/490 491/491/491
f 489/489/489 491/491/491 492/492/492
v -1.425000 0.002000 -21.040000
v -1.425000 0.022000 -21.040000
v -1.425000 0.022000 -20.960000
v -1.425000 0.002000 -20.960000
vt -22.465000 0.002000
vt -22.465000 0.022000
vt -22.385000 0.022000
vt -22.385000 0.002000
vn 1.000000 0.000000 0.000000
vn 1.000000 0.000000 0.000000
vn 1.000000 0.000000 0.000000
vn 1.000000 0.000000 0.000000
f 493/493/493 494/494/494 495/495/495
f 493/493/493 495/495/495 496/496/496
v -1.775000 0.002000 -21.040000
v -1.425000 0.002000 -21.040000
v -1.425000 0.002000 -20.960000
v -1.775000 0.002000 -20.960000
vt -22.815000 0.002000
vt -22.465000 0.002000
vt -22.385000 0.002000
vt -22.735000 0.002000
vn 0.000000 -1.000000 0.000000
vn 0.000000 -1.000000 0.000000
vn 0.000000 -1.000000 0.000000
vn 0.000000 -1.000000 0.000000
f 497/497/497 498/498/498 499/499/499
f 497/497/497 499/499/499 500/500/500
v -1.775000 0.022000 -21.040000
v -1.775000 0.022000 -20.960000
v -1.425000 0.022000 -20.960000
v -1.425000 0.022000 -21.040000
vt -22.815000 0.022000
vt -22.735000 0.022000
vt -22.385000 0.022000
vt -22.465000 0.022000
vn 0.000000 1.000000 0.000000
vn 0.000000 1.000000 0.000000
vn 0.000000 1.000000 0.000000
vn 0.000000 1.000000 0.000000
f 501/501/501 502/502/502 503/503/503
f 501/501/501 503/503/503 504/504/504
v 1.425000 0.002000 -21.040000
v 1.425000 0.022000 -21.040000
v 1.775000 0.022000 -21.040000
v 1.775000 0.002000 -21.040000
vt -19.615000 0.002000
vt -19.615000 0.022000
vt -19.265000 0.022000
vt -19.265000 0.002000
vn 0.000000 0.000000 -1.000000
vn 0.000000 0.000000 -1.000000
vn 0.000000 0.000000 -1.000000
vn 0.000000 0.000000 -1.000000
f 505/505/505 506/506/506 507/507/507
f 505/505/505 507/507/507 508/508/508
v 1.425000 0.002000 -20.960000
v 1.775000 0.002000 -20.960000
v 1.775000 0.022000 -20.960000
v 1.425000 0.022000 -20.960000
vt -19.535000 0.002000
vt -19.185000 0.002000
vt -19.185000 0.022000
vt -19.535000 0.022000
vn 0.000000 0.000000 1.000000
vn 0.000000 0.000000 1.000000
vn 0.000000 0.000000 1.000000
vn 0.000000 0.000000 1.000000
f 509/509/509 510/510/510 511/511/511
f 509/509/509 511/511/511 512/512/512
v 1.425000 0.002000 -21.040000
v 1.425000 0.002000 -20.960000
v 1.425000 0.022000 -20.960000
v 1.425000 0.022000 -21.040000
vt -19.615000 0.002000
vt -19.535000 0.002000
vt -19.535000 0.022000
vt -19.615000 0.022000
vn -1.000000 0.000000 0.000000
vn -1.000000 0.000000 0.000000
vn -1.000000 0.000000 0.000000
vn -1.000000 0.000000 0.000000
f 513/513/513 514/514/514 515/515/515
f 513/513/513 515/515/515 516/516/516
v 1.775000 0.002000 -21.040000
v 1.775000 0.022000 -21.040000
v 1.775000 0.022000 -20.960000
v 1.775000 0.002000 -20.960000
vt -19.265000 0.002000
vt -19.265000 0.022000
vt -19.185000 0.022000
vt -19.185000 0.002000
vn 1.000000 0.000000 0.000000
vn 1.000000 0.000000 0.000000
vn 1.000000 0.000000 0.000000
vn 1.000000 0.000000 0.000000
f 517/517/517 518/518/518 519/519/519
f 517/517/517 519/519/519 520/520/520
v 1.425000 0.002000 -21.040000
v 1.775000 0.002000 -21.040000
v 1.775000 0.002000 -20.960000
v 1.425000 0.002000 -20.960000
vt -19.615000 0.002000
vt -19.265000 0.002000
vt -19.185000 0.002000
vt -19.535000 0.002000
vn 0.000000 -1.000000 0.000000
vn 0.000000 -1.000000 0.000000
vn 0.000000 -1.000000 0.000000
vn 0.000000 -1.000000 0.000000
f 521/521/521 522/522/522 523/523/523
f 521/521/521 523/523/523 524/524/524
v 1.425000 0.022000 -21.040000
v 1.425000 0.022000 -20.960000
v 1.775000 0.022000 -20.960000
v 1.775000 0.022000 -21.040000
vt -19.615000 0.022000
vt -19.535000 0.022000
vt -19.185000 0.022000
vt -19.265000 0.022000
vn 0.000000 1.000000 0.000000
vn 0.000000 1.000000 0.000000
vn 0.000000 1.000000 0.000000
vn 0.000000 1.000000 0.000000
f 525/525/525 526/526/526 527/527/527
f 525/525/525 527/527/527 528/528/528
v -1.775000 0.002000 -15.040000
v -1.775000 0.022000 -15.040000
v -1.425000 0.022000 -15.040000
v -1.425000 0.002000 -15.040000
vt -16.815000 0.002000
vt -16.815000 0.022000
vt -16.465000 0.022000
vt -16.465000 0.002000
vn 0.000000 0.000000 -1.000000
vn 0.000000 0.000000 -1.000000
vn 0.000000 0.000000 -1.000000
vn 0.000000 0.000000 -1.000000
f 529/529/529 530/530/530 531/531/531
f 529/529/529 531/531/531 532/532/532
v -1.775000 0.002000 -14.960000
v -1.425000 0.002000 -14.960000
v -1.425000 0.022000 -14.960000
v -1.775000 0.022000 -14.960000
vt -16.735000 0.002000
vt -16.385000 0.002000
vt -16.385000 0.022000
vt -16.735000 0.022000
vn 0.000000 0.000000 1.000000
vn 0.000000 0.000000 1.000000
vn 0.000000 0.000000 1.000000
vn 0.000000 0.000000 1.000000
f 533/533/533 534/534/534 535/535/535
f 533/533/533 535/535/535 536/536/536
v -1.775000 0.002000 -15.040000
v -1.775000 0.002000 -14.960000
v -1.775000 0.022000 -14.960000
v -1.775000 0.022000 -15.040000
vt -16.815000 0.002000
vt -16.735000 0.002000
vt -16.735000 0.022000
vt -16.815000 0.022000
vn -1.000000 0.000000 0.000000
vn -1.000000 0.000000 0.000000
vn -1.000000 0.000000 0.000000
vn -1.000000 0.000000 0.000000
f 537/537/537 538/538/538 539/539/539
f 537/537/537 539/539/539 540/540/540
v -1.425000 0.002000 -15.040000
v -1.425000 0.022000 -15.040000
v -1.425000 0.022000 -14.960000
v -1.425000 0.002000 -14.960000
vt -16.465000 0.002000
vt -16.465000 0.022000
vt -16.385000 0.022000
vt -16.385000 0.002000
vn 1.000000 0.000000 0.000000
vn 1.000000 0.000000 0.000000
vn 1.000000 0.000000 0.000000
vn 1.000000 0.000000 0.000000
f 541/541/541 542/542/542 543/543/543
f 541/541/541 543/543/543 544/544/544
v -1.775000 0.002000 -15.040000
v -1.425000 0.002000 -15.040000
v -1.425000 0.002000 -14.960000
v -1.775000 0.002000 -14.960000
vt -16.815000 0.002000
vt -16.465000 0.002000
vt -16.385000 0.002000
vt -16.735000 0.002000
vn 0.000000 -1.000000 0.000000
vn 0.000000 -1.000000 0.000000
vn 0.000000 -1.000000 0.000000
vn 0.000000 -1.000000 0.000000
f 545/545/545 546/546/546 547/547/547
f 545/545/545 547/547/547 548/548/548
v -1.775000 0.022000 -15.040000
v -1.775000 0.022000 -14.960000
v -1.425000 0.022000 -14.960000
v -1.425000 0.022000 -15.040000
vt -16.815000 0.022000
vt -16.735000 0.022000
vt -16.385000 0.022000
vt -16.465000 0.022000
vn 0.000000 1.000000 0.000000
vn 0.000000 1.000000 0.000000
vn 0.000000 1.000000 0.000000
vn 0.000000 1.000000 0.000000
f 549/549/549 550/550/550 551/551/551
f 549/549/549 551/551/551 552/552/552
v 1.425000 0.002000 -15.040000
v 1.425000 0.022000 -15.040000
v 1.775000 0.022000 -15.040000
v 1.775000 0.002000 -15.040000
vt -13.615000 0.002000
vt -13.615000 0.022000
vt -13.265000 0.022000
vt -13.265000 0.002000
vn 0.000000 0.000000 -1.000000
vn 0.000000 0.000000 -1.000000
vn 0.000000 0.000000 -1.000000
vn 0.000000 0.000000 -1.000000
f 553/553/553 554/554/554 555/555/555
f 553/553/553 555/555/555 556/556/556
v 1.425000 0.002000 -14.960000
v 1.775000 0.002000 -14.960000
v 1.775000 0.022000 -14.960000
v 1.425000 0.022000 -14.960000
vt -13.535000 0.002000
vt -13.185000 0.002000
vt -13.185000 0.022000
vt -13.535000 0.022000
vn 0.000000 0.000000 1.000000
vn 0.000000 0.000000 1.000000
vn 0.000000 0.000000 1.000000
vn 0.000000 0.000000 1.000000
f 557/557/557 558/558/558 559/559/559
f 557/557/557 559/559/559 560/560/560
v 1.425000 0.002000 -15.040000
v 1.425000 0.002000 -14.960000
v 1.425000 0.022000 -14.960000
v 1.425000 0.022000 -15.040000
vt -13.615000 0.002000
vt -13.535000 0.002000
vt -13.535000 0.022000
vt -13.615000 0.022000
vn -1.000000 0.000000 0.000000
vn -1.000000 0.000000 0.000000
vn -1.000000 0.000000 0.000000
vn -1.000000 0.000000 0.000000
f 561/561/561 562/562/562 563/563/563
f 561/561/561 563/563/563 564/564/564
v 1.775000 0.002000 -15.040000
v 1.775000 0.022000 -15.040000
v 1.775000 0.022000 -14.960000
v 1.775000 0.002000 -14.960000
vt -13.265000 0.002000
vt -13.265000 0.022000
vt -13.185000 0.022000
vt -13.185000 0.002000
vn 1.000000 0.000000 0.000000
vn 1.000000 0.000000 0.000000
vn 1.000000 0.000000 0.000000
vn 1.000000 0.000000 0.000000
f 565/565/565 566/566/566 567/567/567
f 565/565/565 567/567/567 568/568/568
v 1.425000 0.002000 -15.040000
v 1.775000 0.002000 -15.040000
v 1.775000 0.002000 -14.960000
v 1.425000 0.002000 -14.960000
vt -13.615000 0.002000
vt -13.265000 0.002000
vt -13.185000 0.002000
vt -13.535000 0.002000
vn 0.000000 -1.000000 0.000000
vn 0.000000 -1.000000 0.000000
vn 0.000000 -1.000000 0.000000
vn 0.000000 -1.000000 0.000000
f 569/569/569 570/570/570 571/571/571
f 569/569/569 571/571/571 572/572/572
v 1.425000 0.022000 -15.040000
v 1.425000 0.022000 -14.960000
v 1.775000 0.022000 -14.960000
v 1.775000 0.022000 -15.040000
vt -13.615000 0.022000
vt -13.535000 0.022000
vt -13.185000 0.022000
vt -13.265000 0.022000
vn 0.000000 1.000000 0.000000
vn 0.000000 1.000000 0.000000
vn 0.000000 1.000000 0.000000
vn 0.000000 1.000000 0.000000
f 573/573/573 574/574/574 575/575/575
f 573/573/573 575/575/575 576/576/576
v -1.775000 0.002000 -9.040000
v -1.775000 0.022000 -9.040000
v -1.425000 0.022000 -9.040000
v -1.425000 0.002000 -9.040000
vt -10.815000 0.002000
vt -10.815000 0.022000
vt -10.465000 0.022000
vt -10.465000 0.002000
vn 0.000000 0.000000 -1.000000
vn 0.000000 0.000000 -1.000000
vn 0.000000 0.000000 -1.000000
vn 0.000000 0.000000 -1.000000
f 577/577/577 578/578/578 579/579/579
f 577/577/577 579/579/579 580/580/580
v -1.775000 0.002000 -8.960000
v -1.425000 0.002000 -8.960000
v -1.425000 0.022000 -8.960000
v -1.775000 0.022000 -8.960000
vt -10.735000 0.002000
vt -10.385000 0.002000
vt -10.385000 0.022000
vt -10.735000 0.022000
vn 0.000000 0.000000 1.000000
vn 0.000000 0.000000 1.000000
vn 0.000000 0.000000 1.000000
vn 0.000000 0.000000 1.000000
f 581/581/581 582/582/582 583/583/583
f 581/581/581 583/583/583 584/584/584
v -1.775000 0.002000 -9.040000
v -1.775000 0.002000 -8.960000
v -1.775000 0.022000 -8.960000
v -1.775000 0.022000 -9.040000
vt -10.815000 0.002000
vt -10.735000 0.002000
vt -10.735000 0.022000
vt -10.815000 0.022000
vn -1.000000 0.000000 0.000000
vn -1.000000 0.000000 0.000000
vn -1.000000 0.000000 0.000000
vn -1.000000 0.000000 0.000000
f 585/585/585 586/586/586 587/587/587
f 585/585/585 587/587/587 588/588/588
v -1.425000 0.002000 -9.040000
v -1.425000 0.022000 -9.040000
v -1.425000 0.022000 -8.960000
v -1.425000 0.002000 -8.960000
vt -10.465000 0.002000
vt -10.465000 0.022000
vt -10.385000 0.022000
vt -10.385000 0.002000
vn 1.000000 0.000000 0.000000
vn 1.000000 0.000000 0.000000
vn 1.000000 0.000000 0.000000
vn 1.000000 0.000000 0.000000
f 589/589/589 590/590/590 591/591/591
f 589/589/589 591/591/591 592/592/592
v -1.775000 0.002000 -9.040000
v -1.425000 0.002000 -9.040000
v -1.425000 0.002000 -8.960000
v -1.775000 0.002000 -8.960000
vt -10.815000 0.002000
vt -10.465000 0.002000
vt -10.385000 0.002000
vt -10.735000 0.002000
vn 0.000000 -1.000000 0.000000
vn 0.000000 -1.000000 0.000000
vn 0.000000 -1.000000 0.000000
vn 0.000000 -1.000000 0.000000
f 593/593/593 594/594/594 595/595/595
f 593/593/593 595/595/595 596/596/596
v -1.775000 0.022000 -9.040000
v -1.775000 0.022000 -8.960000
v -1.425000 0.022000 -8.960000
v -1.425000 0.022000 -9.040000
vt -10.815000 0.022000
vt -10.735000 0.022000
vt -10.385000 0.022000
vt -10.465000 0.022000
vn 0.000000 1.000000 0.000000
vn 0.000000 1.000000 0.000000
vn 0.000000 1.000000 0.000000
vn 0.000000 1.000000 0.000000
f 597/597/597 598/598/598 599/599/599
f 597/597/597 599/599/599 600/600/600
v 1.425000 0.002000 -9.040000
v 1.425000 0.022000 -9.040000
v 1.775000 0.022000 -9.040000
v 1.775000 0.002000 -9.040000
vt -7.615000 0.002000
vt -7.615000 0.022000
vt -7.265000 0.022000
vt -7.265000 0.002000
vn 0.000000 0.000000 -1.000000
vn 0.000000 0.000000 -1.000000
vn 0.000000 0.000000 -1.000000
vn 0.000000 0.000000 -1.000000
f 601/601/601 602/602/602 603/603/603
f 601/601/601 603/603/603 604/604/604
v 1.425000 0.002000 -8.960000
v 1.775000 0.002000 -8.960000
v 1.775000 0.022000 -8.960000
v 1.425000 0.022000 -8.960000
vt -7.535000 0.002000
vt -7.185000 0.002000
vt -7.185000 0.022000
vt -7.535000 0.022000
vn 0.000000 0.000000 1.000000
vn 0.000000 0.000000 1.000000
vn 0.000000 0.000000 1.000000
vn 0.000000 0.000000 1.000000
f 605/605/605 606/606/606 607/607/607
f 605/605/605 607/607/607 608/608/608
v 1.425000 0.002000 -9.040000
v 1.425000 0.002000 -8.960000
v 1.425000 0.022000 -8.960000
v 1.425000 0.022000 -9.040000
vt -7.615000 0.002000
vt -7.535000 0.002000
vt -7.535000 0.022000
vt -7.615000 0.022000
vn -1.000000 0.000000 0.000000
vn -1.000000 0.000000 0.000000
vn -1.000000 0.000000 0.000000
vn -1.000000 0.000000 0.000000
f 609/609/609 610/610/610 611/611/611
f 609/609/609 611/611/611 612/612/612
v 1.775000 0.002000 -9.040000
v 1.775000 0.022000 -9.040000
v 1.775000 0.022000 -8.960000
v 1.775000 0.002000 -8.960000
vt -7.265000 0.002000
vt -7.265000 0.022000
vt -7.185000 0.022000
vt -7.185000 0.002000
vn 1.000000 0.000000 0.000000
vn 1.000000 0.000000 0.000000
vn 1.000000 0.000000 0.000000
vn 1.000000 0.000000 0.000000
f 613/613/613 614/614/614 615/615/615
f 613/613/613 615/615/615 616/616/616
v 1.425000 0.002000 -9.040000
v 1.775000 0.002000 -9.040000
v 1.775000 0.002000 -8.960000
v 1.425000 0.002000 -8.960000
vt -7.615000 0.002000
vt -7.265000 0.002000
vt -7.185000 0.002000
vt -7.535000 0.002000
vn 0.000000 -1.000000 0.000000
vn 0.000000 -1.000000 0.000000
vn 0.000000 -1.000000 0.000000
vn 0.000000 -1.000000 0.000000
f 617/617/617 618/618/618 619/619/619
f 617/617/617 619/619/619 620/620/620
v 1.425000 0.022000 -9.040000
v 1.425000 0.022000 -8.960000
v 1.775000 0.022000 -8.960000
v 1.775000 0.022000 -9.040000
vt -7.615000 0.022000
vt -7.535000 0.022000
vt -7.185000 0.022000
vt -7.265000 0.022000
vn 0.000000 1.000000 0.000000
vn 0.000000 1.000000 0.000000
vn 0.000000 1.000000 0.000000
vn 0.000000 1.000000 0.000000
f 621/621/621 622/622/622 623/623/623
f 621/621/621 623/623/623 624/624/624
v -1.775000 0.002000 -3.040000
v -1.775000 0.022000 -3.040000
v -1.425000 0.022000 -3.040000
v -1.425000 0.002000 -3.040000
vt -4.815000 0.002000
vt -4.815000 0.022000
vt -4.465000 0.022000
vt -4.465000 0.002000
vn 0.000000 0.000000 -1.000000
vn 0.000000 0.000000 -1.000000
vn 0.000000 0.000000 -1.000000
vn 0.000000 0.000000 -1.000000
f 625/625/625 626/626/626 627/627/627
f 625/625/625 627/627/627 628/628/628
v -1.775000 0.002000 -2.960000
v -1.425000 0.002000 -2.960000
v -1.425000 0.022000 -2.960000
v -1.775000 0.022000 -2.960000
vt -4.735000 0.002000
vt -4.385000 0.002000
vt -4.385000 0.022000
vt -4.735000 0.022000
vn 0.000000 0.000000 1.000000
vn 0.000000 0.000000 1.000000
vn 0.000000 0.000000 1.000000
vn 0.000000 0.000000 1.000000
f 629/629/629 630/630/630 631/631/631
f 629/629/629 631/631/631 632/632/632
v -1.775000 0.002000 -3.040000
v -1.775000 0.002000 -2.960000
v -1.775000 0.022000 -2.960000
v -1.775000 0.022000 -3.040000
vt -4.815000 0.002000
vt -4.735000 0.002000
vt -4.735000 0.022000
vt -4.815000 0.022000
vn -1.000000 0.000000 0.000000
vn -1.000000 0.000000 0.000000
vn -1.000000 0.000000 0.000000
vn -1.000000 0.000000 0.000000
f 633/633/633 634/634/634 635/635/635
f 633/633/633 635/635/635 636/636/636
v -1.425000 0.002000 -3.040000
v -1.425000 0.022000 -3.040000
v -1.425000 0.022000 -2.960000
v -1.425000 0.002000 -2.960000
vt -4.465000 0.002000
vt -4.465000 0.022000
vt -4.385000 0.022000
vt -4.385000 0.002000
vn 1.000000 0.000000 0.000000
vn 1.000000 0.000000 0.000000
vn 1.000000 0.000000 0.000000
vn 1.000000 0.000000 0.000000
f 637/637/637 638/638/638 639/639/639
f 637/637/637 639/639/639 640/640/640
v -1.775000 0.002000 -3.040000
v -1.425000 0.002000 -3.040000
v -1.425000 0.002000 -2.960000
v -1.775000 0.002000 -2.960000
vt -4.815000 0.002000
vt -4.465000 0.002000
vt -4.385000 0.002000
vt -4.735000 0.002000
vn 0.000000 -1.000000 0.000000
vn 0.000000 -1.000000 0.000000
vn 0.000000 -1.000000 0.000000
vn 0.000000 -1.000000 0.000000
f 641/641/641 642/642/642 643/643/643
f 641/641/641 643/643/643 644/644/644
v -1.775000 0.022000 -3.040000
v -1.775000 0.022000 -2.960000
v -1.425000 0.022000 -2.960000
v -1.425000 0.022000 -3.040000
vt -4.815000 0.022000
vt -4.735000 0.022000
vt -4.385000 0.022000
vt -4.465000 0.022000
vn 0.000000 1.000000 0.000000
vn 0.000000 1.000000 0.000000
vn 0.000000 1.000000 0.000000
vn 0.000000 1.000000 0.000000
f 645/645/645 646/646/646 647/647/647
f 645/645/645 647/647/647 648/648/648
v 1.425000 0.002000 -3.040000
v 1.425000 0.022000 -3.040000
v 1.775000 0.022000 -3.040000
v 1.775000 0.002000 -3.040000
vt -1.615000 0.002000
vt -1.615000 0.022000
vt -1.265000 0.022000
vt -1.265000 0.002000
vn 0.000000 0.000000 -1.000000
vn 0.000000 0.000000 -1.000000
vn 0.000000 0.000000 -1.000000
vn 0.000000 0.000000 -1.000000
f 649/649/649 650/650/650 651/651/651
f 649/649/649 651/651/651 652/652/652
v 1.425000 0.002000 -2.960000
v 1.775000 0.002000 -2.960000
v 1.775000 0.022000 -2.960000
v 1.425000 0.022000 -2.960000
vt -1.535000 0.002000
vt -1.185000 0.002000
vt -1.185000 0.022000
vt -1.535000 0.022000
vn 0.000000 0.000000 1.000000
vn 0.000000 0.000000 1.000000
vn 0.000000 0.000000 1.000000
vn 0.000000 0.000000 1.000000
f 653/653/653 654/654/654 655/655/655
f 653/653/653 655/655/655 656/656/656
v 1.425000 0.002000 -3.040000
v 1.425000 0.002000 -2.960000
v 1.425000 0.022000 -2.960000
v 1.425000 0.022000 -3.040000
vt -1.615000 0.002000
vt -1.535000 0.002000
vt -1.535000 0.022000
vt -1.615000 0.022000
vn -1.000000 0.000000 0.000000
vn -1.000000 0.000000 0.000000
vn -1.000000 0.000000 0.000000
vn -1.000000 0.000000 0.000000
f 657/657/657 658/658/658 659/659/659
f 657/657/657 659/659/659 660/660/660
v 1.775000 0.002000 -3.040000
v 1.775000 0.022000 -3.040000
v 1.775000 0.022000 -2.960000
v 1.775000 0.002000 -2.960000
vt -1.265000 0.002000
vt -1.265000 0.022000
vt -1.185000 0.022000
vt -1.185000 0.002000
vn 1.000000 0.000000 0.000000
vn 1.000000 0.000000 0.000000
vn 1.000000 0.000000 0.000000
vn 1.000000 0.000000 0.000000
f 661/661/661 662/662/662 663/663/663
f 661/661/661 663/663/663 664/664/664
v 1.425000 0.002000 -3.040000
v 1.775000 0.002000 -3.040000
v 1.775000 0.002000 -2.960000
v 1.425000 0.002000 -2.960000
vt -1.615000 0.002000
vt -1.265000 0.002000
vt -1.185000 0.002000
vt -1.535000 0.002000
vn 0.000000 -1.000000 0.000000
vn 0.000000 -1.000000 0.000000
vn 0.000000 -1.000000 0.000000
vn 0.000000 -1.000000 0.000000
f 665/665/665 666/666/666 667/667/667
f 665/665/665 667/667/667 668/668/668
v 1.425000 0.022000 -3.040000
v 1.425000 0.022000 -2.960000
v 1.775000 0.022000 -2.960000
v 1.775000 0.022000 -3.040000
vt -1.615000 0.022000
vt -1.535000 0.022000
vt -1.185000 0.022000
vt -1.265000 0.022000
vn 0.000000 1.000000 0.000000
vn 0.000000 1.000000 0.000000
vn 0.000000 1.000000 0.000000
vn 0.000000 1.000000 0.000000
f 669/669/669 670/670/670 671/671/671
f 669/669/669 671/671/671 672/672/672
v -1.775000 0.002000 2.960000
v -1.775000 0.022000 2.960000
v -1.425000 0.022000 2.960000
v -1.425000 0.002000 2.960000
vt 1.185000 0.002000
vt 1.185000 0.022000
vt 1.535000 0.022000
vt 1.535000 0.002000
vn 0.000000 0.000000 -1.000000
vn 0.000000 0.000000 -1.000000
vn 0.000000 0.000000 -1.000000
vn 0.000000 0.000000 -1.000000
f 673/673/673 674/674/674 675/675/675
f 673/673/673 675/675/675 676/676/676
v -1.775000 0.002000 3.040000
v -1.425000 0.002000 3.040000
v -1.425000 0.022000 3.040000
v -1.775000 0.022000 3.040000
vt 1.265000 0.002000
vt 1.615000 0.002000
vt 1.615000 0.022000
vt 1.265000 0.022000
vn 0.000000 0.000000 1.000000
vn 0.000000 0.000000 1.000000
vn 0.000000 0.000000 1.000000
vn 0.000000 0.000000 1.000000
f 677/677/677 678/678/678 679/679/679
f 677/677/677 679/679/679 680/680/680
v -1.775000 0.002000 2.960000
v -1.775000 0.002000 3.040000
v -1.775000 0.022000 3.040000
v -1.775000 0.022000 2.960000
vt 1.185000 0.002000
vt 1.265000 0.002000
vt 1.265000 0.022000
vt 1.185000 0.022000
vn -1.000000 0.000000 0.000000
vn -1.000000 0.000000 0.000000
vn -1.000000 0.000000 0.000000
vn -1.000000 0.000000 0.000000
f 681/681/681 682/682/682 683/683/683
f 681/681/681 683/683/683 684/684/684
v -1.425000 0.002000 2.960000
v -1.425000 0.022000 2.960000
v -1.425000 0.022000 3.040000
v -1.425000 0.002000 3.040000
vt 1.535000 0.002000
vt 1.535000 0.022000
vt 1.615000 0.022000
vt 1.615000 0.002000
vn 1.000000 0.000000 0.000000
vn 1.000000 0.000000 0.000000
vn 1.000000 0.000000 0.000000
vn 1.000000 0.000000 0.000000
f 685/685/685 686/686/686 687/687/687
f 685/685/685 687/687/687 688/688/688
v -1.775000 0.002000 2.960000
v -1.425000 0.002000 2.960000
v -1.425000 0.002000 3.040000
v -1.775000 0.002000 3.040000
vt 1.185000 0.002000
vt 1.535000 0.002000
vt 1.615000 0.002000
vt 1.265000 0.002000
vn 0.000000 -1.000000 0.000000
vn 0.000000 -1.000000 0.000000
vn 0.000000 -1.000000 0.000000
vn 0.000000 -1.000000 0.000000
f 689/689/689 690/690/690 691/691/691
f 689/689/689 691/691/691 692/692/692
v -1.775000 0.022000 2.960000
v -1.775000 0.022000 3.040000
v -1.425000 0.022000 3.040000
v -1.425000 0.022000 2.960000
vt 1.185000 0.022000
vt 1.265000 0.022000
vt 1.615000 0.022000
vt 1.535000 0.022000
vn 0.000000 1.000000 0.000000
vn 0.000000 1.000000 0.000000
vn 0.000000 1.000000 0.000000
vn 0.000000 1.000000 0.000000
f 693/693/693 694/694/694 695/695/695
f 693/693/693 695/695/695 696/696/696
v 1.425000 0.002000 2.960000
v 1.425000 0.022000 2.960000
v 1.775000 0.022000 2.960000
v 1.775000 0.002000 2.960000
vt 4.385000 0.002000
vt 4.385000 0.022000
vt 4.735000 0.022000
vt 4.735000 0.002000
vn 0.000000 0.000000 -1.000000
vn 0.000000 0.000000 -1.000000
vn 0.000000 0.000000 -1.000000
vn 0.000000 0.000000 -1.000000
f 697/697/697 698/698/698 699/699/699
f 697/697/697 699/699/699 700/700/700
v 1.425000 0.002000 3.040000
v 1.775000 0.002000 3.040000
v 1.775000 0.022000 3.040000
v 1.425000 0.022000 3.040000
vt 4.465000 0.002000
vt 4.815000 0.002000
vt 4.815000 0.022000
vt 4.465000 0.022000
vn 0.000000 0.000000 1.000000
vn 0.000000 0.000000 1.000000
vn 0.000000 0.000000 1.000000
vn 0.000000 0.000000 1.000000
f 701/701/701 702/702/702 703/703/703
f 701/701/701 703/703/703 704/704/704
v 1.425000 0.002000 2.960000
v 1.425000 0.002000 3.040000
v 1.425000 0.022000 3.040000
v 1.425000 0.022000 2.960000
vt 4.385000 0.002000
vt 4.465000 0.002000
vt 4.465000 0.022000
vt 4.385000 0.022000
vn -1.000000 0.000000 0.000000
vn -1.000000 0.000000 0.000000
vn -1.000000 0.000000 0.000000
vn -1.000000 0.000000 0.000000
f 705/705/705 706/706/706 707/707/707
f 705/705/705 707/707/707 708/708/708
v 1.775000 0.002000 2.960000
v 1.775000 0.022000 2.960000
v 1.775000 0.022000 3.040000
v 1.775000 0.002000 3.040000
vt 4.735000 0.002000
vt 4.735000 0.022000
vt 4.815000 0.022000
vt 4.815000 0.002000
vn 1.000000 0.000000 0.000000
vn 1.000000 0.000000 0.000000
vn 1.000000 0.000000 0.000000
vn 1.000000 0.000000 0.000000
f 709/709/709 710/710/710 711/711/711
f 709/709/709 711/711/711 712/712/712
v 1.425000 0.002000 2.960000
v 1.775000 0.002000 2.960000
v 1.775000 0.002000 3.040000
v 1.425000 0.002000 3.040000
vt 4.385000 0.002000
vt 4.735000 0.002000
vt 4.815000 0.002000
vt 4.465000 0.002000
vn 0.000000 -1.000000 0.000000
vn 0.000000 -1.000000 0.000000
vn 0.000000 -1.000000 0.000000
vn 0.000000 -1.000000 0.000000
f 713/713/713 714/714/714 715/715/715
f 713/713/713 715/715/715 716/716/716
v 1.425000 0.022000 2.960000
v 1.425000 0.022000 3.040000
v 1.775000 0.022000 3.040000
v 1.775000 0.022000 2.960000
vt 4.385000 0.022000
vt 4.465000 0.022000
vt 4.815000 0.022000
vt 4.735000 0.022000
vn 0.000000 1.000000 0.000000
vn 0.000000 1.000000 0.000000
vn 0.000000 1.000000 0.000000
vn 0.000000 1.000000 0.000000
f 717/717/717 718/718/718 719/719/719
f 717/717/717 719/719/719 720/720/720
v -1.775000 0.002000 8.960000
v -1.775000 0.022000 8.960000
v -1.425000 0.022000 8.960000
v -1.425000 0.002000 8.960000
vt 7.185000 0.002000
vt 7.185000 0.022000
vt 7.535000 0.022000
vt 7.535000 0.002000
vn 0.000000 0.000000 -1.000000
vn 0.000000 0.000000 -1.000000
vn 0.000000 0.000000 -1.000000
vn 0.000000 0.000000 -1.000000
f 721/721/721 722/722/722 723/723/723
f 721/721/721 723/723/723 724/724/724
v -1.775000 0.002000 9.040000
v -1.425000 0.002000 9.040000
v -1.425000 0.022000 9.040000
v -1.775000 0.022000 9.040000
vt 7.265000 0.002000
vt 7.615000 0.002000
vt 7.615000 0.022000
vt 7.265000 0.022000
vn 0.000000 0.000000 1.000000
vn 0.000000 0.000000 1.000000
vn 0.000000 0.000000 1.000000
vn 0.000000 0.000000 1.000000
f 725/725/725 726/726/726 727/727/727
f 725/725/725 727/727/727 728/728/728
v -1.775000 0.002000 8.960000
v -1.775000 0.002000 9.040000
v -1.775000 0.022000 9.040000
v -1.775000 0.022000 8.960000
vt 7.185000 0.002000
vt 7.265000 0.002000
vt 7.265000 0.022000
vt 7.185000 0.022000
vn -1.000000 0.000000 0.000000
vn -1.000000 0.000000 0.000000
vn -1.000000 0.000000 0.000000
vn -1.000000 0.000000 0.000000
f 729/729/729 730/730/730 731/731/731
f 729/729/729 731/731/731 732/732/732
v -1.425000 0.002000 8.960000
v -1.425000 0.022000 8.960000
v -1.425000 0.022000 9.040000
v -1.425000 0.002000 9.040000
vt 7.535000 0.002000
vt 7.535000 0.022000
vt 7.615000 0.022000
vt 7.615000 0.002000
vn 1.000000 0.000000 0.000000
vn 1.000000 0.000000 0.000000
vn 1.000000 0.000000 0.000000
vn 1.000000 0.000000 0.000000
f 733/733/733 734/734/734 735/735/735
f 733/733/733 735/735/735 736/736/736
v -1.775000 0.002000 8.960000
v -1.425000 0.002000 8.960000
v -1.425000 0.002000 9.040000
v -1.775000 0.002000 9.040000
vt 7.185000 0.002000
vt 7.535000 0.002000
vt 7.615000 0.002000
vt 7.265000 0.002000
vn 0.000000 -1.000000 0.000000
vn 0.000000 -1.000000 0.000000
vn 0.000000 -1.000000 0.000000
vn 0.000000 -1.000000 0.000000
f 737/737/737 738/738/738 739/739/739
f 737/737/737 739/739/739 740/740/740
v -1.775000 0.022000 8.960000
v -1.775000 0.022000 9.040000
v -1.425000 0.022000 9.040000
v -1.425000 0.022000 8.960000
vt 7.185000 0.022000
vt 7.265000 0.022000
vt 7.615000 0.022000
vt 7.535000 0.022000
vn 0.000000 1.000000 0.000000
vn 0.000000 1.000000 0.000000
vn 0.000000 1.000000 0.000000
vn 0.000000 1.000000 0.000000
f 741/741/741 742/742/742 743/743/743
f 741/741/741 743/743/743 744/744/744
v 1.425000 0.002000 8.960000
v 1.425000 0.022000 8.960000
v 1.775000 0.022000 8.960000
v 1.775000 0.002000 8.960000
vt 10.385000 0.002000
vt 10.385000 0.022000
vt 10.735000 0.022000
vt 10.735000 0.002000
vn 0.000000 0.000000 -1.000000
vn 0.000000 0.000000 -1.000000
vn 0.000000 0.000000 -1.000000
vn 0.000000 0.000000 -1.000000
f 745/745/745 746/746/746 747/747/747
f 745/745/745 747/747/747 748/748/748
v 1.425000 0.002000 9.040000
v 1.775000 0.002000 9.040000
v 1.775000 0.022000 9.040000
v 1.425000 0.022000 9.040000
vt 10.465000 0.002000
vt 10.815000 0.002000
vt 10.815000 0.022000
vt 10.465000 0.022000
vn 0.000000 0.000000 1.000000
vn 0.000000 0.000000 1.000000
vn 0.000000 0.000000 1.000000
vn 0.000000 0.000000 1.000000
f 749/749/749 750/750/750 751/751/751
f 749/749/749 751/751/751 752/752/752
v 1.425000 0.002000 8.960000
v 1.425000 0.002000 9.040000
v 1.425000 0.022000 9.040000
v 1.425000 0.022000 8.960000
vt 10.385000 0.002000
vt 10.465000 0.002000
vt 10.465000 0.022000
vt 10.385000 0.022000
vn -1.000000 0.000000 0.000000
vn -1.000000 0.000000 0.000000
vn -1.000000 0.000000 0.000000
vn -1.000000 0.000000 0.000000
f 753/753/753 754/754/754 755/755/755
f 753/753/753 755/755/755 756/756/756
v 1.775000 0.002000 8.960000
v 1.775000 0.022000 8.960000
v 1.775000 0.022000 9.040000
v 1.775000 0.002000 9.040000
vt 10.735000 0.002000
vt 10.735000 0.022000
vt 10.815000 0.022000
vt 10.815000 0.002000
vn 1.000000 0.000000 0.000000
vn 1.000000 0.000000 0.000000
vn 1.000000 0.000000 0.000000
vn 1.000000 0.000000 0.000000
f 757/757/757 758/758/758 759/759/759
f 757/757/757 759/759/759 760/760/760
v 1.425000 0.002000 8.960000
v 1.775000 0.002000 8.960000
v 1.775000 0.002000 9.040000
v 1.425000 0.002000 9.040000
vt 10.385000 0.002000
vt 10.735000 0.002000
vt 10.815000 0.002000
vt 10.465000 0.002000
vn 0.000000 -1.000000 0.000000
vn 0.000000 -1.000000 0.000000
vn 0.000000 -1.000000 0.000000
vn 0.000000 -1.000000 0.000000
f 761/761/761 762/762/762 763/763/763
f 761/761/761 763/763/763 764/764/764
v 1.425000 0.022000 8.960000
v 1.425000 0.022000 9.040000
v 1.775000 0.022000 9.040000
v 1.775000 0.022000 8.960000
vt 10.385000 0.022000
vt 10.465000 0.022000
vt 10.815000 0.022000
vt 10.735000 0.022000
vn 0.000000 1.000000 0.000000
vn 0.000000 1.000000 0.000000
vn 0.000000 1.000000 0.000000
vn 0.000000 1.000000 0.000000
f 765/765/765 766/766/766 767/767/767
f 765/765/765 767/767/767 768/768/768
v -1.775000 0.002000 14.960000
v -1.775000 0.022000 14.960000
v -1.425000 0.022000 14.960000
v -1.425000 0.002000 14.960000
vt 13.185000 0.002000
vt 13.185000 0.022000
vt 13.535000 0.022000
vt 13.535000 0.002000
vn 0.000000 0.000000 -1.000000
vn 0.000000 0.000000 -1.000000
vn 0.000000 0.000000 -1.000000
vn 0.000000 0.000000 -1.000000
f 769/769/769 770/770/770 771/771/771
f 769/769/769 771/771/771 772/772/772
v -1.775000 0.002000 15.040000
v -1.425000 0.002000 15.040000
v -1.425000 0.022000 15.040000
v -1.775000 0.022000 15.040000
vt 13.265000 0.002000
vt 13.615000 0.002000
vt 13.615000 0.022000
vt 13.265000 0.022000
vn 0.000000 0.000000 1.000000
vn 0.000000 0.000000 1.000000
vn 0.000000 0.000000 1.000000
vn 0.000000 0.000000 1.000000
f 773/773/773 774/774/774 775/775/775
f 773/773/773 775/775/775 776/776/776
v -1.775000 0.002000 14.960000
v -1.775000 0.002000 15.040000
v -1.775000 0.022000 15.040000
v -1.775000 0.022000 14.960000
vt 13.185000 0.002000
vt 13.265000 0.002000
vt 13.265000 0.022000
vt 13.185000 0.022000
vn -1.000000 0.000000 0.000000
vn -1.000000 0.000000 0.000000
vn -1.000000 0.000000 0.000000
vn -1.000000 0.000000 0.000000
f 777/777/777 778/778/778 779/779/779
f 777/777/777 779/779/779 780/780/780
v -1.425000 0.002000 14.960000
v -1.425000 0.022000 14.960000
v -1.425000 0.022000 15.040000
v -1.425000 0.002000 15.040000
vt 13.535000 0.002000
vt 13.535000 0.022000
vt 13.615000 0.022000
vt 13.615000 0.002000
vn 1.000000 0.000000 0.000000
vn 1.000000 0.000000 0.000000
vn 1.000000 0.000000 0.000000
vn 1.000000 0.000000 0.000000
f 781/781/781 782/782/782 783/783/783
f 781/781/781 783/783/783 784/784/784
v -1.775000 0.002000 14.960000
v -1.425000 0.002000 14.960000
v -1.425000 0.002000 15.040000
v -1.775000 0.002000 15.040000
vt 13.185000 0.002000
vt 13.535000 0.002000
vt 13.615000 0.002000
vt 13.265000 0.002000
vn 0.000000 -1.000000 0.000000
vn 0.000000 -1.000000 0.000000
vn 0.000000 -1.000000 0.000000
vn 0.000000 -1.000000 0.000000
f 785/785/785 786/786/786 787/787/787
f 785/785/785 787/787/787 788/788/788
v -1.775000 0.022000 14.960000
v -1.775000 0.022000 15.040000
v -1.425000 0.022000 15.040000
v -1.425000 0.022000 14.960000
vt 13.185000 0.022000
vt 13.265000 0.022000
vt 13.615000 0.022000
vt 13.535000 0.022000
vn 0.000000 1.000000 0.000000
vn 0.000000 1.000000 0.000000
vn 0.000000 1.000000 0.000000
vn 0.000000 1.000000 0.000000
f 789/789/789 790/790/790 791/791/791
f 789/789/789 791/791/791 792/792/792
v 1.425000 0.002000 14.960000
v 1.425000 0.022000 14.960000
v 1.775000 0.022000 14.960000
v 1.775000 0.002000 14.960000
vt 16.385000 0.002000
vt 16.385000 0.022000
vt 16.735000 0.022000
vt 16.735000 0.002000
vn 0.000000 0.000000 -1.000000
vn 0.000000 0.000000 -1.000000
vn 0.000000 0.000000 -1.000000
vn 0.000000 0.000000 -1.000000
f 793/793/793 794/794/794 795/795/795
f 793/793/793 795/795/795 796/796/796
v 1.425000 0.002000 15.040000
v 1.775000 0.002000 15.040000
v 1.775000 0.022000 15.040000
v 1.425000 0.022000 15.040000
vt 16.465000 0.002000
vt 16.815000 0.002000
vt 16.815000 0.022000
vt 16.465000 0.022000
vn 0.000000 0.000000 1.000000
vn 0.000000 0.000000 1.000000
vn 0.000000 0.000000 1.000000
vn 0.000000 0.000000 1.000000
f 797/797/797 798/798/798 799/799/799
f 797/797/797 799/799/799 800/800/800
v 1.425000 0.002000 14.960000
v 1.425000 0.002000 15.040000
v 1.425000 0.022000 15.040000
v 1.425000 0.022000 14.960000
vt 16.385000 0.002000
vt 16.465000 0.002000
vt 16.465000 0.022000
vt 16.385000 0.022000
vn -1.000000 0.000000 0.000000
vn -1.000000 0.000000 0.000000
vn -1.000000 0.000000 0.000000
vn -1.000000 0.000000 0.000000
f 801/801/801 802/802/802 803/803/803
f 801/801/801 803/803/803 804/804/804
v 1.775000 0.002000 14.960000
v 1.775000 0.022000 14.960000
v 1.775000 0.022000 15.040000
v 1.775000 0.002000 15.040000
vt 16.735000 0.002000
vt 16.735000 0.022000
vt 16.815000 0.022000
vt 16.815000 0.002000
vn 1.000000 0.000000 0.000000
vn 1.000000 0.000000 0.000000
vn 1.000000 0.000000 0.000000
vn 1.000000 0.000000 0.000000
f 805/805/805 806/806/806 807/807/807
f 805/805/805 807/807/807 808/808/808
v 1.425000 0.002000 14.960000
v 1.775000 0.002000 14.960000
v 1.775000 0.002000 15.040000
v 1.425000 0.002000 15.040000
vt 16.385000 0.002000
vt 16.735000 0.002000
vt 16.815000 0.002000
vt 16.465000 0.002000
vn 0.000000 -1.000000 0.000000
vn 0.000000 -1.000000 0.000000
vn 0.000000 -1.000000 0.000000
vn 0.000000 -1.000000 0.000000
f 809/809/809 810/810/810 811/811/811
f 809/809/809 811/811/811 812/812/812
v 1.425000 0.022000 14.960000
v 1.425000 0.022000 15.040000
v 1.775000 0.022000 15.040000
v 1.775000 0.022000 14.960000
vt 16.385000 0.022000
vt 16.465000 0.022000
vt 16.815000 0.022000
vt 16.735000 0.022000
vn 0.000000 1.000000 0.000000
vn 0.000000 1.000000 0.000000
vn 0.000000 1.000000 0.000000
vn 0.000000 1.000000 0.000000
f 813/813/813 814/814/814 815/815/815
f 813/813/813 815/815/815 816/816/816
v -1.775000 0.002000 20.960000
v -1.775000 0.022000 20.960000
v -1.425000 0.022000 20.960000
v -1.425000 0.002000 20.960000
vt 19.185000 0.002000
vt 19.185000 0.022000
vt 19.535000 0.022000
vt 19.535000 0.002000
vn 0.000000 0.000000 -1.000000
vn 0.000000 0.000000 -1.000000
vn 0.000000 0.000000 -1.000000
vn 0.000000 0.000000 -1.000000
f 817/817/817 818/818/818 819/819/819
f 817/817/817 819/819/819 820/820/820
v -1.775000 0.002000 21.040000
v -1.425000 0.002000 21.040000
v -1.425000 0.022000 21.040000
v -1.775000 0.022000 21.040000
vt 19.265000 0.002000
vt 19.615000 0.002000
vt 19.615000 0.022000
vt 19.265000 0.022000
vn 0.000000 0.000000 1.000000
vn 0.000000 0.000000 1.000000
vn 0.000000 0.000000 1.000000
vn 0.000000 0.000000 1.000000
f 821/821/821 822/822/822 823/823/823
f 821/821/821 823/823/823 824/824/824
v -1.775000 0.002000 20.960000
v -1.775000 0.002000 21.040000
v -1.775000 0.022000 21.040000
v -1.775000 0.022000 20.960000
vt 19.185000 0.002000
vt 19.265000 0.002000
vt 19.265000 0.022000
vt 19.185000 0.022000
vn -1.000000 0.000000 0.000000
vn -1.000000 0.000000 0.000000
vn -1.000000 0.000000 0.000000
vn -1.000000 0.000000 0.000000
f 825/825/825 826/826/826 827/827/827
f 825/825/825 827/827/827 828/828/828
v -1.425000 0.002000 20.960000
v -1.425000 0.022000 20.960000
v -1.425000 0.022000 21.040000
v -1.425000 0.002000 21.040000
vt 19.535000 0.002000
vt 19.535000 0.022000
vt 19.615000 0.022000
vt 19.615000 0.002000
vn 1.000000 0.000000 0.000000
vn 1.000000 0.000000 0.000000
vn 1.000000 0.000000 0.000000
vn 1.000000 0.000000 0.000000
f 829/829/829 830/830/830 831/831/831
f 829/829/829 831/831/831 832/832/832
v -1.775000 0.002000 20.960000
v -1.425000 0.002000 20.960000
v -1.425000 0.002000 21.040000
v -1.775000 0.002000 21.040000
vt 19.185000 0.002000
vt 19.535000 0.002000
vt 19.615000 0.002000
vt 19.265000 0.002000
vn 0.000000 -1.000000 0.000000
vn 0.000000 -1.000000 0.000000
vn 0.000000 -1.000000 0.000000
vn 0.000000 -1.000000 0.000000
f 833/833/833 834/834/834 835/835/835
f 833/833/833 835/835/835 836/836/836
v -1.775000 0.022000 20.960000
v -1.775000 0.022000 21.040000
v -1.425000 0.022000 21.040000
v -1.425000 0.022000 20.960000
vt 19.185000 0.022000
vt 19.265000 0.022000
vt 19.615000 0.022000
vt 19.535000 0.022000
vn 0.000000 1.000000 0.000000
vn 0.000000 1.000000 0.000000
vn 0.000000 1.000000 0.000000
vn 0.000000 1.000000 0.000000
f 837/837/837 838/838/838 839/839/839
f 837/837/837 839/839/839 840/840/840
v 1.425000 0.002000 20.960000
v 1.425000 0.022000 20.960000
v 1.775000 0.022000 20.960000
v 1.775000 0.002000 20.960000
vt 22.385000 0.002000
vt 22.385000 0.022000
vt 22.735000 0.022000
vt 22.735000 0.002000
vn 0.000000 0.000000 -1.000000
vn 0.000000 0.000000 -1.000000
vn 0.000000 0.000000 -1.000000
vn 0.000000 0.000000 -1.000000
f 841/841/841 842/842/842 843/843/843
f 841/841/841 843/843/843 844/844/844
v 1.425000 0.002000 21.040000
v 1.775000 0.002000 21.040000
v 1.775000 0.022000 21.040000
v 1.425000 0.022000 21.040000
vt 22.465000 0.002000
vt 22.815000 0.002000
vt 22.815000 0.022000
vt 22.465000 0.022000
vn 0.000000 0.000000 1.000000
vn 0.000000 0.000000 1.000000
vn 0.000000 0.000000 1.000000
vn 0.000000 0.000000 1.000000
f 845/845/845 846/846/846 847/847/847
f 845/845/845 847/847/847 848/848/848
v 1.425000 0.002000 20.960000
v 1.425000 0.002000 21.040000
v 1.425000 0.022000 21.040000
v 1.425000 0.022000 20.960000
vt 22.385000 0.002000
vt 22.465000 0.002000
vt 22.465000 0.022000
vt 22.385000 0.022000
vn -1.000000 0.000000 0.000000
vn -1.000000 0.000000 0.000000
vn -1.000000 0.000000 0.000000
vn -1.000000 0.000000 0.000000
f 849/849/849 850/850/850 851/851/851
f 849/849/849 851/851/851 852/852/852
v 1.775000 0.002000 20.960000
v 1.775000 0.022000 20.960000
v 1.775000 0.022000 21.040000
v 1.775000 0.002000 21.040000
vt 22.735000 0.002000
vt 22.735000 0.022000
vt 22.815000 0.022000
vt 22.815000 0.002000
vn 1.000000 0.000000 0.000000
vn 1.000000 0.000000 0.000000
vn 1.000000 0.000000 0.000000
vn 1.000000 0.000000 0.000000
f 853/853/853 854/854/854 855/855/855
f 853/853/853 855/855/855 856/856/856
v 1.425000 0.002000 20.960000
v 1.775000 0.002000 20.960000
v 1.775000 0.002000 21.040000
v 1.425000 0.002000 21.040000
vt 22.385000 0.002000
vt 22.735000 0.002000
vt 22.815000 0.002000
vt 22.465000 0.002000
vn 0.000000 -1.000000 0.000000
vn 0.000000 -1.000000 0.000000
vn 0.000000 -1.000000 0.000000
vn 0.000000 -1.000000 0.000000
f 857/857/857 858/858/858 859/859/859
f 857/857/857 859/859/859 860/860/860
v 1.425000 0.022000 20.960000
v 1.425000 0.022000 21.040000
v 1.775000 0.022000 21.040000
v 1.775000 0.022000 20.960000
vt 22.385000 0.022000
vt 22.465000 0.022000
vt 22.815000 0.022000
vt 22.735000 0.022000
vn 0.000000 1.000000 0.000000
vn 0.000000 1.000000 0.000000
vn 0.000000 1.000000 0.000000
vn 0.000000 1.000000 0.000000
f 861/861/861 862/862/862 863/863/863
f 861/861/861 863/863/863 864/864/864
v -1.775000 0.002000 26.960000
v -1.775000 0.022000 26.960000
v -1.425000 0.022000 26.960000
v -1.425000 0.002000 26.960000
vt 25.185000 0.002000
vt 25.185000 0.022000
vt 25.535000 0.022000
vt 25.535000 0.002000
vn 0.000000 0.000000 -1.000000
vn 0.000000 0.000000 -1.000000
vn 0.000000 0.000000 -1.000000
vn 0.000000 0.000000 -1.000000
f 865/865/865 866/866/866 867/867/867
f 865/865/865 867/867/867 868/868/868
v -1.775000 0.002000 27.040000
v -1.425000 0.002000 27.040000
v -1.425000 0.022000 27.040000
v -1.775000 0.022000 27.040000
vt 25.265000 0.002000
vt 25.615000 0.002000
vt 25.615000 0.022000
vt 25.265000 0.022000
vn 0.000000 0.000000 1.000000
vn 0.000000 0.000000 1.000000
vn 0.000000 0.000000 1.000000
vn 0.000000 0.000000 1.000000
f 869/869/869 870/870/870 871/871/871
f 869/869/869 871/871/871 872/872/872
v -1.775000 0.002000 26.960000
v -1.775000 0.002000 27.040000
v -1.775000 0.022000 27.040000
v -1.775000 0.022000 26.960000
vt 25.185000 0.002000
vt 25.265000 0.002000
vt 25.265000 0.022000
vt 25.185000 0.022000
vn -1.000000 0.000000 0.000000
vn -1.000000 0.000000 0.000000
vn -1.000000 0.000000 0.000000
vn -1.000000 0.000000 0.000000
f 873/873/873 874/874/874 875/875/875
f 873/873/873 875/875/875 876/876/876
v -1.425000 0.002000 26.960000
v -1.425000 0.022000 26.960000
v -1.425000 0.022000 27.040000
v -1.425000 0.002000 27.040000
vt 25.535000 0.002000
vt 25.535000 0.022000
vt 25.615000 0.022000
vt 25.615000 0.002000
vn 1.000000 0.000000 0.000000
vn 1.000000 0.000000 0.000000
vn 1.000000 0.000000 0.000000
vn 1.000000 0.000000 0.000000
f 877/877/877 878/878/878 879/879/879
f 877/877/877 879/879/879 880/880/880
v -1.775000 0.002000 26.960000
v -1.425000 0.002000 26.960000
v -1.425000 0.002000 27.040000
v -1.775000 0.002000 27.040000
vt 25.185000 0.002000
vt 25.535000 0.002000
vt 25.615000 0.002000
vt 25.265000 0.002000
vn 0.000000 -1.000000 0.000000
vn 0.000000 -1.000000 0.000000
vn 0.000000 -1.000000 0.000000
vn 0.000000 -1.000000 0.000000
f 881/881/881 882/882/882 883/883/883
f 881/881/881 883/883/883 884/884/884
v -1.775000 0.022000 26.960000
v -1.775000 0.022000 27.040000
v -1.425000 0.022000 27.040000
v -1.425000 0.022000 26.960000
vt 25.185000 0.022000
vt 25.265000 0.022000
vt 25.615000 0.022000
vt 25.535000 0.022000
vn 0.000000 1.000000 0.000000
vn 0.000000 1.000000 0.000000
vn 0.000000 1.000000 0.000000
vn 0.000000 1.000000 0.000000
f 885/885/885 886/886/886 887/887/887
f 885/885/885 887/887/887 888/888/888
v 1.425000 0.002000 26.960000
v 1.425000 0.022000 26.960000
v 1.775000 0.022000 26.960000
v 1.775000 0.002000 26.960000
vt 28.385000 0.002000
vt 28.385000 0.022000
vt 28.735000 0.022000
vt 28.735000 0.002000
vn 0.000000 0.000000 -1.000000
vn 0.000000 0.000000 -1.000000
vn 0.000000 0.000000 -1.000000
vn 0.000000 0.000000 -1.000000
f 889/889/889 890/890/890 891/891/891
f 889/889/889 891/891/891 892/892/892
v 1.425000 0.002000 27.040000
v 1.775000 0.002000 27.040000
v 1.775000 0.022000 27.040000
v 1.425000 0.022000 27.040000
vt 28.465000 0.002000
vt 28.815000 0.002000
vt 28.815000 0.022000
vt 28.465000 0.022000
vn 0.000000 0.000000 1.000000
vn 0.000000 0.000000 1.000000
vn 0.000000 0.000000 1.000000
vn 0.000000 0.000000 1.000000
f 893/893/893 894/894/894 895/895/895
f 893/893/893 895/895/895 896/896/896
v 1.425000 0.002000 26.960000
v 1.425000 0.002000 27.040000
v 1.425000 0.022000 27.040000
v 1.425000 0.022000 26.960000
vt 28.385000 0.002000
vt 28.465000 0.002000
vt 28.465000 0.022000
vt 28.385000 0.022000
vn -1.000000 0.000000 0.000000
vn -1.000000 0.000000 0.000000
vn -1.000000 0.000000 0.000000
vn -1.000000 0.000000 0.000000
f 897/897/897 898/898/898 899/899/899
f 897/897/897 899/899/899 900/900/900
v 1.775000 0.002000 26.960000
v 1.775000 0.022000 26.960000
v 1.775000 0.022000 27.040000
v 1.775000 0.002000 27.040000
vt 28.735000 0.002000
vt 28.735000 0.022000
vt 28.815000 0.022000
vt 28.815000 0.002000
vn 1.000000 0.000000 0.000000
vn 1.000000 0.000000 0.000000
vn 1.000000 0.000000 0.000000
vn 1.000000 0.000000 0.000000
f 901/901/901 902/902/902 903/903/903
f 901/901/901 903/903/903 904/904/904
v 1.425000 0.002000 26.960000
v 1.775000 0.002000 26.960000
v 1.775000 0.002000 27.040000
v 1.425000 0.002000 27.040000
vt 28.385000 0.002000
vt 28.735000 0.002000
vt 28.815000 0.002000
vt 28.465000 0.002000
vn 0.000000 -1.000000 0.000000
vn 0.000000 -1.000000 0.000000
vn 0.000000 -1.000000 0.000000
vn 0.000000 -1.000000 0.000000
f 905/905/905 906/906/906 907/907/907
f 905/905/905 907/907/907 908/908/908
v 1.425000 0.022000 26.960000
v 1.425000 0.022000 27.040000
v 1.775000 0.022000 27.040000
v 1.775000 0.022000 26.960000
vt 28.385000 0.022000
vt 28.465000 0.022000
vt 28.815000 0.022000
vt 28.735000 0.022000
vn 0.000000 1.000000 0.000000
vn 0.000000 1.000000 0.000000
vn 0.000000 1.000000 0.000000
vn 0.000000 1.000000 0.000000
f 909/909/909 910/910/910 911/911/911
f 909/909/909 911/911/911 912/912/912
v -1.775000 0.002000 32.960000
v -1.775000 0.022000 32.960000
v -1.425000 0.022000 32.960000
v -1.425000 0.002000 32.960000
vt 31.185000 0.002000
vt 31.185000 0.022000
vt 31.535000 0.022000
vt 31.535000 0.002000
vn 0.000000 0.000000 -1.000000
vn 0.000000 0.000000 -1.000000
vn 0.000000 0.000000 -1.000000
vn 0.000000 0.000000 -1.000000
f 913/913/913 914/914/914 915/915/915
f 913/913/913 915/915/915 916/916/916
v -1.775000 0.002000 33.040000
v -1.425000 0.002000 33.040000
v -1.425000 0.022000 33.040000
v -1.775000 0.022000 33.040000
vt 31.265000 0.002000
vt 31.615000 0.002000
vt 31.615000 0.022000
vt 31.265000 0.022000
vn 0.000000 0.000000 1.000000
vn 0.000000 0.000000 1.000000
vn 0.000000 0.000000 1.000000
vn 0.000000 0.000000 1.000000
f 917/917/917 918/918/918 919/919/919
f 917/917/917 919/919/919 920/920/920
v -1.775000 0.002000 32.960000
v -1.775000 0.002000 33.040000
v -1.775000 0.022000 33.040000
v -1.775000 0.022000 32.960000
vt 31.185000 0.002000
vt 31.265000 0.002000
vt 31.265000 0.022000
vt 31.185000 0.022000
vn -1.000000 0.000000 0.000000
vn -1.000000 0.000000 0.000000
vn -1.000000 0.000000 0.000000
vn -1.000000 0.000000 0.000000
f 921/921/921 922/922/922 923/923/923
f 921/921/921 923/923/923 924/924/924
v -1.425000 0.002000 32.960000
v -1.425000 0.022000 32.960000
v -1.425000 0.022000 33.040000
v -1.425000 0.002000 33.040000
vt 31.535000 0.002000
vt 31.535000 0.022000
vt 31.615000 0.022000
vt 31.615000 0.002000
vn 1.000000 0.000000 0.000000
vn 1.000000 0.000000 0.000000
vn 1.000000 0.000000 0.000000
vn 1.000000 0.000000 0.000000
f 925/925/925 926/926/926 927/927/927
f 925/925/925 927/927/927 928/928/928
v -1.775000 0.002000 32.960000
v -1.425000 0.002000 32.960000
v -1.425000 0.002000 33.040000
v -1.775000 0.002000 33.040000
vt 31.185000 0.002000
vt 31.535000 0.002000
vt 31.615000 0.002000
vt 31.265000 0.002000
vn 0.000000 -1.000000 0.000000
vn 0.000000 -1.000000 0.000000
vn 0.000000 -1.000000 0.000000
vn 0.000000 -1.000000 0.000000
f 929/929/929 930/930/930 931/931/931
f 929/929/929 931/931/931 932/932/932
v -1.775000 0.022000 32.960000
v -1.775000 0.022000 33.040000
v -1.425000 0.022000 33.040000
v -1.425000 0.022000 32.960000
vt 31.185000 0.022000
vt 31.265000 0.022000
vt 31.615000 0.022000
vt 31.535000 0.022000
vn 0.000000 1.000000 0.000000
vn 0.000000 1.000000 0.000000
vn 0.000000 1.000000 0.000000
vn 0.000000 1.000000 0.000000
f 933/933/933 934/934/934 935/935/935
f 933/933/933 935/935/935 936/936/936
v 1.425000 0.002000 32.960000
v 1.425000 0.022000 32.960000
v 1.775000 0.022000 32.960000
v 1.775000 0.002000 32.960000
vt 34.385000 0.002000
vt 34.385000 0.022000
vt 34.735000 0.022000
vt 34.735000 0.002000
vn 0.000000 0.000000 -1.000000
vn 0.000000 0.000000 -1.000000
vn 0.000000 0.000000 -1.000000
vn 0.000000 0.000000 -1.000000
f 937/937/937 938/938/938 939/939/939
f 937/937/937 939/939/939 940/940/940
v 1.425000 0.002000 33.040000
v 1.775000 0.002000 33.040000
v 1.775000 0.022000 33.040000
v 1.425000 0.022000 33.040000
vt 34.465000 0.002000
vt 34.815000 0.002000
vt 34.815000 0.022000
vt 34.465000 0.022000
vn 0.000000 0.000000 1.000000
vn 0.000000 0.000000 1.000000
vn 0.000000 0.000000 1.000000
vn 0.000000 0.000000 1.000000
f 941/941/941 942/942/942 943/943/943
f 941/941/941 943/943/943 944/944/944
v 1.425000 0.002000 32.960000
v 1.425000 0.002000 33.040000
v 1.425000 0.022000 33.040000
v 1.425000 0.022000 32.960000
vt 34.385000 0.002000
vt 34.465000 0.002000
vt 34.465000 0.022000
vt 34.385000 0.022000
vn -1.000000 0.000000 0.000000
vn -1.000000 0.000000 0.000000
vn -1.000000 0.000000 0.000000
vn -1.000000 0.000000 0.000000
f 945/945/945 946/946/946 947/947/947
f 945/945/945 947/947/947 948/948/948
v 1.775000 0.002000 32.960000
v 1.775000 0.022000 32.960000
v 1.775000 0.022000 33.040000
v 1.775000 0.002000 33.040000
vt 34.735000 0.002000
vt 34.735000 0.022000
vt 34.815000 0.022000
vt 34.815000 0.002000
vn 1.000000 0.000000 0.000000
vn 1.000000 0.000000 0.000000
vn 1.000000 0.000000 0.000000
vn 1.000000 0.000000 0.000000
f 949/949/949 950/950/950 951/951/951
f 949/949/949 951/951/951 952/952/952
v 1.425000 0.002000 32.960000
v 1.775000 0.002000 32.960000
v 1.775000 0.002000 33.040000
v 1.425000 0.002000 33.040000
vt 34.385000 0.002000
vt 34.735000 0.002000
vt 34.815000 0.002000
vt 34.465000 0.002000
vn 0.000000 -1.000000 0.000000
vn 0.000000 -1.000000 0.000000
vn 0.000000 -1.000000 0.000000
vn 0.000000 -1.000000 0.000000
f 953/953/953 954/954/954 955/955/955
f 953/953/953 955/955/955 956/956/956
v 1.425000 0.022000 32.960000
v 1.425000 0.022000 33.040000
v 1.775000 0.022000 33.040000
v 1.775000 0.022000 32.960000
vt 34.385000 0.022000
vt 34.465000 0.022000
vt 34.815000 0.022000
vt 34.735000 0.022000
vn 0.000000 1.000000 0.000000
vn 0.000000 1.000000 0.000000
vn 0.000000 1.000000 0.000000
vn 0.000000 1.000000 0.000000
f 957/957/957 958/958/958 959/959/959
f 957/957/957 959/959/959 960/960/960
v -1.775000 0.002000 38.960000
v -1.775000 0.022000 38.960000
v -1.425000 0.022000 38.960000
v -1.425000 0.002000 38.960000
vt 37.185000 0.002000
vt 37.185000 0.022000
vt 37.535000 0.022000
vt 37.535000 0.002000
vn 0.000000 0.000000 -1.000000
vn 0.000000 0.000000 -1.000000
vn 0.000000 0.000000 -1.000000
vn 0.000000 0.000000 -1.000000
f 961/961/961 962/962/962 963/963/963
f 961/961/961 963/963/963 964/964/964
v -1.775000 0.002000 39.040000
v -1.425000 0.002000 39.040000
v -1.425000 0.022000 39.040000
v -1.775000 0.022000 39.040000
vt 37.265000 0.002000
vt 37.615000 0.002000
vt 37.615000 0.022000
vt 37.265000 0.022000
vn 0.000000 0.000000 1.000000
vn 0.000000 0.000000 1.000000
vn 0.000000 0.000000 1.000000
vn 0.000000 0.000000 1.000000
f 965/965/965 966/966/966 967/967/967
f 965/965/965 967/967/967 968/968/968
v -1.775000 0.002000 38.960000
v -1.775000 0.002000 39.040000
v -1.775000 0.022000 39.040000
v -1.775000 0.022000 38.960000
vt 37.185000 0.002000
vt 37.265000 0.002000
vt 37.265000 0.022000
vt 37.185000 0.022000
vn -1.000000 0.000000 0.000000
vn -1.000000 0.000000 0.000000
vn -1.000000 0.000000 0.000000
vn -1.000000 0.000000 0.000000
f 969/969/969 970/970/970 971/971/971
f 969/969/969 971/971/971 972/972/972
v -1.425000 0.002000 38.960000
v -1.425000 0.022000 38.960000
v -1.425000 0.022000 39.040000
v -1.425000 0.002000 39.040000
vt 37.535000 0.002000
vt 37.535000 0.022000
vt 37.615000 0.022000
vt 37.615000 0.002000
vn 1.000000 0.000000 0.000000
vn 1.000000 0.000000 0.000000
vn 1.000000 0.000000 0.000000
vn 1.000000 0.000000 0.000000
f 973/973/973 974/974/974 975/975/975
f 973/973/973 975/975/975 976/976/976
v -1.775000 0.002000 38.960000
v -1.425000 0.002000 38.960000
v -1.425000 0.002000 39.040000
v -1.775000 0.002000 39.040000
vt 37.185000 0.002000
vt 37.535000 0.002000
vt 37.615000 0.002000
vt 37.265000 0.002000
vn 0.000000 -1.000000 0.000000
vn 0.000000 -1.000000 0.000000
vn 0.000000 -1.000000 0.000000
vn 0.000000 -1.000000 0.000000
f 977/977/977 978/978/978 979/979/979
f 977/977/977 979/979/979 980/980/980
v -1.775000 0.022000 38.960000
v -1.775000 0.022000 39.040000
v -1.425000 0.022000 39.040000
v -1.425000 0.022000 38.960000
vt 37.185000 0.022000
vt 37.265000 0.022000
vt 37.615000 0.022000
vt 37.535000 0.022000
vn 0.000000 1.000000 0.000000
vn 0.000000 1.000000 0.000000
vn 0.000000 1.000000 0.000000
vn 0.000000 1.000000 0.000000
f 981/981/981 982/982/982 983/983/983
f 981/981/981 983/983/983 984/984/984
v 1.425000 0.002000 38.960000
v 1.425000 0.022000 38.960000
v 1.775000 0.022000 38.960000
v 1.775000 0.002000 38.960000
vt 40.385000 0.002000
vt 40.385000 0.022000
vt 40.735000 0.022000
vt 40.735000 0.002000
vn 0.000000 0.000000 -1.000000
vn 0.000000 0.000000 -1.000000
vn 0.000000 0.000000 -1.000000
vn 0.000000 0.000000 -1.000000
f 985/985/985 986/986/986 987/987/987
f 985/985/985 987/987/987 988/988/988
v 1.425000 0.002000 39.040000
v 1.775000 0.002000 39.040000
v 1.775000 0.022000 39.040000
v 1.425000 0.022000 39.040000
vt 40.465000 0.002000
vt 40.815000 0.002000
vt 40.815000 0.022000
vt 40.465000 0.022000
vn 0.000000 0.000000 1.000000
vn 0.000000 0.000000 1.000000
vn 0.000000 0.000000 1.000000
vn 0.000000 0.000000 1.000000
f 989/989/989 990/990/990 991/991/991
f 989/989/989 991/991/991 992/992/992
v 1.425000 0.002000 38.960000
v 1.425000 0.002000 39.040000
v 1.425000 0.022000 39.040000
v 1.425000 0.022000 38.960000
vt 40.385000 0.002000
vt 40.465000 0.002000
vt 40.465000 0.022000
vt 40.385000 0.022000
vn -1.000000 0.000000 0.000000
vn -1.000000 0.000000 0.000000
vn -1.000000 0.000000 0.000000
vn -1.000000 0.000000 0.000000
f 993/993/993 994/994/994 995/995/995
f 993/993/993 995/995/995 996/996/996
v 1.775000 0.002000 38.960000
v 1.775000 0.022000 38.960000
v 1.775000 0.022000 39.040000
v 1.775000 0.002000 39.040000
vt 40.735000 0.002000
vt 40.735000 0.022000
vt 40.815000 0.022000
vt 40.815000 0.002000
vn 1.000000 0.000000 0.000000
vn 1.000000 0.000000 0.000000
vn 1.000000 0.000000 0.000000
vn 1.000000 0.000000 0.000000
f 997/997/997 998/998/998 999/999/999
f 997/997/997 999/999/999 1000/1000/1000
v 1.425000 0.002000 38.960000
v 1.775000 0.002000 38.960000
v 1.775000 0.002000 39.040000
v 1.425000 0.002000 39.040000
vt 40.385000 0.002000
vt 40.735000 0.002000
vt 40.815000 0.002000
vt 40.465000 0.002000
vn 0.000000 -1.000000 0.000000
vn 0.000000 -1.000000 0.000000
vn 0.000000 -1.000000 0.000000
vn 0.000000 -1.000000 0.000000
f 1001/1001/1001 1002/1002/1002 1003/1003/1003
f 1001/1001/1001 1003/1003/1003 1004/1004/1004
v 1.425000 0.022000 38.960000
v 1.425000 0.022000 39.040000
v 1.775000 0.022000 39.040000
v 1.775000 0.022000 38.960000
vt 40.385000 0.022000
vt 40.465000 0.022000
vt 40.815000 0.022000
vt 40.735000 0.022000
vn 0.000000 1.000000 0.000000
vn 0.000000 1.000000 0.000000
vn 0.000000 1.000000 0.000000
vn 0.000000 1.000000 0.000000
f 1005/1005/1005 1006/1006/1006 1007/1007/1007
f 1005/1005/1005 1007/1007/1007 1008/1008/1008
