# Original MODUS Black Start combat-room geometry; authored 2026-09-13. No external assets.
o combat_relay_dark_metal
v -13.420029 1.459078 -9.860000
v -13.420029 1.459078 -10.140000
v -13.079971 1.340922 -10.140000
vn -0.328210 -0.944605 -0.000000
f 1//1 2//1 3//1
v -13.420029 1.459078 -9.860000
v -13.079971 1.340922 -10.140000
v -13.079971 1.340922 -9.860000
vn -0.328210 -0.944605 0.000000
f 4//2 5//2 6//2
v -11.029971 7.240922 -9.860000
v -11.029971 7.240922 -10.140000
v -11.370029 7.359078 -10.140000
vn 0.328210 0.944605 0.000000
f 7//3 8//3 9//3
v -11.029971 7.240922 -9.860000
v -11.370029 7.359078 -10.140000
v -11.370029 7.359078 -9.860000
vn 0.328210 0.944605 0.000000
f 10//4 11//4 12//4
v -13.079971 1.340922 -9.860000
v -13.079971 1.340922 -10.140000
v -11.029971 7.240922 -10.140000
vn 0.944605 -0.328210 0.000000
f 13//5 14//5 15//5
v -13.079971 1.340922 -9.860000
v -11.029971 7.240922 -10.140000
v -11.029971 7.240922 -9.860000
vn 0.944605 -0.328210 0.000000
f 16//6 17//6 18//6
v -13.079971 1.340922 -10.140000
v -13.420029 1.459078 -10.140000
v -11.370029 7.359078 -10.140000
vn 0.000000 0.000000 -1.000000
f 19//7 20//7 21//7
v -13.079971 1.340922 -10.140000
v -11.370029 7.359078 -10.140000
v -11.029971 7.240922 -10.140000
vn 0.000000 0.000000 -1.000000
f 22//8 23//8 24//8
v -13.420029 1.459078 -10.140000
v -13.420029 1.459078 -9.860000
v -11.370029 7.359078 -9.860000
vn -0.944605 0.328210 0.000000
f 25//9 26//9 27//9
v -13.420029 1.459078 -10.140000
v -11.370029 7.359078 -9.860000
v -11.370029 7.359078 -10.140000
vn -0.944605 0.328210 0.000000
f 28//10 29//10 30//10
v -13.420029 1.459078 -9.860000
v -13.079971 1.340922 -9.860000
v -11.029971 7.240922 -9.860000
vn -0.000000 0.000000 1.000000
f 31//11 32//11 33//11
v -13.420029 1.459078 -9.860000
v -11.029971 7.240922 -9.860000
v -11.370029 7.359078 -9.860000
vn 0.000000 0.000000 1.000000
f 34//12 35//12 36//12
v -13.420029 1.459078 10.140000
v -13.420029 1.459078 9.860000
v -13.079971 1.340922 9.860000
vn -0.328210 -0.944605 -0.000000
f 37//13 38//13 39//13
v -13.420029 1.459078 10.140000
v -13.079971 1.340922 9.860000
v -13.079971 1.340922 10.140000
vn -0.328210 -0.944605 0.000000
f 40//14 41//14 42//14
v -11.029971 7.240922 10.140000
v -11.029971 7.240922 9.860000
v -11.370029 7.359078 9.860000
vn 0.328210 0.944605 0.000000
f 43//15 44//15 45//15
v -11.029971 7.240922 10.140000
v -11.370029 7.359078 9.860000
v -11.370029 7.359078 10.140000
vn 0.328210 0.944605 0.000000
f 46//16 47//16 48//16
v -13.079971 1.340922 10.140000
v -13.079971 1.340922 9.860000
v -11.029971 7.240922 9.860000
vn 0.944605 -0.328210 0.000000
f 49//17 50//17 51//17
v -13.079971 1.340922 10.140000
v -11.029971 7.240922 9.860000
v -11.029971 7.240922 10.140000
vn 0.944605 -0.328210 0.000000
f 52//18 53//18 54//18
v -13.079971 1.340922 9.860000
v -13.420029 1.459078 9.860000
v -11.370029 7.359078 9.860000
vn 0.000000 0.000000 -1.000000
f 55//19 56//19 57//19
v -13.079971 1.340922 9.860000
v -11.370029 7.359078 9.860000
v -11.029971 7.240922 9.860000
vn 0.000000 0.000000 -1.000000
f 58//20 59//20 60//20
v -13.420029 1.459078 9.860000
v -13.420029 1.459078 10.140000
v -11.370029 7.359078 10.140000
vn -0.944605 0.328210 0.000000
f 61//21 62//21 63//21
v -13.420029 1.459078 9.860000
v -11.370029 7.359078 10.140000
v -11.370029 7.359078 9.860000
vn -0.944605 0.328210 0.000000
f 64//22 65//22 66//22
v -13.420029 1.459078 10.140000
v -13.079971 1.340922 10.140000
v -11.029971 7.240922 10.140000
vn -0.000000 0.000000 1.000000
f 67//23 68//23 69//23
v -13.420029 1.459078 10.140000
v -11.029971 7.240922 10.140000
v -11.370029 7.359078 10.140000
vn 0.000000 0.000000 1.000000
f 70//24 71//24 72//24
v -12.478717 1.382130 -10.761159
v -12.607142 1.382130 -10.490038
v -12.921283 1.617870 -10.638841
vn -0.507253 -0.827624 -0.240278
f 73//25 74//25 75//25
v -12.478717 1.382130 -10.761159
v -12.921283 1.617870 -10.638841
v -12.792858 1.617870 -10.909962
vn -0.507253 -0.827624 -0.240278
f 76//26 77//26 78//26
v -7.092858 10.917870 -8.209962
v -7.221283 10.917870 -7.938841
v -6.907142 10.682130 -7.790038
vn 0.507253 0.827624 0.240278
f 79//27 80//27 81//27
v -7.092858 10.917870 -8.209962
v -6.907142 10.682130 -7.790038
v -6.778717 10.682130 -8.061159
vn 0.507253 0.827624 0.240278
f 82//28 83//28 84//28
v -12.792858 1.617870 -10.909962
v -12.921283 1.617870 -10.638841
v -7.221283 10.917870 -7.938841
vn -0.747955 0.561284 -0.354294
f 85//29 86//29 87//29
v -12.792858 1.617870 -10.909962
v -7.221283 10.917870 -7.938841
v -7.092858 10.917870 -8.209962
vn -0.747955 0.561284 -0.354294
f 88//30 89//30 90//30
v -12.921283 1.617870 -10.638841
v -12.607142 1.382130 -10.490038
v -6.907142 10.682130 -7.790038
vn -0.428086 0.000000 0.903738
f 91//31 92//31 93//31
v -12.921283 1.617870 -10.638841
v -6.907142 10.682130 -7.790038
v -7.221283 10.917870 -7.938841
vn -0.428086 -0.000000 0.903738
f 94//32 95//32 96//32
v -12.607142 1.382130 -10.490038
v -12.478717 1.382130 -10.761159
v -6.778717 10.682130 -8.061159
vn 0.747955 -0.561284 0.354294
f 97//33 98//33 99//33
v -12.607142 1.382130 -10.490038
v -6.778717 10.682130 -8.061159
v -6.907142 10.682130 -7.790038
vn 0.747955 -0.561284 0.354294
f 100//34 101//34 102//34
v -12.478717 1.382130 -10.761159
v -12.792858 1.617870 -10.909962
v -7.092858 10.917870 -8.209962
vn 0.428086 -0.000000 -0.903738
f 103//35 104//35 105//35
v -12.478717 1.382130 -10.761159
v -7.092858 10.917870 -8.209962
v -6.778717 10.682130 -8.061159
vn 0.428086 0.000000 -0.903738
f 106//36 107//36 108//36
v -6.935109 6.199059 -8.120000
v -6.935109 6.199059 -7.880000
v -7.064891 6.400941 -7.880000
vn -0.841178 -0.540758 0.000000
f 109//37 110//37 111//37
v -6.935109 6.199059 -8.120000
v -7.064891 6.400941 -7.880000
v -7.064891 6.400941 -8.120000
vn -0.841178 -0.540758 0.000000
f 112//38 113//38 114//38
v -2.864891 9.100941 -8.120000
v -2.864891 9.100941 -7.880000
v -2.735109 8.899059 -7.880000
vn 0.841178 0.540758 -0.000000
f 115//39 116//39 117//39
v -2.864891 9.100941 -8.120000
v -2.735109 8.899059 -7.880000
v -2.735109 8.899059 -8.120000
vn 0.841178 0.540758 0.000000
f 118//40 119//40 120//40
v -7.064891 6.400941 -8.120000
v -7.064891 6.400941 -7.880000
v -2.864891 9.100941 -7.880000
vn -0.540758 0.841178 0.000000
f 121//41 122//41 123//41
v -7.064891 6.400941 -8.120000
v -2.864891 9.100941 -7.880000
v -2.864891 9.100941 -8.120000
vn -0.540758 0.841178 0.000000
f 124//42 125//42 126//42
v -7.064891 6.400941 -7.880000
v -6.935109 6.199059 -7.880000
v -2.735109 8.899059 -7.880000
vn -0.000000 0.000000 1.000000
f 127//43 128//43 129//43
v -7.064891 6.400941 -7.880000
v -2.735109 8.899059 -7.880000
v -2.864891 9.100941 -7.880000
vn 0.000000 0.000000 1.000000
f 130//44 131//44 132//44
v -6.935109 6.199059 -7.880000
v -6.935109 6.199059 -8.120000
v -2.735109 8.899059 -8.120000
vn 0.540758 -0.841178 0.000000
f 133//45 134//45 135//45
v -6.935109 6.199059 -7.880000
v -2.735109 8.899059 -8.120000
v -2.735109 8.899059 -7.880000
vn 0.540758 -0.841178 0.000000
f 136//46 137//46 138//46
v -6.935109 6.199059 -8.120000
v -7.064891 6.400941 -8.120000
v -2.864891 9.100941 -8.120000
vn 0.000000 0.000000 -1.000000
f 139//47 140//47 141//47
v -6.935109 6.199059 -8.120000
v -2.864891 9.100941 -8.120000
v -2.735109 8.899059 -8.120000
vn 0.000000 0.000000 -1.000000
f 142//48 143//48 144//48
v -8.540000 1.580000 -1.040000
v -8.540000 1.700000 -1.040000
v -5.460000 1.700000 -1.040000
vn 0.000000 0.000000 -1.000000
f 145//49 146//49 147//49
v -8.540000 1.580000 -1.040000
v -5.460000 1.700000 -1.040000
v -5.460000 1.580000 -1.040000
vn 0.000000 0.000000 -1.000000
f 148//50 149//50 150//50
v -8.540000 1.580000 1.040000
v -5.460000 1.580000 1.040000
v -5.460000 1.700000 1.040000
vn 0.000000 0.000000 1.000000
f 151//51 152//51 153//51
v -8.540000 1.580000 1.040000
v -5.460000 1.700000 1.040000
v -8.540000 1.700000 1.040000
vn 0.000000 0.000000 1.000000
f 154//52 155//52 156//52
v -8.540000 1.580000 -1.040000
v -8.540000 1.580000 1.040000
v -8.540000 1.700000 1.040000
vn -1.000000 0.000000 0.000000
f 157//53 158//53 159//53
v -8.540000 1.580000 -1.040000
v -8.540000 1.700000 1.040000
v -8.540000 1.700000 -1.040000
vn -1.000000 0.000000 0.000000
f 160//54 161//54 162//54
v -5.460000 1.580000 -1.040000
v -5.460000 1.700000 -1.040000
v -5.460000 1.700000 1.040000
vn 1.000000 0.000000 0.000000
f 163//55 164//55 165//55
v -5.460000 1.580000 -1.040000
v -5.460000 1.700000 1.040000
v -5.460000 1.580000 1.040000
vn 1.000000 0.000000 0.000000
f 166//56 167//56 168//56
v -8.540000 1.580000 -1.040000
v -5.460000 1.580000 -1.040000
v -5.460000 1.580000 1.040000
vn 0.000000 -1.000000 0.000000
f 169//57 170//57 171//57
v -8.540000 1.580000 -1.040000
v -5.460000 1.580000 1.040000
v -8.540000 1.580000 1.040000
vn 0.000000 -1.000000 0.000000
f 172//58 173//58 174//58
v -8.540000 1.700000 -1.040000
v -8.540000 1.700000 1.040000
v -5.460000 1.700000 1.040000
vn 0.000000 1.000000 0.000000
f 175//59 176//59 177//59
v -8.540000 1.700000 -1.040000
v -5.460000 1.700000 1.040000
v -5.460000 1.700000 -1.040000
vn 0.000000 1.000000 0.000000
f 178//60 179//60 180//60
v -8.037500 0.450000 0.995000
v -8.037500 1.250000 0.995000
v -7.962500 1.250000 0.995000
vn 0.000000 0.000000 -1.000000
f 181//61 182//61 183//61
v -8.037500 0.450000 0.995000
v -7.962500 1.250000 0.995000
v -7.962500 0.450000 0.995000
vn 0.000000 0.000000 -1.000000
f 184//62 185//62 186//62
v -8.037500 0.450000 1.055000
v -7.962500 0.450000 1.055000
v -7.962500 1.250000 1.055000
vn 0.000000 0.000000 1.000000
f 187//63 188//63 189//63
v -8.037500 0.450000 1.055000
v -7.962500 1.250000 1.055000
v -8.037500 1.250000 1.055000
vn 0.000000 0.000000 1.000000
f 190//64 191//64 192//64
v -8.037500 0.450000 0.995000
v -8.037500 0.450000 1.055000
v -8.037500 1.250000 1.055000
vn -1.000000 0.000000 0.000000
f 193//65 194//65 195//65
v -8.037500 0.450000 0.995000
v -8.037500 1.250000 1.055000
v -8.037500 1.250000 0.995000
vn -1.000000 0.000000 0.000000
f 196//66 197//66 198//66
v -7.962500 0.450000 0.995000
v -7.962500 1.250000 0.995000
v -7.962500 1.250000 1.055000
vn 1.000000 0.000000 0.000000
f 199//67 200//67 201//67
v -7.962500 0.450000 0.995000
v -7.962500 1.250000 1.055000
v -7.962500 0.450000 1.055000
vn 1.000000 0.000000 0.000000
f 202//68 203//68 204//68
v -8.037500 0.450000 0.995000
v -7.962500 0.450000 0.995000
v -7.962500 0.450000 1.055000
vn 0.000000 -1.000000 0.000000
f 205//69 206//69 207//69
v -8.037500 0.450000 0.995000
v -7.962500 0.450000 1.055000
v -8.037500 0.450000 1.055000
vn 0.000000 -1.000000 0.000000
f 208//70 209//70 210//70
v -8.037500 1.250000 0.995000
v -8.037500 1.250000 1.055000
v -7.962500 1.250000 1.055000
vn 0.000000 1.000000 0.000000
f 211//71 212//71 213//71
v -8.037500 1.250000 0.995000
v -7.962500 1.250000 1.055000
v -7.962500 1.250000 0.995000
vn 0.000000 1.000000 0.000000
f 214//72 215//72 216//72
v -7.637500 0.450000 0.995000
v -7.637500 1.250000 0.995000
v -7.562500 1.250000 0.995000
vn 0.000000 0.000000 -1.000000
f 217//73 218//73 219//73
v -7.637500 0.450000 0.995000
v -7.562500 1.250000 0.995000
v -7.562500 0.450000 0.995000
vn 0.000000 0.000000 -1.000000
f 220//74 221//74 222//74
v -7.637500 0.450000 1.055000
v -7.562500 0.450000 1.055000
v -7.562500 1.250000 1.055000
vn 0.000000 0.000000 1.000000
f 223//75 224//75 225//75
v -7.637500 0.450000 1.055000
v -7.562500 1.250000 1.055000
v -7.637500 1.250000 1.055000
vn 0.000000 0.000000 1.000000
f 226//76 227//76 228//76
v -7.637500 0.450000 0.995000
v -7.637500 0.450000 1.055000
v -7.637500 1.250000 1.055000
vn -1.000000 0.000000 0.000000
f 229//77 230//77 231//77
v -7.637500 0.450000 0.995000
v -7.637500 1.250000 1.055000
v -7.637500 1.250000 0.995000
vn -1.000000 0.000000 0.000000
f 232//78 233//78 234//78
v -7.562500 0.450000 0.995000
v -7.562500 1.250000 0.995000
v -7.562500 1.250000 1.055000
vn 1.000000 0.000000 0.000000
f 235//79 236//79 237//79
v -7.562500 0.450000 0.995000
v -7.562500 1.250000 1.055000
v -7.562500 0.450000 1.055000
vn 1.000000 0.000000 0.000000
f 238//80 239//80 240//80
v -7.637500 0.450000 0.995000
v -7.562500 0.450000 0.995000
v -7.562500 0.450000 1.055000
vn 0.000000 -1.000000 0.000000
f 241//81 242//81 243//81
v -7.637500 0.450000 0.995000
v -7.562500 0.450000 1.055000
v -7.637500 0.450000 1.055000
vn 0.000000 -1.000000 0.000000
f 244//82 245//82 246//82
v -7.637500 1.250000 0.995000
v -7.637500 1.250000 1.055000
v -7.562500 1.250000 1.055000
vn 0.000000 1.000000 0.000000
f 247//83 248//83 249//83
v -7.637500 1.250000 0.995000
v -7.562500 1.250000 1.055000
v -7.562500 1.250000 0.995000
vn 0.000000 1.000000 0.000000
f 250//84 251//84 252//84
v -7.237500 0.450000 0.995000
v -7.237500 1.250000 0.995000
v -7.162500 1.250000 0.995000
vn 0.000000 0.000000 -1.000000
f 253//85 254//85 255//85
v -7.237500 0.450000 0.995000
v -7.162500 1.250000 0.995000
v -7.162500 0.450000 0.995000
vn 0.000000 0.000000 -1.000000
f 256//86 257//86 258//86
v -7.237500 0.450000 1.055000
v -7.162500 0.450000 1.055000
v -7.162500 1.250000 1.055000
vn 0.000000 0.000000 1.000000
f 259//87 260//87 261//87
v -7.237500 0.450000 1.055000
v -7.162500 1.250000 1.055000
v -7.237500 1.250000 1.055000
vn 0.000000 0.000000 1.000000
f 262//88 263//88 264//88
v -7.237500 0.450000 0.995000
v -7.237500 0.450000 1.055000
v -7.237500 1.250000 1.055000
vn -1.000000 0.000000 0.000000
f 265//89 266//89 267//89
v -7.237500 0.450000 0.995000
v -7.237500 1.250000 1.055000
v -7.237500 1.250000 0.995000
vn -1.000000 0.000000 0.000000
f 268//90 269//90 270//90
v -7.162500 0.450000 0.995000
v -7.162500 1.250000 0.995000
v -7.162500 1.250000 1.055000
vn 1.000000 0.000000 0.000000
f 271//91 272//91 273//91
v -7.162500 0.450000 0.995000
v -7.162500 1.250000 1.055000
v -7.162500 0.450000 1.055000
vn 1.000000 0.000000 0.000000
f 274//92 275//92 276//92
v -7.237500 0.450000 0.995000
v -7.162500 0.450000 0.995000
v -7.162500 0.450000 1.055000
vn 0.000000 -1.000000 0.000000
f 277//93 278//93 279//93
v -7.237500 0.450000 0.995000
v -7.162500 0.450000 1.055000
v -7.237500 0.450000 1.055000
vn 0.000000 -1.000000 0.000000
f 280//94 281//94 282//94
v -7.237500 1.250000 0.995000
v -7.237500 1.250000 1.055000
v -7.162500 1.250000 1.055000
vn 0.000000 1.000000 0.000000
f 283//95 284//95 285//95
v -7.237500 1.250000 0.995000
v -7.162500 1.250000 1.055000
v -7.162500 1.250000 0.995000
vn 0.000000 1.000000 0.000000
f 286//96 287//96 288//96
v -6.837500 0.450000 0.995000
v -6.837500 1.250000 0.995000
v -6.762500 1.250000 0.995000
vn 0.000000 0.000000 -1.000000
f 289//97 290//97 291//97
v -6.837500 0.450000 0.995000
v -6.762500 1.250000 0.995000
v -6.762500 0.450000 0.995000
vn 0.000000 0.000000 -1.000000
f 292//98 293//98 294//98
v -6.837500 0.450000 1.055000
v -6.762500 0.450000 1.055000
v -6.762500 1.250000 1.055000
vn 0.000000 0.000000 1.000000
f 295//99 296//99 297//99
v -6.837500 0.450000 1.055000
v -6.762500 1.250000 1.055000
v -6.837500 1.250000 1.055000
vn 0.000000 0.000000 1.000000
f 298//100 299//100 300//100
v -6.837500 0.450000 0.995000
v -6.837500 0.450000 1.055000
v -6.837500 1.250000 1.055000
vn -1.000000 0.000000 0.000000
f 301//101 302//101 303//101
v -6.837500 0.450000 0.995000
v -6.837500 1.250000 1.055000
v -6.837500 1.250000 0.995000
vn -1.000000 0.000000 0.000000
f 304//102 305//102 306//102
v -6.762500 0.450000 0.995000
v -6.762500 1.250000 0.995000
v -6.762500 1.250000 1.055000
vn 1.000000 0.000000 0.000000
f 307//103 308//103 309//103
v -6.762500 0.450000 0.995000
v -6.762500 1.250000 1.055000
v -6.762500 0.450000 1.055000
vn 1.000000 0.000000 0.000000
f 310//104 311//104 312//104
v -6.837500 0.450000 0.995000
v -6.762500 0.450000 0.995000
v -6.762500 0.450000 1.055000
vn 0.000000 -1.000000 0.000000
f 313//105 314//105 315//105
v -6.837500 0.450000 0.995000
v -6.762500 0.450000 1.055000
v -6.837500 0.450000 1.055000
vn 0.000000 -1.000000 0.000000
f 316//106 317//106 318//106
v -6.837500 1.250000 0.995000
v -6.837500 1.250000 1.055000
v -6.762500 1.250000 1.055000
vn 0.000000 1.000000 0.000000
f 319//107 320//107 321//107
v -6.837500 1.250000 0.995000
v -6.762500 1.250000 1.055000
v -6.762500 1.250000 0.995000
vn 0.000000 1.000000 0.000000
f 322//108 323//108 324//108
v -6.437500 0.450000 0.995000
v -6.437500 1.250000 0.995000
v -6.362500 1.250000 0.995000
vn 0.000000 0.000000 -1.000000
f 325//109 326//109 327//109
v -6.437500 0.450000 0.995000
v -6.362500 1.250000 0.995000
v -6.362500 0.450000 0.995000
vn 0.000000 0.000000 -1.000000
f 328//110 329//110 330//110
v -6.437500 0.450000 1.055000
v -6.362500 0.450000 1.055000
v -6.362500 1.250000 1.055000
vn 0.000000 0.000000 1.000000
f 331//111 332//111 333//111
v -6.437500 0.450000 1.055000
v -6.362500 1.250000 1.055000
v -6.437500 1.250000 1.055000
vn 0.000000 0.000000 1.000000
f 334//112 335//112 336//112
v -6.437500 0.450000 0.995000
v -6.437500 0.450000 1.055000
v -6.437500 1.250000 1.055000
vn -1.000000 0.000000 0.000000
f 337//113 338//113 339//113
v -6.437500 0.450000 0.995000
v -6.437500 1.250000 1.055000
v -6.437500 1.250000 0.995000
vn -1.000000 0.000000 0.000000
f 340//114 341//114 342//114
v -6.362500 0.450000 0.995000
v -6.362500 1.250000 0.995000
v -6.362500 1.250000 1.055000
vn 1.000000 0.000000 0.000000
f 343//115 344//115 345//115
v -6.362500 0.450000 0.995000
v -6.362500 1.250000 1.055000
v -6.362500 0.450000 1.055000
vn 1.000000 0.000000 0.000000
f 346//116 347//116 348//116
v -6.437500 0.450000 0.995000
v -6.362500 0.450000 0.995000
v -6.362500 0.450000 1.055000
vn 0.000000 -1.000000 0.000000
f 349//117 350//117 351//117
v -6.437500 0.450000 0.995000
v -6.362500 0.450000 1.055000
v -6.437500 0.450000 1.055000
vn 0.000000 -1.000000 0.000000
f 352//118 353//118 354//118
v -6.437500 1.250000 0.995000
v -6.437500 1.250000 1.055000
v -6.362500 1.250000 1.055000
vn 0.000000 1.000000 0.000000
f 355//119 356//119 357//119
v -6.437500 1.250000 0.995000
v -6.362500 1.250000 1.055000
v -6.362500 1.250000 0.995000
vn 0.000000 1.000000 0.000000
f 358//120 359//120 360//120
v -6.037500 0.450000 0.995000
v -6.037500 1.250000 0.995000
v -5.962500 1.250000 0.995000
vn 0.000000 0.000000 -1.000000
f 361//121 362//121 363//121
v -6.037500 0.450000 0.995000
v -5.962500 1.250000 0.995000
v -5.962500 0.450000 0.995000
vn 0.000000 0.000000 -1.000000
f 364//122 365//122 366//122
v -6.037500 0.450000 1.055000
v -5.962500 0.450000 1.055000
v -5.962500 1.250000 1.055000
vn 0.000000 0.000000 1.000000
f 367//123 368//123 369//123
v -6.037500 0.450000 1.055000
v -5.962500 1.250000 1.055000
v -6.037500 1.250000 1.055000
vn 0.000000 0.000000 1.000000
f 370//124 371//124 372//124
v -6.037500 0.450000 0.995000
v -6.037500 0.450000 1.055000
v -6.037500 1.250000 1.055000
vn -1.000000 0.000000 0.000000
f 373//125 374//125 375//125
v -6.037500 0.450000 0.995000
v -6.037500 1.250000 1.055000
v -6.037500 1.250000 0.995000
vn -1.000000 0.000000 0.000000
f 376//126 377//126 378//126
v -5.962500 0.450000 0.995000
v -5.962500 1.250000 0.995000
v -5.962500 1.250000 1.055000
vn 1.000000 0.000000 0.000000
f 379//127 380//127 381//127
v -5.962500 0.450000 0.995000
v -5.962500 1.250000 1.055000
v -5.962500 0.450000 1.055000
vn 1.000000 0.000000 0.000000
f 382//128 383//128 384//128
v -6.037500 0.450000 0.995000
v -5.962500 0.450000 0.995000
v -5.962500 0.450000 1.055000
vn 0.000000 -1.000000 0.000000
f 385//129 386//129 387//129
v -6.037500 0.450000 0.995000
v -5.962500 0.450000 1.055000
v -6.037500 0.450000 1.055000
vn 0.000000 -1.000000 0.000000
f 388//130 389//130 390//130
v -6.037500 1.250000 0.995000
v -6.037500 1.250000 1.055000
v -5.962500 1.250000 1.055000
vn 0.000000 1.000000 0.000000
f 391//131 392//131 393//131
v -6.037500 1.250000 0.995000
v -5.962500 1.250000 1.055000
v -5.962500 1.250000 0.995000
vn 0.000000 1.000000 0.000000
f 394//132 395//132 396//132
v 13.079971 1.340922 -9.860000
v 13.079971 1.340922 -10.140000
v 13.420029 1.459078 -10.140000
vn 0.328210 -0.944605 0.000000
f 397//133 398//133 399//133
v 13.079971 1.340922 -9.860000
v 13.420029 1.459078 -10.140000
v 13.420029 1.459078 -9.860000
vn 0.328210 -0.944605 0.000000
f 400//134 401//134 402//134
v 11.370029 7.359078 -9.860000
v 11.370029 7.359078 -10.140000
v 11.029971 7.240922 -10.140000
vn -0.328210 0.944605 0.000000
f 403//135 404//135 405//135
v 11.370029 7.359078 -9.860000
v 11.029971 7.240922 -10.140000
v 11.029971 7.240922 -9.860000
vn -0.328210 0.944605 0.000000
f 406//136 407//136 408//136
v 13.420029 1.459078 -9.860000
v 13.420029 1.459078 -10.140000
v 11.370029 7.359078 -10.140000
vn 0.944605 0.328210 0.000000
f 409//137 410//137 411//137
v 13.420029 1.459078 -9.860000
v 11.370029 7.359078 -10.140000
v 11.370029 7.359078 -9.860000
vn 0.944605 0.328210 0.000000
f 412//138 413//138 414//138
v 13.420029 1.459078 -10.140000
v 13.079971 1.340922 -10.140000
v 11.029971 7.240922 -10.140000
vn -0.000000 0.000000 -1.000000
f 415//139 416//139 417//139
v 13.420029 1.459078 -10.140000
v 11.029971 7.240922 -10.140000
v 11.370029 7.359078 -10.140000
vn 0.000000 0.000000 -1.000000
f 418//140 419//140 420//140
v 13.079971 1.340922 -10.140000
v 13.079971 1.340922 -9.860000
v 11.029971 7.240922 -9.860000
vn -0.944605 -0.328210 0.000000
f 421//141 422//141 423//141
v 13.079971 1.340922 -10.140000
v 11.029971 7.240922 -9.860000
v 11.029971 7.240922 -10.140000
vn -0.944605 -0.328210 0.000000
f 424//142 425//142 426//142
v 13.079971 1.340922 -9.860000
v 13.420029 1.459078 -9.860000
v 11.370029 7.359078 -9.860000
vn 0.000000 -0.000000 1.000000
f 427//143 428//143 429//143
v 13.079971 1.340922 -9.860000
v 11.370029 7.359078 -9.860000
v 11.029971 7.240922 -9.860000
vn 0.000000 0.000000 1.000000
f 430//144 431//144 432//144
v 13.079971 1.340922 10.140000
v 13.079971 1.340922 9.860000
v 13.420029 1.459078 9.860000
vn 0.328210 -0.944605 0.000000
f 433//145 434//145 435//145
v 13.079971 1.340922 10.140000
v 13.420029 1.459078 9.860000
v 13.420029 1.459078 10.140000
vn 0.328210 -0.944605 0.000000
f 436//146 437//146 438//146
v 11.370029 7.359078 10.140000
v 11.370029 7.359078 9.860000
v 11.029971 7.240922 9.860000
vn -0.328210 0.944605 0.000000
f 439//147 440//147 441//147
v 11.370029 7.359078 10.140000
v 11.029971 7.240922 9.860000
v 11.029971 7.240922 10.140000
vn -0.328210 0.944605 0.000000
f 442//148 443//148 444//148
v 13.420029 1.459078 10.140000
v 13.420029 1.459078 9.860000
v 11.370029 7.359078 9.860000
vn 0.944605 0.328210 0.000000
f 445//149 446//149 447//149
v 13.420029 1.459078 10.140000
v 11.370029 7.359078 9.860000
v 11.370029 7.359078 10.140000
vn 0.944605 0.328210 0.000000
f 448//150 449//150 450//150
v 13.420029 1.459078 9.860000
v 13.079971 1.340922 9.860000
v 11.029971 7.240922 9.860000
vn -0.000000 0.000000 -1.000000
f 451//151 452//151 453//151
v 13.420029 1.459078 9.860000
v 11.029971 7.240922 9.860000
v 11.370029 7.359078 9.860000
vn 0.000000 0.000000 -1.000000
f 454//152 455//152 456//152
v 13.079971 1.340922 9.860000
v 13.079971 1.340922 10.140000
v 11.029971 7.240922 10.140000
vn -0.944605 -0.328210 0.000000
f 457//153 458//153 459//153
v 13.079971 1.340922 9.860000
v 11.029971 7.240922 10.140000
v 11.029971 7.240922 9.860000
vn -0.944605 -0.328210 0.000000
f 460//154 461//154 462//154
v 13.079971 1.340922 10.140000
v 13.420029 1.459078 10.140000
v 11.370029 7.359078 10.140000
vn 0.000000 -0.000000 1.000000
f 463//155 464//155 465//155
v 13.079971 1.340922 10.140000
v 11.370029 7.359078 10.140000
v 11.029971 7.240922 10.140000
vn 0.000000 0.000000 1.000000
f 466//156 467//156 468//156
v 12.607142 1.382130 -10.490038
v 12.478717 1.382130 -10.761159
v 12.792858 1.617870 -10.909962
vn 0.507253 -0.827624 -0.240278
f 469//157 470//157 471//157
v 12.607142 1.382130 -10.490038
v 12.792858 1.617870 -10.909962
v 12.921283 1.617870 -10.638841
vn 0.507253 -0.827624 -0.240278
f 472//158 473//158 474//158
v 7.221283 10.917870 -7.938841
v 7.092858 10.917870 -8.209962
v 6.778717 10.682130 -8.061159
vn -0.507253 0.827624 0.240278
f 475//159 476//159 477//159
v 7.221283 10.917870 -7.938841
v 6.778717 10.682130 -8.061159
v 6.907142 10.682130 -7.790038
vn -0.507253 0.827624 0.240278
f 478//160 479//160 480//160
v 12.921283 1.617870 -10.638841
v 12.792858 1.617870 -10.909962
v 7.092858 10.917870 -8.209962
vn 0.747955 0.561284 -0.354294
f 481//161 482//161 483//161
v 12.921283 1.617870 -10.638841
v 7.092858 10.917870 -8.209962
v 7.221283 10.917870 -7.938841
vn 0.747955 0.561284 -0.354294
f 484//162 485//162 486//162
v 12.792858 1.617870 -10.909962
v 12.478717 1.382130 -10.761159
v 6.778717 10.682130 -8.061159
vn -0.428086 -0.000000 -0.903738
f 487//163 488//163 489//163
v 12.792858 1.617870 -10.909962
v 6.778717 10.682130 -8.061159
v 7.092858 10.917870 -8.209962
vn -0.428086 0.000000 -0.903738
f 490//164 491//164 492//164
v 12.478717 1.382130 -10.761159
v 12.607142 1.382130 -10.490038
v 6.907142 10.682130 -7.790038
vn -0.747955 -0.561284 0.354294
f 493//165 494//165 495//165
v 12.478717 1.382130 -10.761159
v 6.907142 10.682130 -7.790038
v 6.778717 10.682130 -8.061159
vn -0.747955 -0.561284 0.354294
f 496//166 497//166 498//166
v 12.607142 1.382130 -10.490038
v 12.921283 1.617870 -10.638841
v 7.221283 10.917870 -7.938841
vn 0.428086 0.000000 0.903738
f 499//167 500//167 501//167
v 12.607142 1.382130 -10.490038
v 7.221283 10.917870 -7.938841
v 6.907142 10.682130 -7.790038
vn 0.428086 -0.000000 0.903738
f 502//168 503//168 504//168
v 6.935109 6.199059 -7.880000
v 6.935109 6.199059 -8.120000
v 7.064891 6.400941 -8.120000
vn 0.841178 -0.540758 0.000000
f 505//169 506//169 507//169
v 6.935109 6.199059 -7.880000
v 7.064891 6.400941 -8.120000
v 7.064891 6.400941 -7.880000
vn 0.841178 -0.540758 0.000000
f 508//170 509//170 510//170
v 2.864891 9.100941 -7.880000
v 2.864891 9.100941 -8.120000
v 2.735109 8.899059 -8.120000
vn -0.841178 0.540758 0.000000
f 511//171 512//171 513//171
v 2.864891 9.100941 -7.880000
v 2.735109 8.899059 -8.120000
v 2.735109 8.899059 -7.880000
vn -0.841178 0.540758 0.000000
f 514//172 515//172 516//172
v 7.064891 6.400941 -7.880000
v 7.064891 6.400941 -8.120000
v 2.864891 9.100941 -8.120000
vn 0.540758 0.841178 0.000000
f 517//173 518//173 519//173
v 7.064891 6.400941 -7.880000
v 2.864891 9.100941 -8.120000
v 2.864891 9.100941 -7.880000
vn 0.540758 0.841178 0.000000
f 520//174 521//174 522//174
v 7.064891 6.400941 -8.120000
v 6.935109 6.199059 -8.120000
v 2.735109 8.899059 -8.120000
vn -0.000000 0.000000 -1.000000
f 523//175 524//175 525//175
v 7.064891 6.400941 -8.120000
v 2.735109 8.899059 -8.120000
v 2.864891 9.100941 -8.120000
vn 0.000000 0.000000 -1.000000
f 526//176 527//176 528//176
v 6.935109 6.199059 -8.120000
v 6.935109 6.199059 -7.880000
v 2.735109 8.899059 -7.880000
vn -0.540758 -0.841178 0.000000
f 529//177 530//177 531//177
v 6.935109 6.199059 -8.120000
v 2.735109 8.899059 -7.880000
v 2.735109 8.899059 -8.120000
vn -0.540758 -0.841178 0.000000
f 532//178 533//178 534//178
v 6.935109 6.199059 -7.880000
v 7.064891 6.400941 -7.880000
v 2.864891 9.100941 -7.880000
vn 0.000000 -0.000000 1.000000
f 535//179 536//179 537//179
v 6.935109 6.199059 -7.880000
v 2.864891 9.100941 -7.880000
v 2.735109 8.899059 -7.880000
vn 0.000000 0.000000 1.000000
f 538//180 539//180 540//180
v 5.460000 1.580000 -1.040000
v 5.460000 1.700000 -1.040000
v 8.540000 1.700000 -1.040000
vn 0.000000 0.000000 -1.000000
f 541//181 542//181 543//181
v 5.460000 1.580000 -1.040000
v 8.540000 1.700000 -1.040000
v 8.540000 1.580000 -1.040000
vn 0.000000 0.000000 -1.000000
f 544//182 545//182 546//182
v 5.460000 1.580000 1.040000
v 8.540000 1.580000 1.040000
v 8.540000 1.700000 1.040000
vn 0.000000 0.000000 1.000000
f 547//183 548//183 549//183
v 5.460000 1.580000 1.040000
v 8.540000 1.700000 1.040000
v 5.460000 1.700000 1.040000
vn 0.000000 0.000000 1.000000
f 550//184 551//184 552//184
v 5.460000 1.580000 -1.040000
v 5.460000 1.580000 1.040000
v 5.460000 1.700000 1.040000
vn -1.000000 0.000000 0.000000
f 553//185 554//185 555//185
v 5.460000 1.580000 -1.040000
v 5.460000 1.700000 1.040000
v 5.460000 1.700000 -1.040000
vn -1.000000 0.000000 0.000000
f 556//186 557//186 558//186
v 8.540000 1.580000 -1.040000
v 8.540000 1.700000 -1.040000
v 8.540000 1.700000 1.040000
vn 1.000000 0.000000 0.000000
f 559//187 560//187 561//187
v 8.540000 1.580000 -1.040000
v 8.540000 1.700000 1.040000
v 8.540000 1.580000 1.040000
vn 1.000000 0.000000 0.000000
f 562//188 563//188 564//188
v 5.460000 1.580000 -1.040000
v 8.540000 1.580000 -1.040000
v 8.540000 1.580000 1.040000
vn 0.000000 -1.000000 0.000000
f 565//189 566//189 567//189
v 5.460000 1.580000 -1.040000
v 8.540000 1.580000 1.040000
v 5.460000 1.580000 1.040000
vn 0.000000 -1.000000 0.000000
f 568//190 569//190 570//190
v 5.460000 1.700000 -1.040000
v 5.460000 1.700000 1.040000
v 8.540000 1.700000 1.040000
vn 0.000000 1.000000 0.000000
f 571//191 572//191 573//191
v 5.460000 1.700000 -1.040000
v 8.540000 1.700000 1.040000
v 8.540000 1.700000 -1.040000
vn 0.000000 1.000000 0.000000
f 574//192 575//192 576//192
v 5.962500 0.450000 0.995000
v 5.962500 1.250000 0.995000
v 6.037500 1.250000 0.995000
vn 0.000000 0.000000 -1.000000
f 577//193 578//193 579//193
v 5.962500 0.450000 0.995000
v 6.037500 1.250000 0.995000
v 6.037500 0.450000 0.995000
vn 0.000000 0.000000 -1.000000
f 580//194 581//194 582//194
v 5.962500 0.450000 1.055000
v 6.037500 0.450000 1.055000
v 6.037500 1.250000 1.055000
vn 0.000000 0.000000 1.000000
f 583//195 584//195 585//195
v 5.962500 0.450000 1.055000
v 6.037500 1.250000 1.055000
v 5.962500 1.250000 1.055000
vn 0.000000 0.000000 1.000000
f 586//196 587//196 588//196
v 5.962500 0.450000 0.995000
v 5.962500 0.450000 1.055000
v 5.962500 1.250000 1.055000
vn -1.000000 0.000000 0.000000
f 589//197 590//197 591//197
v 5.962500 0.450000 0.995000
v 5.962500 1.250000 1.055000
v 5.962500 1.250000 0.995000
vn -1.000000 0.000000 0.000000
f 592//198 593//198 594//198
v 6.037500 0.450000 0.995000
v 6.037500 1.250000 0.995000
v 6.037500 1.250000 1.055000
vn 1.000000 0.000000 0.000000
f 595//199 596//199 597//199
v 6.037500 0.450000 0.995000
v 6.037500 1.250000 1.055000
v 6.037500 0.450000 1.055000
vn 1.000000 0.000000 0.000000
f 598//200 599//200 600//200
v 5.962500 0.450000 0.995000
v 6.037500 0.450000 0.995000
v 6.037500 0.450000 1.055000
vn 0.000000 -1.000000 0.000000
f 601//201 602//201 603//201
v 5.962500 0.450000 0.995000
v 6.037500 0.450000 1.055000
v 5.962500 0.450000 1.055000
vn 0.000000 -1.000000 0.000000
f 604//202 605//202 606//202
v 5.962500 1.250000 0.995000
v 5.962500 1.250000 1.055000
v 6.037500 1.250000 1.055000
vn 0.000000 1.000000 0.000000
f 607//203 608//203 609//203
v 5.962500 1.250000 0.995000
v 6.037500 1.250000 1.055000
v 6.037500 1.250000 0.995000
vn 0.000000 1.000000 0.000000
f 610//204 611//204 612//204
v 6.362500 0.450000 0.995000
v 6.362500 1.250000 0.995000
v 6.437500 1.250000 0.995000
vn 0.000000 0.000000 -1.000000
f 613//205 614//205 615//205
v 6.362500 0.450000 0.995000
v 6.437500 1.250000 0.995000
v 6.437500 0.450000 0.995000
vn 0.000000 0.000000 -1.000000
f 616//206 617//206 618//206
v 6.362500 0.450000 1.055000
v 6.437500 0.450000 1.055000
v 6.437500 1.250000 1.055000
vn 0.000000 0.000000 1.000000
f 619//207 620//207 621//207
v 6.362500 0.450000 1.055000
v 6.437500 1.250000 1.055000
v 6.362500 1.250000 1.055000
vn 0.000000 0.000000 1.000000
f 622//208 623//208 624//208
v 6.362500 0.450000 0.995000
v 6.362500 0.450000 1.055000
v 6.362500 1.250000 1.055000
vn -1.000000 0.000000 0.000000
f 625//209 626//209 627//209
v 6.362500 0.450000 0.995000
v 6.362500 1.250000 1.055000
v 6.362500 1.250000 0.995000
vn -1.000000 0.000000 0.000000
f 628//210 629//210 630//210
v 6.437500 0.450000 0.995000
v 6.437500 1.250000 0.995000
v 6.437500 1.250000 1.055000
vn 1.000000 0.000000 0.000000
f 631//211 632//211 633//211
v 6.437500 0.450000 0.995000
v 6.437500 1.250000 1.055000
v 6.437500 0.450000 1.055000
vn 1.000000 0.000000 0.000000
f 634//212 635//212 636//212
v 6.362500 0.450000 0.995000
v 6.437500 0.450000 0.995000
v 6.437500 0.450000 1.055000
vn 0.000000 -1.000000 0.000000
f 637//213 638//213 639//213
v 6.362500 0.450000 0.995000
v 6.437500 0.450000 1.055000
v 6.362500 0.450000 1.055000
vn 0.000000 -1.000000 0.000000
f 640//214 641//214 642//214
v 6.362500 1.250000 0.995000
v 6.362500 1.250000 1.055000
v 6.437500 1.250000 1.055000
vn 0.000000 1.000000 0.000000
f 643//215 644//215 645//215
v 6.362500 1.250000 0.995000
v 6.437500 1.250000 1.055000
v 6.437500 1.250000 0.995000
vn 0.000000 1.000000 0.000000
f 646//216 647//216 648//216
v 6.762500 0.450000 0.995000
v 6.762500 1.250000 0.995000
v 6.837500 1.250000 0.995000
vn 0.000000 0.000000 -1.000000
f 649//217 650//217 651//217
v 6.762500 0.450000 0.995000
v 6.837500 1.250000 0.995000
v 6.837500 0.450000 0.995000
vn 0.000000 0.000000 -1.000000
f 652//218 653//218 654//218
v 6.762500 0.450000 1.055000
v 6.837500 0.450000 1.055000
v 6.837500 1.250000 1.055000
vn 0.000000 0.000000 1.000000
f 655//219 656//219 657//219
v 6.762500 0.450000 1.055000
v 6.837500 1.250000 1.055000
v 6.762500 1.250000 1.055000
vn 0.000000 0.000000 1.000000
f 658//220 659//220 660//220
v 6.762500 0.450000 0.995000
v 6.762500 0.450000 1.055000
v 6.762500 1.250000 1.055000
vn -1.000000 0.000000 0.000000
f 661//221 662//221 663//221
v 6.762500 0.450000 0.995000
v 6.762500 1.250000 1.055000
v 6.762500 1.250000 0.995000
vn -1.000000 0.000000 0.000000
f 664//222 665//222 666//222
v 6.837500 0.450000 0.995000
v 6.837500 1.250000 0.995000
v 6.837500 1.250000 1.055000
vn 1.000000 0.000000 0.000000
f 667//223 668//223 669//223
v 6.837500 0.450000 0.995000
v 6.837500 1.250000 1.055000
v 6.837500 0.450000 1.055000
vn 1.000000 0.000000 0.000000
f 670//224 671//224 672//224
v 6.762500 0.450000 0.995000
v 6.837500 0.450000 0.995000
v 6.837500 0.450000 1.055000
vn 0.000000 -1.000000 0.000000
f 673//225 674//225 675//225
v 6.762500 0.450000 0.995000
v 6.837500 0.450000 1.055000
v 6.762500 0.450000 1.055000
vn 0.000000 -1.000000 0.000000
f 676//226 677//226 678//226
v 6.762500 1.250000 0.995000
v 6.762500 1.250000 1.055000
v 6.837500 1.250000 1.055000
vn 0.000000 1.000000 0.000000
f 679//227 680//227 681//227
v 6.762500 1.250000 0.995000
v 6.837500 1.250000 1.055000
v 6.837500 1.250000 0.995000
vn 0.000000 1.000000 0.000000
f 682//228 683//228 684//228
v 7.162500 0.450000 0.995000
v 7.162500 1.250000 0.995000
v 7.237500 1.250000 0.995000
vn 0.000000 0.000000 -1.000000
f 685//229 686//229 687//229
v 7.162500 0.450000 0.995000
v 7.237500 1.250000 0.995000
v 7.237500 0.450000 0.995000
vn 0.000000 0.000000 -1.000000
f 688//230 689//230 690//230
v 7.162500 0.450000 1.055000
v 7.237500 0.450000 1.055000
v 7.237500 1.250000 1.055000
vn 0.000000 0.000000 1.000000
f 691//231 692//231 693//231
v 7.162500 0.450000 1.055000
v 7.237500 1.250000 1.055000
v 7.162500 1.250000 1.055000
vn 0.000000 0.000000 1.000000
f 694//232 695//232 696//232
v 7.162500 0.450000 0.995000
v 7.162500 0.450000 1.055000
v 7.162500 1.250000 1.055000
vn -1.000000 0.000000 0.000000
f 697//233 698//233 699//233
v 7.162500 0.450000 0.995000
v 7.162500 1.250000 1.055000
v 7.162500 1.250000 0.995000
vn -1.000000 0.000000 0.000000
f 700//234 701//234 702//234
v 7.237500 0.450000 0.995000
v 7.237500 1.250000 0.995000
v 7.237500 1.250000 1.055000
vn 1.000000 0.000000 0.000000
f 703//235 704//235 705//235
v 7.237500 0.450000 0.995000
v 7.237500 1.250000 1.055000
v 7.237500 0.450000 1.055000
vn 1.000000 0.000000 0.000000
f 706//236 707//236 708//236
v 7.162500 0.450000 0.995000
v 7.237500 0.450000 0.995000
v 7.237500 0.450000 1.055000
vn 0.000000 -1.000000 0.000000
f 709//237 710//237 711//237
v 7.162500 0.450000 0.995000
v 7.237500 0.450000 1.055000
v 7.162500 0.450000 1.055000
vn 0.000000 -1.000000 0.000000
f 712//238 713//238 714//238
v 7.162500 1.250000 0.995000
v 7.162500 1.250000 1.055000
v 7.237500 1.250000 1.055000
vn 0.000000 1.000000 0.000000
f 715//239 716//239 717//239
v 7.162500 1.250000 0.995000
v 7.237500 1.250000 1.055000
v 7.237500 1.250000 0.995000
vn 0.000000 1.000000 0.000000
f 718//240 719//240 720//240
v 7.562500 0.450000 0.995000
v 7.562500 1.250000 0.995000
v 7.637500 1.250000 0.995000
vn 0.000000 0.000000 -1.000000
f 721//241 722//241 723//241
v 7.562500 0.450000 0.995000
v 7.637500 1.250000 0.995000
v 7.637500 0.450000 0.995000
vn 0.000000 0.000000 -1.000000
f 724//242 725//242 726//242
v 7.562500 0.450000 1.055000
v 7.637500 0.450000 1.055000
v 7.637500 1.250000 1.055000
vn 0.000000 0.000000 1.000000
f 727//243 728//243 729//243
v 7.562500 0.450000 1.055000
v 7.637500 1.250000 1.055000
v 7.562500 1.250000 1.055000
vn 0.000000 0.000000 1.000000
f 730//244 731//244 732//244
v 7.562500 0.450000 0.995000
v 7.562500 0.450000 1.055000
v 7.562500 1.250000 1.055000
vn -1.000000 0.000000 0.000000
f 733//245 734//245 735//245
v 7.562500 0.450000 0.995000
v 7.562500 1.250000 1.055000
v 7.562500 1.250000 0.995000
vn -1.000000 0.000000 0.000000
f 736//246 737//246 738//246
v 7.637500 0.450000 0.995000
v 7.637500 1.250000 0.995000
v 7.637500 1.250000 1.055000
vn 1.000000 0.000000 0.000000
f 739//247 740//247 741//247
v 7.637500 0.450000 0.995000
v 7.637500 1.250000 1.055000
v 7.637500 0.450000 1.055000
vn 1.000000 0.000000 0.000000
f 742//248 743//248 744//248
v 7.562500 0.450000 0.995000
v 7.637500 0.450000 0.995000
v 7.637500 0.450000 1.055000
vn 0.000000 -1.000000 0.000000
f 745//249 746//249 747//249
v 7.562500 0.450000 0.995000
v 7.637500 0.450000 1.055000
v 7.562500 0.450000 1.055000
vn 0.000000 -1.000000 0.000000
f 748//250 749//250 750//250
v 7.562500 1.250000 0.995000
v 7.562500 1.250000 1.055000
v 7.637500 1.250000 1.055000
vn 0.000000 1.000000 0.000000
f 751//251 752//251 753//251
v 7.562500 1.250000 0.995000
v 7.637500 1.250000 1.055000
v 7.637500 1.250000 0.995000
vn 0.000000 1.000000 0.000000
f 754//252 755//252 756//252
v 7.962500 0.450000 0.995000
v 7.962500 1.250000 0.995000
v 8.037500 1.250000 0.995000
vn 0.000000 0.000000 -1.000000
f 757//253 758//253 759//253
v 7.962500 0.450000 0.995000
v 8.037500 1.250000 0.995000
v 8.037500 0.450000 0.995000
vn 0.000000 0.000000 -1.000000
f 760//254 761//254 762//254
v 7.962500 0.450000 1.055000
v 8.037500 0.450000 1.055000
v 8.037500 1.250000 1.055000
vn 0.000000 0.000000 1.000000
f 763//255 764//255 765//255
v 7.962500 0.450000 1.055000
v 8.037500 1.250000 1.055000
v 7.962500 1.250000 1.055000
vn 0.000000 0.000000 1.000000
f 766//256 767//256 768//256
v 7.962500 0.450000 0.995000
v 7.962500 0.450000 1.055000
v 7.962500 1.250000 1.055000
vn -1.000000 0.000000 0.000000
f 769//257 770//257 771//257
v 7.962500 0.450000 0.995000
v 7.962500 1.250000 1.055000
v 7.962500 1.250000 0.995000
vn -1.000000 0.000000 0.000000
f 772//258 773//258 774//258
v 8.037500 0.450000 0.995000
v 8.037500 1.250000 0.995000
v 8.037500 1.250000 1.055000
vn 1.000000 0.000000 0.000000
f 775//259 776//259 777//259
v 8.037500 0.450000 0.995000
v 8.037500 1.250000 1.055000
v 8.037500 0.450000 1.055000
vn 1.000000 0.000000 0.000000
f 778//260 779//260 780//260
v 7.962500 0.450000 0.995000
v 8.037500 0.450000 0.995000
v 8.037500 0.450000 1.055000
vn 0.000000 -1.000000 0.000000
f 781//261 782//261 783//261
v 7.962500 0.450000 0.995000
v 8.037500 0.450000 1.055000
v 7.962500 0.450000 1.055000
vn 0.000000 -1.000000 0.000000
f 784//262 785//262 786//262
v 7.962500 1.250000 0.995000
v 7.962500 1.250000 1.055000
v 8.037500 1.250000 1.055000
vn 0.000000 1.000000 0.000000
f 787//263 788//263 789//263
v 7.962500 1.250000 0.995000
v 8.037500 1.250000 1.055000
v 8.037500 1.250000 0.995000
vn 0.000000 1.000000 0.000000
f 790//264 791//264 792//264
v 0.000000 8.620000 -11.000000
v -0.717894 8.620000 -10.952947
v -0.717894 8.780000 -10.952947
vn -0.065403 0.000000 -0.997859
f 793//265 794//265 795//265
v 0.000000 8.620000 -11.000000
v -0.717894 8.780000 -10.952947
v 0.000000 8.780000 -11.000000
vn -0.065403 0.000000 -0.997859
f 796//266 797//266 798//266
v 0.000000 8.620000 -10.780000
v 0.000000 8.780000 -10.780000
v -0.689178 8.780000 -10.734829
vn 0.065403 -0.000000 0.997859
f 799//267 800//267 801//267
v 0.000000 8.620000 -10.780000
v -0.689178 8.780000 -10.734829
v -0.689178 8.620000 -10.734829
vn 0.065403 0.000000 0.997859
f 802//268 803//268 804//268
v -0.717894 8.620000 -10.952947
v 0.000000 8.620000 -11.000000
v 0.000000 8.620000 -10.780000
vn 0.000000 -1.000000 0.000000
f 805//269 806//269 807//269
v -0.717894 8.620000 -10.952947
v 0.000000 8.620000 -10.780000
v -0.689178 8.620000 -10.734829
vn 0.000000 -1.000000 0.000000
f 808//270 809//270 810//270
v 0.000000 8.780000 -11.000000
v -0.717894 8.780000 -10.952947
v -0.689178 8.780000 -10.734829
vn 0.000000 1.000000 0.000000
f 811//271 812//271 813//271
v 0.000000 8.780000 -11.000000
v -0.689178 8.780000 -10.734829
v 0.000000 8.780000 -10.780000
vn 0.000000 1.000000 -0.000000
f 814//272 815//272 816//272
v -0.717894 8.620000 -10.952947
v -1.423505 8.620000 -10.812592
v -1.423505 8.780000 -10.812592
vn -0.195090 0.000000 -0.980785
f 817//273 818//273 819//273
v -0.717894 8.620000 -10.952947
v -1.423505 8.780000 -10.812592
v -0.717894 8.780000 -10.952947
vn -0.195090 0.000000 -0.980785
f 820//274 821//274 822//274
v -0.689178 8.620000 -10.734829
v -0.689178 8.780000 -10.734829
v -1.366565 8.780000 -10.600088
vn 0.195090 -0.000000 0.980785
f 823//275 824//275 825//275
v -0.689178 8.620000 -10.734829
v -1.366565 8.780000 -10.600088
v -1.366565 8.620000 -10.600088
vn 0.195090 0.000000 0.980785
f 826//276 827//276 828//276
v -1.423505 8.620000 -10.812592
v -0.717894 8.620000 -10.952947
v -0.689178 8.620000 -10.734829
vn 0.000000 -1.000000 0.000000
f 829//277 830//277 831//277
v -1.423505 8.620000 -10.812592
v -0.689178 8.620000 -10.734829
v -1.366565 8.620000 -10.600088
vn 0.000000 -1.000000 0.000000
f 832//278 833//278 834//278
v -0.717894 8.780000 -10.952947
v -1.423505 8.780000 -10.812592
v -1.366565 8.780000 -10.600088
vn 0.000000 1.000000 0.000000
f 835//279 836//279 837//279
v -0.717894 8.780000 -10.952947
v -1.366565 8.780000 -10.600088
v -0.689178 8.780000 -10.734829
vn 0.000000 1.000000 -0.000000
f 838//280 839//280 840//280
v -1.423505 8.620000 -10.812592
v -2.104759 8.620000 -10.581337
v -2.104759 8.780000 -10.581337
vn -0.321439 0.000000 -0.946930
f 841//281 842//281 843//281
v -1.423505 8.620000 -10.812592
v -2.104759 8.780000 -10.581337
v -1.423505 8.780000 -10.812592
vn -0.321439 0.000000 -0.946930
f 844//282 845//282 846//282
v -1.366565 8.620000 -10.600088
v -1.366565 8.780000 -10.600088
v -2.020569 8.780000 -10.378084
vn 0.321439 -0.000000 0.946930
f 847//283 848//283 849//283
v -1.366565 8.620000 -10.600088
v -2.020569 8.780000 -10.378084
v -2.020569 8.620000 -10.378084
vn 0.321439 0.000000 0.946930
f 850//284 851//284 852//284
v -2.104759 8.620000 -10.581337
v -1.423505 8.620000 -10.812592
v -1.366565 8.620000 -10.600088
vn 0.000000 -1.000000 0.000000
f 853//285 854//285 855//285
v -2.104759 8.620000 -10.581337
v -1.366565 8.620000 -10.600088
v -2.020569 8.620000 -10.378084
vn 0.000000 -1.000000 0.000000
f 856//286 857//286 858//286
v -1.423505 8.780000 -10.812592
v -2.104759 8.780000 -10.581337
v -2.020569 8.780000 -10.378084
vn 0.000000 1.000000 0.000000
f 859//287 860//287 861//287
v -1.423505 8.780000 -10.812592
v -2.020569 8.780000 -10.378084
v -1.366565 8.780000 -10.600088
vn 0.000000 1.000000 -0.000000
f 862//288 863//288 864//288
v -2.104759 8.620000 -10.581337
v -2.750000 8.620000 -10.263140
v -2.750000 8.780000 -10.263140
vn -0.442289 0.000000 -0.896873
f 865//289 866//289 867//289
v -2.104759 8.620000 -10.581337
v -2.750000 8.780000 -10.263140
v -2.104759 8.780000 -10.581337
vn -0.442289 0.000000 -0.896873
f 868//290 869//290 870//290
v -2.020569 8.620000 -10.378084
v -2.020569 8.780000 -10.378084
v -2.640000 8.780000 -10.072614
vn 0.442289 -0.000000 0.896873
f 871//291 872//291 873//291
v -2.020569 8.620000 -10.378084
v -2.640000 8.780000 -10.072614
v -2.640000 8.620000 -10.072614
vn 0.442289 0.000000 0.896873
f 874//292 875//292 876//292
v -2.750000 8.620000 -10.263140
v -2.104759 8.620000 -10.581337
v -2.020569 8.620000 -10.378084
vn 0.000000 -1.000000 0.000000
f 877//293 878//293 879//293
v -2.750000 8.620000 -10.263140
v -2.020569 8.620000 -10.378084
v -2.640000 8.620000 -10.072614
vn 0.000000 -1.000000 0.000000
f 880//294 881//294 882//294
v -2.104759 8.780000 -10.581337
v -2.750000 8.780000 -10.263140
v -2.640000 8.780000 -10.072614
vn 0.000000 1.000000 0.000000
f 883//295 884//295 885//295
v -2.104759 8.780000 -10.581337
v -2.640000 8.780000 -10.072614
v -2.020569 8.780000 -10.378084
vn 0.000000 1.000000 -0.000000
f 886//296 887//296 888//296
v -2.750000 8.620000 -10.263140
v -3.348188 8.620000 -9.863443
v -3.348188 8.780000 -9.863443
vn -0.555570 0.000000 -0.831470
f 889//297 890//297 891//297
v -2.750000 8.620000 -10.263140
v -3.348188 8.780000 -9.863443
v -2.750000 8.780000 -10.263140
vn -0.555570 0.000000 -0.831470
f 892//298 893//298 894//298
v -2.640000 8.620000 -10.072614
v -2.640000 8.780000 -10.072614
v -3.214260 8.780000 -9.688906
vn 0.555570 -0.000000 0.831470
f 895//299 896//299 897//299
v -2.640000 8.620000 -10.072614
v -3.214260 8.780000 -9.688906
v -3.214260 8.620000 -9.688906
vn 0.555570 0.000000 0.831470
f 898//300 899//300 900//300
v -3.348188 8.620000 -9.863443
v -2.750000 8.620000 -10.263140
v -2.640000 8.620000 -10.072614
vn 0.000000 -1.000000 0.000000
f 901//301 902//301 903//301
v -3.348188 8.620000 -9.863443
v -2.640000 8.620000 -10.072614
v -3.214260 8.620000 -9.688906
vn 0.000000 -1.000000 0.000000
f 904//302 905//302 906//302
v -2.750000 8.780000 -10.263140
v -3.348188 8.780000 -9.863443
v -3.214260 8.780000 -9.688906
vn 0.000000 1.000000 0.000000
f 907//303 908//303 909//303
v -2.750000 8.780000 -10.263140
v -3.214260 8.780000 -9.688906
v -2.640000 8.780000 -10.072614
vn 0.000000 1.000000 -0.000000
f 910//304 911//304 912//304
v -3.348188 8.620000 -9.863443
v -3.889087 8.620000 -9.389087
v -3.889087 8.780000 -9.389087
vn -0.659346 0.000000 -0.751840
f 913//305 914//305 915//305
v -3.348188 8.620000 -9.863443
v -3.889087 8.780000 -9.389087
v -3.348188 8.780000 -9.863443
vn -0.659346 0.000000 -0.751840
f 916//306 917//306 918//306
v -3.214260 8.620000 -9.688906
v -3.214260 8.780000 -9.688906
v -3.733524 8.780000 -9.233524
vn 0.659346 -0.000000 0.751840
f 919//307 920//307 921//307
v -3.214260 8.620000 -9.688906
v -3.733524 8.780000 -9.233524
v -3.733524 8.620000 -9.233524
vn 0.659346 0.000000 0.751840
f 922//308 923//308 924//308
v -3.889087 8.620000 -9.389087
v -3.348188 8.620000 -9.863443
v -3.214260 8.620000 -9.688906
vn 0.000000 -1.000000 0.000000
f 925//309 926//309 927//309
v -3.889087 8.620000 -9.389087
v -3.214260 8.620000 -9.688906
v -3.733524 8.620000 -9.233524
vn 0.000000 -1.000000 0.000000
f 928//310 929//310 930//310
v -3.348188 8.780000 -9.863443
v -3.889087 8.780000 -9.389087
v -3.733524 8.780000 -9.233524
vn 0.000000 1.000000 0.000000
f 931//311 932//311 933//311
v -3.348188 8.780000 -9.863443
v -3.733524 8.780000 -9.233524
v -3.214260 8.780000 -9.688906
vn 0.000000 1.000000 -0.000000
f 934//312 935//312 936//312
v -3.889087 8.620000 -9.389087
v -4.363443 8.620000 -8.848188
v -4.363443 8.780000 -8.848188
vn -0.751840 0.000000 -0.659346
f 937//313 938//313 939//313
v -3.889087 8.620000 -9.389087
v -4.363443 8.780000 -8.848188
v -3.889087 8.780000 -9.389087
vn -0.751840 0.000000 -0.659346
f 940//314 941//314 942//314
v -3.733524 8.620000 -9.233524
v -3.733524 8.780000 -9.233524
v -4.188906 8.780000 -8.714260
vn 0.751840 -0.000000 0.659346
f 943//315 944//315 945//315
v -3.733524 8.620000 -9.233524
v -4.188906 8.780000 -8.714260
v -4.188906 8.620000 -8.714260
vn 0.751840 0.000000 0.659346
f 946//316 947//316 948//316
v -4.363443 8.620000 -8.848188
v -3.889087 8.620000 -9.389087
v -3.733524 8.620000 -9.233524
vn 0.000000 -1.000000 0.000000
f 949//317 950//317 951//317
v -4.363443 8.620000 -8.848188
v -3.733524 8.620000 -9.233524
v -4.188906 8.620000 -8.714260
vn 0.000000 -1.000000 0.000000
f 952//318 953//318 954//318
v -3.889087 8.780000 -9.389087
v -4.363443 8.780000 -8.848188
v -4.188906 8.780000 -8.714260
vn 0.000000 1.000000 0.000000
f 955//319 956//319 957//319
v -3.889087 8.780000 -9.389087
v -4.188906 8.780000 -8.714260
v -3.733524 8.780000 -9.233524
vn 0.000000 1.000000 -0.000000
f 958//320 959//320 960//320
v -4.363443 8.620000 -8.848188
v -4.763140 8.620000 -8.250000
v -4.763140 8.780000 -8.250000
vn -0.831470 0.000000 -0.555570
f 961//321 962//321 963//321
v -4.363443 8.620000 -8.848188
v -4.763140 8.780000 -8.250000
v -4.363443 8.780000 -8.848188
vn -0.831470 0.000000 -0.555570
f 964//322 965//322 966//322
v -4.188906 8.620000 -8.714260
v -4.188906 8.780000 -8.714260
v -4.572614 8.780000 -8.140000
vn 0.831470 -0.000000 0.555570
f 967//323 968//323 969//323
v -4.188906 8.620000 -8.714260
v -4.572614 8.780000 -8.140000
v -4.572614 8.620000 -8.140000
vn 0.831470 0.000000 0.555570
f 970//324 971//324 972//324
v -4.763140 8.620000 -8.250000
v -4.363443 8.620000 -8.848188
v -4.188906 8.620000 -8.714260
vn 0.000000 -1.000000 0.000000
f 973//325 974//325 975//325
v -4.763140 8.620000 -8.250000
v -4.188906 8.620000 -8.714260
v -4.572614 8.620000 -8.140000
vn 0.000000 -1.000000 0.000000
f 976//326 977//326 978//326
v -4.363443 8.780000 -8.848188
v -4.763140 8.780000 -8.250000
v -4.572614 8.780000 -8.140000
vn 0.000000 1.000000 0.000000
f 979//327 980//327 981//327
v -4.363443 8.780000 -8.848188
v -4.572614 8.780000 -8.140000
v -4.188906 8.780000 -8.714260
vn 0.000000 1.000000 -0.000000
f 982//328 983//328 984//328
v -4.763140 8.620000 -8.250000
v -5.081337 8.620000 -7.604759
v -5.081337 8.780000 -7.604759
vn -0.896873 0.000000 -0.442289
f 985//329 986//329 987//329
v -4.763140 8.620000 -8.250000
v -5.081337 8.780000 -7.604759
v -4.763140 8.780000 -8.250000
vn -0.896873 0.000000 -0.442289
f 988//330 989//330 990//330
v -4.572614 8.620000 -8.140000
v -4.572614 8.780000 -8.140000
v -4.878084 8.780000 -7.520569
vn 0.896873 -0.000000 0.442289
f 991//331 992//331 993//331
v -4.572614 8.620000 -8.140000
v -4.878084 8.780000 -7.520569
v -4.878084 8.620000 -7.520569
vn 0.896873 0.000000 0.442289
f 994//332 995//332 996//332
v -5.081337 8.620000 -7.604759
v -4.763140 8.620000 -8.250000
v -4.572614 8.620000 -8.140000
vn 0.000000 -1.000000 0.000000
f 997//333 998//333 999//333
v -5.081337 8.620000 -7.604759
v -4.572614 8.620000 -8.140000
v -4.878084 8.620000 -7.520569
vn 0.000000 -1.000000 0.000000
f 1000//334 1001//334 1002//334
v -4.763140 8.780000 -8.250000
v -5.081337 8.780000 -7.604759
v -4.878084 8.780000 -7.520569
vn 0.000000 1.000000 0.000000
f 1003//335 1004//335 1005//335
v -4.763140 8.780000 -8.250000
v -4.878084 8.780000 -7.520569
v -4.572614 8.780000 -8.140000
vn 0.000000 1.000000 -0.000000
f 1006//336 1007//336 1008//336
v -5.081337 8.620000 -7.604759
v -5.312592 8.620000 -6.923505
v -5.312592 8.780000 -6.923505
vn -0.946930 0.000000 -0.321439
f 1009//337 1010//337 1011//337
v -5.081337 8.620000 -7.604759
v -5.312592 8.780000 -6.923505
v -5.081337 8.780000 -7.604759
vn -0.946930 0.000000 -0.321439
f 1012//338 1013//338 1014//338
v -4.878084 8.620000 -7.520569
v -4.878084 8.780000 -7.520569
v -5.100088 8.780000 -6.866565
vn 0.946930 -0.000000 0.321439
f 1015//339 1016//339 1017//339
v -4.878084 8.620000 -7.520569
v -5.100088 8.780000 -6.866565
v -5.100088 8.620000 -6.866565
vn 0.946930 0.000000 0.321439
f 1018//340 1019//340 1020//340
v -5.312592 8.620000 -6.923505
v -5.081337 8.620000 -7.604759
v -4.878084 8.620000 -7.520569
vn 0.000000 -1.000000 0.000000
f 1021//341 1022//341 1023//341
v -5.312592 8.620000 -6.923505
v -4.878084 8.620000 -7.520569
v -5.100088 8.620000 -6.866565
vn 0.000000 -1.000000 0.000000
f 1024//342 1025//342 1026//342
v -5.081337 8.780000 -7.604759
v -5.312592 8.780000 -6.923505
v -5.100088 8.780000 -6.866565
vn 0.000000 1.000000 0.000000
f 1027//343 1028//343 1029//343
v -5.081337 8.780000 -7.604759
v -5.100088 8.780000 -6.866565
v -4.878084 8.780000 -7.520569
vn 0.000000 1.000000 -0.000000
f 1030//344 1031//344 1032//344
v -5.312592 8.620000 -6.923505
v -5.452947 8.620000 -6.217894
v -5.452947 8.780000 -6.217894
vn -0.980785 0.000000 -0.195090
f 1033//345 1034//345 1035//345
v -5.312592 8.620000 -6.923505
v -5.452947 8.780000 -6.217894
v -5.312592 8.780000 -6.923505
vn -0.980785 0.000000 -0.195090
f 1036//346 1037//346 1038//346
v -5.100088 8.620000 -6.866565
v -5.100088 8.780000 -6.866565
v -5.234829 8.780000 -6.189178
vn 0.980785 -0.000000 0.195090
f 1039//347 1040//347 1041//347
v -5.100088 8.620000 -6.866565
v -5.234829 8.780000 -6.189178
v -5.234829 8.620000 -6.189178
vn 0.980785 0.000000 0.195090
f 1042//348 1043//348 1044//348
v -5.452947 8.620000 -6.217894
v -5.312592 8.620000 -6.923505
v -5.100088 8.620000 -6.866565
vn 0.000000 -1.000000 0.000000
f 1045//349 1046//349 1047//349
v -5.452947 8.620000 -6.217894
v -5.100088 8.620000 -6.866565
v -5.234829 8.620000 -6.189178
vn 0.000000 -1.000000 0.000000
f 1048//350 1049//350 1050//350
v -5.312592 8.780000 -6.923505
v -5.452947 8.780000 -6.217894
v -5.234829 8.780000 -6.189178
vn 0.000000 1.000000 -0.000000
f 1051//351 1052//351 1053//351
v -5.312592 8.780000 -6.923505
v -5.234829 8.780000 -6.189178
v -5.100088 8.780000 -6.866565
vn 0.000000 1.000000 0.000000
f 1054//352 1055//352 1056//352
v -5.452947 8.620000 -6.217894
v -5.500000 8.620000 -5.500000
v -5.500000 8.780000 -5.500000
vn -0.997859 0.000000 -0.065403
f 1057//353 1058//353 1059//353
v -5.452947 8.620000 -6.217894
v -5.500000 8.780000 -5.500000
v -5.452947 8.780000 -6.217894
vn -0.997859 0.000000 -0.065403
f 1060//354 1061//354 1062//354
v -5.234829 8.620000 -6.189178
v -5.234829 8.780000 -6.189178
v -5.280000 8.780000 -5.500000
vn 0.997859 -0.000000 0.065403
f 1063//355 1064//355 1065//355
v -5.234829 8.620000 -6.189178
v -5.280000 8.780000 -5.500000
v -5.280000 8.620000 -5.500000
vn 0.997859 0.000000 0.065403
f 1066//356 1067//356 1068//356
v -5.500000 8.620000 -5.500000
v -5.452947 8.620000 -6.217894
v -5.234829 8.620000 -6.189178
vn 0.000000 -1.000000 0.000000
f 1069//357 1070//357 1071//357
v -5.500000 8.620000 -5.500000
v -5.234829 8.620000 -6.189178
v -5.280000 8.620000 -5.500000
vn 0.000000 -1.000000 0.000000
f 1072//358 1073//358 1074//358
v -5.452947 8.780000 -6.217894
v -5.500000 8.780000 -5.500000
v -5.280000 8.780000 -5.500000
vn 0.000000 1.000000 -0.000000
f 1075//359 1076//359 1077//359
v -5.452947 8.780000 -6.217894
v -5.280000 8.780000 -5.500000
v -5.234829 8.780000 -6.189178
vn 0.000000 1.000000 0.000000
f 1078//360 1079//360 1080//360
v -5.500000 8.620000 -5.500000
v -5.452947 8.620000 -4.782106
v -5.452947 8.780000 -4.782106
vn -0.997859 0.000000 0.065403
f 1081//361 1082//361 1083//361
v -5.500000 8.620000 -5.500000
v -5.452947 8.780000 -4.782106
v -5.500000 8.780000 -5.500000
vn -0.997859 0.000000 0.065403
f 1084//362 1085//362 1086//362
v -5.280000 8.620000 -5.500000
v -5.280000 8.780000 -5.500000
v -5.234829 8.780000 -4.810822
vn 0.997859 0.000000 -0.065403
f 1087//363 1088//363 1089//363
v -5.280000 8.620000 -5.500000
v -5.234829 8.780000 -4.810822
v -5.234829 8.620000 -4.810822
vn 0.997859 0.000000 -0.065403
f 1090//364 1091//364 1092//364
v -5.452947 8.620000 -4.782106
v -5.500000 8.620000 -5.500000
v -5.280000 8.620000 -5.500000
vn 0.000000 -1.000000 -0.000000
f 1093//365 1094//365 1095//365
v -5.452947 8.620000 -4.782106
v -5.280000 8.620000 -5.500000
v -5.234829 8.620000 -4.810822
vn 0.000000 -1.000000 0.000000
f 1096//366 1097//366 1098//366
v -5.500000 8.780000 -5.500000
v -5.452947 8.780000 -4.782106
v -5.234829 8.780000 -4.810822
vn 0.000000 1.000000 0.000000
f 1099//367 1100//367 1101//367
v -5.500000 8.780000 -5.500000
v -5.234829 8.780000 -4.810822
v -5.280000 8.780000 -5.500000
vn 0.000000 1.000000 0.000000
f 1102//368 1103//368 1104//368
v -5.452947 8.620000 -4.782106
v -5.312592 8.620000 -4.076495
v -5.312592 8.780000 -4.076495
vn -0.980785 0.000000 0.195090
f 1105//369 1106//369 1107//369
v -5.452947 8.620000 -4.782106
v -5.312592 8.780000 -4.076495
v -5.452947 8.780000 -4.782106
vn -0.980785 0.000000 0.195090
f 1108//370 1109//370 1110//370
v -5.234829 8.620000 -4.810822
v -5.234829 8.780000 -4.810822
v -5.100088 8.780000 -4.133435
vn 0.980785 0.000000 -0.195090
f 1111//371 1112//371 1113//371
v -5.234829 8.620000 -4.810822
v -5.100088 8.780000 -4.133435
v -5.100088 8.620000 -4.133435
vn 0.980785 0.000000 -0.195090
f 1114//372 1115//372 1116//372
v -5.312592 8.620000 -4.076495
v -5.452947 8.620000 -4.782106
v -5.234829 8.620000 -4.810822
vn 0.000000 -1.000000 -0.000000
f 1117//373 1118//373 1119//373
v -5.312592 8.620000 -4.076495
v -5.234829 8.620000 -4.810822
v -5.100088 8.620000 -4.133435
vn 0.000000 -1.000000 0.000000
f 1120//374 1121//374 1122//374
v -5.452947 8.780000 -4.782106
v -5.312592 8.780000 -4.076495
v -5.100088 8.780000 -4.133435
vn 0.000000 1.000000 0.000000
f 1123//375 1124//375 1125//375
v -5.452947 8.780000 -4.782106
v -5.100088 8.780000 -4.133435
v -5.234829 8.780000 -4.810822
vn -0.000000 1.000000 0.000000
f 1126//376 1127//376 1128//376
v -5.312592 8.620000 -4.076495
v -5.081337 8.620000 -3.395241
v -5.081337 8.780000 -3.395241
vn -0.946930 0.000000 0.321439
f 1129//377 1130//377 1131//377
v -5.312592 8.620000 -4.076495
v -5.081337 8.780000 -3.395241
v -5.312592 8.780000 -4.076495
vn -0.946930 0.000000 0.321439
f 1132//378 1133//378 1134//378
v -5.100088 8.620000 -4.133435
v -5.100088 8.780000 -4.133435
v -4.878084 8.780000 -3.479431
vn 0.946930 0.000000 -0.321439
f 1135//379 1136//379 1137//379
v -5.100088 8.620000 -4.133435
v -4.878084 8.780000 -3.479431
v -4.878084 8.620000 -3.479431
vn 0.946930 0.000000 -0.321439
f 1138//380 1139//380 1140//380
v -5.081337 8.620000 -3.395241
v -5.312592 8.620000 -4.076495
v -5.100088 8.620000 -4.133435
vn 0.000000 -1.000000 0.000000
f 1141//381 1142//381 1143//381
v -5.081337 8.620000 -3.395241
v -5.100088 8.620000 -4.133435
v -4.878084 8.620000 -3.479431
vn 0.000000 -1.000000 -0.000000
f 1144//382 1145//382 1146//382
v -5.312592 8.780000 -4.076495
v -5.081337 8.780000 -3.395241
v -4.878084 8.780000 -3.479431
vn 0.000000 1.000000 0.000000
f 1147//383 1148//383 1149//383
v -5.312592 8.780000 -4.076495
v -4.878084 8.780000 -3.479431
v -5.100088 8.780000 -4.133435
vn -0.000000 1.000000 0.000000
f 1150//384 1151//384 1152//384
v -5.081337 8.620000 -3.395241
v -4.763140 8.620000 -2.750000
v -4.763140 8.780000 -2.750000
vn -0.896873 0.000000 0.442289
f 1153//385 1154//385 1155//385
v -5.081337 8.620000 -3.395241
v -4.763140 8.780000 -2.750000
v -5.081337 8.780000 -3.395241
vn -0.896873 0.000000 0.442289
f 1156//386 1157//386 1158//386
v -4.878084 8.620000 -3.479431
v -4.878084 8.780000 -3.479431
v -4.572614 8.780000 -2.860000
vn 0.896873 0.000000 -0.442289
f 1159//387 1160//387 1161//387
v -4.878084 8.620000 -3.479431
v -4.572614 8.780000 -2.860000
v -4.572614 8.620000 -2.860000
vn 0.896873 0.000000 -0.442289
f 1162//388 1163//388 1164//388
v -4.763140 8.620000 -2.750000
v -5.081337 8.620000 -3.395241
v -4.878084 8.620000 -3.479431
vn 0.000000 -1.000000 0.000000
f 1165//389 1166//389 1167//389
v -4.763140 8.620000 -2.750000
v -4.878084 8.620000 -3.479431
v -4.572614 8.620000 -2.860000
vn 0.000000 -1.000000 -0.000000
f 1168//390 1169//390 1170//390
v -5.081337 8.780000 -3.395241
v -4.763140 8.780000 -2.750000
v -4.572614 8.780000 -2.860000
vn 0.000000 1.000000 0.000000
f 1171//391 1172//391 1173//391
v -5.081337 8.780000 -3.395241
v -4.572614 8.780000 -2.860000
v -4.878084 8.780000 -3.479431
vn -0.000000 1.000000 0.000000
f 1174//392 1175//392 1176//392
v -4.763140 8.620000 -2.750000
v -4.363443 8.620000 -2.151812
v -4.363443 8.780000 -2.151812
vn -0.831470 0.000000 0.555570
f 1177//393 1178//393 1179//393
v -4.763140 8.620000 -2.750000
v -4.363443 8.780000 -2.151812
v -4.763140 8.780000 -2.750000
vn -0.831470 0.000000 0.555570
f 1180//394 1181//394 1182//394
v -4.572614 8.620000 -2.860000
v -4.572614 8.780000 -2.860000
v -4.188906 8.780000 -2.285740
vn 0.831470 0.000000 -0.555570
f 1183//395 1184//395 1185//395
v -4.572614 8.620000 -2.860000
v -4.188906 8.780000 -2.285740
v -4.188906 8.620000 -2.285740
vn 0.831470 0.000000 -0.555570
f 1186//396 1187//396 1188//396
v -4.363443 8.620000 -2.151812
v -4.763140 8.620000 -2.750000
v -4.572614 8.620000 -2.860000
vn 0.000000 -1.000000 0.000000
f 1189//397 1190//397 1191//397
v -4.363443 8.620000 -2.151812
v -4.572614 8.620000 -2.860000
v -4.188906 8.620000 -2.285740
vn 0.000000 -1.000000 -0.000000
f 1192//398 1193//398 1194//398
v -4.763140 8.780000 -2.750000
v -4.363443 8.780000 -2.151812
v -4.188906 8.780000 -2.285740
vn 0.000000 1.000000 0.000000
f 1195//399 1196//399 1197//399
v -4.763140 8.780000 -2.750000
v -4.188906 8.780000 -2.285740
v -4.572614 8.780000 -2.860000
vn -0.000000 1.000000 0.000000
f 1198//400 1199//400 1200//400
v -4.363443 8.620000 -2.151812
v -3.889087 8.620000 -1.610913
v -3.889087 8.780000 -1.610913
vn -0.751840 0.000000 0.659346
f 1201//401 1202//401 1203//401
v -4.363443 8.620000 -2.151812
v -3.889087 8.780000 -1.610913
v -4.363443 8.780000 -2.151812
vn -0.751840 0.000000 0.659346
f 1204//402 1205//402 1206//402
v -4.188906 8.620000 -2.285740
v -4.188906 8.780000 -2.285740
v -3.733524 8.780000 -1.766476
vn 0.751840 0.000000 -0.659346
f 1207//403 1208//403 1209//403
v -4.188906 8.620000 -2.285740
v -3.733524 8.780000 -1.766476
v -3.733524 8.620000 -1.766476
vn 0.751840 0.000000 -0.659346
f 1210//404 1211//404 1212//404
v -3.889087 8.620000 -1.610913
v -4.363443 8.620000 -2.151812
v -4.188906 8.620000 -2.285740
vn 0.000000 -1.000000 0.000000
f 1213//405 1214//405 1215//405
v -3.889087 8.620000 -1.610913
v -4.188906 8.620000 -2.285740
v -3.733524 8.620000 -1.766476
vn 0.000000 -1.000000 -0.000000
f 1216//406 1217//406 1218//406
v -4.363443 8.780000 -2.151812
v -3.889087 8.780000 -1.610913
v -3.733524 8.780000 -1.766476
vn 0.000000 1.000000 0.000000
f 1219//407 1220//407 1221//407
v -4.363443 8.780000 -2.151812
v -3.733524 8.780000 -1.766476
v -4.188906 8.780000 -2.285740
vn -0.000000 1.000000 0.000000
f 1222//408 1223//408 1224//408
v -3.889087 8.620000 -1.610913
v -3.348188 8.620000 -1.136557
v -3.348188 8.780000 -1.136557
vn -0.659346 0.000000 0.751840
f 1225//409 1226//409 1227//409
v -3.889087 8.620000 -1.610913
v -3.348188 8.780000 -1.136557
v -3.889087 8.780000 -1.610913
vn -0.659346 0.000000 0.751840
f 1228//410 1229//410 1230//410
v -3.733524 8.620000 -1.766476
v -3.733524 8.780000 -1.766476
v -3.214260 8.780000 -1.311094
vn 0.659346 0.000000 -0.751840
f 1231//411 1232//411 1233//411
v -3.733524 8.620000 -1.766476
v -3.214260 8.780000 -1.311094
v -3.214260 8.620000 -1.311094
vn 0.659346 0.000000 -0.751840
f 1234//412 1235//412 1236//412
v -3.348188 8.620000 -1.136557
v -3.889087 8.620000 -1.610913
v -3.733524 8.620000 -1.766476
vn 0.000000 -1.000000 0.000000
f 1237//413 1238//413 1239//413
v -3.348188 8.620000 -1.136557
v -3.733524 8.620000 -1.766476
v -3.214260 8.620000 -1.311094
vn 0.000000 -1.000000 -0.000000
f 1240//414 1241//414 1242//414
v -3.889087 8.780000 -1.610913
v -3.348188 8.780000 -1.136557
v -3.214260 8.780000 -1.311094
vn 0.000000 1.000000 0.000000
f 1243//415 1244//415 1245//415
v -3.889087 8.780000 -1.610913
v -3.214260 8.780000 -1.311094
v -3.733524 8.780000 -1.766476
vn -0.000000 1.000000 0.000000
f 1246//416 1247//416 1248//416
v -3.348188 8.620000 -1.136557
v -2.750000 8.620000 -0.736860
v -2.750000 8.780000 -0.736860
vn -0.555570 0.000000 0.831470
f 1249//417 1250//417 1251//417
v -3.348188 8.620000 -1.136557
v -2.750000 8.780000 -0.736860
v -3.348188 8.780000 -1.136557
vn -0.555570 0.000000 0.831470
f 1252//418 1253//418 1254//418
v -3.214260 8.620000 -1.311094
v -3.214260 8.780000 -1.311094
v -2.640000 8.780000 -0.927386
vn 0.555570 0.000000 -0.831470
f 1255//419 1256//419 1257//419
v -3.214260 8.620000 -1.311094
v -2.640000 8.780000 -0.927386
v -2.640000 8.620000 -0.927386
vn 0.555570 0.000000 -0.831470
f 1258//420 1259//420 1260//420
v -2.750000 8.620000 -0.736860
v -3.348188 8.620000 -1.136557
v -3.214260 8.620000 -1.311094
vn 0.000000 -1.000000 0.000000
f 1261//421 1262//421 1263//421
v -2.750000 8.620000 -0.736860
v -3.214260 8.620000 -1.311094
v -2.640000 8.620000 -0.927386
vn 0.000000 -1.000000 -0.000000
f 1264//422 1265//422 1266//422
v -3.348188 8.780000 -1.136557
v -2.750000 8.780000 -0.736860
v -2.640000 8.780000 -0.927386
vn 0.000000 1.000000 0.000000
f 1267//423 1268//423 1269//423
v -3.348188 8.780000 -1.136557
v -2.640000 8.780000 -0.927386
v -3.214260 8.780000 -1.311094
vn -0.000000 1.000000 0.000000
f 1270//424 1271//424 1272//424
v -2.750000 8.620000 -0.736860
v -2.104759 8.620000 -0.418663
v -2.104759 8.780000 -0.418663
vn -0.442289 0.000000 0.896873
f 1273//425 1274//425 1275//425
v -2.750000 8.620000 -0.736860
v -2.104759 8.780000 -0.418663
v -2.750000 8.780000 -0.736860
vn -0.442289 0.000000 0.896873
f 1276//426 1277//426 1278//426
v -2.640000 8.620000 -0.927386
v -2.640000 8.780000 -0.927386
v -2.020569 8.780000 -0.621916
vn 0.442289 0.000000 -0.896873
f 1279//427 1280//427 1281//427
v -2.640000 8.620000 -0.927386
v -2.020569 8.780000 -0.621916
v -2.020569 8.620000 -0.621916
vn 0.442289 0.000000 -0.896873
f 1282//428 1283//428 1284//428
v -2.104759 8.620000 -0.418663
v -2.750000 8.620000 -0.736860
v -2.640000 8.620000 -0.927386
vn 0.000000 -1.000000 0.000000
f 1285//429 1286//429 1287//429
v -2.104759 8.620000 -0.418663
v -2.640000 8.620000 -0.927386
v -2.020569 8.620000 -0.621916
vn 0.000000 -1.000000 -0.000000
f 1288//430 1289//430 1290//430
v -2.750000 8.780000 -0.736860
v -2.104759 8.780000 -0.418663
v -2.020569 8.780000 -0.621916
vn 0.000000 1.000000 0.000000
f 1291//431 1292//431 1293//431
v -2.750000 8.780000 -0.736860
v -2.020569 8.780000 -0.621916
v -2.640000 8.780000 -0.927386
vn -0.000000 1.000000 0.000000
f 1294//432 1295//432 1296//432
v -2.104759 8.620000 -0.418663
v -1.423505 8.620000 -0.187408
v -1.423505 8.780000 -0.187408
vn -0.321439 0.000000 0.946930
f 1297//433 1298//433 1299//433
v -2.104759 8.620000 -0.418663
v -1.423505 8.780000 -0.187408
v -2.104759 8.780000 -0.418663
vn -0.321439 0.000000 0.946930
f 1300//434 1301//434 1302//434
v -2.020569 8.620000 -0.621916
v -2.020569 8.780000 -0.621916
v -1.366565 8.780000 -0.399912
vn 0.321439 0.000000 -0.946930
f 1303//435 1304//435 1305//435
v -2.020569 8.620000 -0.621916
v -1.366565 8.780000 -0.399912
v -1.366565 8.620000 -0.399912
vn 0.321439 0.000000 -0.946930
f 1306//436 1307//436 1308//436
v -1.423505 8.620000 -0.187408
v -2.104759 8.620000 -0.418663
v -2.020569 8.620000 -0.621916
vn 0.000000 -1.000000 0.000000
f 1309//437 1310//437 1311//437
v -1.423505 8.620000 -0.187408
v -2.020569 8.620000 -0.621916
v -1.366565 8.620000 -0.399912
vn 0.000000 -1.000000 -0.000000
f 1312//438 1313//438 1314//438
v -2.104759 8.780000 -0.418663
v -1.423505 8.780000 -0.187408
v -1.366565 8.780000 -0.399912
vn 0.000000 1.000000 0.000000
f 1315//439 1316//439 1317//439
v -2.104759 8.780000 -0.418663
v -1.366565 8.780000 -0.399912
v -2.020569 8.780000 -0.621916
vn -0.000000 1.000000 0.000000
f 1318//440 1319//440 1320//440
v -1.423505 8.620000 -0.187408
v -0.717894 8.620000 -0.047053
v -0.717894 8.780000 -0.047053
vn -0.195090 0.000000 0.980785
f 1321//441 1322//441 1323//441
v -1.423505 8.620000 -0.187408
v -0.717894 8.780000 -0.047053
v -1.423505 8.780000 -0.187408
vn -0.195090 0.000000 0.980785
f 1324//442 1325//442 1326//442
v -1.366565 8.620000 -0.399912
v -1.366565 8.780000 -0.399912
v -0.689178 8.780000 -0.265171
vn 0.195090 0.000000 -0.980785
f 1327//443 1328//443 1329//443
v -1.366565 8.620000 -0.399912
v -0.689178 8.780000 -0.265171
v -0.689178 8.620000 -0.265171
vn 0.195090 0.000000 -0.980785
f 1330//444 1331//444 1332//444
v -0.717894 8.620000 -0.047053
v -1.423505 8.620000 -0.187408
v -1.366565 8.620000 -0.399912
vn 0.000000 -1.000000 0.000000
f 1333//445 1334//445 1335//445
v -0.717894 8.620000 -0.047053
v -1.366565 8.620000 -0.399912
v -0.689178 8.620000 -0.265171
vn 0.000000 -1.000000 -0.000000
f 1336//446 1337//446 1338//446
v -1.423505 8.780000 -0.187408
v -0.717894 8.780000 -0.047053
v -0.689178 8.780000 -0.265171
vn -0.000000 1.000000 0.000000
f 1339//447 1340//447 1341//447
v -1.423505 8.780000 -0.187408
v -0.689178 8.780000 -0.265171
v -1.366565 8.780000 -0.399912
vn 0.000000 1.000000 0.000000
f 1342//448 1343//448 1344//448
v -0.717894 8.620000 -0.047053
v -0.000000 8.620000 0.000000
v -0.000000 8.780000 0.000000
vn -0.065403 0.000000 0.997859
f 1345//449 1346//449 1347//449
v -0.717894 8.620000 -0.047053
v -0.000000 8.780000 0.000000
v -0.717894 8.780000 -0.047053
vn -0.065403 0.000000 0.997859
f 1348//450 1349//450 1350//450
v -0.689178 8.620000 -0.265171
v -0.689178 8.780000 -0.265171
v -0.000000 8.780000 -0.220000
vn 0.065403 0.000000 -0.997859
f 1351//451 1352//451 1353//451
v -0.689178 8.620000 -0.265171
v -0.000000 8.780000 -0.220000
v -0.000000 8.620000 -0.220000
vn 0.065403 0.000000 -0.997859
f 1354//452 1355//452 1356//452
v -0.000000 8.620000 0.000000
v -0.717894 8.620000 -0.047053
v -0.689178 8.620000 -0.265171
vn 0.000000 -1.000000 0.000000
f 1357//453 1358//453 1359//453
v -0.000000 8.620000 0.000000
v -0.689178 8.620000 -0.265171
v -0.000000 8.620000 -0.220000
vn 0.000000 -1.000000 -0.000000
f 1360//454 1361//454 1362//454
v -0.717894 8.780000 -0.047053
v -0.000000 8.780000 0.000000
v -0.000000 8.780000 -0.220000
vn -0.000000 1.000000 0.000000
f 1363//455 1364//455 1365//455
v -0.717894 8.780000 -0.047053
v -0.000000 8.780000 -0.220000
v -0.689178 8.780000 -0.265171
vn 0.000000 1.000000 0.000000
f 1366//456 1367//456 1368//456
v -0.000000 8.620000 0.000000
v 0.717894 8.620000 -0.047053
v 0.717894 8.780000 -0.047053
vn 0.065403 0.000000 0.997859
f 1369//457 1370//457 1371//457
v -0.000000 8.620000 0.000000
v 0.717894 8.780000 -0.047053
v -0.000000 8.780000 0.000000
vn 0.065403 -0.000000 0.997859
f 1372//458 1373//458 1374//458
v -0.000000 8.620000 -0.220000
v -0.000000 8.780000 -0.220000
v 0.689178 8.780000 -0.265171
vn -0.065403 0.000000 -0.997859
f 1375//459 1376//459 1377//459
v -0.000000 8.620000 -0.220000
v 0.689178 8.780000 -0.265171
v 0.689178 8.620000 -0.265171
vn -0.065403 0.000000 -0.997859
f 1378//460 1379//460 1380//460
v 0.717894 8.620000 -0.047053
v -0.000000 8.620000 0.000000
v -0.000000 8.620000 -0.220000
vn -0.000000 -1.000000 0.000000
f 1381//461 1382//461 1383//461
v 0.717894 8.620000 -0.047053
v -0.000000 8.620000 -0.220000
v 0.689178 8.620000 -0.265171
vn 0.000000 -1.000000 0.000000
f 1384//462 1385//462 1386//462
v -0.000000 8.780000 0.000000
v 0.717894 8.780000 -0.047053
v 0.689178 8.780000 -0.265171
vn 0.000000 1.000000 0.000000
f 1387//463 1388//463 1389//463
v -0.000000 8.780000 0.000000
v 0.689178 8.780000 -0.265171
v -0.000000 8.780000 -0.220000
vn 0.000000 1.000000 0.000000
f 1390//464 1391//464 1392//464
v 0.717894 8.620000 -0.047053
v 1.423505 8.620000 -0.187408
v 1.423505 8.780000 -0.187408
vn 0.195090 0.000000 0.980785
f 1393//465 1394//465 1395//465
v 0.717894 8.620000 -0.047053
v 1.423505 8.780000 -0.187408
v 0.717894 8.780000 -0.047053
vn 0.195090 -0.000000 0.980785
f 1396//466 1397//466 1398//466
v 0.689178 8.620000 -0.265171
v 0.689178 8.780000 -0.265171
v 1.366565 8.780000 -0.399912
vn -0.195090 0.000000 -0.980785
f 1399//467 1400//467 1401//467
v 0.689178 8.620000 -0.265171
v 1.366565 8.780000 -0.399912
v 1.366565 8.620000 -0.399912
vn -0.195090 0.000000 -0.980785
f 1402//468 1403//468 1404//468
v 1.423505 8.620000 -0.187408
v 0.717894 8.620000 -0.047053
v 0.689178 8.620000 -0.265171
vn -0.000000 -1.000000 0.000000
f 1405//469 1406//469 1407//469
v 1.423505 8.620000 -0.187408
v 0.689178 8.620000 -0.265171
v 1.366565 8.620000 -0.399912
vn 0.000000 -1.000000 0.000000
f 1408//470 1409//470 1410//470
v 0.717894 8.780000 -0.047053
v 1.423505 8.780000 -0.187408
v 1.366565 8.780000 -0.399912
vn 0.000000 1.000000 0.000000
f 1411//471 1412//471 1413//471
v 0.717894 8.780000 -0.047053
v 1.366565 8.780000 -0.399912
v 0.689178 8.780000 -0.265171
vn 0.000000 1.000000 0.000000
f 1414//472 1415//472 1416//472
v 1.423505 8.620000 -0.187408
v 2.104759 8.620000 -0.418663
v 2.104759 8.780000 -0.418663
vn 0.321439 0.000000 0.946930
f 1417//473 1418//473 1419//473
v 1.423505 8.620000 -0.187408
v 2.104759 8.780000 -0.418663
v 1.423505 8.780000 -0.187408
vn 0.321439 -0.000000 0.946930
f 1420//474 1421//474 1422//474
v 1.366565 8.620000 -0.399912
v 1.366565 8.780000 -0.399912
v 2.020569 8.780000 -0.621916
vn -0.321439 0.000000 -0.946930
f 1423//475 1424//475 1425//475
v 1.366565 8.620000 -0.399912
v 2.020569 8.780000 -0.621916
v 2.020569 8.620000 -0.621916
vn -0.321439 0.000000 -0.946930
f 1426//476 1427//476 1428//476
v 2.104759 8.620000 -0.418663
v 1.423505 8.620000 -0.187408
v 1.366565 8.620000 -0.399912
vn 0.000000 -1.000000 0.000000
f 1429//477 1430//477 1431//477
v 2.104759 8.620000 -0.418663
v 1.366565 8.620000 -0.399912
v 2.020569 8.620000 -0.621916
vn -0.000000 -1.000000 0.000000
f 1432//478 1433//478 1434//478
v 1.423505 8.780000 -0.187408
v 2.104759 8.780000 -0.418663
v 2.020569 8.780000 -0.621916
vn 0.000000 1.000000 0.000000
f 1435//479 1436//479 1437//479
v 1.423505 8.780000 -0.187408
v 2.020569 8.780000 -0.621916
v 1.366565 8.780000 -0.399912
vn 0.000000 1.000000 0.000000
f 1438//480 1439//480 1440//480
v 2.104759 8.620000 -0.418663
v 2.750000 8.620000 -0.736860
v 2.750000 8.780000 -0.736860
vn 0.442289 0.000000 0.896873
f 1441//481 1442//481 1443//481
v 2.104759 8.620000 -0.418663
v 2.750000 8.780000 -0.736860
v 2.104759 8.780000 -0.418663
vn 0.442289 -0.000000 0.896873
f 1444//482 1445//482 1446//482
v 2.020569 8.620000 -0.621916
v 2.020569 8.780000 -0.621916
v 2.640000 8.780000 -0.927386
vn -0.442289 0.000000 -0.896873
f 1447//483 1448//483 1449//483
v 2.020569 8.620000 -0.621916
v 2.640000 8.780000 -0.927386
v 2.640000 8.620000 -0.927386
vn -0.442289 0.000000 -0.896873
f 1450//484 1451//484 1452//484
v 2.750000 8.620000 -0.736860
v 2.104759 8.620000 -0.418663
v 2.020569 8.620000 -0.621916
vn 0.000000 -1.000000 0.000000
f 1453//485 1454//485 1455//485
v 2.750000 8.620000 -0.736860
v 2.020569 8.620000 -0.621916
v 2.640000 8.620000 -0.927386
vn -0.000000 -1.000000 0.000000
f 1456//486 1457//486 1458//486
v 2.104759 8.780000 -0.418663
v 2.750000 8.780000 -0.736860
v 2.640000 8.780000 -0.927386
vn 0.000000 1.000000 0.000000
f 1459//487 1460//487 1461//487
v 2.104759 8.780000 -0.418663
v 2.640000 8.780000 -0.927386
v 2.020569 8.780000 -0.621916
vn 0.000000 1.000000 0.000000
f 1462//488 1463//488 1464//488
v 2.750000 8.620000 -0.736860
v 3.348188 8.620000 -1.136557
v 3.348188 8.780000 -1.136557
vn 0.555570 0.000000 0.831470
f 1465//489 1466//489 1467//489
v 2.750000 8.620000 -0.736860
v 3.348188 8.780000 -1.136557
v 2.750000 8.780000 -0.736860
vn 0.555570 -0.000000 0.831470
f 1468//490 1469//490 1470//490
v 2.640000 8.620000 -0.927386
v 2.640000 8.780000 -0.927386
v 3.214260 8.780000 -1.311094
vn -0.555570 0.000000 -0.831470
f 1471//491 1472//491 1473//491
v 2.640000 8.620000 -0.927386
v 3.214260 8.780000 -1.311094
v 3.214260 8.620000 -1.311094
vn -0.555570 0.000000 -0.831470
f 1474//492 1475//492 1476//492
v 3.348188 8.620000 -1.136557
v 2.750000 8.620000 -0.736860
v 2.640000 8.620000 -0.927386
vn 0.000000 -1.000000 0.000000
f 1477//493 1478//493 1479//493
v 3.348188 8.620000 -1.136557
v 2.640000 8.620000 -0.927386
v 3.214260 8.620000 -1.311094
vn -0.000000 -1.000000 0.000000
f 1480//494 1481//494 1482//494
v 2.750000 8.780000 -0.736860
v 3.348188 8.780000 -1.136557
v 3.214260 8.780000 -1.311094
vn 0.000000 1.000000 0.000000
f 1483//495 1484//495 1485//495
v 2.750000 8.780000 -0.736860
v 3.214260 8.780000 -1.311094
v 2.640000 8.780000 -0.927386
vn 0.000000 1.000000 0.000000
f 1486//496 1487//496 1488//496
v 3.348188 8.620000 -1.136557
v 3.889087 8.620000 -1.610913
v 3.889087 8.780000 -1.610913
vn 0.659346 0.000000 0.751840
f 1489//497 1490//497 1491//497
v 3.348188 8.620000 -1.136557
v 3.889087 8.780000 -1.610913
v 3.348188 8.780000 -1.136557
vn 0.659346 -0.000000 0.751840
f 1492//498 1493//498 1494//498
v 3.214260 8.620000 -1.311094
v 3.214260 8.780000 -1.311094
v 3.733524 8.780000 -1.766476
vn -0.659346 0.000000 -0.751840
f 1495//499 1496//499 1497//499
v 3.214260 8.620000 -1.311094
v 3.733524 8.780000 -1.766476
v 3.733524 8.620000 -1.766476
vn -0.659346 0.000000 -0.751840
f 1498//500 1499//500 1500//500
v 3.889087 8.620000 -1.610913
v 3.348188 8.620000 -1.136557
v 3.214260 8.620000 -1.311094
vn 0.000000 -1.000000 0.000000
f 1501//501 1502//501 1503//501
v 3.889087 8.620000 -1.610913
v 3.214260 8.620000 -1.311094
v 3.733524 8.620000 -1.766476
vn -0.000000 -1.000000 0.000000
f 1504//502 1505//502 1506//502
v 3.348188 8.780000 -1.136557
v 3.889087 8.780000 -1.610913
v 3.733524 8.780000 -1.766476
vn 0.000000 1.000000 0.000000
f 1507//503 1508//503 1509//503
v 3.348188 8.780000 -1.136557
v 3.733524 8.780000 -1.766476
v 3.214260 8.780000 -1.311094
vn 0.000000 1.000000 0.000000
f 1510//504 1511//504 1512//504
v 3.889087 8.620000 -1.610913
v 4.363443 8.620000 -2.151812
v 4.363443 8.780000 -2.151812
vn 0.751840 0.000000 0.659346
f 1513//505 1514//505 1515//505
v 3.889087 8.620000 -1.610913
v 4.363443 8.780000 -2.151812
v 3.889087 8.780000 -1.610913
vn 0.751840 -0.000000 0.659346
f 1516//506 1517//506 1518//506
v 3.733524 8.620000 -1.766476
v 3.733524 8.780000 -1.766476
v 4.188906 8.780000 -2.285740
vn -0.751840 0.000000 -0.659346
f 1519//507 1520//507 1521//507
v 3.733524 8.620000 -1.766476
v 4.188906 8.780000 -2.285740
v 4.188906 8.620000 -2.285740
vn -0.751840 0.000000 -0.659346
f 1522//508 1523//508 1524//508
v 4.363443 8.620000 -2.151812
v 3.889087 8.620000 -1.610913
v 3.733524 8.620000 -1.766476
vn 0.000000 -1.000000 0.000000
f 1525//509 1526//509 1527//509
v 4.363443 8.620000 -2.151812
v 3.733524 8.620000 -1.766476
v 4.188906 8.620000 -2.285740
vn -0.000000 -1.000000 0.000000
f 1528//510 1529//510 1530//510
v 3.889087 8.780000 -1.610913
v 4.363443 8.780000 -2.151812
v 4.188906 8.780000 -2.285740
vn 0.000000 1.000000 0.000000
f 1531//511 1532//511 1533//511
v 3.889087 8.780000 -1.610913
v 4.188906 8.780000 -2.285740
v 3.733524 8.780000 -1.766476
vn 0.000000 1.000000 0.000000
f 1534//512 1535//512 1536//512
v 4.363443 8.620000 -2.151812
v 4.763140 8.620000 -2.750000
v 4.763140 8.780000 -2.750000
vn 0.831470 0.000000 0.555570
f 1537//513 1538//513 1539//513
v 4.363443 8.620000 -2.151812
v 4.763140 8.780000 -2.750000
v 4.363443 8.780000 -2.151812
vn 0.831470 -0.000000 0.555570
f 1540//514 1541//514 1542//514
v 4.188906 8.620000 -2.285740
v 4.188906 8.780000 -2.285740
v 4.572614 8.780000 -2.860000
vn -0.831470 0.000000 -0.555570
f 1543//515 1544//515 1545//515
v 4.188906 8.620000 -2.285740
v 4.572614 8.780000 -2.860000
v 4.572614 8.620000 -2.860000
vn -0.831470 0.000000 -0.555570
f 1546//516 1547//516 1548//516
v 4.763140 8.620000 -2.750000
v 4.363443 8.620000 -2.151812
v 4.188906 8.620000 -2.285740
vn 0.000000 -1.000000 0.000000
f 1549//517 1550//517 1551//517
v 4.763140 8.620000 -2.750000
v 4.188906 8.620000 -2.285740
v 4.572614 8.620000 -2.860000
vn -0.000000 -1.000000 0.000000
f 1552//518 1553//518 1554//518
v 4.363443 8.780000 -2.151812
v 4.763140 8.780000 -2.750000
v 4.572614 8.780000 -2.860000
vn 0.000000 1.000000 0.000000
f 1555//519 1556//519 1557//519
v 4.363443 8.780000 -2.151812
v 4.572614 8.780000 -2.860000
v 4.188906 8.780000 -2.285740
vn 0.000000 1.000000 0.000000
f 1558//520 1559//520 1560//520
v 4.763140 8.620000 -2.750000
v 5.081337 8.620000 -3.395241
v 5.081337 8.780000 -3.395241
vn 0.896873 0.000000 0.442289
f 1561//521 1562//521 1563//521
v 4.763140 8.620000 -2.750000
v 5.081337 8.780000 -3.395241
v 4.763140 8.780000 -2.750000
vn 0.896873 -0.000000 0.442289
f 1564//522 1565//522 1566//522
v 4.572614 8.620000 -2.860000
v 4.572614 8.780000 -2.860000
v 4.878084 8.780000 -3.479431
vn -0.896873 0.000000 -0.442289
f 1567//523 1568//523 1569//523
v 4.572614 8.620000 -2.860000
v 4.878084 8.780000 -3.479431
v 4.878084 8.620000 -3.479431
vn -0.896873 0.000000 -0.442289
f 1570//524 1571//524 1572//524
v 5.081337 8.620000 -3.395241
v 4.763140 8.620000 -2.750000
v 4.572614 8.620000 -2.860000
vn 0.000000 -1.000000 0.000000
f 1573//525 1574//525 1575//525
v 5.081337 8.620000 -3.395241
v 4.572614 8.620000 -2.860000
v 4.878084 8.620000 -3.479431
vn -0.000000 -1.000000 0.000000
f 1576//526 1577//526 1578//526
v 4.763140 8.780000 -2.750000
v 5.081337 8.780000 -3.395241
v 4.878084 8.780000 -3.479431
vn 0.000000 1.000000 0.000000
f 1579//527 1580//527 1581//527
v 4.763140 8.780000 -2.750000
v 4.878084 8.780000 -3.479431
v 4.572614 8.780000 -2.860000
vn 0.000000 1.000000 0.000000
f 1582//528 1583//528 1584//528
v 5.081337 8.620000 -3.395241
v 5.312592 8.620000 -4.076495
v 5.312592 8.780000 -4.076495
vn 0.946930 0.000000 0.321439
f 1585//529 1586//529 1587//529
v 5.081337 8.620000 -3.395241
v 5.312592 8.780000 -4.076495
v 5.081337 8.780000 -3.395241
vn 0.946930 -0.000000 0.321439
f 1588//530 1589//530 1590//530
v 4.878084 8.620000 -3.479431
v 4.878084 8.780000 -3.479431
v 5.100088 8.780000 -4.133435
vn -0.946930 0.000000 -0.321439
f 1591//531 1592//531 1593//531
v 4.878084 8.620000 -3.479431
v 5.100088 8.780000 -4.133435
v 5.100088 8.620000 -4.133435
vn -0.946930 0.000000 -0.321439
f 1594//532 1595//532 1596//532
v 5.312592 8.620000 -4.076495
v 5.081337 8.620000 -3.395241
v 4.878084 8.620000 -3.479431
vn 0.000000 -1.000000 0.000000
f 1597//533 1598//533 1599//533
v 5.312592 8.620000 -4.076495
v 4.878084 8.620000 -3.479431
v 5.100088 8.620000 -4.133435
vn -0.000000 -1.000000 0.000000
f 1600//534 1601//534 1602//534
v 5.081337 8.780000 -3.395241
v 5.312592 8.780000 -4.076495
v 5.100088 8.780000 -4.133435
vn 0.000000 1.000000 0.000000
f 1603//535 1604//535 1605//535
v 5.081337 8.780000 -3.395241
v 5.100088 8.780000 -4.133435
v 4.878084 8.780000 -3.479431
vn 0.000000 1.000000 0.000000
f 1606//536 1607//536 1608//536
v 5.312592 8.620000 -4.076495
v 5.452947 8.620000 -4.782106
v 5.452947 8.780000 -4.782106
vn 0.980785 0.000000 0.195090
f 1609//537 1610//537 1611//537
v 5.312592 8.620000 -4.076495
v 5.452947 8.780000 -4.782106
v 5.312592 8.780000 -4.076495
vn 0.980785 -0.000000 0.195090
f 1612//538 1613//538 1614//538
v 5.100088 8.620000 -4.133435
v 5.100088 8.780000 -4.133435
v 5.234829 8.780000 -4.810822
vn -0.980785 0.000000 -0.195090
f 1615//539 1616//539 1617//539
v 5.100088 8.620000 -4.133435
v 5.234829 8.780000 -4.810822
v 5.234829 8.620000 -4.810822
vn -0.980785 0.000000 -0.195090
f 1618//540 1619//540 1620//540
v 5.452947 8.620000 -4.782106
v 5.312592 8.620000 -4.076495
v 5.100088 8.620000 -4.133435
vn 0.000000 -1.000000 0.000000
f 1621//541 1622//541 1623//541
v 5.452947 8.620000 -4.782106
v 5.100088 8.620000 -4.133435
v 5.234829 8.620000 -4.810822
vn -0.000000 -1.000000 0.000000
f 1624//542 1625//542 1626//542
v 5.312592 8.780000 -4.076495
v 5.452947 8.780000 -4.782106
v 5.234829 8.780000 -4.810822
vn 0.000000 1.000000 0.000000
f 1627//543 1628//543 1629//543
v 5.312592 8.780000 -4.076495
v 5.234829 8.780000 -4.810822
v 5.100088 8.780000 -4.133435
vn 0.000000 1.000000 0.000000
f 1630//544 1631//544 1632//544
v 5.452947 8.620000 -4.782106
v 5.500000 8.620000 -5.500000
v 5.500000 8.780000 -5.500000
vn 0.997859 0.000000 0.065403
f 1633//545 1634//545 1635//545
v 5.452947 8.620000 -4.782106
v 5.500000 8.780000 -5.500000
v 5.452947 8.780000 -4.782106
vn 0.997859 -0.000000 0.065403
f 1636//546 1637//546 1638//546
v 5.234829 8.620000 -4.810822
v 5.234829 8.780000 -4.810822
v 5.280000 8.780000 -5.500000
vn -0.997859 0.000000 -0.065403
f 1639//547 1640//547 1641//547
v 5.234829 8.620000 -4.810822
v 5.280000 8.780000 -5.500000
v 5.280000 8.620000 -5.500000
vn -0.997859 0.000000 -0.065403
f 1642//548 1643//548 1644//548
v 5.500000 8.620000 -5.500000
v 5.452947 8.620000 -4.782106
v 5.234829 8.620000 -4.810822
vn 0.000000 -1.000000 0.000000
f 1645//549 1646//549 1647//549
v 5.500000 8.620000 -5.500000
v 5.234829 8.620000 -4.810822
v 5.280000 8.620000 -5.500000
vn 0.000000 -1.000000 0.000000
f 1648//550 1649//550 1650//550
v 5.452947 8.780000 -4.782106
v 5.500000 8.780000 -5.500000
v 5.280000 8.780000 -5.500000
vn 0.000000 1.000000 0.000000
f 1651//551 1652//551 1653//551
v 5.452947 8.780000 -4.782106
v 5.280000 8.780000 -5.500000
v 5.234829 8.780000 -4.810822
vn 0.000000 1.000000 0.000000
f 1654//552 1655//552 1656//552
v 5.500000 8.620000 -5.500000
v 5.452947 8.620000 -6.217894
v 5.452947 8.780000 -6.217894
vn 0.997859 0.000000 -0.065403
f 1657//553 1658//553 1659//553
v 5.500000 8.620000 -5.500000
v 5.452947 8.780000 -6.217894
v 5.500000 8.780000 -5.500000
vn 0.997859 0.000000 -0.065403
f 1660//554 1661//554 1662//554
v 5.280000 8.620000 -5.500000
v 5.280000 8.780000 -5.500000
v 5.234829 8.780000 -6.189178
vn -0.997859 0.000000 0.065403
f 1663//555 1664//555 1665//555
v 5.280000 8.620000 -5.500000
v 5.234829 8.780000 -6.189178
v 5.234829 8.620000 -6.189178
vn -0.997859 0.000000 0.065403
f 1666//556 1667//556 1668//556
v 5.452947 8.620000 -6.217894
v 5.500000 8.620000 -5.500000
v 5.280000 8.620000 -5.500000
vn 0.000000 -1.000000 0.000000
f 1669//557 1670//557 1671//557
v 5.452947 8.620000 -6.217894
v 5.280000 8.620000 -5.500000
v 5.234829 8.620000 -6.189178
vn 0.000000 -1.000000 0.000000
f 1672//558 1673//558 1674//558
v 5.500000 8.780000 -5.500000
v 5.452947 8.780000 -6.217894
v 5.234829 8.780000 -6.189178
vn 0.000000 1.000000 0.000000
f 1675//559 1676//559 1677//559
v 5.500000 8.780000 -5.500000
v 5.234829 8.780000 -6.189178
v 5.280000 8.780000 -5.500000
vn 0.000000 1.000000 0.000000
f 1678//560 1679//560 1680//560
v 5.452947 8.620000 -6.217894
v 5.312592 8.620000 -6.923505
v 5.312592 8.780000 -6.923505
vn 0.980785 0.000000 -0.195090
f 1681//561 1682//561 1683//561
v 5.452947 8.620000 -6.217894
v 5.312592 8.780000 -6.923505
v 5.452947 8.780000 -6.217894
vn 0.980785 0.000000 -0.195090
f 1684//562 1685//562 1686//562
v 5.234829 8.620000 -6.189178
v 5.234829 8.780000 -6.189178
v 5.100088 8.780000 -6.866565
vn -0.980785 0.000000 0.195090
f 1687//563 1688//563 1689//563
v 5.234829 8.620000 -6.189178
v 5.100088 8.780000 -6.866565
v 5.100088 8.620000 -6.866565
vn -0.980785 0.000000 0.195090
f 1690//564 1691//564 1692//564
v 5.312592 8.620000 -6.923505
v 5.452947 8.620000 -6.217894
v 5.234829 8.620000 -6.189178
vn 0.000000 -1.000000 0.000000
f 1693//565 1694//565 1695//565
v 5.312592 8.620000 -6.923505
v 5.234829 8.620000 -6.189178
v 5.100088 8.620000 -6.866565
vn 0.000000 -1.000000 0.000000
f 1696//566 1697//566 1698//566
v 5.452947 8.780000 -6.217894
v 5.312592 8.780000 -6.923505
v 5.100088 8.780000 -6.866565
vn 0.000000 1.000000 0.000000
f 1699//567 1700//567 1701//567
v 5.452947 8.780000 -6.217894
v 5.100088 8.780000 -6.866565
v 5.234829 8.780000 -6.189178
vn 0.000000 1.000000 0.000000
f 1702//568 1703//568 1704//568
v 5.312592 8.620000 -6.923505
v 5.081337 8.620000 -7.604759
v 5.081337 8.780000 -7.604759
vn 0.946930 0.000000 -0.321439
f 1705//569 1706//569 1707//569
v 5.312592 8.620000 -6.923505
v 5.081337 8.780000 -7.604759
v 5.312592 8.780000 -6.923505
vn 0.946930 0.000000 -0.321439
f 1708//570 1709//570 1710//570
v 5.100088 8.620000 -6.866565
v 5.100088 8.780000 -6.866565
v 4.878084 8.780000 -7.520569
vn -0.946930 0.000000 0.321439
f 1711//571 1712//571 1713//571
v 5.100088 8.620000 -6.866565
v 4.878084 8.780000 -7.520569
v 4.878084 8.620000 -7.520569
vn -0.946930 0.000000 0.321439
f 1714//572 1715//572 1716//572
v 5.081337 8.620000 -7.604759
v 5.312592 8.620000 -6.923505
v 5.100088 8.620000 -6.866565
vn 0.000000 -1.000000 0.000000
f 1717//573 1718//573 1719//573
v 5.081337 8.620000 -7.604759
v 5.100088 8.620000 -6.866565
v 4.878084 8.620000 -7.520569
vn 0.000000 -1.000000 0.000000
f 1720//574 1721//574 1722//574
v 5.312592 8.780000 -6.923505
v 5.081337 8.780000 -7.604759
v 4.878084 8.780000 -7.520569
vn 0.000000 1.000000 0.000000
f 1723//575 1724//575 1725//575
v 5.312592 8.780000 -6.923505
v 4.878084 8.780000 -7.520569
v 5.100088 8.780000 -6.866565
vn 0.000000 1.000000 0.000000
f 1726//576 1727//576 1728//576
v 5.081337 8.620000 -7.604759
v 4.763140 8.620000 -8.250000
v 4.763140 8.780000 -8.250000
vn 0.896873 0.000000 -0.442289
f 1729//577 1730//577 1731//577
v 5.081337 8.620000 -7.604759
v 4.763140 8.780000 -8.250000
v 5.081337 8.780000 -7.604759
vn 0.896873 0.000000 -0.442289
f 1732//578 1733//578 1734//578
v 4.878084 8.620000 -7.520569
v 4.878084 8.780000 -7.520569
v 4.572614 8.780000 -8.140000
vn -0.896873 0.000000 0.442289
f 1735//579 1736//579 1737//579
v 4.878084 8.620000 -7.520569
v 4.572614 8.780000 -8.140000
v 4.572614 8.620000 -8.140000
vn -0.896873 0.000000 0.442289
f 1738//580 1739//580 1740//580
v 4.763140 8.620000 -8.250000
v 5.081337 8.620000 -7.604759
v 4.878084 8.620000 -7.520569
vn 0.000000 -1.000000 0.000000
f 1741//581 1742//581 1743//581
v 4.763140 8.620000 -8.250000
v 4.878084 8.620000 -7.520569
v 4.572614 8.620000 -8.140000
vn 0.000000 -1.000000 0.000000
f 1744//582 1745//582 1746//582
v 5.081337 8.780000 -7.604759
v 4.763140 8.780000 -8.250000
v 4.572614 8.780000 -8.140000
vn 0.000000 1.000000 0.000000
f 1747//583 1748//583 1749//583
v 5.081337 8.780000 -7.604759
v 4.572614 8.780000 -8.140000
v 4.878084 8.780000 -7.520569
vn 0.000000 1.000000 0.000000
f 1750//584 1751//584 1752//584
v 4.763140 8.620000 -8.250000
v 4.363443 8.620000 -8.848188
v 4.363443 8.780000 -8.848188
vn 0.831470 0.000000 -0.555570
f 1753//585 1754//585 1755//585
v 4.763140 8.620000 -8.250000
v 4.363443 8.780000 -8.848188
v 4.763140 8.780000 -8.250000
vn 0.831470 0.000000 -0.555570
f 1756//586 1757//586 1758//586
v 4.572614 8.620000 -8.140000
v 4.572614 8.780000 -8.140000
v 4.188906 8.780000 -8.714260
vn -0.831470 0.000000 0.555570
f 1759//587 1760//587 1761//587
v 4.572614 8.620000 -8.140000
v 4.188906 8.780000 -8.714260
v 4.188906 8.620000 -8.714260
vn -0.831470 0.000000 0.555570
f 1762//588 1763//588 1764//588
v 4.363443 8.620000 -8.848188
v 4.763140 8.620000 -8.250000
v 4.572614 8.620000 -8.140000
vn 0.000000 -1.000000 0.000000
f 1765//589 1766//589 1767//589
v 4.363443 8.620000 -8.848188
v 4.572614 8.620000 -8.140000
v 4.188906 8.620000 -8.714260
vn 0.000000 -1.000000 0.000000
f 1768//590 1769//590 1770//590
v 4.763140 8.780000 -8.250000
v 4.363443 8.780000 -8.848188
v 4.188906 8.780000 -8.714260
vn 0.000000 1.000000 0.000000
f 1771//591 1772//591 1773//591
v 4.763140 8.780000 -8.250000
v 4.188906 8.780000 -8.714260
v 4.572614 8.780000 -8.140000
vn 0.000000 1.000000 0.000000
f 1774//592 1775//592 1776//592
v 4.363443 8.620000 -8.848188
v 3.889087 8.620000 -9.389087
v 3.889087 8.780000 -9.389087
vn 0.751840 0.000000 -0.659346
f 1777//593 1778//593 1779//593
v 4.363443 8.620000 -8.848188
v 3.889087 8.780000 -9.389087
v 4.363443 8.780000 -8.848188
vn 0.751840 0.000000 -0.659346
f 1780//594 1781//594 1782//594
v 4.188906 8.620000 -8.714260
v 4.188906 8.780000 -8.714260
v 3.733524 8.780000 -9.233524
vn -0.751840 0.000000 0.659346
f 1783//595 1784//595 1785//595
v 4.188906 8.620000 -8.714260
v 3.733524 8.780000 -9.233524
v 3.733524 8.620000 -9.233524
vn -0.751840 0.000000 0.659346
f 1786//596 1787//596 1788//596
v 3.889087 8.620000 -9.389087
v 4.363443 8.620000 -8.848188
v 4.188906 8.620000 -8.714260
vn 0.000000 -1.000000 0.000000
f 1789//597 1790//597 1791//597
v 3.889087 8.620000 -9.389087
v 4.188906 8.620000 -8.714260
v 3.733524 8.620000 -9.233524
vn 0.000000 -1.000000 0.000000
f 1792//598 1793//598 1794//598
v 4.363443 8.780000 -8.848188
v 3.889087 8.780000 -9.389087
v 3.733524 8.780000 -9.233524
vn 0.000000 1.000000 0.000000
f 1795//599 1796//599 1797//599
v 4.363443 8.780000 -8.848188
v 3.733524 8.780000 -9.233524
v 4.188906 8.780000 -8.714260
vn 0.000000 1.000000 0.000000
f 1798//600 1799//600 1800//600
v 3.889087 8.620000 -9.389087
v 3.348188 8.620000 -9.863443
v 3.348188 8.780000 -9.863443
vn 0.659346 0.000000 -0.751840
f 1801//601 1802//601 1803//601
v 3.889087 8.620000 -9.389087
v 3.348188 8.780000 -9.863443
v 3.889087 8.780000 -9.389087
vn 0.659346 0.000000 -0.751840
f 1804//602 1805//602 1806//602
v 3.733524 8.620000 -9.233524
v 3.733524 8.780000 -9.233524
v 3.214260 8.780000 -9.688906
vn -0.659346 0.000000 0.751840
f 1807//603 1808//603 1809//603
v 3.733524 8.620000 -9.233524
v 3.214260 8.780000 -9.688906
v 3.214260 8.620000 -9.688906
vn -0.659346 0.000000 0.751840
f 1810//604 1811//604 1812//604
v 3.348188 8.620000 -9.863443
v 3.889087 8.620000 -9.389087
v 3.733524 8.620000 -9.233524
vn 0.000000 -1.000000 0.000000
f 1813//605 1814//605 1815//605
v 3.348188 8.620000 -9.863443
v 3.733524 8.620000 -9.233524
v 3.214260 8.620000 -9.688906
vn 0.000000 -1.000000 0.000000
f 1816//606 1817//606 1818//606
v 3.889087 8.780000 -9.389087
v 3.348188 8.780000 -9.863443
v 3.214260 8.780000 -9.688906
vn 0.000000 1.000000 0.000000
f 1819//607 1820//607 1821//607
v 3.889087 8.780000 -9.389087
v 3.214260 8.780000 -9.688906
v 3.733524 8.780000 -9.233524
vn 0.000000 1.000000 0.000000
f 1822//608 1823//608 1824//608
v 3.348188 8.620000 -9.863443
v 2.750000 8.620000 -10.263140
v 2.750000 8.780000 -10.263140
vn 0.555570 0.000000 -0.831470
f 1825//609 1826//609 1827//609
v 3.348188 8.620000 -9.863443
v 2.750000 8.780000 -10.263140
v 3.348188 8.780000 -9.863443
vn 0.555570 0.000000 -0.831470
f 1828//610 1829//610 1830//610
v 3.214260 8.620000 -9.688906
v 3.214260 8.780000 -9.688906
v 2.640000 8.780000 -10.072614
vn -0.555570 0.000000 0.831470
f 1831//611 1832//611 1833//611
v 3.214260 8.620000 -9.688906
v 2.640000 8.780000 -10.072614
v 2.640000 8.620000 -10.072614
vn -0.555570 0.000000 0.831470
f 1834//612 1835//612 1836//612
v 2.750000 8.620000 -10.263140
v 3.348188 8.620000 -9.863443
v 3.214260 8.620000 -9.688906
vn 0.000000 -1.000000 0.000000
f 1837//613 1838//613 1839//613
v 2.750000 8.620000 -10.263140
v 3.214260 8.620000 -9.688906
v 2.640000 8.620000 -10.072614
vn 0.000000 -1.000000 0.000000
f 1840//614 1841//614 1842//614
v 3.348188 8.780000 -9.863443
v 2.750000 8.780000 -10.263140
v 2.640000 8.780000 -10.072614
vn 0.000000 1.000000 0.000000
f 1843//615 1844//615 1845//615
v 3.348188 8.780000 -9.863443
v 2.640000 8.780000 -10.072614
v 3.214260 8.780000 -9.688906
vn 0.000000 1.000000 0.000000
f 1846//616 1847//616 1848//616
v 2.750000 8.620000 -10.263140
v 2.104759 8.620000 -10.581337
v 2.104759 8.780000 -10.581337
vn 0.442289 0.000000 -0.896873
f 1849//617 1850//617 1851//617
v 2.750000 8.620000 -10.263140
v 2.104759 8.780000 -10.581337
v 2.750000 8.780000 -10.263140
vn 0.442289 0.000000 -0.896873
f 1852//618 1853//618 1854//618
v 2.640000 8.620000 -10.072614
v 2.640000 8.780000 -10.072614
v 2.020569 8.780000 -10.378084
vn -0.442289 0.000000 0.896873
f 1855//619 1856//619 1857//619
v 2.640000 8.620000 -10.072614
v 2.020569 8.780000 -10.378084
v 2.020569 8.620000 -10.378084
vn -0.442289 0.000000 0.896873
f 1858//620 1859//620 1860//620
v 2.104759 8.620000 -10.581337
v 2.750000 8.620000 -10.263140
v 2.640000 8.620000 -10.072614
vn 0.000000 -1.000000 0.000000
f 1861//621 1862//621 1863//621
v 2.104759 8.620000 -10.581337
v 2.640000 8.620000 -10.072614
v 2.020569 8.620000 -10.378084
vn 0.000000 -1.000000 0.000000
f 1864//622 1865//622 1866//622
v 2.750000 8.780000 -10.263140
v 2.104759 8.780000 -10.581337
v 2.020569 8.780000 -10.378084
vn 0.000000 1.000000 0.000000
f 1867//623 1868//623 1869//623
v 2.750000 8.780000 -10.263140
v 2.020569 8.780000 -10.378084
v 2.640000 8.780000 -10.072614
vn 0.000000 1.000000 0.000000
f 1870//624 1871//624 1872//624
v 2.104759 8.620000 -10.581337
v 1.423505 8.620000 -10.812592
v 1.423505 8.780000 -10.812592
vn 0.321439 0.000000 -0.946930
f 1873//625 1874//625 1875//625
v 2.104759 8.620000 -10.581337
v 1.423505 8.780000 -10.812592
v 2.104759 8.780000 -10.581337
vn 0.321439 0.000000 -0.946930
f 1876//626 1877//626 1878//626
v 2.020569 8.620000 -10.378084
v 2.020569 8.780000 -10.378084
v 1.366565 8.780000 -10.600088
vn -0.321439 0.000000 0.946930
f 1879//627 1880//627 1881//627
v 2.020569 8.620000 -10.378084
v 1.366565 8.780000 -10.600088
v 1.366565 8.620000 -10.600088
vn -0.321439 0.000000 0.946930
f 1882//628 1883//628 1884//628
v 1.423505 8.620000 -10.812592
v 2.104759 8.620000 -10.581337
v 2.020569 8.620000 -10.378084
vn 0.000000 -1.000000 0.000000
f 1885//629 1886//629 1887//629
v 1.423505 8.620000 -10.812592
v 2.020569 8.620000 -10.378084
v 1.366565 8.620000 -10.600088
vn 0.000000 -1.000000 0.000000
f 1888//630 1889//630 1890//630
v 2.104759 8.780000 -10.581337
v 1.423505 8.780000 -10.812592
v 1.366565 8.780000 -10.600088
vn 0.000000 1.000000 0.000000
f 1891//631 1892//631 1893//631
v 2.104759 8.780000 -10.581337
v 1.366565 8.780000 -10.600088
v 2.020569 8.780000 -10.378084
vn 0.000000 1.000000 0.000000
f 1894//632 1895//632 1896//632
v 1.423505 8.620000 -10.812592
v 0.717894 8.620000 -10.952947
v 0.717894 8.780000 -10.952947
vn 0.195090 0.000000 -0.980785
f 1897//633 1898//633 1899//633
v 1.423505 8.620000 -10.812592
v 0.717894 8.780000 -10.952947
v 1.423505 8.780000 -10.812592
vn 0.195090 0.000000 -0.980785
f 1900//634 1901//634 1902//634
v 1.366565 8.620000 -10.600088
v 1.366565 8.780000 -10.600088
v 0.689178 8.780000 -10.734829
vn -0.195090 0.000000 0.980785
f 1903//635 1904//635 1905//635
v 1.366565 8.620000 -10.600088
v 0.689178 8.780000 -10.734829
v 0.689178 8.620000 -10.734829
vn -0.195090 0.000000 0.980785
f 1906//636 1907//636 1908//636
v 0.717894 8.620000 -10.952947
v 1.423505 8.620000 -10.812592
v 1.366565 8.620000 -10.600088
vn 0.000000 -1.000000 0.000000
f 1909//637 1910//637 1911//637
v 0.717894 8.620000 -10.952947
v 1.366565 8.620000 -10.600088
v 0.689178 8.620000 -10.734829
vn 0.000000 -1.000000 0.000000
f 1912//638 1913//638 1914//638
v 1.423505 8.780000 -10.812592
v 0.717894 8.780000 -10.952947
v 0.689178 8.780000 -10.734829
vn 0.000000 1.000000 0.000000
f 1915//639 1916//639 1917//639
v 1.423505 8.780000 -10.812592
v 0.689178 8.780000 -10.734829
v 1.366565 8.780000 -10.600088
vn 0.000000 1.000000 0.000000
f 1918//640 1919//640 1920//640
v 0.717894 8.620000 -10.952947
v 0.000000 8.620000 -11.000000
v 0.000000 8.780000 -11.000000
vn 0.065403 0.000000 -0.997859
f 1921//641 1922//641 1923//641
v 0.717894 8.620000 -10.952947
v 0.000000 8.780000 -11.000000
v 0.717894 8.780000 -10.952947
vn 0.065403 0.000000 -0.997859
f 1924//642 1925//642 1926//642
v 0.689178 8.620000 -10.734829
v 0.689178 8.780000 -10.734829
v 0.000000 8.780000 -10.780000
vn -0.065403 0.000000 0.997859
f 1927//643 1928//643 1929//643
v 0.689178 8.620000 -10.734829
v 0.000000 8.780000 -10.780000
v 0.000000 8.620000 -10.780000
vn -0.065403 0.000000 0.997859
f 1930//644 1931//644 1932//644
v 0.000000 8.620000 -11.000000
v 0.717894 8.620000 -10.952947
v 0.689178 8.620000 -10.734829
vn 0.000000 -1.000000 0.000000
f 1933//645 1934//645 1935//645
v 0.000000 8.620000 -11.000000
v 0.689178 8.620000 -10.734829
v 0.000000 8.620000 -10.780000
vn 0.000000 -1.000000 0.000000
f 1936//646 1937//646 1938//646
v 0.717894 8.780000 -10.952947
v 0.000000 8.780000 -11.000000
v 0.000000 8.780000 -10.780000
vn 0.000000 1.000000 0.000000
f 1939//647 1940//647 1941//647
v 0.717894 8.780000 -10.952947
v 0.000000 8.780000 -10.780000
v 0.689178 8.780000 -10.734829
vn 0.000000 1.000000 0.000000
f 1942//648 1943//648 1944//648
v 0.000000 9.020000 -11.000000
v -0.717894 9.020000 -10.952947
v -0.717894 9.180000 -10.952947
vn -0.065403 0.000000 -0.997859
f 1945//649 1946//649 1947//649
v 0.000000 9.020000 -11.000000
v -0.717894 9.180000 -10.952947
v 0.000000 9.180000 -11.000000
vn -0.065403 0.000000 -0.997859
f 1948//650 1949//650 1950//650
v 0.000000 9.020000 -10.780000
v 0.000000 9.180000 -10.780000
v -0.689178 9.180000 -10.734829
vn 0.065403 -0.000000 0.997859
f 1951//651 1952//651 1953//651
v 0.000000 9.020000 -10.780000
v -0.689178 9.180000 -10.734829
v -0.689178 9.020000 -10.734829
vn 0.065403 0.000000 0.997859
f 1954//652 1955//652 1956//652
v -0.717894 9.020000 -10.952947
v 0.000000 9.020000 -11.000000
v 0.000000 9.020000 -10.780000
vn 0.000000 -1.000000 0.000000
f 1957//653 1958//653 1959//653
v -0.717894 9.020000 -10.952947
v 0.000000 9.020000 -10.780000
v -0.689178 9.020000 -10.734829
vn 0.000000 -1.000000 0.000000
f 1960//654 1961//654 1962//654
v 0.000000 9.180000 -11.000000
v -0.717894 9.180000 -10.952947
v -0.689178 9.180000 -10.734829
vn 0.000000 1.000000 0.000000
f 1963//655 1964//655 1965//655
v 0.000000 9.180000 -11.000000
v -0.689178 9.180000 -10.734829
v 0.000000 9.180000 -10.780000
vn 0.000000 1.000000 -0.000000
f 1966//656 1967//656 1968//656
v -0.717894 9.020000 -10.952947
v -1.423505 9.020000 -10.812592
v -1.423505 9.180000 -10.812592
vn -0.195090 0.000000 -0.980785
f 1969//657 1970//657 1971//657
v -0.717894 9.020000 -10.952947
v -1.423505 9.180000 -10.812592
v -0.717894 9.180000 -10.952947
vn -0.195090 0.000000 -0.980785
f 1972//658 1973//658 1974//658
v -0.689178 9.020000 -10.734829
v -0.689178 9.180000 -10.734829
v -1.366565 9.180000 -10.600088
vn 0.195090 -0.000000 0.980785
f 1975//659 1976//659 1977//659
v -0.689178 9.020000 -10.734829
v -1.366565 9.180000 -10.600088
v -1.366565 9.020000 -10.600088
vn 0.195090 0.000000 0.980785
f 1978//660 1979//660 1980//660
v -1.423505 9.020000 -10.812592
v -0.717894 9.020000 -10.952947
v -0.689178 9.020000 -10.734829
vn 0.000000 -1.000000 0.000000
f 1981//661 1982//661 1983//661
v -1.423505 9.020000 -10.812592
v -0.689178 9.020000 -10.734829
v -1.366565 9.020000 -10.600088
vn 0.000000 -1.000000 0.000000
f 1984//662 1985//662 1986//662
v -0.717894 9.180000 -10.952947
v -1.423505 9.180000 -10.812592
v -1.366565 9.180000 -10.600088
vn 0.000000 1.000000 0.000000
f 1987//663 1988//663 1989//663
v -0.717894 9.180000 -10.952947
v -1.366565 9.180000 -10.600088
v -0.689178 9.180000 -10.734829
vn 0.000000 1.000000 -0.000000
f 1990//664 1991//664 1992//664
v -1.423505 9.020000 -10.812592
v -2.104759 9.020000 -10.581337
v -2.104759 9.180000 -10.581337
vn -0.321439 0.000000 -0.946930
f 1993//665 1994//665 1995//665
v -1.423505 9.020000 -10.812592
v -2.104759 9.180000 -10.581337
v -1.423505 9.180000 -10.812592
vn -0.321439 0.000000 -0.946930
f 1996//666 1997//666 1998//666
v -1.366565 9.020000 -10.600088
v -1.366565 9.180000 -10.600088
v -2.020569 9.180000 -10.378084
vn 0.321439 -0.000000 0.946930
f 1999//667 2000//667 2001//667
v -1.366565 9.020000 -10.600088
v -2.020569 9.180000 -10.378084
v -2.020569 9.020000 -10.378084
vn 0.321439 0.000000 0.946930
f 2002//668 2003//668 2004//668
v -2.104759 9.020000 -10.581337
v -1.423505 9.020000 -10.812592
v -1.366565 9.020000 -10.600088
vn 0.000000 -1.000000 0.000000
f 2005//669 2006//669 2007//669
v -2.104759 9.020000 -10.581337
v -1.366565 9.020000 -10.600088
v -2.020569 9.020000 -10.378084
vn 0.000000 -1.000000 0.000000
f 2008//670 2009//670 2010//670
v -1.423505 9.180000 -10.812592
v -2.104759 9.180000 -10.581337
v -2.020569 9.180000 -10.378084
vn 0.000000 1.000000 0.000000
f 2011//671 2012//671 2013//671
v -1.423505 9.180000 -10.812592
v -2.020569 9.180000 -10.378084
v -1.366565 9.180000 -10.600088
vn 0.000000 1.000000 -0.000000
f 2014//672 2015//672 2016//672
v -2.104759 9.020000 -10.581337
v -2.750000 9.020000 -10.263140
v -2.750000 9.180000 -10.263140
vn -0.442289 0.000000 -0.896873
f 2017//673 2018//673 2019//673
v -2.104759 9.020000 -10.581337
v -2.750000 9.180000 -10.263140
v -2.104759 9.180000 -10.581337
vn -0.442289 0.000000 -0.896873
f 2020//674 2021//674 2022//674
v -2.020569 9.020000 -10.378084
v -2.020569 9.180000 -10.378084
v -2.640000 9.180000 -10.072614
vn 0.442289 -0.000000 0.896873
f 2023//675 2024//675 2025//675
v -2.020569 9.020000 -10.378084
v -2.640000 9.180000 -10.072614
v -2.640000 9.020000 -10.072614
vn 0.442289 0.000000 0.896873
f 2026//676 2027//676 2028//676
v -2.750000 9.020000 -10.263140
v -2.104759 9.020000 -10.581337
v -2.020569 9.020000 -10.378084
vn 0.000000 -1.000000 0.000000
f 2029//677 2030//677 2031//677
v -2.750000 9.020000 -10.263140
v -2.020569 9.020000 -10.378084
v -2.640000 9.020000 -10.072614
vn 0.000000 -1.000000 0.000000
f 2032//678 2033//678 2034//678
v -2.104759 9.180000 -10.581337
v -2.750000 9.180000 -10.263140
v -2.640000 9.180000 -10.072614
vn 0.000000 1.000000 0.000000
f 2035//679 2036//679 2037//679
v -2.104759 9.180000 -10.581337
v -2.640000 9.180000 -10.072614
v -2.020569 9.180000 -10.378084
vn 0.000000 1.000000 -0.000000
f 2038//680 2039//680 2040//680
v -2.750000 9.020000 -10.263140
v -3.348188 9.020000 -9.863443
v -3.348188 9.180000 -9.863443
vn -0.555570 0.000000 -0.831470
f 2041//681 2042//681 2043//681
v -2.750000 9.020000 -10.263140
v -3.348188 9.180000 -9.863443
v -2.750000 9.180000 -10.263140
vn -0.555570 0.000000 -0.831470
f 2044//682 2045//682 2046//682
v -2.640000 9.020000 -10.072614
v -2.640000 9.180000 -10.072614
v -3.214260 9.180000 -9.688906
vn 0.555570 -0.000000 0.831470
f 2047//683 2048//683 2049//683
v -2.640000 9.020000 -10.072614
v -3.214260 9.180000 -9.688906
v -3.214260 9.020000 -9.688906
vn 0.555570 0.000000 0.831470
f 2050//684 2051//684 2052//684
v -3.348188 9.020000 -9.863443
v -2.750000 9.020000 -10.263140
v -2.640000 9.020000 -10.072614
vn 0.000000 -1.000000 0.000000
f 2053//685 2054//685 2055//685
v -3.348188 9.020000 -9.863443
v -2.640000 9.020000 -10.072614
v -3.214260 9.020000 -9.688906
vn 0.000000 -1.000000 0.000000
f 2056//686 2057//686 2058//686
v -2.750000 9.180000 -10.263140
v -3.348188 9.180000 -9.863443
v -3.214260 9.180000 -9.688906
vn 0.000000 1.000000 0.000000
f 2059//687 2060//687 2061//687
v -2.750000 9.180000 -10.263140
v -3.214260 9.180000 -9.688906
v -2.640000 9.180000 -10.072614
vn 0.000000 1.000000 -0.000000
f 2062//688 2063//688 2064//688
v -3.348188 9.020000 -9.863443
v -3.889087 9.020000 -9.389087
v -3.889087 9.180000 -9.389087
vn -0.659346 0.000000 -0.751840
f 2065//689 2066//689 2067//689
v -3.348188 9.020000 -9.863443
v -3.889087 9.180000 -9.389087
v -3.348188 9.180000 -9.863443
vn -0.659346 0.000000 -0.751840
f 2068//690 2069//690 2070//690
v -3.214260 9.020000 -9.688906
v -3.214260 9.180000 -9.688906
v -3.733524 9.180000 -9.233524
vn 0.659346 -0.000000 0.751840
f 2071//691 2072//691 2073//691
v -3.214260 9.020000 -9.688906
v -3.733524 9.180000 -9.233524
v -3.733524 9.020000 -9.233524
vn 0.659346 0.000000 0.751840
f 2074//692 2075//692 2076//692
v -3.889087 9.020000 -9.389087
v -3.348188 9.020000 -9.863443
v -3.214260 9.020000 -9.688906
vn 0.000000 -1.000000 0.000000
f 2077//693 2078//693 2079//693
v -3.889087 9.020000 -9.389087
v -3.214260 9.020000 -9.688906
v -3.733524 9.020000 -9.233524
vn 0.000000 -1.000000 0.000000
f 2080//694 2081//694 2082//694
v -3.348188 9.180000 -9.863443
v -3.889087 9.180000 -9.389087
v -3.733524 9.180000 -9.233524
vn 0.000000 1.000000 0.000000
f 2083//695 2084//695 2085//695
v -3.348188 9.180000 -9.863443
v -3.733524 9.180000 -9.233524
v -3.214260 9.180000 -9.688906
vn 0.000000 1.000000 -0.000000
f 2086//696 2087//696 2088//696
v -3.889087 9.020000 -9.389087
v -4.363443 9.020000 -8.848188
v -4.363443 9.180000 -8.848188
vn -0.751840 0.000000 -0.659346
f 2089//697 2090//697 2091//697
v -3.889087 9.020000 -9.389087
v -4.363443 9.180000 -8.848188
v -3.889087 9.180000 -9.389087
vn -0.751840 0.000000 -0.659346
f 2092//698 2093//698 2094//698
v -3.733524 9.020000 -9.233524
v -3.733524 9.180000 -9.233524
v -4.188906 9.180000 -8.714260
vn 0.751840 -0.000000 0.659346
f 2095//699 2096//699 2097//699
v -3.733524 9.020000 -9.233524
v -4.188906 9.180000 -8.714260
v -4.188906 9.020000 -8.714260
vn 0.751840 0.000000 0.659346
f 2098//700 2099//700 2100//700
v -4.363443 9.020000 -8.848188
v -3.889087 9.020000 -9.389087
v -3.733524 9.020000 -9.233524
vn 0.000000 -1.000000 0.000000
f 2101//701 2102//701 2103//701
v -4.363443 9.020000 -8.848188
v -3.733524 9.020000 -9.233524
v -4.188906 9.020000 -8.714260
vn 0.000000 -1.000000 0.000000
f 2104//702 2105//702 2106//702
v -3.889087 9.180000 -9.389087
v -4.363443 9.180000 -8.848188
v -4.188906 9.180000 -8.714260
vn 0.000000 1.000000 0.000000
f 2107//703 2108//703 2109//703
v -3.889087 9.180000 -9.389087
v -4.188906 9.180000 -8.714260
v -3.733524 9.180000 -9.233524
vn 0.000000 1.000000 -0.000000
f 2110//704 2111//704 2112//704
v -4.363443 9.020000 -8.848188
v -4.763140 9.020000 -8.250000
v -4.763140 9.180000 -8.250000
vn -0.831470 0.000000 -0.555570
f 2113//705 2114//705 2115//705
v -4.363443 9.020000 -8.848188
v -4.763140 9.180000 -8.250000
v -4.363443 9.180000 -8.848188
vn -0.831470 0.000000 -0.555570
f 2116//706 2117//706 2118//706
v -4.188906 9.020000 -8.714260
v -4.188906 9.180000 -8.714260
v -4.572614 9.180000 -8.140000
vn 0.831470 -0.000000 0.555570
f 2119//707 2120//707 2121//707
v -4.188906 9.020000 -8.714260
v -4.572614 9.180000 -8.140000
v -4.572614 9.020000 -8.140000
vn 0.831470 0.000000 0.555570
f 2122//708 2123//708 2124//708
v -4.763140 9.020000 -8.250000
v -4.363443 9.020000 -8.848188
v -4.188906 9.020000 -8.714260
vn 0.000000 -1.000000 0.000000
f 2125//709 2126//709 2127//709
v -4.763140 9.020000 -8.250000
v -4.188906 9.020000 -8.714260
v -4.572614 9.020000 -8.140000
vn 0.000000 -1.000000 0.000000
f 2128//710 2129//710 2130//710
v -4.363443 9.180000 -8.848188
v -4.763140 9.180000 -8.250000
v -4.572614 9.180000 -8.140000
vn 0.000000 1.000000 0.000000
f 2131//711 2132//711 2133//711
v -4.363443 9.180000 -8.848188
v -4.572614 9.180000 -8.140000
v -4.188906 9.180000 -8.714260
vn 0.000000 1.000000 -0.000000
f 2134//712 2135//712 2136//712
v -4.763140 9.020000 -8.250000
v -5.081337 9.020000 -7.604759
v -5.081337 9.180000 -7.604759
vn -0.896873 0.000000 -0.442289
f 2137//713 2138//713 2139//713
v -4.763140 9.020000 -8.250000
v -5.081337 9.180000 -7.604759
v -4.763140 9.180000 -8.250000
vn -0.896873 0.000000 -0.442289
f 2140//714 2141//714 2142//714
v -4.572614 9.020000 -8.140000
v -4.572614 9.180000 -8.140000
v -4.878084 9.180000 -7.520569
vn 0.896873 -0.000000 0.442289
f 2143//715 2144//715 2145//715
v -4.572614 9.020000 -8.140000
v -4.878084 9.180000 -7.520569
v -4.878084 9.020000 -7.520569
vn 0.896873 0.000000 0.442289
f 2146//716 2147//716 2148//716
v -5.081337 9.020000 -7.604759
v -4.763140 9.020000 -8.250000
v -4.572614 9.020000 -8.140000
vn 0.000000 -1.000000 0.000000
f 2149//717 2150//717 2151//717
v -5.081337 9.020000 -7.604759
v -4.572614 9.020000 -8.140000
v -4.878084 9.020000 -7.520569
vn 0.000000 -1.000000 0.000000
f 2152//718 2153//718 2154//718
v -4.763140 9.180000 -8.250000
v -5.081337 9.180000 -7.604759
v -4.878084 9.180000 -7.520569
vn 0.000000 1.000000 0.000000
f 2155//719 2156//719 2157//719
v -4.763140 9.180000 -8.250000
v -4.878084 9.180000 -7.520569
v -4.572614 9.180000 -8.140000
vn 0.000000 1.000000 -0.000000
f 2158//720 2159//720 2160//720
v -5.081337 9.020000 -7.604759
v -5.312592 9.020000 -6.923505
v -5.312592 9.180000 -6.923505
vn -0.946930 0.000000 -0.321439
f 2161//721 2162//721 2163//721
v -5.081337 9.020000 -7.604759
v -5.312592 9.180000 -6.923505
v -5.081337 9.180000 -7.604759
vn -0.946930 0.000000 -0.321439
f 2164//722 2165//722 2166//722
v -4.878084 9.020000 -7.520569
v -4.878084 9.180000 -7.520569
v -5.100088 9.180000 -6.866565
vn 0.946930 -0.000000 0.321439
f 2167//723 2168//723 2169//723
v -4.878084 9.020000 -7.520569
v -5.100088 9.180000 -6.866565
v -5.100088 9.020000 -6.866565
vn 0.946930 0.000000 0.321439
f 2170//724 2171//724 2172//724
v -5.312592 9.020000 -6.923505
v -5.081337 9.020000 -7.604759
v -4.878084 9.020000 -7.520569
vn 0.000000 -1.000000 0.000000
f 2173//725 2174//725 2175//725
v -5.312592 9.020000 -6.923505
v -4.878084 9.020000 -7.520569
v -5.100088 9.020000 -6.866565
vn 0.000000 -1.000000 0.000000
f 2176//726 2177//726 2178//726
v -5.081337 9.180000 -7.604759
v -5.312592 9.180000 -6.923505
v -5.100088 9.180000 -6.866565
vn 0.000000 1.000000 0.000000
f 2179//727 2180//727 2181//727
v -5.081337 9.180000 -7.604759
v -5.100088 9.180000 -6.866565
v -4.878084 9.180000 -7.520569
vn 0.000000 1.000000 -0.000000
f 2182//728 2183//728 2184//728
v -5.312592 9.020000 -6.923505
v -5.452947 9.020000 -6.217894
v -5.452947 9.180000 -6.217894
vn -0.980785 0.000000 -0.195090
f 2185//729 2186//729 2187//729
v -5.312592 9.020000 -6.923505
v -5.452947 9.180000 -6.217894
v -5.312592 9.180000 -6.923505
vn -0.980785 0.000000 -0.195090
f 2188//730 2189//730 2190//730
v -5.100088 9.020000 -6.866565
v -5.100088 9.180000 -6.866565
v -5.234829 9.180000 -6.189178
vn 0.980785 -0.000000 0.195090
f 2191//731 2192//731 2193//731
v -5.100088 9.020000 -6.866565
v -5.234829 9.180000 -6.189178
v -5.234829 9.020000 -6.189178
vn 0.980785 0.000000 0.195090
f 2194//732 2195//732 2196//732
v -5.452947 9.020000 -6.217894
v -5.312592 9.020000 -6.923505
v -5.100088 9.020000 -6.866565
vn 0.000000 -1.000000 0.000000
f 2197//733 2198//733 2199//733
v -5.452947 9.020000 -6.217894
v -5.100088 9.020000 -6.866565
v -5.234829 9.020000 -6.189178
vn 0.000000 -1.000000 0.000000
f 2200//734 2201//734 2202//734
v -5.312592 9.180000 -6.923505
v -5.452947 9.180000 -6.217894
v -5.234829 9.180000 -6.189178
vn 0.000000 1.000000 -0.000000
f 2203//735 2204//735 2205//735
v -5.312592 9.180000 -6.923505
v -5.234829 9.180000 -6.189178
v -5.100088 9.180000 -6.866565
vn 0.000000 1.000000 0.000000
f 2206//736 2207//736 2208//736
v -5.452947 9.020000 -6.217894
v -5.500000 9.020000 -5.500000
v -5.500000 9.180000 -5.500000
vn -0.997859 0.000000 -0.065403
f 2209//737 2210//737 2211//737
v -5.452947 9.020000 -6.217894
v -5.500000 9.180000 -5.500000
v -5.452947 9.180000 -6.217894
vn -0.997859 0.000000 -0.065403
f 2212//738 2213//738 2214//738
v -5.234829 9.020000 -6.189178
v -5.234829 9.180000 -6.189178
v -5.280000 9.180000 -5.500000
vn 0.997859 -0.000000 0.065403
f 2215//739 2216//739 2217//739
v -5.234829 9.020000 -6.189178
v -5.280000 9.180000 -5.500000
v -5.280000 9.020000 -5.500000
vn 0.997859 0.000000 0.065403
f 2218//740 2219//740 2220//740
v -5.500000 9.020000 -5.500000
v -5.452947 9.020000 -6.217894
v -5.234829 9.020000 -6.189178
vn 0.000000 -1.000000 0.000000
f 2221//741 2222//741 2223//741
v -5.500000 9.020000 -5.500000
v -5.234829 9.020000 -6.189178
v -5.280000 9.020000 -5.500000
vn 0.000000 -1.000000 0.000000
f 2224//742 2225//742 2226//742
v -5.452947 9.180000 -6.217894
v -5.500000 9.180000 -5.500000
v -5.280000 9.180000 -5.500000
vn 0.000000 1.000000 -0.000000
f 2227//743 2228//743 2229//743
v -5.452947 9.180000 -6.217894
v -5.280000 9.180000 -5.500000
v -5.234829 9.180000 -6.189178
vn 0.000000 1.000000 0.000000
f 2230//744 2231//744 2232//744
v -5.500000 9.020000 -5.500000
v -5.452947 9.020000 -4.782106
v -5.452947 9.180000 -4.782106
vn -0.997859 0.000000 0.065403
f 2233//745 2234//745 2235//745
v -5.500000 9.020000 -5.500000
v -5.452947 9.180000 -4.782106
v -5.500000 9.180000 -5.500000
vn -0.997859 0.000000 0.065403
f 2236//746 2237//746 2238//746
v -5.280000 9.020000 -5.500000
v -5.280000 9.180000 -5.500000
v -5.234829 9.180000 -4.810822
vn 0.997859 0.000000 -0.065403
f 2239//747 2240//747 2241//747
v -5.280000 9.020000 -5.500000
v -5.234829 9.180000 -4.810822
v -5.234829 9.020000 -4.810822
vn 0.997859 0.000000 -0.065403
f 2242//748 2243//748 2244//748
v -5.452947 9.020000 -4.782106
v -5.500000 9.020000 -5.500000
v -5.280000 9.020000 -5.500000
vn 0.000000 -1.000000 -0.000000
f 2245//749 2246//749 2247//749
v -5.452947 9.020000 -4.782106
v -5.280000 9.020000 -5.500000
v -5.234829 9.020000 -4.810822
vn 0.000000 -1.000000 0.000000
f 2248//750 2249//750 2250//750
v -5.500000 9.180000 -5.500000
v -5.452947 9.180000 -4.782106
v -5.234829 9.180000 -4.810822
vn 0.000000 1.000000 0.000000
f 2251//751 2252//751 2253//751
v -5.500000 9.180000 -5.500000
v -5.234829 9.180000 -4.810822
v -5.280000 9.180000 -5.500000
vn 0.000000 1.000000 0.000000
f 2254//752 2255//752 2256//752
v -5.452947 9.020000 -4.782106
v -5.312592 9.020000 -4.076495
v -5.312592 9.180000 -4.076495
vn -0.980785 0.000000 0.195090
f 2257//753 2258//753 2259//753
v -5.452947 9.020000 -4.782106
v -5.312592 9.180000 -4.076495
v -5.452947 9.180000 -4.782106
vn -0.980785 0.000000 0.195090
f 2260//754 2261//754 2262//754
v -5.234829 9.020000 -4.810822
v -5.234829 9.180000 -4.810822
v -5.100088 9.180000 -4.133435
vn 0.980785 0.000000 -0.195090
f 2263//755 2264//755 2265//755
v -5.234829 9.020000 -4.810822
v -5.100088 9.180000 -4.133435
v -5.100088 9.020000 -4.133435
vn 0.980785 0.000000 -0.195090
f 2266//756 2267//756 2268//756
v -5.312592 9.020000 -4.076495
v -5.452947 9.020000 -4.782106
v -5.234829 9.020000 -4.810822
vn 0.000000 -1.000000 -0.000000
f 2269//757 2270//757 2271//757
v -5.312592 9.020000 -4.076495
v -5.234829 9.020000 -4.810822
v -5.100088 9.020000 -4.133435
vn 0.000000 -1.000000 0.000000
f 2272//758 2273//758 2274//758
v -5.452947 9.180000 -4.782106
v -5.312592 9.180000 -4.076495
v -5.100088 9.180000 -4.133435
vn 0.000000 1.000000 0.000000
f 2275//759 2276//759 2277//759
v -5.452947 9.180000 -4.782106
v -5.100088 9.180000 -4.133435
v -5.234829 9.180000 -4.810822
vn -0.000000 1.000000 0.000000
f 2278//760 2279//760 2280//760
v -5.312592 9.020000 -4.076495
v -5.081337 9.020000 -3.395241
v -5.081337 9.180000 -3.395241
vn -0.946930 0.000000 0.321439
f 2281//761 2282//761 2283//761
v -5.312592 9.020000 -4.076495
v -5.081337 9.180000 -3.395241
v -5.312592 9.180000 -4.076495
vn -0.946930 0.000000 0.321439
f 2284//762 2285//762 2286//762
v -5.100088 9.020000 -4.133435
v -5.100088 9.180000 -4.133435
v -4.878084 9.180000 -3.479431
vn 0.946930 0.000000 -0.321439
f 2287//763 2288//763 2289//763
v -5.100088 9.020000 -4.133435
v -4.878084 9.180000 -3.479431
v -4.878084 9.020000 -3.479431
vn 0.946930 0.000000 -0.321439
f 2290//764 2291//764 2292//764
v -5.081337 9.020000 -3.395241
v -5.312592 9.020000 -4.076495
v -5.100088 9.020000 -4.133435
vn 0.000000 -1.000000 0.000000
f 2293//765 2294//765 2295//765
v -5.081337 9.020000 -3.395241
v -5.100088 9.020000 -4.133435
v -4.878084 9.020000 -3.479431
vn 0.000000 -1.000000 -0.000000
f 2296//766 2297//766 2298//766
v -5.312592 9.180000 -4.076495
v -5.081337 9.180000 -3.395241
v -4.878084 9.180000 -3.479431
vn 0.000000 1.000000 0.000000
f 2299//767 2300//767 2301//767
v -5.312592 9.180000 -4.076495
v -4.878084 9.180000 -3.479431
v -5.100088 9.180000 -4.133435
vn -0.000000 1.000000 0.000000
f 2302//768 2303//768 2304//768
v -5.081337 9.020000 -3.395241
v -4.763140 9.020000 -2.750000
v -4.763140 9.180000 -2.750000
vn -0.896873 0.000000 0.442289
f 2305//769 2306//769 2307//769
v -5.081337 9.020000 -3.395241
v -4.763140 9.180000 -2.750000
v -5.081337 9.180000 -3.395241
vn -0.896873 0.000000 0.442289
f 2308//770 2309//770 2310//770
v -4.878084 9.020000 -3.479431
v -4.878084 9.180000 -3.479431
v -4.572614 9.180000 -2.860000
vn 0.896873 0.000000 -0.442289
f 2311//771 2312//771 2313//771
v -4.878084 9.020000 -3.479431
v -4.572614 9.180000 -2.860000
v -4.572614 9.020000 -2.860000
vn 0.896873 0.000000 -0.442289
f 2314//772 2315//772 2316//772
v -4.763140 9.020000 -2.750000
v -5.081337 9.020000 -3.395241
v -4.878084 9.020000 -3.479431
vn 0.000000 -1.000000 0.000000
f 2317//773 2318//773 2319//773
v -4.763140 9.020000 -2.750000
v -4.878084 9.020000 -3.479431
v -4.572614 9.020000 -2.860000
vn 0.000000 -1.000000 -0.000000
f 2320//774 2321//774 2322//774
v -5.081337 9.180000 -3.395241
v -4.763140 9.180000 -2.750000
v -4.572614 9.180000 -2.860000
vn 0.000000 1.000000 0.000000
f 2323//775 2324//775 2325//775
v -5.081337 9.180000 -3.395241
v -4.572614 9.180000 -2.860000
v -4.878084 9.180000 -3.479431
vn -0.000000 1.000000 0.000000
f 2326//776 2327//776 2328//776
v -4.763140 9.020000 -2.750000
v -4.363443 9.020000 -2.151812
v -4.363443 9.180000 -2.151812
vn -0.831470 0.000000 0.555570
f 2329//777 2330//777 2331//777
v -4.763140 9.020000 -2.750000
v -4.363443 9.180000 -2.151812
v -4.763140 9.180000 -2.750000
vn -0.831470 0.000000 0.555570
f 2332//778 2333//778 2334//778
v -4.572614 9.020000 -2.860000
v -4.572614 9.180000 -2.860000
v -4.188906 9.180000 -2.285740
vn 0.831470 0.000000 -0.555570
f 2335//779 2336//779 2337//779
v -4.572614 9.020000 -2.860000
v -4.188906 9.180000 -2.285740
v -4.188906 9.020000 -2.285740
vn 0.831470 0.000000 -0.555570
f 2338//780 2339//780 2340//780
v -4.363443 9.020000 -2.151812
v -4.763140 9.020000 -2.750000
v -4.572614 9.020000 -2.860000
vn 0.000000 -1.000000 0.000000
f 2341//781 2342//781 2343//781
v -4.363443 9.020000 -2.151812
v -4.572614 9.020000 -2.860000
v -4.188906 9.020000 -2.285740
vn 0.000000 -1.000000 -0.000000
f 2344//782 2345//782 2346//782
v -4.763140 9.180000 -2.750000
v -4.363443 9.180000 -2.151812
v -4.188906 9.180000 -2.285740
vn 0.000000 1.000000 0.000000
f 2347//783 2348//783 2349//783
v -4.763140 9.180000 -2.750000
v -4.188906 9.180000 -2.285740
v -4.572614 9.180000 -2.860000
vn -0.000000 1.000000 0.000000
f 2350//784 2351//784 2352//784
v -4.363443 9.020000 -2.151812
v -3.889087 9.020000 -1.610913
v -3.889087 9.180000 -1.610913
vn -0.751840 0.000000 0.659346
f 2353//785 2354//785 2355//785
v -4.363443 9.020000 -2.151812
v -3.889087 9.180000 -1.610913
v -4.363443 9.180000 -2.151812
vn -0.751840 0.000000 0.659346
f 2356//786 2357//786 2358//786
v -4.188906 9.020000 -2.285740
v -4.188906 9.180000 -2.285740
v -3.733524 9.180000 -1.766476
vn 0.751840 0.000000 -0.659346
f 2359//787 2360//787 2361//787
v -4.188906 9.020000 -2.285740
v -3.733524 9.180000 -1.766476
v -3.733524 9.020000 -1.766476
vn 0.751840 0.000000 -0.659346
f 2362//788 2363//788 2364//788
v -3.889087 9.020000 -1.610913
v -4.363443 9.020000 -2.151812
v -4.188906 9.020000 -2.285740
vn 0.000000 -1.000000 0.000000
f 2365//789 2366//789 2367//789
v -3.889087 9.020000 -1.610913
v -4.188906 9.020000 -2.285740
v -3.733524 9.020000 -1.766476
vn 0.000000 -1.000000 -0.000000
f 2368//790 2369//790 2370//790
v -4.363443 9.180000 -2.151812
v -3.889087 9.180000 -1.610913
v -3.733524 9.180000 -1.766476
vn 0.000000 1.000000 0.000000
f 2371//791 2372//791 2373//791
v -4.363443 9.180000 -2.151812
v -3.733524 9.180000 -1.766476
v -4.188906 9.180000 -2.285740
vn -0.000000 1.000000 0.000000
f 2374//792 2375//792 2376//792
v -3.889087 9.020000 -1.610913
v -3.348188 9.020000 -1.136557
v -3.348188 9.180000 -1.136557
vn -0.659346 0.000000 0.751840
f 2377//793 2378//793 2379//793
v -3.889087 9.020000 -1.610913
v -3.348188 9.180000 -1.136557
v -3.889087 9.180000 -1.610913
vn -0.659346 0.000000 0.751840
f 2380//794 2381//794 2382//794
v -3.733524 9.020000 -1.766476
v -3.733524 9.180000 -1.766476
v -3.214260 9.180000 -1.311094
vn 0.659346 0.000000 -0.751840
f 2383//795 2384//795 2385//795
v -3.733524 9.020000 -1.766476
v -3.214260 9.180000 -1.311094
v -3.214260 9.020000 -1.311094
vn 0.659346 0.000000 -0.751840
f 2386//796 2387//796 2388//796
v -3.348188 9.020000 -1.136557
v -3.889087 9.020000 -1.610913
v -3.733524 9.020000 -1.766476
vn 0.000000 -1.000000 0.000000
f 2389//797 2390//797 2391//797
v -3.348188 9.020000 -1.136557
v -3.733524 9.020000 -1.766476
v -3.214260 9.020000 -1.311094
vn 0.000000 -1.000000 -0.000000
f 2392//798 2393//798 2394//798
v -3.889087 9.180000 -1.610913
v -3.348188 9.180000 -1.136557
v -3.214260 9.180000 -1.311094
vn 0.000000 1.000000 0.000000
f 2395//799 2396//799 2397//799
v -3.889087 9.180000 -1.610913
v -3.214260 9.180000 -1.311094
v -3.733524 9.180000 -1.766476
vn -0.000000 1.000000 0.000000
f 2398//800 2399//800 2400//800
v -3.348188 9.020000 -1.136557
v -2.750000 9.020000 -0.736860
v -2.750000 9.180000 -0.736860
vn -0.555570 0.000000 0.831470
f 2401//801 2402//801 2403//801
v -3.348188 9.020000 -1.136557
v -2.750000 9.180000 -0.736860
v -3.348188 9.180000 -1.136557
vn -0.555570 0.000000 0.831470
f 2404//802 2405//802 2406//802
v -3.214260 9.020000 -1.311094
v -3.214260 9.180000 -1.311094
v -2.640000 9.180000 -0.927386
vn 0.555570 0.000000 -0.831470
f 2407//803 2408//803 2409//803
v -3.214260 9.020000 -1.311094
v -2.640000 9.180000 -0.927386
v -2.640000 9.020000 -0.927386
vn 0.555570 0.000000 -0.831470
f 2410//804 2411//804 2412//804
v -2.750000 9.020000 -0.736860
v -3.348188 9.020000 -1.136557
v -3.214260 9.020000 -1.311094
vn 0.000000 -1.000000 0.000000
f 2413//805 2414//805 2415//805
v -2.750000 9.020000 -0.736860
v -3.214260 9.020000 -1.311094
v -2.640000 9.020000 -0.927386
vn 0.000000 -1.000000 -0.000000
f 2416//806 2417//806 2418//806
v -3.348188 9.180000 -1.136557
v -2.750000 9.180000 -0.736860
v -2.640000 9.180000 -0.927386
vn 0.000000 1.000000 0.000000
f 2419//807 2420//807 2421//807
v -3.348188 9.180000 -1.136557
v -2.640000 9.180000 -0.927386
v -3.214260 9.180000 -1.311094
vn -0.000000 1.000000 0.000000
f 2422//808 2423//808 2424//808
v -2.750000 9.020000 -0.736860
v -2.104759 9.020000 -0.418663
v -2.104759 9.180000 -0.418663
vn -0.442289 0.000000 0.896873
f 2425//809 2426//809 2427//809
v -2.750000 9.020000 -0.736860
v -2.104759 9.180000 -0.418663
v -2.750000 9.180000 -0.736860
vn -0.442289 0.000000 0.896873
f 2428//810 2429//810 2430//810
v -2.640000 9.020000 -0.927386
v -2.640000 9.180000 -0.927386
v -2.020569 9.180000 -0.621916
vn 0.442289 0.000000 -0.896873
f 2431//811 2432//811 2433//811
v -2.640000 9.020000 -0.927386
v -2.020569 9.180000 -0.621916
v -2.020569 9.020000 -0.621916
vn 0.442289 0.000000 -0.896873
f 2434//812 2435//812 2436//812
v -2.104759 9.020000 -0.418663
v -2.750000 9.020000 -0.736860
v -2.640000 9.020000 -0.927386
vn 0.000000 -1.000000 0.000000
f 2437//813 2438//813 2439//813
v -2.104759 9.020000 -0.418663
v -2.640000 9.020000 -0.927386
v -2.020569 9.020000 -0.621916
vn 0.000000 -1.000000 -0.000000
f 2440//814 2441//814 2442//814
v -2.750000 9.180000 -0.736860
v -2.104759 9.180000 -0.418663
v -2.020569 9.180000 -0.621916
vn 0.000000 1.000000 0.000000
f 2443//815 2444//815 2445//815
v -2.750000 9.180000 -0.736860
v -2.020569 9.180000 -0.621916
v -2.640000 9.180000 -0.927386
vn -0.000000 1.000000 0.000000
f 2446//816 2447//816 2448//816
v -2.104759 9.020000 -0.418663
v -1.423505 9.020000 -0.187408
v -1.423505 9.180000 -0.187408
vn -0.321439 0.000000 0.946930
f 2449//817 2450//817 2451//817
v -2.104759 9.020000 -0.418663
v -1.423505 9.180000 -0.187408
v -2.104759 9.180000 -0.418663
vn -0.321439 0.000000 0.946930
f 2452//818 2453//818 2454//818
v -2.020569 9.020000 -0.621916
v -2.020569 9.180000 -0.621916
v -1.366565 9.180000 -0.399912
vn 0.321439 0.000000 -0.946930
f 2455//819 2456//819 2457//819
v -2.020569 9.020000 -0.621916
v -1.366565 9.180000 -0.399912
v -1.366565 9.020000 -0.399912
vn 0.321439 0.000000 -0.946930
f 2458//820 2459//820 2460//820
v -1.423505 9.020000 -0.187408
v -2.104759 9.020000 -0.418663
v -2.020569 9.020000 -0.621916
vn 0.000000 -1.000000 0.000000
f 2461//821 2462//821 2463//821
v -1.423505 9.020000 -0.187408
v -2.020569 9.020000 -0.621916
v -1.366565 9.020000 -0.399912
vn 0.000000 -1.000000 -0.000000
f 2464//822 2465//822 2466//822
v -2.104759 9.180000 -0.418663
v -1.423505 9.180000 -0.187408
v -1.366565 9.180000 -0.399912
vn 0.000000 1.000000 0.000000
f 2467//823 2468//823 2469//823
v -2.104759 9.180000 -0.418663
v -1.366565 9.180000 -0.399912
v -2.020569 9.180000 -0.621916
vn -0.000000 1.000000 0.000000
f 2470//824 2471//824 2472//824
v -1.423505 9.020000 -0.187408
v -0.717894 9.020000 -0.047053
v -0.717894 9.180000 -0.047053
vn -0.195090 0.000000 0.980785
f 2473//825 2474//825 2475//825
v -1.423505 9.020000 -0.187408
v -0.717894 9.180000 -0.047053
v -1.423505 9.180000 -0.187408
vn -0.195090 0.000000 0.980785
f 2476//826 2477//826 2478//826
v -1.366565 9.020000 -0.399912
v -1.366565 9.180000 -0.399912
v -0.689178 9.180000 -0.265171
vn 0.195090 0.000000 -0.980785
f 2479//827 2480//827 2481//827
v -1.366565 9.020000 -0.399912
v -0.689178 9.180000 -0.265171
v -0.689178 9.020000 -0.265171
vn 0.195090 0.000000 -0.980785
f 2482//828 2483//828 2484//828
v -0.717894 9.020000 -0.047053
v -1.423505 9.020000 -0.187408
v -1.366565 9.020000 -0.399912
vn 0.000000 -1.000000 0.000000
f 2485//829 2486//829 2487//829
v -0.717894 9.020000 -0.047053
v -1.366565 9.020000 -0.399912
v -0.689178 9.020000 -0.265171
vn 0.000000 -1.000000 -0.000000
f 2488//830 2489//830 2490//830
v -1.423505 9.180000 -0.187408
v -0.717894 9.180000 -0.047053
v -0.689178 9.180000 -0.265171
vn -0.000000 1.000000 0.000000
f 2491//831 2492//831 2493//831
v -1.423505 9.180000 -0.187408
v -0.689178 9.180000 -0.265171
v -1.366565 9.180000 -0.399912
vn 0.000000 1.000000 0.000000
f 2494//832 2495//832 2496//832
v -0.717894 9.020000 -0.047053
v -0.000000 9.020000 0.000000
v -0.000000 9.180000 0.000000
vn -0.065403 0.000000 0.997859
f 2497//833 2498//833 2499//833
v -0.717894 9.020000 -0.047053
v -0.000000 9.180000 0.000000
v -0.717894 9.180000 -0.047053
vn -0.065403 0.000000 0.997859
f 2500//834 2501//834 2502//834
v -0.689178 9.020000 -0.265171
v -0.689178 9.180000 -0.265171
v -0.000000 9.180000 -0.220000
vn 0.065403 0.000000 -0.997859
f 2503//835 2504//835 2505//835
v -0.689178 9.020000 -0.265171
v -0.000000 9.180000 -0.220000
v -0.000000 9.020000 -0.220000
vn 0.065403 0.000000 -0.997859
f 2506//836 2507//836 2508//836
v -0.000000 9.020000 0.000000
v -0.717894 9.020000 -0.047053
v -0.689178 9.020000 -0.265171
vn 0.000000 -1.000000 0.000000
f 2509//837 2510//837 2511//837
v -0.000000 9.020000 0.000000
v -0.689178 9.020000 -0.265171
v -0.000000 9.020000 -0.220000
vn 0.000000 -1.000000 -0.000000
f 2512//838 2513//838 2514//838
v -0.717894 9.180000 -0.047053
v -0.000000 9.180000 0.000000
v -0.000000 9.180000 -0.220000
vn -0.000000 1.000000 0.000000
f 2515//839 2516//839 2517//839
v -0.717894 9.180000 -0.047053
v -0.000000 9.180000 -0.220000
v -0.689178 9.180000 -0.265171
vn 0.000000 1.000000 0.000000
f 2518//840 2519//840 2520//840
v -0.000000 9.020000 0.000000
v 0.717894 9.020000 -0.047053
v 0.717894 9.180000 -0.047053
vn 0.065403 0.000000 0.997859
f 2521//841 2522//841 2523//841
v -0.000000 9.020000 0.000000
v 0.717894 9.180000 -0.047053
v -0.000000 9.180000 0.000000
vn 0.065403 -0.000000 0.997859
f 2524//842 2525//842 2526//842
v -0.000000 9.020000 -0.220000
v -0.000000 9.180000 -0.220000
v 0.689178 9.180000 -0.265171
vn -0.065403 0.000000 -0.997859
f 2527//843 2528//843 2529//843
v -0.000000 9.020000 -0.220000
v 0.689178 9.180000 -0.265171
v 0.689178 9.020000 -0.265171
vn -0.065403 0.000000 -0.997859
f 2530//844 2531//844 2532//844
v 0.717894 9.020000 -0.047053
v -0.000000 9.020000 0.000000
v -0.000000 9.020000 -0.220000
vn -0.000000 -1.000000 0.000000
f 2533//845 2534//845 2535//845
v 0.717894 9.020000 -0.047053
v -0.000000 9.020000 -0.220000
v 0.689178 9.020000 -0.265171
vn 0.000000 -1.000000 0.000000
f 2536//846 2537//846 2538//846
v -0.000000 9.180000 0.000000
v 0.717894 9.180000 -0.047053
v 0.689178 9.180000 -0.265171
vn 0.000000 1.000000 0.000000
f 2539//847 2540//847 2541//847
v -0.000000 9.180000 0.000000
v 0.689178 9.180000 -0.265171
v -0.000000 9.180000 -0.220000
vn 0.000000 1.000000 0.000000
f 2542//848 2543//848 2544//848
v 0.717894 9.020000 -0.047053
v 1.423505 9.020000 -0.187408
v 1.423505 9.180000 -0.187408
vn 0.195090 0.000000 0.980785
f 2545//849 2546//849 2547//849
v 0.717894 9.020000 -0.047053
v 1.423505 9.180000 -0.187408
v 0.717894 9.180000 -0.047053
vn 0.195090 -0.000000 0.980785
f 2548//850 2549//850 2550//850
v 0.689178 9.020000 -0.265171
v 0.689178 9.180000 -0.265171
v 1.366565 9.180000 -0.399912
vn -0.195090 0.000000 -0.980785
f 2551//851 2552//851 2553//851
v 0.689178 9.020000 -0.265171
v 1.366565 9.180000 -0.399912
v 1.366565 9.020000 -0.399912
vn -0.195090 0.000000 -0.980785
f 2554//852 2555//852 2556//852
v 1.423505 9.020000 -0.187408
v 0.717894 9.020000 -0.047053
v 0.689178 9.020000 -0.265171
vn -0.000000 -1.000000 0.000000
f 2557//853 2558//853 2559//853
v 1.423505 9.020000 -0.187408
v 0.689178 9.020000 -0.265171
v 1.366565 9.020000 -0.399912
vn 0.000000 -1.000000 0.000000
f 2560//854 2561//854 2562//854
v 0.717894 9.180000 -0.047053
v 1.423505 9.180000 -0.187408
v 1.366565 9.180000 -0.399912
vn 0.000000 1.000000 0.000000
f 2563//855 2564//855 2565//855
v 0.717894 9.180000 -0.047053
v 1.366565 9.180000 -0.399912
v 0.689178 9.180000 -0.265171
vn 0.000000 1.000000 0.000000
f 2566//856 2567//856 2568//856
v 1.423505 9.020000 -0.187408
v 2.104759 9.020000 -0.418663
v 2.104759 9.180000 -0.418663
vn 0.321439 0.000000 0.946930
f 2569//857 2570//857 2571//857
v 1.423505 9.020000 -0.187408
v 2.104759 9.180000 -0.418663
v 1.423505 9.180000 -0.187408
vn 0.321439 -0.000000 0.946930
f 2572//858 2573//858 2574//858
v 1.366565 9.020000 -0.399912
v 1.366565 9.180000 -0.399912
v 2.020569 9.180000 -0.621916
vn -0.321439 0.000000 -0.946930
f 2575//859 2576//859 2577//859
v 1.366565 9.020000 -0.399912
v 2.020569 9.180000 -0.621916
v 2.020569 9.020000 -0.621916
vn -0.321439 0.000000 -0.946930
f 2578//860 2579//860 2580//860
v 2.104759 9.020000 -0.418663
v 1.423505 9.020000 -0.187408
v 1.366565 9.020000 -0.399912
vn 0.000000 -1.000000 0.000000
f 2581//861 2582//861 2583//861
v 2.104759 9.020000 -0.418663
v 1.366565 9.020000 -0.399912
v 2.020569 9.020000 -0.621916
vn -0.000000 -1.000000 0.000000
f 2584//862 2585//862 2586//862
v 1.423505 9.180000 -0.187408
v 2.104759 9.180000 -0.418663
v 2.020569 9.180000 -0.621916
vn 0.000000 1.000000 0.000000
f 2587//863 2588//863 2589//863
v 1.423505 9.180000 -0.187408
v 2.020569 9.180000 -0.621916
v 1.366565 9.180000 -0.399912
vn 0.000000 1.000000 0.000000
f 2590//864 2591//864 2592//864
v 2.104759 9.020000 -0.418663
v 2.750000 9.020000 -0.736860
v 2.750000 9.180000 -0.736860
vn 0.442289 0.000000 0.896873
f 2593//865 2594//865 2595//865
v 2.104759 9.020000 -0.418663
v 2.750000 9.180000 -0.736860
v 2.104759 9.180000 -0.418663
vn 0.442289 -0.000000 0.896873
f 2596//866 2597//866 2598//866
v 2.020569 9.020000 -0.621916
v 2.020569 9.180000 -0.621916
v 2.640000 9.180000 -0.927386
vn -0.442289 0.000000 -0.896873
f 2599//867 2600//867 2601//867
v 2.020569 9.020000 -0.621916
v 2.640000 9.180000 -0.927386
v 2.640000 9.020000 -0.927386
vn -0.442289 0.000000 -0.896873
f 2602//868 2603//868 2604//868
v 2.750000 9.020000 -0.736860
v 2.104759 9.020000 -0.418663
v 2.020569 9.020000 -0.621916
vn 0.000000 -1.000000 0.000000
f 2605//869 2606//869 2607//869
v 2.750000 9.020000 -0.736860
v 2.020569 9.020000 -0.621916
v 2.640000 9.020000 -0.927386
vn -0.000000 -1.000000 0.000000
f 2608//870 2609//870 2610//870
v 2.104759 9.180000 -0.418663
v 2.750000 9.180000 -0.736860
v 2.640000 9.180000 -0.927386
vn 0.000000 1.000000 0.000000
f 2611//871 2612//871 2613//871
v 2.104759 9.180000 -0.418663
v 2.640000 9.180000 -0.927386
v 2.020569 9.180000 -0.621916
vn 0.000000 1.000000 0.000000
f 2614//872 2615//872 2616//872
v 2.750000 9.020000 -0.736860
v 3.348188 9.020000 -1.136557
v 3.348188 9.180000 -1.136557
vn 0.555570 0.000000 0.831470
f 2617//873 2618//873 2619//873
v 2.750000 9.020000 -0.736860
v 3.348188 9.180000 -1.136557
v 2.750000 9.180000 -0.736860
vn 0.555570 -0.000000 0.831470
f 2620//874 2621//874 2622//874
v 2.640000 9.020000 -0.927386
v 2.640000 9.180000 -0.927386
v 3.214260 9.180000 -1.311094
vn -0.555570 0.000000 -0.831470
f 2623//875 2624//875 2625//875
v 2.640000 9.020000 -0.927386
v 3.214260 9.180000 -1.311094
v 3.214260 9.020000 -1.311094
vn -0.555570 0.000000 -0.831470
f 2626//876 2627//876 2628//876
v 3.348188 9.020000 -1.136557
v 2.750000 9.020000 -0.736860
v 2.640000 9.020000 -0.927386
vn 0.000000 -1.000000 0.000000
f 2629//877 2630//877 2631//877
v 3.348188 9.020000 -1.136557
v 2.640000 9.020000 -0.927386
v 3.214260 9.020000 -1.311094
vn -0.000000 -1.000000 0.000000
f 2632//878 2633//878 2634//878
v 2.750000 9.180000 -0.736860
v 3.348188 9.180000 -1.136557
v 3.214260 9.180000 -1.311094
vn 0.000000 1.000000 0.000000
f 2635//879 2636//879 2637//879
v 2.750000 9.180000 -0.736860
v 3.214260 9.180000 -1.311094
v 2.640000 9.180000 -0.927386
vn 0.000000 1.000000 0.000000
f 2638//880 2639//880 2640//880
v 3.348188 9.020000 -1.136557
v 3.889087 9.020000 -1.610913
v 3.889087 9.180000 -1.610913
vn 0.659346 0.000000 0.751840
f 2641//881 2642//881 2643//881
v 3.348188 9.020000 -1.136557
v 3.889087 9.180000 -1.610913
v 3.348188 9.180000 -1.136557
vn 0.659346 -0.000000 0.751840
f 2644//882 2645//882 2646//882
v 3.214260 9.020000 -1.311094
v 3.214260 9.180000 -1.311094
v 3.733524 9.180000 -1.766476
vn -0.659346 0.000000 -0.751840
f 2647//883 2648//883 2649//883
v 3.214260 9.020000 -1.311094
v 3.733524 9.180000 -1.766476
v 3.733524 9.020000 -1.766476
vn -0.659346 0.000000 -0.751840
f 2650//884 2651//884 2652//884
v 3.889087 9.020000 -1.610913
v 3.348188 9.020000 -1.136557
v 3.214260 9.020000 -1.311094
vn 0.000000 -1.000000 0.000000
f 2653//885 2654//885 2655//885
v 3.889087 9.020000 -1.610913
v 3.214260 9.020000 -1.311094
v 3.733524 9.020000 -1.766476
vn -0.000000 -1.000000 0.000000
f 2656//886 2657//886 2658//886
v 3.348188 9.180000 -1.136557
v 3.889087 9.180000 -1.610913
v 3.733524 9.180000 -1.766476
vn 0.000000 1.000000 0.000000
f 2659//887 2660//887 2661//887
v 3.348188 9.180000 -1.136557
v 3.733524 9.180000 -1.766476
v 3.214260 9.180000 -1.311094
vn 0.000000 1.000000 0.000000
f 2662//888 2663//888 2664//888
v 3.889087 9.020000 -1.610913
v 4.363443 9.020000 -2.151812
v 4.363443 9.180000 -2.151812
vn 0.751840 0.000000 0.659346
f 2665//889 2666//889 2667//889
v 3.889087 9.020000 -1.610913
v 4.363443 9.180000 -2.151812
v 3.889087 9.180000 -1.610913
vn 0.751840 -0.000000 0.659346
f 2668//890 2669//890 2670//890
v 3.733524 9.020000 -1.766476
v 3.733524 9.180000 -1.766476
v 4.188906 9.180000 -2.285740
vn -0.751840 0.000000 -0.659346
f 2671//891 2672//891 2673//891
v 3.733524 9.020000 -1.766476
v 4.188906 9.180000 -2.285740
v 4.188906 9.020000 -2.285740
vn -0.751840 0.000000 -0.659346
f 2674//892 2675//892 2676//892
v 4.363443 9.020000 -2.151812
v 3.889087 9.020000 -1.610913
v 3.733524 9.020000 -1.766476
vn 0.000000 -1.000000 0.000000
f 2677//893 2678//893 2679//893
v 4.363443 9.020000 -2.151812
v 3.733524 9.020000 -1.766476
v 4.188906 9.020000 -2.285740
vn -0.000000 -1.000000 0.000000
f 2680//894 2681//894 2682//894
v 3.889087 9.180000 -1.610913
v 4.363443 9.180000 -2.151812
v 4.188906 9.180000 -2.285740
vn 0.000000 1.000000 0.000000
f 2683//895 2684//895 2685//895
v 3.889087 9.180000 -1.610913
v 4.188906 9.180000 -2.285740
v 3.733524 9.180000 -1.766476
vn 0.000000 1.000000 0.000000
f 2686//896 2687//896 2688//896
v 4.363443 9.020000 -2.151812
v 4.763140 9.020000 -2.750000
v 4.763140 9.180000 -2.750000
vn 0.831470 0.000000 0.555570
f 2689//897 2690//897 2691//897
v 4.363443 9.020000 -2.151812
v 4.763140 9.180000 -2.750000
v 4.363443 9.180000 -2.151812
vn 0.831470 -0.000000 0.555570
f 2692//898 2693//898 2694//898
v 4.188906 9.020000 -2.285740
v 4.188906 9.180000 -2.285740
v 4.572614 9.180000 -2.860000
vn -0.831470 0.000000 -0.555570
f 2695//899 2696//899 2697//899
v 4.188906 9.020000 -2.285740
v 4.572614 9.180000 -2.860000
v 4.572614 9.020000 -2.860000
vn -0.831470 0.000000 -0.555570
f 2698//900 2699//900 2700//900
v 4.763140 9.020000 -2.750000
v 4.363443 9.020000 -2.151812
v 4.188906 9.020000 -2.285740
vn 0.000000 -1.000000 0.000000
f 2701//901 2702//901 2703//901
v 4.763140 9.020000 -2.750000
v 4.188906 9.020000 -2.285740
v 4.572614 9.020000 -2.860000
vn -0.000000 -1.000000 0.000000
f 2704//902 2705//902 2706//902
v 4.363443 9.180000 -2.151812
v 4.763140 9.180000 -2.750000
v 4.572614 9.180000 -2.860000
vn 0.000000 1.000000 0.000000
f 2707//903 2708//903 2709//903
v 4.363443 9.180000 -2.151812
v 4.572614 9.180000 -2.860000
v 4.188906 9.180000 -2.285740
vn 0.000000 1.000000 0.000000
f 2710//904 2711//904 2712//904
v 4.763140 9.020000 -2.750000
v 5.081337 9.020000 -3.395241
v 5.081337 9.180000 -3.395241
vn 0.896873 0.000000 0.442289
f 2713//905 2714//905 2715//905
v 4.763140 9.020000 -2.750000
v 5.081337 9.180000 -3.395241
v 4.763140 9.180000 -2.750000
vn 0.896873 -0.000000 0.442289
f 2716//906 2717//906 2718//906
v 4.572614 9.020000 -2.860000
v 4.572614 9.180000 -2.860000
v 4.878084 9.180000 -3.479431
vn -0.896873 0.000000 -0.442289
f 2719//907 2720//907 2721//907
v 4.572614 9.020000 -2.860000
v 4.878084 9.180000 -3.479431
v 4.878084 9.020000 -3.479431
vn -0.896873 0.000000 -0.442289
f 2722//908 2723//908 2724//908
v 5.081337 9.020000 -3.395241
v 4.763140 9.020000 -2.750000
v 4.572614 9.020000 -2.860000
vn 0.000000 -1.000000 0.000000
f 2725//909 2726//909 2727//909
v 5.081337 9.020000 -3.395241
v 4.572614 9.020000 -2.860000
v 4.878084 9.020000 -3.479431
vn -0.000000 -1.000000 0.000000
f 2728//910 2729//910 2730//910
v 4.763140 9.180000 -2.750000
v 5.081337 9.180000 -3.395241
v 4.878084 9.180000 -3.479431
vn 0.000000 1.000000 0.000000
f 2731//911 2732//911 2733//911
v 4.763140 9.180000 -2.750000
v 4.878084 9.180000 -3.479431
v 4.572614 9.180000 -2.860000
vn 0.000000 1.000000 0.000000
f 2734//912 2735//912 2736//912
v 5.081337 9.020000 -3.395241
v 5.312592 9.020000 -4.076495
v 5.312592 9.180000 -4.076495
vn 0.946930 0.000000 0.321439
f 2737//913 2738//913 2739//913
v 5.081337 9.020000 -3.395241
v 5.312592 9.180000 -4.076495
v 5.081337 9.180000 -3.395241
vn 0.946930 -0.000000 0.321439
f 2740//914 2741//914 2742//914
v 4.878084 9.020000 -3.479431
v 4.878084 9.180000 -3.479431
v 5.100088 9.180000 -4.133435
vn -0.946930 0.000000 -0.321439
f 2743//915 2744//915 2745//915
v 4.878084 9.020000 -3.479431
v 5.100088 9.180000 -4.133435
v 5.100088 9.020000 -4.133435
vn -0.946930 0.000000 -0.321439
f 2746//916 2747//916 2748//916
v 5.312592 9.020000 -4.076495
v 5.081337 9.020000 -3.395241
v 4.878084 9.020000 -3.479431
vn 0.000000 -1.000000 0.000000
f 2749//917 2750//917 2751//917
v 5.312592 9.020000 -4.076495
v 4.878084 9.020000 -3.479431
v 5.100088 9.020000 -4.133435
vn -0.000000 -1.000000 0.000000
f 2752//918 2753//918 2754//918
v 5.081337 9.180000 -3.395241
v 5.312592 9.180000 -4.076495
v 5.100088 9.180000 -4.133435
vn 0.000000 1.000000 0.000000
f 2755//919 2756//919 2757//919
v 5.081337 9.180000 -3.395241
v 5.100088 9.180000 -4.133435
v 4.878084 9.180000 -3.479431
vn 0.000000 1.000000 0.000000
f 2758//920 2759//920 2760//920
v 5.312592 9.020000 -4.076495
v 5.452947 9.020000 -4.782106
v 5.452947 9.180000 -4.782106
vn 0.980785 0.000000 0.195090
f 2761//921 2762//921 2763//921
v 5.312592 9.020000 -4.076495
v 5.452947 9.180000 -4.782106
v 5.312592 9.180000 -4.076495
vn 0.980785 -0.000000 0.195090
f 2764//922 2765//922 2766//922
v 5.100088 9.020000 -4.133435
v 5.100088 9.180000 -4.133435
v 5.234829 9.180000 -4.810822
vn -0.980785 0.000000 -0.195090
f 2767//923 2768//923 2769//923
v 5.100088 9.020000 -4.133435
v 5.234829 9.180000 -4.810822
v 5.234829 9.020000 -4.810822
vn -0.980785 0.000000 -0.195090
f 2770//924 2771//924 2772//924
v 5.452947 9.020000 -4.782106
v 5.312592 9.020000 -4.076495
v 5.100088 9.020000 -4.133435
vn 0.000000 -1.000000 0.000000
f 2773//925 2774//925 2775//925
v 5.452947 9.020000 -4.782106
v 5.100088 9.020000 -4.133435
v 5.234829 9.020000 -4.810822
vn -0.000000 -1.000000 0.000000
f 2776//926 2777//926 2778//926
v 5.312592 9.180000 -4.076495
v 5.452947 9.180000 -4.782106
v 5.234829 9.180000 -4.810822
vn 0.000000 1.000000 0.000000
f 2779//927 2780//927 2781//927
v 5.312592 9.180000 -4.076495
v 5.234829 9.180000 -4.810822
v 5.100088 9.180000 -4.133435
vn 0.000000 1.000000 0.000000
f 2782//928 2783//928 2784//928
v 5.452947 9.020000 -4.782106
v 5.500000 9.020000 -5.500000
v 5.500000 9.180000 -5.500000
vn 0.997859 0.000000 0.065403
f 2785//929 2786//929 2787//929
v 5.452947 9.020000 -4.782106
v 5.500000 9.180000 -5.500000
v 5.452947 9.180000 -4.782106
vn 0.997859 -0.000000 0.065403
f 2788//930 2789//930 2790//930
v 5.234829 9.020000 -4.810822
v 5.234829 9.180000 -4.810822
v 5.280000 9.180000 -5.500000
vn -0.997859 0.000000 -0.065403
f 2791//931 2792//931 2793//931
v 5.234829 9.020000 -4.810822
v 5.280000 9.180000 -5.500000
v 5.280000 9.020000 -5.500000
vn -0.997859 0.000000 -0.065403
f 2794//932 2795//932 2796//932
v 5.500000 9.020000 -5.500000
v 5.452947 9.020000 -4.782106
v 5.234829 9.020000 -4.810822
vn 0.000000 -1.000000 0.000000
f 2797//933 2798//933 2799//933
v 5.500000 9.020000 -5.500000
v 5.234829 9.020000 -4.810822
v 5.280000 9.020000 -5.500000
vn 0.000000 -1.000000 0.000000
f 2800//934 2801//934 2802//934
v 5.452947 9.180000 -4.782106
v 5.500000 9.180000 -5.500000
v 5.280000 9.180000 -5.500000
vn 0.000000 1.000000 0.000000
f 2803//935 2804//935 2805//935
v 5.452947 9.180000 -4.782106
v 5.280000 9.180000 -5.500000
v 5.234829 9.180000 -4.810822
vn 0.000000 1.000000 0.000000
f 2806//936 2807//936 2808//936
v 5.500000 9.020000 -5.500000
v 5.452947 9.020000 -6.217894
v 5.452947 9.180000 -6.217894
vn 0.997859 0.000000 -0.065403
f 2809//937 2810//937 2811//937
v 5.500000 9.020000 -5.500000
v 5.452947 9.180000 -6.217894
v 5.500000 9.180000 -5.500000
vn 0.997859 0.000000 -0.065403
f 2812//938 2813//938 2814//938
v 5.280000 9.020000 -5.500000
v 5.280000 9.180000 -5.500000
v 5.234829 9.180000 -6.189178
vn -0.997859 0.000000 0.065403
f 2815//939 2816//939 2817//939
v 5.280000 9.020000 -5.500000
v 5.234829 9.180000 -6.189178
v 5.234829 9.020000 -6.189178
vn -0.997859 0.000000 0.065403
f 2818//940 2819//940 2820//940
v 5.452947 9.020000 -6.217894
v 5.500000 9.020000 -5.500000
v 5.280000 9.020000 -5.500000
vn 0.000000 -1.000000 0.000000
f 2821//941 2822//941 2823//941
v 5.452947 9.020000 -6.217894
v 5.280000 9.020000 -5.500000
v 5.234829 9.020000 -6.189178
vn 0.000000 -1.000000 0.000000
f 2824//942 2825//942 2826//942
v 5.500000 9.180000 -5.500000
v 5.452947 9.180000 -6.217894
v 5.234829 9.180000 -6.189178
vn 0.000000 1.000000 0.000000
f 2827//943 2828//943 2829//943
v 5.500000 9.180000 -5.500000
v 5.234829 9.180000 -6.189178
v 5.280000 9.180000 -5.500000
vn 0.000000 1.000000 0.000000
f 2830//944 2831//944 2832//944
v 5.452947 9.020000 -6.217894
v 5.312592 9.020000 -6.923505
v 5.312592 9.180000 -6.923505
vn 0.980785 0.000000 -0.195090
f 2833//945 2834//945 2835//945
v 5.452947 9.020000 -6.217894
v 5.312592 9.180000 -6.923505
v 5.452947 9.180000 -6.217894
vn 0.980785 0.000000 -0.195090
f 2836//946 2837//946 2838//946
v 5.234829 9.020000 -6.189178
v 5.234829 9.180000 -6.189178
v 5.100088 9.180000 -6.866565
vn -0.980785 0.000000 0.195090
f 2839//947 2840//947 2841//947
v 5.234829 9.020000 -6.189178
v 5.100088 9.180000 -6.866565
v 5.100088 9.020000 -6.866565
vn -0.980785 0.000000 0.195090
f 2842//948 2843//948 2844//948
v 5.312592 9.020000 -6.923505
v 5.452947 9.020000 -6.217894
v 5.234829 9.020000 -6.189178
vn 0.000000 -1.000000 0.000000
f 2845//949 2846//949 2847//949
v 5.312592 9.020000 -6.923505
v 5.234829 9.020000 -6.189178
v 5.100088 9.020000 -6.866565
vn 0.000000 -1.000000 0.000000
f 2848//950 2849//950 2850//950
v 5.452947 9.180000 -6.217894
v 5.312592 9.180000 -6.923505
v 5.100088 9.180000 -6.866565
vn 0.000000 1.000000 0.000000
f 2851//951 2852//951 2853//951
v 5.452947 9.180000 -6.217894
v 5.100088 9.180000 -6.866565
v 5.234829 9.180000 -6.189178
vn 0.000000 1.000000 0.000000
f 2854//952 2855//952 2856//952
v 5.312592 9.020000 -6.923505
v 5.081337 9.020000 -7.604759
v 5.081337 9.180000 -7.604759
vn 0.946930 0.000000 -0.321439
f 2857//953 2858//953 2859//953
v 5.312592 9.020000 -6.923505
v 5.081337 9.180000 -7.604759
v 5.312592 9.180000 -6.923505
vn 0.946930 0.000000 -0.321439
f 2860//954 2861//954 2862//954
v 5.100088 9.020000 -6.866565
v 5.100088 9.180000 -6.866565
v 4.878084 9.180000 -7.520569
vn -0.946930 0.000000 0.321439
f 2863//955 2864//955 2865//955
v 5.100088 9.020000 -6.866565
v 4.878084 9.180000 -7.520569
v 4.878084 9.020000 -7.520569
vn -0.946930 0.000000 0.321439
f 2866//956 2867//956 2868//956
v 5.081337 9.020000 -7.604759
v 5.312592 9.020000 -6.923505
v 5.100088 9.020000 -6.866565
vn 0.000000 -1.000000 0.000000
f 2869//957 2870//957 2871//957
v 5.081337 9.020000 -7.604759
v 5.100088 9.020000 -6.866565
v 4.878084 9.020000 -7.520569
vn 0.000000 -1.000000 0.000000
f 2872//958 2873//958 2874//958
v 5.312592 9.180000 -6.923505
v 5.081337 9.180000 -7.604759
v 4.878084 9.180000 -7.520569
vn 0.000000 1.000000 0.000000
f 2875//959 2876//959 2877//959
v 5.312592 9.180000 -6.923505
v 4.878084 9.180000 -7.520569
v 5.100088 9.180000 -6.866565
vn 0.000000 1.000000 0.000000
f 2878//960 2879//960 2880//960
v 5.081337 9.020000 -7.604759
v 4.763140 9.020000 -8.250000
v 4.763140 9.180000 -8.250000
vn 0.896873 0.000000 -0.442289
f 2881//961 2882//961 2883//961
v 5.081337 9.020000 -7.604759
v 4.763140 9.180000 -8.250000
v 5.081337 9.180000 -7.604759
vn 0.896873 0.000000 -0.442289
f 2884//962 2885//962 2886//962
v 4.878084 9.020000 -7.520569
v 4.878084 9.180000 -7.520569
v 4.572614 9.180000 -8.140000
vn -0.896873 0.000000 0.442289
f 2887//963 2888//963 2889//963
v 4.878084 9.020000 -7.520569
v 4.572614 9.180000 -8.140000
v 4.572614 9.020000 -8.140000
vn -0.896873 0.000000 0.442289
f 2890//964 2891//964 2892//964
v 4.763140 9.020000 -8.250000
v 5.081337 9.020000 -7.604759
v 4.878084 9.020000 -7.520569
vn 0.000000 -1.000000 0.000000
f 2893//965 2894//965 2895//965
v 4.763140 9.020000 -8.250000
v 4.878084 9.020000 -7.520569
v 4.572614 9.020000 -8.140000
vn 0.000000 -1.000000 0.000000
f 2896//966 2897//966 2898//966
v 5.081337 9.180000 -7.604759
v 4.763140 9.180000 -8.250000
v 4.572614 9.180000 -8.140000
vn 0.000000 1.000000 0.000000
f 2899//967 2900//967 2901//967
v 5.081337 9.180000 -7.604759
v 4.572614 9.180000 -8.140000
v 4.878084 9.180000 -7.520569
vn 0.000000 1.000000 0.000000
f 2902//968 2903//968 2904//968
v 4.763140 9.020000 -8.250000
v 4.363443 9.020000 -8.848188
v 4.363443 9.180000 -8.848188
vn 0.831470 0.000000 -0.555570
f 2905//969 2906//969 2907//969
v 4.763140 9.020000 -8.250000
v 4.363443 9.180000 -8.848188
v 4.763140 9.180000 -8.250000
vn 0.831470 0.000000 -0.555570
f 2908//970 2909//970 2910//970
v 4.572614 9.020000 -8.140000
v 4.572614 9.180000 -8.140000
v 4.188906 9.180000 -8.714260
vn -0.831470 0.000000 0.555570
f 2911//971 2912//971 2913//971
v 4.572614 9.020000 -8.140000
v 4.188906 9.180000 -8.714260
v 4.188906 9.020000 -8.714260
vn -0.831470 0.000000 0.555570
f 2914//972 2915//972 2916//972
v 4.363443 9.020000 -8.848188
v 4.763140 9.020000 -8.250000
v 4.572614 9.020000 -8.140000
vn 0.000000 -1.000000 0.000000
f 2917//973 2918//973 2919//973
v 4.363443 9.020000 -8.848188
v 4.572614 9.020000 -8.140000
v 4.188906 9.020000 -8.714260
vn 0.000000 -1.000000 0.000000
f 2920//974 2921//974 2922//974
v 4.763140 9.180000 -8.250000
v 4.363443 9.180000 -8.848188
v 4.188906 9.180000 -8.714260
vn 0.000000 1.000000 0.000000
f 2923//975 2924//975 2925//975
v 4.763140 9.180000 -8.250000
v 4.188906 9.180000 -8.714260
v 4.572614 9.180000 -8.140000
vn 0.000000 1.000000 0.000000
f 2926//976 2927//976 2928//976
v 4.363443 9.020000 -8.848188
v 3.889087 9.020000 -9.389087
v 3.889087 9.180000 -9.389087
vn 0.751840 0.000000 -0.659346
f 2929//977 2930//977 2931//977
v 4.363443 9.020000 -8.848188
v 3.889087 9.180000 -9.389087
v 4.363443 9.180000 -8.848188
vn 0.751840 0.000000 -0.659346
f 2932//978 2933//978 2934//978
v 4.188906 9.020000 -8.714260
v 4.188906 9.180000 -8.714260
v 3.733524 9.180000 -9.233524
vn -0.751840 0.000000 0.659346
f 2935//979 2936//979 2937//979
v 4.188906 9.020000 -8.714260
v 3.733524 9.180000 -9.233524
v 3.733524 9.020000 -9.233524
vn -0.751840 0.000000 0.659346
f 2938//980 2939//980 2940//980
v 3.889087 9.020000 -9.389087
v 4.363443 9.020000 -8.848188
v 4.188906 9.020000 -8.714260
vn 0.000000 -1.000000 0.000000
f 2941//981 2942//981 2943//981
v 3.889087 9.020000 -9.389087
v 4.188906 9.020000 -8.714260
v 3.733524 9.020000 -9.233524
vn 0.000000 -1.000000 0.000000
f 2944//982 2945//982 2946//982
v 4.363443 9.180000 -8.848188
v 3.889087 9.180000 -9.389087
v 3.733524 9.180000 -9.233524
vn 0.000000 1.000000 0.000000
f 2947//983 2948//983 2949//983
v 4.363443 9.180000 -8.848188
v 3.733524 9.180000 -9.233524
v 4.188906 9.180000 -8.714260
vn 0.000000 1.000000 0.000000
f 2950//984 2951//984 2952//984
v 3.889087 9.020000 -9.389087
v 3.348188 9.020000 -9.863443
v 3.348188 9.180000 -9.863443
vn 0.659346 0.000000 -0.751840
f 2953//985 2954//985 2955//985
v 3.889087 9.020000 -9.389087
v 3.348188 9.180000 -9.863443
v 3.889087 9.180000 -9.389087
vn 0.659346 0.000000 -0.751840
f 2956//986 2957//986 2958//986
v 3.733524 9.020000 -9.233524
v 3.733524 9.180000 -9.233524
v 3.214260 9.180000 -9.688906
vn -0.659346 0.000000 0.751840
f 2959//987 2960//987 2961//987
v 3.733524 9.020000 -9.233524
v 3.214260 9.180000 -9.688906
v 3.214260 9.020000 -9.688906
vn -0.659346 0.000000 0.751840
f 2962//988 2963//988 2964//988
v 3.348188 9.020000 -9.863443
v 3.889087 9.020000 -9.389087
v 3.733524 9.020000 -9.233524
vn 0.000000 -1.000000 0.000000
f 2965//989 2966//989 2967//989
v 3.348188 9.020000 -9.863443
v 3.733524 9.020000 -9.233524
v 3.214260 9.020000 -9.688906
vn 0.000000 -1.000000 0.000000
f 2968//990 2969//990 2970//990
v 3.889087 9.180000 -9.389087
v 3.348188 9.180000 -9.863443
v 3.214260 9.180000 -9.688906
vn 0.000000 1.000000 0.000000
f 2971//991 2972//991 2973//991
v 3.889087 9.180000 -9.389087
v 3.214260 9.180000 -9.688906
v 3.733524 9.180000 -9.233524
vn 0.000000 1.000000 0.000000
f 2974//992 2975//992 2976//992
v 3.348188 9.020000 -9.863443
v 2.750000 9.020000 -10.263140
v 2.750000 9.180000 -10.263140
vn 0.555570 0.000000 -0.831470
f 2977//993 2978//993 2979//993
v 3.348188 9.020000 -9.863443
v 2.750000 9.180000 -10.263140
v 3.348188 9.180000 -9.863443
vn 0.555570 0.000000 -0.831470
f 2980//994 2981//994 2982//994
v 3.214260 9.020000 -9.688906
v 3.214260 9.180000 -9.688906
v 2.640000 9.180000 -10.072614
vn -0.555570 0.000000 0.831470
f 2983//995 2984//995 2985//995
v 3.214260 9.020000 -9.688906
v 2.640000 9.180000 -10.072614
v 2.640000 9.020000 -10.072614
vn -0.555570 0.000000 0.831470
f 2986//996 2987//996 2988//996
v 2.750000 9.020000 -10.263140
v 3.348188 9.020000 -9.863443
v 3.214260 9.020000 -9.688906
vn 0.000000 -1.000000 0.000000
f 2989//997 2990//997 2991//997
v 2.750000 9.020000 -10.263140
v 3.214260 9.020000 -9.688906
v 2.640000 9.020000 -10.072614
vn 0.000000 -1.000000 0.000000
f 2992//998 2993//998 2994//998
v 3.348188 9.180000 -9.863443
v 2.750000 9.180000 -10.263140
v 2.640000 9.180000 -10.072614
vn 0.000000 1.000000 0.000000
f 2995//999 2996//999 2997//999
v 3.348188 9.180000 -9.863443
v 2.640000 9.180000 -10.072614
v 3.214260 9.180000 -9.688906
vn 0.000000 1.000000 0.000000
f 2998//1000 2999//1000 3000//1000
v 2.750000 9.020000 -10.263140
v 2.104759 9.020000 -10.581337
v 2.104759 9.180000 -10.581337
vn 0.442289 0.000000 -0.896873
f 3001//1001 3002//1001 3003//1001
v 2.750000 9.020000 -10.263140
v 2.104759 9.180000 -10.581337
v 2.750000 9.180000 -10.263140
vn 0.442289 0.000000 -0.896873
f 3004//1002 3005//1002 3006//1002
v 2.640000 9.020000 -10.072614
v 2.640000 9.180000 -10.072614
v 2.020569 9.180000 -10.378084
vn -0.442289 0.000000 0.896873
f 3007//1003 3008//1003 3009//1003
v 2.640000 9.020000 -10.072614
v 2.020569 9.180000 -10.378084
v 2.020569 9.020000 -10.378084
vn -0.442289 0.000000 0.896873
f 3010//1004 3011//1004 3012//1004
v 2.104759 9.020000 -10.581337
v 2.750000 9.020000 -10.263140
v 2.640000 9.020000 -10.072614
vn 0.000000 -1.000000 0.000000
f 3013//1005 3014//1005 3015//1005
v 2.104759 9.020000 -10.581337
v 2.640000 9.020000 -10.072614
v 2.020569 9.020000 -10.378084
vn 0.000000 -1.000000 0.000000
f 3016//1006 3017//1006 3018//1006
v 2.750000 9.180000 -10.263140
v 2.104759 9.180000 -10.581337
v 2.020569 9.180000 -10.378084
vn 0.000000 1.000000 0.000000
f 3019//1007 3020//1007 3021//1007
v 2.750000 9.180000 -10.263140
v 2.020569 9.180000 -10.378084
v 2.640000 9.180000 -10.072614
vn 0.000000 1.000000 0.000000
f 3022//1008 3023//1008 3024//1008
v 2.104759 9.020000 -10.581337
v 1.423505 9.020000 -10.812592
v 1.423505 9.180000 -10.812592
vn 0.321439 0.000000 -0.946930
f 3025//1009 3026//1009 3027//1009
v 2.104759 9.020000 -10.581337
v 1.423505 9.180000 -10.812592
v 2.104759 9.180000 -10.581337
vn 0.321439 0.000000 -0.946930
f 3028//1010 3029//1010 3030//1010
v 2.020569 9.020000 -10.378084
v 2.020569 9.180000 -10.378084
v 1.366565 9.180000 -10.600088
vn -0.321439 0.000000 0.946930
f 3031//1011 3032//1011 3033//1011
v 2.020569 9.020000 -10.378084
v 1.366565 9.180000 -10.600088
v 1.366565 9.020000 -10.600088
vn -0.321439 0.000000 0.946930
f 3034//1012 3035//1012 3036//1012
v 1.423505 9.020000 -10.812592
v 2.104759 9.020000 -10.581337
v 2.020569 9.020000 -10.378084
vn 0.000000 -1.000000 0.000000
f 3037//1013 3038//1013 3039//1013
v 1.423505 9.020000 -10.812592
v 2.020569 9.020000 -10.378084
v 1.366565 9.020000 -10.600088
vn 0.000000 -1.000000 0.000000
f 3040//1014 3041//1014 3042//1014
v 2.104759 9.180000 -10.581337
v 1.423505 9.180000 -10.812592
v 1.366565 9.180000 -10.600088
vn 0.000000 1.000000 0.000000
f 3043//1015 3044//1015 3045//1015
v 2.104759 9.180000 -10.581337
v 1.366565 9.180000 -10.600088
v 2.020569 9.180000 -10.378084
vn 0.000000 1.000000 0.000000
f 3046//1016 3047//1016 3048//1016
v 1.423505 9.020000 -10.812592
v 0.717894 9.020000 -10.952947
v 0.717894 9.180000 -10.952947
vn 0.195090 0.000000 -0.980785
f 3049//1017 3050//1017 3051//1017
v 1.423505 9.020000 -10.812592
v 0.717894 9.180000 -10.952947
v 1.423505 9.180000 -10.812592
vn 0.195090 0.000000 -0.980785
f 3052//1018 3053//1018 3054//1018
v 1.366565 9.020000 -10.600088
v 1.366565 9.180000 -10.600088
v 0.689178 9.180000 -10.734829
vn -0.195090 0.000000 0.980785
f 3055//1019 3056//1019 3057//1019
v 1.366565 9.020000 -10.600088
v 0.689178 9.180000 -10.734829
v 0.689178 9.020000 -10.734829
vn -0.195090 0.000000 0.980785
f 3058//1020 3059//1020 3060//1020
v 0.717894 9.020000 -10.952947
v 1.423505 9.020000 -10.812592
v 1.366565 9.020000 -10.600088
vn 0.000000 -1.000000 0.000000
f 3061//1021 3062//1021 3063//1021
v 0.717894 9.020000 -10.952947
v 1.366565 9.020000 -10.600088
v 0.689178 9.020000 -10.734829
vn 0.000000 -1.000000 0.000000
f 3064//1022 3065//1022 3066//1022
v 1.423505 9.180000 -10.812592
v 0.717894 9.180000 -10.952947
v 0.689178 9.180000 -10.734829
vn 0.000000 1.000000 0.000000
f 3067//1023 3068//1023 3069//1023
v 1.423505 9.180000 -10.812592
v 0.689178 9.180000 -10.734829
v 1.366565 9.180000 -10.600088
vn 0.000000 1.000000 0.000000
f 3070//1024 3071//1024 3072//1024
v 0.717894 9.020000 -10.952947
v 0.000000 9.020000 -11.000000
v 0.000000 9.180000 -11.000000
vn 0.065403 0.000000 -0.997859
f 3073//1025 3074//1025 3075//1025
v 0.717894 9.020000 -10.952947
v 0.000000 9.180000 -11.000000
v 0.717894 9.180000 -10.952947
vn 0.065403 0.000000 -0.997859
f 3076//1026 3077//1026 3078//1026
v 0.689178 9.020000 -10.734829
v 0.689178 9.180000 -10.734829
v 0.000000 9.180000 -10.780000
vn -0.065403 0.000000 0.997859
f 3079//1027 3080//1027 3081//1027
v 0.689178 9.020000 -10.734829
v 0.000000 9.180000 -10.780000
v 0.000000 9.020000 -10.780000
vn -0.065403 0.000000 0.997859
f 3082//1028 3083//1028 3084//1028
v 0.000000 9.020000 -11.000000
v 0.717894 9.020000 -10.952947
v 0.689178 9.020000 -10.734829
vn 0.000000 -1.000000 0.000000
f 3085//1029 3086//1029 3087//1029
v 0.000000 9.020000 -11.000000
v 0.689178 9.020000 -10.734829
v 0.000000 9.020000 -10.780000
vn 0.000000 -1.000000 0.000000
f 3088//1030 3089//1030 3090//1030
v 0.717894 9.180000 -10.952947
v 0.000000 9.180000 -11.000000
v 0.000000 9.180000 -10.780000
vn 0.000000 1.000000 0.000000
f 3091//1031 3092//1031 3093//1031
v 0.717894 9.180000 -10.952947
v 0.000000 9.180000 -10.780000
v 0.689178 9.180000 -10.734829
vn 0.000000 1.000000 0.000000
f 3094//1032 3095//1032 3096//1032
v 5.351050 9.054361 -5.440000
v 5.351050 9.054361 -5.560000
v 5.428950 9.145639 -5.560000
vn 0.760649 -0.649163 0.000000
f 3097//1033 3098//1033 3099//1033
v 5.351050 9.054361 -5.440000
v 5.428950 9.145639 -5.560000
v 5.428950 9.145639 -5.440000
vn 0.760649 -0.649163 0.000000
f 3100//1034 3101//1034 3102//1034
v 2.733950 11.445639 -5.440000
v 2.733950 11.445639 -5.560000
v 2.656050 11.354361 -5.560000
vn -0.760649 0.649163 0.000000
f 3103//1035 3104//1035 3105//1035
v 2.733950 11.445639 -5.440000
v 2.656050 11.354361 -5.560000
v 2.656050 11.354361 -5.440000
vn -0.760649 0.649163 0.000000
f 3106//1036 3107//1036 3108//1036
v 5.428950 9.145639 -5.440000
v 5.428950 9.145639 -5.560000
v 2.733950 11.445639 -5.560000
vn 0.649163 0.760649 0.000000
f 3109//1037 3110//1037 3111//1037
v 5.428950 9.145639 -5.440000
v 2.733950 11.445639 -5.560000
v 2.733950 11.445639 -5.440000
vn 0.649163 0.760649 0.000000
f 3112//1038 3113//1038 3114//1038
v 5.428950 9.145639 -5.560000
v 5.351050 9.054361 -5.560000
v 2.656050 11.354361 -5.560000
vn -0.000000 0.000000 -1.000000
f 3115//1039 3116//1039 3117//1039
v 5.428950 9.145639 -5.560000
v 2.656050 11.354361 -5.560000
v 2.733950 11.445639 -5.560000
vn 0.000000 0.000000 -1.000000
f 3118//1040 3119//1040 3120//1040
v 5.351050 9.054361 -5.560000
v 5.351050 9.054361 -5.440000
v 2.656050 11.354361 -5.440000
vn -0.649163 -0.760649 0.000000
f 3121//1041 3122//1041 3123//1041
v 5.351050 9.054361 -5.560000
v 2.656050 11.354361 -5.440000
v 2.656050 11.354361 -5.560000
vn -0.649163 -0.760649 0.000000
f 3124//1042 3125//1042 3126//1042
v 5.351050 9.054361 -5.440000
v 5.428950 9.145639 -5.440000
v 2.733950 11.445639 -5.440000
vn 0.000000 -0.000000 1.000000
f 3127//1043 3128//1043 3129//1043
v 5.351050 9.054361 -5.440000
v 2.733950 11.445639 -5.440000
v 2.656050 11.354361 -5.440000
vn 0.000000 0.000000 1.000000
f 3130//1044 3131//1044 3132//1044
v 4.604145 9.054361 -2.772513
v 4.664145 9.054361 -2.876436
v 4.731608 9.145639 -2.837487
vn 0.658742 -0.649163 0.380325
f 3133//1045 3134//1045 3135//1045
v 4.604145 9.054361 -2.772513
v 4.731608 9.145639 -2.837487
v 4.671608 9.145639 -2.733564
vn 0.658742 -0.649163 0.380325
f 3136//1046 3137//1046 3138//1046
v 2.337670 11.445639 -4.081064
v 2.397670 11.445639 -4.184987
v 2.330207 11.354361 -4.223936
vn -0.658742 0.649163 -0.380325
f 3139//1047 3140//1047 3141//1047
v 2.337670 11.445639 -4.081064
v 2.330207 11.354361 -4.223936
v 2.270207 11.354361 -4.120013
vn -0.658742 0.649163 -0.380325
f 3142//1048 3143//1048 3144//1048
v 4.671608 9.145639 -2.733564
v 4.731608 9.145639 -2.837487
v 2.397670 11.445639 -4.184987
vn 0.562191 0.760649 0.324581
f 3145//1049 3146//1049 3147//1049
v 4.671608 9.145639 -2.733564
v 2.397670 11.445639 -4.184987
v 2.337670 11.445639 -4.081064
vn 0.562191 0.760649 0.324581
f 3148//1050 3149//1050 3150//1050
v 4.731608 9.145639 -2.837487
v 4.664145 9.054361 -2.876436
v 2.330207 11.354361 -4.223936
vn 0.500000 -0.000000 -0.866025
f 3151//1051 3152//1051 3153//1051
v 4.731608 9.145639 -2.837487
v 2.330207 11.354361 -4.223936
v 2.397670 11.445639 -4.184987
vn 0.500000 0.000000 -0.866025
f 3154//1052 3155//1052 3156//1052
v 4.664145 9.054361 -2.876436
v 4.604145 9.054361 -2.772513
v 2.270207 11.354361 -4.120013
vn -0.562191 -0.760649 -0.324581
f 3157//1053 3158//1053 3159//1053
v 4.664145 9.054361 -2.876436
v 2.270207 11.354361 -4.120013
v 2.330207 11.354361 -4.223936
vn -0.562191 -0.760649 -0.324581
f 3160//1054 3161//1054 3162//1054
v 4.604145 9.054361 -2.772513
v 4.671608 9.145639 -2.733564
v 2.337670 11.445639 -4.081064
vn -0.500000 0.000000 0.866025
f 3163//1055 3164//1055 3165//1055
v 4.604145 9.054361 -2.772513
v 2.337670 11.445639 -4.081064
v 2.270207 11.354361 -4.120013
vn -0.500000 -0.000000 0.866025
f 3166//1056 3167//1056 3168//1056
v 2.623564 9.054361 -0.835855
v 2.727487 9.054361 -0.895855
v 2.766436 9.145639 -0.828392
vn 0.380325 -0.649163 0.658742
f 3169//1057 3170//1057 3171//1057
v 2.623564 9.054361 -0.835855
v 2.766436 9.145639 -0.828392
v 2.662513 9.145639 -0.768392
vn 0.380325 -0.649163 0.658742
f 3172//1058 3173//1058 3174//1058
v 1.315013 11.445639 -3.102330
v 1.418936 11.445639 -3.162330
v 1.379987 11.354361 -3.229793
vn -0.380325 0.649163 -0.658742
f 3175//1059 3176//1059 3177//1059
v 1.315013 11.445639 -3.102330
v 1.379987 11.354361 -3.229793
v 1.276064 11.354361 -3.169793
vn -0.380325 0.649163 -0.658742
f 3178//1060 3179//1060 3180//1060
v 2.662513 9.145639 -0.768392
v 2.766436 9.145639 -0.828392
v 1.418936 11.445639 -3.162330
vn 0.324581 0.760649 0.562191
f 3181//1061 3182//1061 3183//1061
v 2.662513 9.145639 -0.768392
v 1.418936 11.445639 -3.162330
v 1.315013 11.445639 -3.102330
vn 0.324581 0.760649 0.562191
f 3184//1062 3185//1062 3186//1062
v 2.766436 9.145639 -0.828392
v 2.727487 9.054361 -0.895855
v 1.379987 11.354361 -3.229793
vn 0.866025 0.000000 -0.500000
f 3187//1063 3188//1063 3189//1063
v 2.766436 9.145639 -0.828392
v 1.379987 11.354361 -3.229793
v 1.418936 11.445639 -3.162330
vn 0.866025 -0.000000 -0.500000
f 3190//1064 3191//1064 3192//1064
v 2.727487 9.054361 -0.895855
v 2.623564 9.054361 -0.835855
v 1.276064 11.354361 -3.169793
vn -0.324581 -0.760649 -0.562191
f 3193//1065 3194//1065 3195//1065
v 2.727487 9.054361 -0.895855
v 1.276064 11.354361 -3.169793
v 1.379987 11.354361 -3.229793
vn -0.324581 -0.760649 -0.562191
f 3196//1066 3197//1066 3198//1066
v 2.623564 9.054361 -0.835855
v 2.662513 9.145639 -0.768392
v 1.315013 11.445639 -3.102330
vn -0.866025 -0.000000 0.500000
f 3199//1067 3200//1067 3201//1067
v 2.623564 9.054361 -0.835855
v 1.315013 11.445639 -3.102330
v 1.276064 11.354361 -3.169793
vn -0.866025 0.000000 0.500000
f 3202//1068 3203//1068 3204//1068
v -0.060000 9.054361 -0.148950
v 0.060000 9.054361 -0.148950
v 0.060000 9.145639 -0.071050
vn 0.000000 -0.649163 0.760649
f 3205//1069 3206//1069 3207//1069
v -0.060000 9.054361 -0.148950
v 0.060000 9.145639 -0.071050
v -0.060000 9.145639 -0.071050
vn 0.000000 -0.649163 0.760649
f 3208//1070 3209//1070 3210//1070
v -0.060000 11.445639 -2.766050
v 0.060000 11.445639 -2.766050
v 0.060000 11.354361 -2.843950
vn 0.000000 0.649163 -0.760649
f 3211//1071 3212//1071 3213//1071
v -0.060000 11.445639 -2.766050
v 0.060000 11.354361 -2.843950
v -0.060000 11.354361 -2.843950
vn 0.000000 0.649163 -0.760649
f 3214//1072 3215//1072 3216//1072
v -0.060000 9.145639 -0.071050
v 0.060000 9.145639 -0.071050
v 0.060000 11.445639 -2.766050
vn 0.000000 0.760649 0.649163
f 3217//1073 3218//1073 3219//1073
v -0.060000 9.145639 -0.071050
v 0.060000 11.445639 -2.766050
v -0.060000 11.445639 -2.766050
vn 0.000000 0.760649 0.649163
f 3220//1074 3221//1074 3222//1074
v 0.060000 9.145639 -0.071050
v 0.060000 9.054361 -0.148950
v 0.060000 11.354361 -2.843950
vn 1.000000 0.000000 -0.000000
f 3223//1075 3224//1075 3225//1075
v 0.060000 9.145639 -0.071050
v 0.060000 11.354361 -2.843950
v 0.060000 11.445639 -2.766050
vn 1.000000 0.000000 -0.000000
f 3226//1076 3227//1076 3228//1076
v 0.060000 9.054361 -0.148950
v -0.060000 9.054361 -0.148950
v -0.060000 11.354361 -2.843950
vn -0.000000 -0.760649 -0.649163
f 3229//1077 3230//1077 3231//1077
v 0.060000 9.054361 -0.148950
v -0.060000 11.354361 -2.843950
v 0.060000 11.354361 -2.843950
vn 0.000000 -0.760649 -0.649163
f 3232//1078 3233//1078 3234//1078
v -0.060000 9.054361 -0.148950
v -0.060000 9.145639 -0.071050
v -0.060000 11.445639 -2.766050
vn -1.000000 -0.000000 0.000000
f 3235//1079 3236//1079 3237//1079
v -0.060000 9.054361 -0.148950
v -0.060000 11.445639 -2.766050
v -0.060000 11.354361 -2.843950
vn -1.000000 -0.000000 0.000000
f 3238//1080 3239//1080 3240//1080
v -2.727487 9.054361 -0.895855
v -2.623564 9.054361 -0.835855
v -2.662513 9.145639 -0.768392
vn -0.380325 -0.649163 0.658742
f 3241//1081 3242//1081 3243//1081
v -2.727487 9.054361 -0.895855
v -2.662513 9.145639 -0.768392
v -2.766436 9.145639 -0.828392
vn -0.380325 -0.649163 0.658742
f 3244//1082 3245//1082 3246//1082
v -1.418936 11.445639 -3.162330
v -1.315013 11.445639 -3.102330
v -1.276064 11.354361 -3.169793
vn 0.380325 0.649163 -0.658742
f 3247//1083 3248//1083 3249//1083
v -1.418936 11.445639 -3.162330
v -1.276064 11.354361 -3.169793
v -1.379987 11.354361 -3.229793
vn 0.380325 0.649163 -0.658742
f 3250//1084 3251//1084 3252//1084
v -2.766436 9.145639 -0.828392
v -2.662513 9.145639 -0.768392
v -1.315013 11.445639 -3.102330
vn -0.324581 0.760649 0.562191
f 3253//1085 3254//1085 3255//1085
v -2.766436 9.145639 -0.828392
v -1.315013 11.445639 -3.102330
v -1.418936 11.445639 -3.162330
vn -0.324581 0.760649 0.562191
f 3256//1086 3257//1086 3258//1086
v -2.662513 9.145639 -0.768392
v -2.623564 9.054361 -0.835855
v -1.276064 11.354361 -3.169793
vn 0.866025 -0.000000 0.500000
f 3259//1087 3260//1087 3261//1087
v -2.662513 9.145639 -0.768392
v -1.276064 11.354361 -3.169793
v -1.315013 11.445639 -3.102330
vn 0.866025 0.000000 0.500000
f 3262//1088 3263//1088 3264//1088
v -2.623564 9.054361 -0.835855
v -2.727487 9.054361 -0.895855
v -1.379987 11.354361 -3.229793
vn 0.324581 -0.760649 -0.562191
f 3265//1089 3266//1089 3267//1089
v -2.623564 9.054361 -0.835855
v -1.379987 11.354361 -3.229793
v -1.276064 11.354361 -3.169793
vn 0.324581 -0.760649 -0.562191
f 3268//1090 3269//1090 3270//1090
v -2.727487 9.054361 -0.895855
v -2.766436 9.145639 -0.828392
v -1.418936 11.445639 -3.162330
vn -0.866025 0.000000 -0.500000
f 3271//1091 3272//1091 3273//1091
v -2.727487 9.054361 -0.895855
v -1.418936 11.445639 -3.162330
v -1.379987 11.354361 -3.229793
vn -0.866025 0.000000 -0.500000
f 3274//1092 3275//1092 3276//1092
v -4.664145 9.054361 -2.876436
v -4.604145 9.054361 -2.772513
v -4.671608 9.145639 -2.733564
vn -0.658742 -0.649163 0.380325
f 3277//1093 3278//1093 3279//1093
v -4.664145 9.054361 -2.876436
v -4.671608 9.145639 -2.733564
v -4.731608 9.145639 -2.837487
vn -0.658742 -0.649163 0.380325
f 3280//1094 3281//1094 3282//1094
v -2.397670 11.445639 -4.184987
v -2.337670 11.445639 -4.081064
v -2.270207 11.354361 -4.120013
vn 0.658742 0.649163 -0.380325
f 3283//1095 3284//1095 3285//1095
v -2.397670 11.445639 -4.184987
v -2.270207 11.354361 -4.120013
v -2.330207 11.354361 -4.223936
vn 0.658742 0.649163 -0.380325
f 3286//1096 3287//1096 3288//1096
v -4.731608 9.145639 -2.837487
v -4.671608 9.145639 -2.733564
v -2.337670 11.445639 -4.081064
vn -0.562191 0.760649 0.324581
f 3289//1097 3290//1097 3291//1097
v -4.731608 9.145639 -2.837487
v -2.337670 11.445639 -4.081064
v -2.397670 11.445639 -4.184987
vn -0.562191 0.760649 0.324581
f 3292//1098 3293//1098 3294//1098
v -4.671608 9.145639 -2.733564
v -4.604145 9.054361 -2.772513
v -2.270207 11.354361 -4.120013
vn 0.500000 0.000000 0.866025
f 3295//1099 3296//1099 3297//1099
v -4.671608 9.145639 -2.733564
v -2.270207 11.354361 -4.120013
v -2.337670 11.445639 -4.081064
vn 0.500000 -0.000000 0.866025
f 3298//1100 3299//1100 3300//1100
v -4.604145 9.054361 -2.772513
v -4.664145 9.054361 -2.876436
v -2.330207 11.354361 -4.223936
vn 0.562191 -0.760649 -0.324581
f 3301//1101 3302//1101 3303//1101
v -4.604145 9.054361 -2.772513
v -2.330207 11.354361 -4.223936
v -2.270207 11.354361 -4.120013
vn 0.562191 -0.760649 -0.324581
f 3304//1102 3305//1102 3306//1102
v -4.664145 9.054361 -2.876436
v -4.731608 9.145639 -2.837487
v -2.397670 11.445639 -4.184987
vn -0.500000 -0.000000 -0.866025
f 3307//1103 3308//1103 3309//1103
v -4.664145 9.054361 -2.876436
v -2.397670 11.445639 -4.184987
v -2.330207 11.354361 -4.223936
vn -0.500000 0.000000 -0.866025
f 3310//1104 3311//1104 3312//1104
v -5.351050 9.054361 -5.560000
v -5.351050 9.054361 -5.440000
v -5.428950 9.145639 -5.440000
vn -0.760649 -0.649163 0.000000
f 3313//1105 3314//1105 3315//1105
v -5.351050 9.054361 -5.560000
v -5.428950 9.145639 -5.440000
v -5.428950 9.145639 -5.560000
vn -0.760649 -0.649163 0.000000
f 3316//1106 3317//1106 3318//1106
v -2.733950 11.445639 -5.560000
v -2.733950 11.445639 -5.440000
v -2.656050 11.354361 -5.440000
vn 0.760649 0.649163 -0.000000
f 3319//1107 3320//1107 3321//1107
v -2.733950 11.445639 -5.560000
v -2.656050 11.354361 -5.440000
v -2.656050 11.354361 -5.560000
vn 0.760649 0.649163 0.000000
f 3322//1108 3323//1108 3324//1108
v -5.428950 9.145639 -5.560000
v -5.428950 9.145639 -5.440000
v -2.733950 11.445639 -5.440000
vn -0.649163 0.760649 0.000000
f 3325//1109 3326//1109 3327//1109
v -5.428950 9.145639 -5.560000
v -2.733950 11.445639 -5.440000
v -2.733950 11.445639 -5.560000
vn -0.649163 0.760649 0.000000
f 3328//1110 3329//1110 3330//1110
v -5.428950 9.145639 -5.440000
v -5.351050 9.054361 -5.440000
v -2.656050 11.354361 -5.440000
vn 0.000000 0.000000 1.000000
f 3331//1111 3332//1111 3333//1111
v -5.428950 9.145639 -5.440000
v -2.656050 11.354361 -5.440000
v -2.733950 11.445639 -5.440000
vn 0.000000 0.000000 1.000000
f 3334//1112 3335//1112 3336//1112
v -5.351050 9.054361 -5.440000
v -5.351050 9.054361 -5.560000
v -2.656050 11.354361 -5.560000
vn 0.649163 -0.760649 0.000000
f 3337//1113 3338//1113 3339//1113
v -5.351050 9.054361 -5.440000
v -2.656050 11.354361 -5.560000
v -2.656050 11.354361 -5.440000
vn 0.649163 -0.760649 0.000000
f 3340//1114 3341//1114 3342//1114
v -5.351050 9.054361 -5.560000
v -5.428950 9.145639 -5.560000
v -2.733950 11.445639 -5.560000
vn -0.000000 -0.000000 -1.000000
f 3343//1115 3344//1115 3345//1115
v -5.351050 9.054361 -5.560000
v -2.733950 11.445639 -5.560000
v -2.656050 11.354361 -5.560000
vn -0.000000 -0.000000 -1.000000
f 3346//1116 3347//1116 3348//1116
v -4.604145 9.054361 -8.227487
v -4.664145 9.054361 -8.123564
v -4.731608 9.145639 -8.162513
vn -0.658742 -0.649163 -0.380325
f 3349//1117 3350//1117 3351//1117
v -4.604145 9.054361 -8.227487
v -4.731608 9.145639 -8.162513
v -4.671608 9.145639 -8.266436
vn -0.658742 -0.649163 -0.380325
f 3352//1118 3353//1118 3354//1118
v -2.337670 11.445639 -6.918936
v -2.397670 11.445639 -6.815013
v -2.330207 11.354361 -6.776064
vn 0.658742 0.649163 0.380325
f 3355//1119 3356//1119 3357//1119
v -2.337670 11.445639 -6.918936
v -2.330207 11.354361 -6.776064
v -2.270207 11.354361 -6.879987
vn 0.658742 0.649163 0.380325
f 3358//1120 3359//1120 3360//1120
v -4.671608 9.145639 -8.266436
v -4.731608 9.145639 -8.162513
v -2.397670 11.445639 -6.815013
vn -0.562191 0.760649 -0.324581
f 3361//1121 3362//1121 3363//1121
v -4.671608 9.145639 -8.266436
v -2.397670 11.445639 -6.815013
v -2.337670 11.445639 -6.918936
vn -0.562191 0.760649 -0.324581
f 3364//1122 3365//1122 3366//1122
v -4.731608 9.145639 -8.162513
v -4.664145 9.054361 -8.123564
v -2.330207 11.354361 -6.776064
vn -0.500000 0.000000 0.866025
f 3367//1123 3368//1123 3369//1123
v -4.731608 9.145639 -8.162513
v -2.330207 11.354361 -6.776064
v -2.397670 11.445639 -6.815013
vn -0.500000 0.000000 0.866025
f 3370//1124 3371//1124 3372//1124
v -4.664145 9.054361 -8.123564
v -4.604145 9.054361 -8.227487
v -2.270207 11.354361 -6.879987
vn 0.562191 -0.760649 0.324581
f 3373//1125 3374//1125 3375//1125
v -4.664145 9.054361 -8.123564
v -2.270207 11.354361 -6.879987
v -2.330207 11.354361 -6.776064
vn 0.562191 -0.760649 0.324581
f 3376//1126 3377//1126 3378//1126
v -4.604145 9.054361 -8.227487
v -4.671608 9.145639 -8.266436
v -2.337670 11.445639 -6.918936
vn 0.500000 -0.000000 -0.866025
f 3379//1127 3380//1127 3381//1127
v -4.604145 9.054361 -8.227487
v -2.337670 11.445639 -6.918936
v -2.270207 11.354361 -6.879987
vn 0.500000 0.000000 -0.866025
f 3382//1128 3383//1128 3384//1128
v -2.623564 9.054361 -10.164145
v -2.727487 9.054361 -10.104145
v -2.766436 9.145639 -10.171608
vn -0.380325 -0.649163 -0.658742
f 3385//1129 3386//1129 3387//1129
v -2.623564 9.054361 -10.164145
v -2.766436 9.145639 -10.171608
v -2.662513 9.145639 -10.231608
vn -0.380325 -0.649163 -0.658742
f 3388//1130 3389//1130 3390//1130
v -1.315013 11.445639 -7.897670
v -1.418936 11.445639 -7.837670
v -1.379987 11.354361 -7.770207
vn 0.380325 0.649163 0.658742
f 3391//1131 3392//1131 3393//1131
v -1.315013 11.445639 -7.897670
v -1.379987 11.354361 -7.770207
v -1.276064 11.354361 -7.830207
vn 0.380325 0.649163 0.658742
f 3394//1132 3395//1132 3396//1132
v -2.662513 9.145639 -10.231608
v -2.766436 9.145639 -10.171608
v -1.418936 11.445639 -7.837670
vn -0.324581 0.760649 -0.562191
f 3397//1133 3398//1133 3399//1133
v -2.662513 9.145639 -10.231608
v -1.418936 11.445639 -7.837670
v -1.315013 11.445639 -7.897670
vn -0.324581 0.760649 -0.562191
f 3400//1134 3401//1134 3402//1134
v -2.766436 9.145639 -10.171608
v -2.727487 9.054361 -10.104145
v -1.379987 11.354361 -7.770207
vn -0.866025 -0.000000 0.500000
f 3403//1135 3404//1135 3405//1135
v -2.766436 9.145639 -10.171608
v -1.379987 11.354361 -7.770207
v -1.418936 11.445639 -7.837670
vn -0.866025 0.000000 0.500000
f 3406//1136 3407//1136 3408//1136
v -2.727487 9.054361 -10.104145
v -2.623564 9.054361 -10.164145
v -1.276064 11.354361 -7.830207
vn 0.324581 -0.760649 0.562191
f 3409//1137 3410//1137 3411//1137
v -2.727487 9.054361 -10.104145
v -1.276064 11.354361 -7.830207
v -1.379987 11.354361 -7.770207
vn 0.324581 -0.760649 0.562191
f 3412//1138 3413//1138 3414//1138
v -2.623564 9.054361 -10.164145
v -2.662513 9.145639 -10.231608
v -1.315013 11.445639 -7.897670
vn 0.866025 0.000000 -0.500000
f 3415//1139 3416//1139 3417//1139
v -2.623564 9.054361 -10.164145
v -1.315013 11.445639 -7.897670
v -1.276064 11.354361 -7.830207
vn 0.866025 0.000000 -0.500000
f 3418//1140 3419//1140 3420//1140
v 0.060000 9.054361 -10.851050
v -0.060000 9.054361 -10.851050
v -0.060000 9.145639 -10.928950
vn -0.000000 -0.649163 -0.760649
f 3421//1141 3422//1141 3423//1141
v 0.060000 9.054361 -10.851050
v -0.060000 9.145639 -10.928950
v 0.060000 9.145639 -10.928950
vn 0.000000 -0.649163 -0.760649
f 3424//1142 3425//1142 3426//1142
v 0.060000 11.445639 -8.233950
v -0.060000 11.445639 -8.233950
v -0.060000 11.354361 -8.156050
vn 0.000000 0.649163 0.760649
f 3427//1143 3428//1143 3429//1143
v 0.060000 11.445639 -8.233950
v -0.060000 11.354361 -8.156050
v 0.060000 11.354361 -8.156050
vn 0.000000 0.649163 0.760649
f 3430//1144 3431//1144 3432//1144
v 0.060000 9.145639 -10.928950
v -0.060000 9.145639 -10.928950
v -0.060000 11.445639 -8.233950
vn 0.000000 0.760649 -0.649163
f 3433//1145 3434//1145 3435//1145
v 0.060000 9.145639 -10.928950
v -0.060000 11.445639 -8.233950
v 0.060000 11.445639 -8.233950
vn 0.000000 0.760649 -0.649163
f 3436//1146 3437//1146 3438//1146
v -0.060000 9.145639 -10.928950
v -0.060000 9.054361 -10.851050
v -0.060000 11.354361 -8.156050
vn -1.000000 0.000000 0.000000
f 3439//1147 3440//1147 3441//1147
v -0.060000 9.145639 -10.928950
v -0.060000 11.354361 -8.156050
v -0.060000 11.445639 -8.233950
vn -1.000000 0.000000 0.000000
f 3442//1148 3443//1148 3444//1148
v -0.060000 9.054361 -10.851050
v 0.060000 9.054361 -10.851050
v 0.060000 11.354361 -8.156050
vn 0.000000 -0.760649 0.649163
f 3445//1149 3446//1149 3447//1149
v -0.060000 9.054361 -10.851050
v 0.060000 11.354361 -8.156050
v -0.060000 11.354361 -8.156050
vn 0.000000 -0.760649 0.649163
f 3448//1150 3449//1150 3450//1150
v 0.060000 9.054361 -10.851050
v 0.060000 9.145639 -10.928950
v 0.060000 11.445639 -8.233950
vn 1.000000 -0.000000 -0.000000
f 3451//1151 3452//1151 3453//1151
v 0.060000 9.054361 -10.851050
v 0.060000 11.445639 -8.233950
v 0.060000 11.354361 -8.156050
vn 1.000000 -0.000000 -0.000000
f 3454//1152 3455//1152 3456//1152
v 2.727487 9.054361 -10.104145
v 2.623564 9.054361 -10.164145
v 2.662513 9.145639 -10.231608
vn 0.380325 -0.649163 -0.658742
f 3457//1153 3458//1153 3459//1153
v 2.727487 9.054361 -10.104145
v 2.662513 9.145639 -10.231608
v 2.766436 9.145639 -10.171608
vn 0.380325 -0.649163 -0.658742
f 3460//1154 3461//1154 3462//1154
v 1.418936 11.445639 -7.837670
v 1.315013 11.445639 -7.897670
v 1.276064 11.354361 -7.830207
vn -0.380325 0.649163 0.658742
f 3463//1155 3464//1155 3465//1155
v 1.418936 11.445639 -7.837670
v 1.276064 11.354361 -7.830207
v 1.379987 11.354361 -7.770207
vn -0.380325 0.649163 0.658742
f 3466//1156 3467//1156 3468//1156
v 2.766436 9.145639 -10.171608
v 2.662513 9.145639 -10.231608
v 1.315013 11.445639 -7.897670
vn 0.324581 0.760649 -0.562191
f 3469//1157 3470//1157 3471//1157
v 2.766436 9.145639 -10.171608
v 1.315013 11.445639 -7.897670
v 1.418936 11.445639 -7.837670
vn 0.324581 0.760649 -0.562191
f 3472//1158 3473//1158 3474//1158
v 2.662513 9.145639 -10.231608
v 2.623564 9.054361 -10.164145
v 1.276064 11.354361 -7.830207
vn -0.866025 -0.000000 -0.500000
f 3475//1159 3476//1159 3477//1159
v 2.662513 9.145639 -10.231608
v 1.276064 11.354361 -7.830207
v 1.315013 11.445639 -7.897670
vn -0.866025 0.000000 -0.500000
f 3478//1160 3479//1160 3480//1160
v 2.623564 9.054361 -10.164145
v 2.727487 9.054361 -10.104145
v 1.379987 11.354361 -7.770207
vn -0.324581 -0.760649 0.562191
f 3481//1161 3482//1161 3483//1161
v 2.623564 9.054361 -10.164145
v 1.379987 11.354361 -7.770207
v 1.276064 11.354361 -7.830207
vn -0.324581 -0.760649 0.562191
f 3484//1162 3485//1162 3486//1162
v 2.727487 9.054361 -10.104145
v 2.766436 9.145639 -10.171608
v 1.418936 11.445639 -7.837670
vn 0.866025 0.000000 0.500000
f 3487//1163 3488//1163 3489//1163
v 2.727487 9.054361 -10.104145
v 1.418936 11.445639 -7.837670
v 1.379987 11.354361 -7.770207
vn 0.866025 0.000000 0.500000
f 3490//1164 3491//1164 3492//1164
v 4.664145 9.054361 -8.123564
v 4.604145 9.054361 -8.227487
v 4.671608 9.145639 -8.266436
vn 0.658742 -0.649163 -0.380325
f 3493//1165 3494//1165 3495//1165
v 4.664145 9.054361 -8.123564
v 4.671608 9.145639 -8.266436
v 4.731608 9.145639 -8.162513
vn 0.658742 -0.649163 -0.380325
f 3496//1166 3497//1166 3498//1166
v 2.397670 11.445639 -6.815013
v 2.337670 11.445639 -6.918936
v 2.270207 11.354361 -6.879987
vn -0.658742 0.649163 0.380325
f 3499//1167 3500//1167 3501//1167
v 2.397670 11.445639 -6.815013
v 2.270207 11.354361 -6.879987
v 2.330207 11.354361 -6.776064
vn -0.658742 0.649163 0.380325
f 3502//1168 3503//1168 3504//1168
v 4.731608 9.145639 -8.162513
v 4.671608 9.145639 -8.266436
v 2.337670 11.445639 -6.918936
vn 0.562191 0.760649 -0.324581
f 3505//1169 3506//1169 3507//1169
v 4.731608 9.145639 -8.162513
v 2.337670 11.445639 -6.918936
v 2.397670 11.445639 -6.815013
vn 0.562191 0.760649 -0.324581
f 3508//1170 3509//1170 3510//1170
v 4.671608 9.145639 -8.266436
v 4.604145 9.054361 -8.227487
v 2.270207 11.354361 -6.879987
vn -0.500000 -0.000000 -0.866025
f 3511//1171 3512//1171 3513//1171
v 4.671608 9.145639 -8.266436
v 2.270207 11.354361 -6.879987
v 2.337670 11.445639 -6.918936
vn -0.500000 0.000000 -0.866025
f 3514//1172 3515//1172 3516//1172
v 4.604145 9.054361 -8.227487
v 4.664145 9.054361 -8.123564
v 2.330207 11.354361 -6.776064
vn -0.562191 -0.760649 0.324581
f 3517//1173 3518//1173 3519//1173
v 4.604145 9.054361 -8.227487
v 2.330207 11.354361 -6.776064
v 2.270207 11.354361 -6.879987
vn -0.562191 -0.760649 0.324581
f 3520//1174 3521//1174 3522//1174
v 4.664145 9.054361 -8.123564
v 4.731608 9.145639 -8.162513
v 2.397670 11.445639 -6.815013
vn 0.500000 0.000000 0.866025
f 3523//1175 3524//1175 3525//1175
v 4.664145 9.054361 -8.123564
v 2.397670 11.445639 -6.815013
v 2.330207 11.354361 -6.776064
vn 0.500000 -0.000000 0.866025
f 3526//1176 3527//1176 3528//1176
v -2.600000 10.000000 -8.700000
v -2.567990 9.593270 -8.700000
v -2.567990 9.593270 -8.400000
vn -0.996917 -0.078459 0.000000
f 3529//1177 3530//1177 3531//1177
v -2.600000 10.000000 -8.700000
v -2.567990 9.593270 -8.400000
v -2.600000 10.000000 -8.400000
vn -0.996917 -0.078459 0.000000
f 3532//1178 3533//1178 3534//1178
v -2.400000 10.000000 -8.700000
v -2.400000 10.000000 -8.400000
v -2.370452 9.624557 -8.400000
vn 0.996917 0.078459 -0.000000
f 3535//1179 3536//1179 3537//1179
v -2.400000 10.000000 -8.700000
v -2.370452 9.624557 -8.400000
v -2.370452 9.624557 -8.700000
vn 0.996917 0.078459 0.000000
f 3538//1180 3539//1180 3540//1180
v -2.567990 9.593270 -8.700000
v -2.600000 10.000000 -8.700000
v -2.400000 10.000000 -8.700000
vn 0.000000 0.000000 -1.000000
f 3541//1181 3542//1181 3543//1181
v -2.567990 9.593270 -8.700000
v -2.400000 10.000000 -8.700000
v -2.370452 9.624557 -8.700000
vn 0.000000 0.000000 -1.000000
f 3544//1182 3545//1182 3546//1182
v -2.600000 10.000000 -8.400000
v -2.567990 9.593270 -8.400000
v -2.370452 9.624557 -8.400000
vn 0.000000 0.000000 1.000000
f 3547//1183 3548//1183 3549//1183
v -2.600000 10.000000 -8.400000
v -2.370452 9.624557 -8.400000
v -2.400000 10.000000 -8.400000
vn -0.000000 0.000000 1.000000
f 3550//1184 3551//1184 3552//1184
v -2.567990 9.593270 -8.700000
v -2.472747 9.196556 -8.700000
v -2.472747 9.196556 -8.400000
vn -0.972370 -0.233445 0.000000
f 3553//1185 3554//1185 3555//1185
v -2.567990 9.593270 -8.700000
v -2.472747 9.196556 -8.400000
v -2.567990 9.593270 -8.400000
vn -0.972370 -0.233445 0.000000
f 3556//1186 3557//1186 3558//1186
v -2.370452 9.624557 -8.700000
v -2.370452 9.624557 -8.400000
v -2.282536 9.258359 -8.400000
vn 0.972370 0.233445 -0.000000
f 3559//1187 3560//1187 3561//1187
v -2.370452 9.624557 -8.700000
v -2.282536 9.258359 -8.400000
v -2.282536 9.258359 -8.700000
vn 0.972370 0.233445 0.000000
f 3562//1188 3563//1188 3564//1188
v -2.472747 9.196556 -8.700000
v -2.567990 9.593270 -8.700000
v -2.370452 9.624557 -8.700000
vn 0.000000 0.000000 -1.000000
f 3565//1189 3566//1189 3567//1189
v -2.472747 9.196556 -8.700000
v -2.370452 9.624557 -8.700000
v -2.282536 9.258359 -8.700000
vn 0.000000 0.000000 -1.000000
f 3568//1190 3569//1190 3570//1190
v -2.567990 9.593270 -8.400000
v -2.472747 9.196556 -8.400000
v -2.282536 9.258359 -8.400000
vn 0.000000 0.000000 1.000000
f 3571//1191 3572//1191 3573//1191
v -2.567990 9.593270 -8.400000
v -2.282536 9.258359 -8.400000
v -2.370452 9.624557 -8.400000
vn -0.000000 0.000000 1.000000
f 3574//1192 3575//1192 3576//1192
v -2.472747 9.196556 -8.700000
v -2.316617 8.819625 -8.700000
v -2.316617 8.819625 -8.400000
vn -0.923880 -0.382683 0.000000
f 3577//1193 3578//1193 3579//1193
v -2.472747 9.196556 -8.700000
v -2.316617 8.819625 -8.400000
v -2.472747 9.196556 -8.400000
vn -0.923880 -0.382683 0.000000
f 3580//1194 3581//1194 3582//1194
v -2.282536 9.258359 -8.700000
v -2.282536 9.258359 -8.400000
v -2.138416 8.910423 -8.400000
vn 0.923880 0.382683 -0.000000
f 3583//1195 3584//1195 3585//1195
v -2.282536 9.258359 -8.700000
v -2.138416 8.910423 -8.400000
v -2.138416 8.910423 -8.700000
vn 0.923880 0.382683 0.000000
f 3586//1196 3587//1196 3588//1196
v -2.316617 8.819625 -8.700000
v -2.472747 9.196556 -8.700000
v -2.282536 9.258359 -8.700000
vn 0.000000 0.000000 -1.000000
f 3589//1197 3590//1197 3591//1197
v -2.316617 8.819625 -8.700000
v -2.282536 9.258359 -8.700000
v -2.138416 8.910423 -8.700000
vn 0.000000 0.000000 -1.000000
f 3592//1198 3593//1198 3594//1198
v -2.472747 9.196556 -8.400000
v -2.316617 8.819625 -8.400000
v -2.138416 8.910423 -8.400000
vn 0.000000 0.000000 1.000000
f 3595//1199 3596//1199 3597//1199
v -2.472747 9.196556 -8.400000
v -2.138416 8.910423 -8.400000
v -2.282536 9.258359 -8.400000
vn -0.000000 0.000000 1.000000
f 3598//1200 3599//1200 3600//1200
v -2.316617 8.819625 -8.700000
v -2.103444 8.471758 -8.700000
v -2.103444 8.471758 -8.400000
vn -0.852640 -0.522499 0.000000
f 3601//1201 3602//1201 3603//1201
v -2.316617 8.819625 -8.700000
v -2.103444 8.471758 -8.400000
v -2.316617 8.819625 -8.400000
vn -0.852640 -0.522499 0.000000
f 3604//1202 3605//1202 3606//1202
v -2.138416 8.910423 -8.700000
v -2.138416 8.910423 -8.400000
v -1.941641 8.589315 -8.400000
vn 0.852640 0.522499 -0.000000
f 3607//1203 3608//1203 3609//1203
v -2.138416 8.910423 -8.700000
v -1.941641 8.589315 -8.400000
v -1.941641 8.589315 -8.700000
vn 0.852640 0.522499 0.000000
f 3610//1204 3611//1204 3612//1204
v -2.103444 8.471758 -8.700000
v -2.316617 8.819625 -8.700000
v -2.138416 8.910423 -8.700000
vn 0.000000 0.000000 -1.000000
f 3613//1205 3614//1205 3615//1205
v -2.103444 8.471758 -8.700000
v -2.138416 8.910423 -8.700000
v -1.941641 8.589315 -8.700000
vn 0.000000 0.000000 -1.000000
f 3616//1206 3617//1206 3618//1206
v -2.316617 8.819625 -8.400000
v -2.103444 8.471758 -8.400000
v -1.941641 8.589315 -8.400000
vn 0.000000 0.000000 1.000000
f 3619//1207 3620//1207 3621//1207
v -2.316617 8.819625 -8.400000
v -1.941641 8.589315 -8.400000
v -2.138416 8.910423 -8.400000
vn -0.000000 0.000000 1.000000
f 3622//1208 3623//1208 3624//1208
v -2.103444 8.471758 -8.700000
v -1.838478 8.161522 -8.700000
v -1.838478 8.161522 -8.400000
vn -0.760406 -0.649448 0.000000
f 3625//1209 3626//1209 3627//1209
v -2.103444 8.471758 -8.700000
v -1.838478 8.161522 -8.400000
v -2.103444 8.471758 -8.400000
vn -0.760406 -0.649448 0.000000
f 3628//1210 3629//1210 3630//1210
v -1.941641 8.589315 -8.700000
v -1.941641 8.589315 -8.400000
v -1.697056 8.302944 -8.400000
vn 0.760406 0.649448 -0.000000
f 3631//1211 3632//1211 3633//1211
v -1.941641 8.589315 -8.700000
v -1.697056 8.302944 -8.400000
v -1.697056 8.302944 -8.700000
vn 0.760406 0.649448 0.000000
f 3634//1212 3635//1212 3636//1212
v -1.838478 8.161522 -8.700000
v -2.103444 8.471758 -8.700000
v -1.941641 8.589315 -8.700000
vn 0.000000 0.000000 -1.000000
f 3637//1213 3638//1213 3639//1213
v -1.838478 8.161522 -8.700000
v -1.941641 8.589315 -8.700000
v -1.697056 8.302944 -8.700000
vn 0.000000 0.000000 -1.000000
f 3640//1214 3641//1214 3642//1214
v -2.103444 8.471758 -8.400000
v -1.838478 8.161522 -8.400000
v -1.697056 8.302944 -8.400000
vn 0.000000 0.000000 1.000000
f 3643//1215 3644//1215 3645//1215
v -2.103444 8.471758 -8.400000
v -1.697056 8.302944 -8.400000
v -1.941641 8.589315 -8.400000
vn -0.000000 0.000000 1.000000
f 3646//1216 3647//1216 3648//1216
v -1.838478 8.161522 -8.700000
v -1.528242 7.896556 -8.700000
v -1.528242 7.896556 -8.400000
vn -0.649448 -0.760406 0.000000
f 3649//1217 3650//1217 3651//1217
v -1.838478 8.161522 -8.700000
v -1.528242 7.896556 -8.400000
v -1.838478 8.161522 -8.400000
vn -0.649448 -0.760406 0.000000
f 3652//1218 3653//1218 3654//1218
v -1.697056 8.302944 -8.700000
v -1.697056 8.302944 -8.400000
v -1.410685 8.058359 -8.400000
vn 0.649448 0.760406 -0.000000
f 3655//1219 3656//1219 3657//1219
v -1.697056 8.302944 -8.700000
v -1.410685 8.058359 -8.400000
v -1.410685 8.058359 -8.700000
vn 0.649448 0.760406 0.000000
f 3658//1220 3659//1220 3660//1220
v -1.528242 7.896556 -8.700000
v -1.838478 8.161522 -8.700000
v -1.697056 8.302944 -8.700000
vn 0.000000 0.000000 -1.000000
f 3661//1221 3662//1221 3663//1221
v -1.528242 7.896556 -8.700000
v -1.697056 8.302944 -8.700000
v -1.410685 8.058359 -8.700000
vn 0.000000 0.000000 -1.000000
f 3664//1222 3665//1222 3666//1222
v -1.838478 8.161522 -8.400000
v -1.528242 7.896556 -8.400000
v -1.410685 8.058359 -8.400000
vn 0.000000 0.000000 1.000000
f 3667//1223 3668//1223 3669//1223
v -1.838478 8.161522 -8.400000
v -1.410685 8.058359 -8.400000
v -1.697056 8.302944 -8.400000
vn -0.000000 0.000000 1.000000
f 3670//1224 3671//1224 3672//1224
v -1.528242 7.896556 -8.700000
v -1.180375 7.683383 -8.700000
v -1.180375 7.683383 -8.400000
vn -0.522499 -0.852640 0.000000
f 3673//1225 3674//1225 3675//1225
v -1.528242 7.896556 -8.700000
v -1.180375 7.683383 -8.400000
v -1.528242 7.896556 -8.400000
vn -0.522499 -0.852640 0.000000
f 3676//1226 3677//1226 3678//1226
v -1.410685 8.058359 -8.700000
v -1.410685 8.058359 -8.400000
v -1.089577 7.861584 -8.400000
vn 0.522499 0.852640 -0.000000
f 3679//1227 3680//1227 3681//1227
v -1.410685 8.058359 -8.700000
v -1.089577 7.861584 -8.400000
v -1.089577 7.861584 -8.700000
vn 0.522499 0.852640 0.000000
f 3682//1228 3683//1228 3684//1228
v -1.180375 7.683383 -8.700000
v -1.528242 7.896556 -8.700000
v -1.410685 8.058359 -8.700000
vn 0.000000 0.000000 -1.000000
f 3685//1229 3686//1229 3687//1229
v -1.180375 7.683383 -8.700000
v -1.410685 8.058359 -8.700000
v -1.089577 7.861584 -8.700000
vn 0.000000 0.000000 -1.000000
f 3688//1230 3689//1230 3690//1230
v -1.528242 7.896556 -8.400000
v -1.180375 7.683383 -8.400000
v -1.089577 7.861584 -8.400000
vn 0.000000 0.000000 1.000000
f 3691//1231 3692//1231 3693//1231
v -1.528242 7.896556 -8.400000
v -1.089577 7.861584 -8.400000
v -1.410685 8.058359 -8.400000
vn -0.000000 0.000000 1.000000
f 3694//1232 3695//1232 3696//1232
v -1.180375 7.683383 -8.700000
v -0.803444 7.527253 -8.700000
v -0.803444 7.527253 -8.400000
vn -0.382683 -0.923880 0.000000
f 3697//1233 3698//1233 3699//1233
v -1.180375 7.683383 -8.700000
v -0.803444 7.527253 -8.400000
v -1.180375 7.683383 -8.400000
vn -0.382683 -0.923880 0.000000
f 3700//1234 3701//1234 3702//1234
v -1.089577 7.861584 -8.700000
v -1.089577 7.861584 -8.400000
v -0.741641 7.717464 -8.400000
vn 0.382683 0.923880 -0.000000
f 3703//1235 3704//1235 3705//1235
v -1.089577 7.861584 -8.700000
v -0.741641 7.717464 -8.400000
v -0.741641 7.717464 -8.700000
vn 0.382683 0.923880 0.000000
f 3706//1236 3707//1236 3708//1236
v -0.803444 7.527253 -8.700000
v -1.180375 7.683383 -8.700000
v -1.089577 7.861584 -8.700000
vn 0.000000 0.000000 -1.000000
f 3709//1237 3710//1237 3711//1237
v -0.803444 7.527253 -8.700000
v -1.089577 7.861584 -8.700000
v -0.741641 7.717464 -8.700000
vn 0.000000 0.000000 -1.000000
f 3712//1238 3713//1238 3714//1238
v -1.180375 7.683383 -8.400000
v -0.803444 7.527253 -8.400000
v -0.741641 7.717464 -8.400000
vn -0.000000 0.000000 1.000000
f 3715//1239 3716//1239 3717//1239
v -1.180375 7.683383 -8.400000
v -0.741641 7.717464 -8.400000
v -1.089577 7.861584 -8.400000
vn 0.000000 0.000000 1.000000
f 3718//1240 3719//1240 3720//1240
v -0.803444 7.527253 -8.700000
v -0.406730 7.432010 -8.700000
v -0.406730 7.432010 -8.400000
vn -0.233445 -0.972370 0.000000
f 3721//1241 3722//1241 3723//1241
v -0.803444 7.527253 -8.700000
v -0.406730 7.432010 -8.400000
v -0.803444 7.527253 -8.400000
vn -0.233445 -0.972370 0.000000
f 3724//1242 3725//1242 3726//1242
v -0.741641 7.717464 -8.700000
v -0.741641 7.717464 -8.400000
v -0.375443 7.629548 -8.400000
vn 0.233445 0.972370 -0.000000
f 3727//1243 3728//1243 3729//1243
v -0.741641 7.717464 -8.700000
v -0.375443 7.629548 -8.400000
v -0.375443 7.629548 -8.700000
vn 0.233445 0.972370 0.000000
f 3730//1244 3731//1244 3732//1244
v -0.406730 7.432010 -8.700000
v -0.803444 7.527253 -8.700000
v -0.741641 7.717464 -8.700000
vn 0.000000 0.000000 -1.000000
f 3733//1245 3734//1245 3735//1245
v -0.406730 7.432010 -8.700000
v -0.741641 7.717464 -8.700000
v -0.375443 7.629548 -8.700000
vn 0.000000 0.000000 -1.000000
f 3736//1246 3737//1246 3738//1246
v -0.803444 7.527253 -8.400000
v -0.406730 7.432010 -8.400000
v -0.375443 7.629548 -8.400000
vn -0.000000 0.000000 1.000000
f 3739//1247 3740//1247 3741//1247
v -0.803444 7.527253 -8.400000
v -0.375443 7.629548 -8.400000
v -0.741641 7.717464 -8.400000
vn 0.000000 0.000000 1.000000
f 3742//1248 3743//1248 3744//1248
v -0.406730 7.432010 -8.700000
v -0.000000 7.400000 -8.700000
v -0.000000 7.400000 -8.400000
vn -0.078459 -0.996917 0.000000
f 3745//1249 3746//1249 3747//1249
v -0.406730 7.432010 -8.700000
v -0.000000 7.400000 -8.400000
v -0.406730 7.432010 -8.400000
vn -0.078459 -0.996917 0.000000
f 3748//1250 3749//1250 3750//1250
v -0.375443 7.629548 -8.700000
v -0.375443 7.629548 -8.400000
v -0.000000 7.600000 -8.400000
vn 0.078459 0.996917 -0.000000
f 3751//1251 3752//1251 3753//1251
v -0.375443 7.629548 -8.700000
v -0.000000 7.600000 -8.400000
v -0.000000 7.600000 -8.700000
vn 0.078459 0.996917 0.000000
f 3754//1252 3755//1252 3756//1252
v -0.000000 7.400000 -8.700000
v -0.406730 7.432010 -8.700000
v -0.375443 7.629548 -8.700000
vn 0.000000 0.000000 -1.000000
f 3757//1253 3758//1253 3759//1253
v -0.000000 7.400000 -8.700000
v -0.375443 7.629548 -8.700000
v -0.000000 7.600000 -8.700000
vn 0.000000 0.000000 -1.000000
f 3760//1254 3761//1254 3762//1254
v -0.406730 7.432010 -8.400000
v -0.000000 7.400000 -8.400000
v -0.000000 7.600000 -8.400000
vn -0.000000 0.000000 1.000000
f 3763//1255 3764//1255 3765//1255
v -0.406730 7.432010 -8.400000
v -0.000000 7.600000 -8.400000
v -0.375443 7.629548 -8.400000
vn 0.000000 0.000000 1.000000
f 3766//1256 3767//1256 3768//1256
v -0.000000 7.400000 -8.700000
v 0.406730 7.432010 -8.700000
v 0.406730 7.432010 -8.400000
vn 0.078459 -0.996917 0.000000
f 3769//1257 3770//1257 3771//1257
v -0.000000 7.400000 -8.700000
v 0.406730 7.432010 -8.400000
v -0.000000 7.400000 -8.400000
vn 0.078459 -0.996917 0.000000
f 3772//1258 3773//1258 3774//1258
v -0.000000 7.600000 -8.700000
v -0.000000 7.600000 -8.400000
v 0.375443 7.629548 -8.400000
vn -0.078459 0.996917 0.000000
f 3775//1259 3776//1259 3777//1259
v -0.000000 7.600000 -8.700000
v 0.375443 7.629548 -8.400000
v 0.375443 7.629548 -8.700000
vn -0.078459 0.996917 0.000000
f 3778//1260 3779//1260 3780//1260
v 0.406730 7.432010 -8.700000
v -0.000000 7.400000 -8.700000
v -0.000000 7.600000 -8.700000
vn -0.000000 0.000000 -1.000000
f 3781//1261 3782//1261 3783//1261
v 0.406730 7.432010 -8.700000
v -0.000000 7.600000 -8.700000
v 0.375443 7.629548 -8.700000
vn 0.000000 0.000000 -1.000000
f 3784//1262 3785//1262 3786//1262
v -0.000000 7.400000 -8.400000
v 0.406730 7.432010 -8.400000
v 0.375443 7.629548 -8.400000
vn 0.000000 0.000000 1.000000
f 3787//1263 3788//1263 3789//1263
v -0.000000 7.400000 -8.400000
v 0.375443 7.629548 -8.400000
v -0.000000 7.600000 -8.400000
vn 0.000000 0.000000 1.000000
f 3790//1264 3791//1264 3792//1264
v 0.406730 7.432010 -8.700000
v 0.803444 7.527253 -8.700000
v 0.803444 7.527253 -8.400000
vn 0.233445 -0.972370 0.000000
f 3793//1265 3794//1265 3795//1265
v 0.406730 7.432010 -8.700000
v 0.803444 7.527253 -8.400000
v 0.406730 7.432010 -8.400000
vn 0.233445 -0.972370 0.000000
f 3796//1266 3797//1266 3798//1266
v 0.375443 7.629548 -8.700000
v 0.375443 7.629548 -8.400000
v 0.741641 7.717464 -8.400000
vn -0.233445 0.972370 0.000000
f 3799//1267 3800//1267 3801//1267
v 0.375443 7.629548 -8.700000
v 0.741641 7.717464 -8.400000
v 0.741641 7.717464 -8.700000
vn -0.233445 0.972370 0.000000
f 3802//1268 3803//1268 3804//1268
v 0.803444 7.527253 -8.700000
v 0.406730 7.432010 -8.700000
v 0.375443 7.629548 -8.700000
vn -0.000000 0.000000 -1.000000
f 3805//1269 3806//1269 3807//1269
v 0.803444 7.527253 -8.700000
v 0.375443 7.629548 -8.700000
v 0.741641 7.717464 -8.700000
vn 0.000000 0.000000 -1.000000
f 3808//1270 3809//1270 3810//1270
v 0.406730 7.432010 -8.400000
v 0.803444 7.527253 -8.400000
v 0.741641 7.717464 -8.400000
vn 0.000000 0.000000 1.000000
f 3811//1271 3812//1271 3813//1271
v 0.406730 7.432010 -8.400000
v 0.741641 7.717464 -8.400000
v 0.375443 7.629548 -8.400000
vn 0.000000 -0.000000 1.000000
f 3814//1272 3815//1272 3816//1272
v 0.803444 7.527253 -8.700000
v 1.180375 7.683383 -8.700000
v 1.180375 7.683383 -8.400000
vn 0.382683 -0.923880 0.000000
f 3817//1273 3818//1273 3819//1273
v 0.803444 7.527253 -8.700000
v 1.180375 7.683383 -8.400000
v 0.803444 7.527253 -8.400000
vn 0.382683 -0.923880 0.000000
f 3820//1274 3821//1274 3822//1274
v 0.741641 7.717464 -8.700000
v 0.741641 7.717464 -8.400000
v 1.089577 7.861584 -8.400000
vn -0.382683 0.923880 0.000000
f 3823//1275 3824//1275 3825//1275
v 0.741641 7.717464 -8.700000
v 1.089577 7.861584 -8.400000
v 1.089577 7.861584 -8.700000
vn -0.382683 0.923880 0.000000
f 3826//1276 3827//1276 3828//1276
v 1.180375 7.683383 -8.700000
v 0.803444 7.527253 -8.700000
v 0.741641 7.717464 -8.700000
vn -0.000000 0.000000 -1.000000
f 3829//1277 3830//1277 3831//1277
v 1.180375 7.683383 -8.700000
v 0.741641 7.717464 -8.700000
v 1.089577 7.861584 -8.700000
vn 0.000000 0.000000 -1.000000
f 3832//1278 3833//1278 3834//1278
v 0.803444 7.527253 -8.400000
v 1.180375 7.683383 -8.400000
v 1.089577 7.861584 -8.400000
vn 0.000000 0.000000 1.000000
f 3835//1279 3836//1279 3837//1279
v 0.803444 7.527253 -8.400000
v 1.089577 7.861584 -8.400000
v 0.741641 7.717464 -8.400000
vn 0.000000 -0.000000 1.000000
f 3838//1280 3839//1280 3840//1280
v 1.180375 7.683383 -8.700000
v 1.528242 7.896556 -8.700000
v 1.528242 7.896556 -8.400000
vn 0.522499 -0.852640 0.000000
f 3841//1281 3842//1281 3843//1281
v 1.180375 7.683383 -8.700000
v 1.528242 7.896556 -8.400000
v 1.180375 7.683383 -8.400000
vn 0.522499 -0.852640 0.000000
f 3844//1282 3845//1282 3846//1282
v 1.089577 7.861584 -8.700000
v 1.089577 7.861584 -8.400000
v 1.410685 8.058359 -8.400000
vn -0.522499 0.852640 0.000000
f 3847//1283 3848//1283 3849//1283
v 1.089577 7.861584 -8.700000
v 1.410685 8.058359 -8.400000
v 1.410685 8.058359 -8.700000
vn -0.522499 0.852640 0.000000
f 3850//1284 3851//1284 3852//1284
v 1.528242 7.896556 -8.700000
v 1.180375 7.683383 -8.700000
v 1.089577 7.861584 -8.700000
vn 0.000000 0.000000 -1.000000
f 3853//1285 3854//1285 3855//1285
v 1.528242 7.896556 -8.700000
v 1.089577 7.861584 -8.700000
v 1.410685 8.058359 -8.700000
vn -0.000000 0.000000 -1.000000
f 3856//1286 3857//1286 3858//1286
v 1.180375 7.683383 -8.400000
v 1.528242 7.896556 -8.400000
v 1.410685 8.058359 -8.400000
vn 0.000000 0.000000 1.000000
f 3859//1287 3860//1287 3861//1287
v 1.180375 7.683383 -8.400000
v 1.410685 8.058359 -8.400000
v 1.089577 7.861584 -8.400000
vn 0.000000 -0.000000 1.000000
f 3862//1288 3863//1288 3864//1288
v 1.528242 7.896556 -8.700000
v 1.838478 8.161522 -8.700000
v 1.838478 8.161522 -8.400000
vn 0.649448 -0.760406 0.000000
f 3865//1289 3866//1289 3867//1289
v 1.528242 7.896556 -8.700000
v 1.838478 8.161522 -8.400000
v 1.528242 7.896556 -8.400000
vn 0.649448 -0.760406 0.000000
f 3868//1290 3869//1290 3870//1290
v 1.410685 8.058359 -8.700000
v 1.410685 8.058359 -8.400000
v 1.697056 8.302944 -8.400000
vn -0.649448 0.760406 0.000000
f 3871//1291 3872//1291 3873//1291
v 1.410685 8.058359 -8.700000
v 1.697056 8.302944 -8.400000
v 1.697056 8.302944 -8.700000
vn -0.649448 0.760406 0.000000
f 3874//1292 3875//1292 3876//1292
v 1.838478 8.161522 -8.700000
v 1.528242 7.896556 -8.700000
v 1.410685 8.058359 -8.700000
vn 0.000000 0.000000 -1.000000
f 3877//1293 3878//1293 3879//1293
v 1.838478 8.161522 -8.700000
v 1.410685 8.058359 -8.700000
v 1.697056 8.302944 -8.700000
vn -0.000000 0.000000 -1.000000
f 3880//1294 3881//1294 3882//1294
v 1.528242 7.896556 -8.400000
v 1.838478 8.161522 -8.400000
v 1.697056 8.302944 -8.400000
vn 0.000000 0.000000 1.000000
f 3883//1295 3884//1295 3885//1295
v 1.528242 7.896556 -8.400000
v 1.697056 8.302944 -8.400000
v 1.410685 8.058359 -8.400000
vn 0.000000 -0.000000 1.000000
f 3886//1296 3887//1296 3888//1296
v 1.838478 8.161522 -8.700000
v 2.103444 8.471758 -8.700000
v 2.103444 8.471758 -8.400000
vn 0.760406 -0.649448 0.000000
f 3889//1297 3890//1297 3891//1297
v 1.838478 8.161522 -8.700000
v 2.103444 8.471758 -8.400000
v 1.838478 8.161522 -8.400000
vn 0.760406 -0.649448 0.000000
f 3892//1298 3893//1298 3894//1298
v 1.697056 8.302944 -8.700000
v 1.697056 8.302944 -8.400000
v 1.941641 8.589315 -8.400000
vn -0.760406 0.649448 0.000000
f 3895//1299 3896//1299 3897//1299
v 1.697056 8.302944 -8.700000
v 1.941641 8.589315 -8.400000
v 1.941641 8.589315 -8.700000
vn -0.760406 0.649448 0.000000
f 3898//1300 3899//1300 3900//1300
v 2.103444 8.471758 -8.700000
v 1.838478 8.161522 -8.700000
v 1.697056 8.302944 -8.700000
vn 0.000000 0.000000 -1.000000
f 3901//1301 3902//1301 3903//1301
v 2.103444 8.471758 -8.700000
v 1.697056 8.302944 -8.700000
v 1.941641 8.589315 -8.700000
vn -0.000000 0.000000 -1.000000
f 3904//1302 3905//1302 3906//1302
v 1.838478 8.161522 -8.400000
v 2.103444 8.471758 -8.400000
v 1.941641 8.589315 -8.400000
vn 0.000000 0.000000 1.000000
f 3907//1303 3908//1303 3909//1303
v 1.838478 8.161522 -8.400000
v 1.941641 8.589315 -8.400000
v 1.697056 8.302944 -8.400000
vn 0.000000 -0.000000 1.000000
f 3910//1304 3911//1304 3912//1304
v 2.103444 8.471758 -8.700000
v 2.316617 8.819625 -8.700000
v 2.316617 8.819625 -8.400000
vn 0.852640 -0.522499 0.000000
f 3913//1305 3914//1305 3915//1305
v 2.103444 8.471758 -8.700000
v 2.316617 8.819625 -8.400000
v 2.103444 8.471758 -8.400000
vn 0.852640 -0.522499 0.000000
f 3916//1306 3917//1306 3918//1306
v 1.941641 8.589315 -8.700000
v 1.941641 8.589315 -8.400000
v 2.138416 8.910423 -8.400000
vn -0.852640 0.522499 0.000000
f 3919//1307 3920//1307 3921//1307
v 1.941641 8.589315 -8.700000
v 2.138416 8.910423 -8.400000
v 2.138416 8.910423 -8.700000
vn -0.852640 0.522499 0.000000
f 3922//1308 3923//1308 3924//1308
v 2.316617 8.819625 -8.700000
v 2.103444 8.471758 -8.700000
v 1.941641 8.589315 -8.700000
vn 0.000000 0.000000 -1.000000
f 3925//1309 3926//1309 3927//1309
v 2.316617 8.819625 -8.700000
v 1.941641 8.589315 -8.700000
v 2.138416 8.910423 -8.700000
vn -0.000000 0.000000 -1.000000
f 3928//1310 3929//1310 3930//1310
v 2.103444 8.471758 -8.400000
v 2.316617 8.819625 -8.400000
v 2.138416 8.910423 -8.400000
vn 0.000000 0.000000 1.000000
f 3931//1311 3932//1311 3933//1311
v 2.103444 8.471758 -8.400000
v 2.138416 8.910423 -8.400000
v 1.941641 8.589315 -8.400000
vn 0.000000 -0.000000 1.000000
f 3934//1312 3935//1312 3936//1312
v 2.316617 8.819625 -8.700000
v 2.472747 9.196556 -8.700000
v 2.472747 9.196556 -8.400000
vn 0.923880 -0.382683 0.000000
f 3937//1313 3938//1313 3939//1313
v 2.316617 8.819625 -8.700000
v 2.472747 9.196556 -8.400000
v 2.316617 8.819625 -8.400000
vn 0.923880 -0.382683 0.000000
f 3940//1314 3941//1314 3942//1314
v 2.138416 8.910423 -8.700000
v 2.138416 8.910423 -8.400000
v 2.282536 9.258359 -8.400000
vn -0.923880 0.382683 0.000000
f 3943//1315 3944//1315 3945//1315
v 2.138416 8.910423 -8.700000
v 2.282536 9.258359 -8.400000
v 2.282536 9.258359 -8.700000
vn -0.923880 0.382683 0.000000
f 3946//1316 3947//1316 3948//1316
v 2.472747 9.196556 -8.700000
v 2.316617 8.819625 -8.700000
v 2.138416 8.910423 -8.700000
vn 0.000000 0.000000 -1.000000
f 3949//1317 3950//1317 3951//1317
v 2.472747 9.196556 -8.700000
v 2.138416 8.910423 -8.700000
v 2.282536 9.258359 -8.700000
vn -0.000000 0.000000 -1.000000
f 3952//1318 3953//1318 3954//1318
v 2.316617 8.819625 -8.400000
v 2.472747 9.196556 -8.400000
v 2.282536 9.258359 -8.400000
vn 0.000000 -0.000000 1.000000
f 3955//1319 3956//1319 3957//1319
v 2.316617 8.819625 -8.400000
v 2.282536 9.258359 -8.400000
v 2.138416 8.910423 -8.400000
vn 0.000000 0.000000 1.000000
f 3958//1320 3959//1320 3960//1320
v 2.472747 9.196556 -8.700000
v 2.567990 9.593270 -8.700000
v 2.567990 9.593270 -8.400000
vn 0.972370 -0.233445 0.000000
f 3961//1321 3962//1321 3963//1321
v 2.472747 9.196556 -8.700000
v 2.567990 9.593270 -8.400000
v 2.472747 9.196556 -8.400000
vn 0.972370 -0.233445 0.000000
f 3964//1322 3965//1322 3966//1322
v 2.282536 9.258359 -8.700000
v 2.282536 9.258359 -8.400000
v 2.370452 9.624557 -8.400000
vn -0.972370 0.233445 0.000000
f 3967//1323 3968//1323 3969//1323
v 2.282536 9.258359 -8.700000
v 2.370452 9.624557 -8.400000
v 2.370452 9.624557 -8.700000
vn -0.972370 0.233445 0.000000
f 3970//1324 3971//1324 3972//1324
v 2.567990 9.593270 -8.700000
v 2.472747 9.196556 -8.700000
v 2.282536 9.258359 -8.700000
vn 0.000000 0.000000 -1.000000
f 3973//1325 3974//1325 3975//1325
v 2.567990 9.593270 -8.700000
v 2.282536 9.258359 -8.700000
v 2.370452 9.624557 -8.700000
vn -0.000000 0.000000 -1.000000
f 3976//1326 3977//1326 3978//1326
v 2.472747 9.196556 -8.400000
v 2.567990 9.593270 -8.400000
v 2.370452 9.624557 -8.400000
vn 0.000000 -0.000000 1.000000
f 3979//1327 3980//1327 3981//1327
v 2.472747 9.196556 -8.400000
v 2.370452 9.624557 -8.400000
v 2.282536 9.258359 -8.400000
vn 0.000000 0.000000 1.000000
f 3982//1328 3983//1328 3984//1328
v 2.567990 9.593270 -8.700000
v 2.600000 10.000000 -8.700000
v 2.600000 10.000000 -8.400000
vn 0.996917 -0.078459 0.000000
f 3985//1329 3986//1329 3987//1329
v 2.567990 9.593270 -8.700000
v 2.600000 10.000000 -8.400000
v 2.567990 9.593270 -8.400000
vn 0.996917 -0.078459 0.000000
f 3988//1330 3989//1330 3990//1330
v 2.370452 9.624557 -8.700000
v 2.370452 9.624557 -8.400000
v 2.400000 10.000000 -8.400000
vn -0.996917 0.078459 0.000000
f 3991//1331 3992//1331 3993//1331
v 2.370452 9.624557 -8.700000
v 2.400000 10.000000 -8.400000
v 2.400000 10.000000 -8.700000
vn -0.996917 0.078459 0.000000
f 3994//1332 3995//1332 3996//1332
v 2.600000 10.000000 -8.700000
v 2.567990 9.593270 -8.700000
v 2.370452 9.624557 -8.700000
vn 0.000000 0.000000 -1.000000
f 3997//1333 3998//1333 3999//1333
v 2.600000 10.000000 -8.700000
v 2.370452 9.624557 -8.700000
v 2.400000 10.000000 -8.700000
vn -0.000000 0.000000 -1.000000
f 4000//1334 4001//1334 4002//1334
v 2.567990 9.593270 -8.400000
v 2.600000 10.000000 -8.400000
v 2.400000 10.000000 -8.400000
vn 0.000000 -0.000000 1.000000
f 4003//1335 4004//1335 4005//1335
v 2.567990 9.593270 -8.400000
v 2.400000 10.000000 -8.400000
v 2.370452 9.624557 -8.400000
vn 0.000000 0.000000 1.000000
f 4006//1336 4007//1336 4008//1336
v 2.600000 10.000000 -8.700000
v 2.567990 10.406730 -8.700000
v 2.567990 10.406730 -8.400000
vn 0.996917 0.078459 0.000000
f 4009//1337 4010//1337 4011//1337
v 2.600000 10.000000 -8.700000
v 2.567990 10.406730 -8.400000
v 2.600000 10.000000 -8.400000
vn 0.996917 0.078459 -0.000000
f 4012//1338 4013//1338 4014//1338
v 2.400000 10.000000 -8.700000
v 2.400000 10.000000 -8.400000
v 2.370452 10.375443 -8.400000
vn -0.996917 -0.078459 0.000000
f 4015//1339 4016//1339 4017//1339
v 2.400000 10.000000 -8.700000
v 2.370452 10.375443 -8.400000
v 2.370452 10.375443 -8.700000
vn -0.996917 -0.078459 0.000000
f 4018//1340 4019//1340 4020//1340
v 2.567990 10.406730 -8.700000
v 2.600000 10.000000 -8.700000
v 2.400000 10.000000 -8.700000
vn 0.000000 -0.000000 -1.000000
f 4021//1341 4022//1341 4023//1341
v 2.567990 10.406730 -8.700000
v 2.400000 10.000000 -8.700000
v 2.370452 10.375443 -8.700000
vn 0.000000 0.000000 -1.000000
f 4024//1342 4025//1342 4026//1342
v 2.600000 10.000000 -8.400000
v 2.567990 10.406730 -8.400000
v 2.370452 10.375443 -8.400000
vn 0.000000 0.000000 1.000000
f 4027//1343 4028//1343 4029//1343
v 2.600000 10.000000 -8.400000
v 2.370452 10.375443 -8.400000
v 2.400000 10.000000 -8.400000
vn 0.000000 0.000000 1.000000
f 4030//1344 4031//1344 4032//1344
v 2.567990 10.406730 -8.700000
v 2.472747 10.803444 -8.700000
v 2.472747 10.803444 -8.400000
vn 0.972370 0.233445 0.000000
f 4033//1345 4034//1345 4035//1345
v 2.567990 10.406730 -8.700000
v 2.472747 10.803444 -8.400000
v 2.567990 10.406730 -8.400000
vn 0.972370 0.233445 -0.000000
f 4036//1346 4037//1346 4038//1346
v 2.370452 10.375443 -8.700000
v 2.370452 10.375443 -8.400000
v 2.282536 10.741641 -8.400000
vn -0.972370 -0.233445 0.000000
f 4039//1347 4040//1347 4041//1347
v 2.370452 10.375443 -8.700000
v 2.282536 10.741641 -8.400000
v 2.282536 10.741641 -8.700000
vn -0.972370 -0.233445 0.000000
f 4042//1348 4043//1348 4044//1348
v 2.472747 10.803444 -8.700000
v 2.567990 10.406730 -8.700000
v 2.370452 10.375443 -8.700000
vn 0.000000 -0.000000 -1.000000
f 4045//1349 4046//1349 4047//1349
v 2.472747 10.803444 -8.700000
v 2.370452 10.375443 -8.700000
v 2.282536 10.741641 -8.700000
vn 0.000000 0.000000 -1.000000
f 4048//1350 4049//1350 4050//1350
v 2.567990 10.406730 -8.400000
v 2.472747 10.803444 -8.400000
v 2.282536 10.741641 -8.400000
vn 0.000000 0.000000 1.000000
f 4051//1351 4052//1351 4053//1351
v 2.567990 10.406730 -8.400000
v 2.282536 10.741641 -8.400000
v 2.370452 10.375443 -8.400000
vn 0.000000 0.000000 1.000000
f 4054//1352 4055//1352 4056//1352
v 2.472747 10.803444 -8.700000
v 2.316617 11.180375 -8.700000
v 2.316617 11.180375 -8.400000
vn 0.923880 0.382683 0.000000
f 4057//1353 4058//1353 4059//1353
v 2.472747 10.803444 -8.700000
v 2.316617 11.180375 -8.400000
v 2.472747 10.803444 -8.400000
vn 0.923880 0.382683 -0.000000
f 4060//1354 4061//1354 4062//1354
v 2.282536 10.741641 -8.700000
v 2.282536 10.741641 -8.400000
v 2.138416 11.089577 -8.400000
vn -0.923880 -0.382683 0.000000
f 4063//1355 4064//1355 4065//1355
v 2.282536 10.741641 -8.700000
v 2.138416 11.089577 -8.400000
v 2.138416 11.089577 -8.700000
vn -0.923880 -0.382683 0.000000
f 4066//1356 4067//1356 4068//1356
v 2.316617 11.180375 -8.700000
v 2.472747 10.803444 -8.700000
v 2.282536 10.741641 -8.700000
vn 0.000000 -0.000000 -1.000000
f 4069//1357 4070//1357 4071//1357
v 2.316617 11.180375 -8.700000
v 2.282536 10.741641 -8.700000
v 2.138416 11.089577 -8.700000
vn 0.000000 0.000000 -1.000000
f 4072//1358 4073//1358 4074//1358
v 2.472747 10.803444 -8.400000
v 2.316617 11.180375 -8.400000
v 2.138416 11.089577 -8.400000
vn 0.000000 0.000000 1.000000
f 4075//1359 4076//1359 4077//1359
v 2.472747 10.803444 -8.400000
v 2.138416 11.089577 -8.400000
v 2.282536 10.741641 -8.400000
vn 0.000000 0.000000 1.000000
f 4078//1360 4079//1360 4080//1360
v 2.316617 11.180375 -8.700000
v 2.103444 11.528242 -8.700000
v 2.103444 11.528242 -8.400000
vn 0.852640 0.522499 0.000000
f 4081//1361 4082//1361 4083//1361
v 2.316617 11.180375 -8.700000
v 2.103444 11.528242 -8.400000
v 2.316617 11.180375 -8.400000
vn 0.852640 0.522499 -0.000000
f 4084//1362 4085//1362 4086//1362
v 2.138416 11.089577 -8.700000
v 2.138416 11.089577 -8.400000
v 1.941641 11.410685 -8.400000
vn -0.852640 -0.522499 0.000000
f 4087//1363 4088//1363 4089//1363
v 2.138416 11.089577 -8.700000
v 1.941641 11.410685 -8.400000
v 1.941641 11.410685 -8.700000
vn -0.852640 -0.522499 0.000000
f 4090//1364 4091//1364 4092//1364
v 2.103444 11.528242 -8.700000
v 2.316617 11.180375 -8.700000
v 2.138416 11.089577 -8.700000
vn 0.000000 0.000000 -1.000000
f 4093//1365 4094//1365 4095//1365
v 2.103444 11.528242 -8.700000
v 2.138416 11.089577 -8.700000
v 1.941641 11.410685 -8.700000
vn 0.000000 -0.000000 -1.000000
f 4096//1366 4097//1366 4098//1366
v 2.316617 11.180375 -8.400000
v 2.103444 11.528242 -8.400000
v 1.941641 11.410685 -8.400000
vn 0.000000 0.000000 1.000000
f 4099//1367 4100//1367 4101//1367
v 2.316617 11.180375 -8.400000
v 1.941641 11.410685 -8.400000
v 2.138416 11.089577 -8.400000
vn 0.000000 0.000000 1.000000
f 4102//1368 4103//1368 4104//1368
v 2.103444 11.528242 -8.700000
v 1.838478 11.838478 -8.700000
v 1.838478 11.838478 -8.400000
vn 0.760406 0.649448 0.000000
f 4105//1369 4106//1369 4107//1369
v 2.103444 11.528242 -8.700000
v 1.838478 11.838478 -8.400000
v 2.103444 11.528242 -8.400000
vn 0.760406 0.649448 -0.000000
f 4108//1370 4109//1370 4110//1370
v 1.941641 11.410685 -8.700000
v 1.941641 11.410685 -8.400000
v 1.697056 11.697056 -8.400000
vn -0.760406 -0.649448 0.000000
f 4111//1371 4112//1371 4113//1371
v 1.941641 11.410685 -8.700000
v 1.697056 11.697056 -8.400000
v 1.697056 11.697056 -8.700000
vn -0.760406 -0.649448 0.000000
f 4114//1372 4115//1372 4116//1372
v 1.838478 11.838478 -8.700000
v 2.103444 11.528242 -8.700000
v 1.941641 11.410685 -8.700000
vn 0.000000 0.000000 -1.000000
f 4117//1373 4118//1373 4119//1373
v 1.838478 11.838478 -8.700000
v 1.941641 11.410685 -8.700000
v 1.697056 11.697056 -8.700000
vn 0.000000 -0.000000 -1.000000
f 4120//1374 4121//1374 4122//1374
v 2.103444 11.528242 -8.400000
v 1.838478 11.838478 -8.400000
v 1.697056 11.697056 -8.400000
vn 0.000000 0.000000 1.000000
f 4123//1375 4124//1375 4125//1375
v 2.103444 11.528242 -8.400000
v 1.697056 11.697056 -8.400000
v 1.941641 11.410685 -8.400000
vn 0.000000 0.000000 1.000000
f 4126//1376 4127//1376 4128//1376
v 1.838478 11.838478 -8.700000
v 1.528242 12.103444 -8.700000
v 1.528242 12.103444 -8.400000
vn 0.649448 0.760406 0.000000
f 4129//1377 4130//1377 4131//1377
v 1.838478 11.838478 -8.700000
v 1.528242 12.103444 -8.400000
v 1.838478 11.838478 -8.400000
vn 0.649448 0.760406 -0.000000
f 4132//1378 4133//1378 4134//1378
v 1.697056 11.697056 -8.700000
v 1.697056 11.697056 -8.400000
v 1.410685 11.941641 -8.400000
vn -0.649448 -0.760406 0.000000
f 4135//1379 4136//1379 4137//1379
v 1.697056 11.697056 -8.700000
v 1.410685 11.941641 -8.400000
v 1.410685 11.941641 -8.700000
vn -0.649448 -0.760406 0.000000
f 4138//1380 4139//1380 4140//1380
v 1.528242 12.103444 -8.700000
v 1.838478 11.838478 -8.700000
v 1.697056 11.697056 -8.700000
vn 0.000000 0.000000 -1.000000
f 4141//1381 4142//1381 4143//1381
v 1.528242 12.103444 -8.700000
v 1.697056 11.697056 -8.700000
v 1.410685 11.941641 -8.700000
vn 0.000000 -0.000000 -1.000000
f 4144//1382 4145//1382 4146//1382
v 1.838478 11.838478 -8.400000
v 1.528242 12.103444 -8.400000
v 1.410685 11.941641 -8.400000
vn 0.000000 0.000000 1.000000
f 4147//1383 4148//1383 4149//1383
v 1.838478 11.838478 -8.400000
v 1.410685 11.941641 -8.400000
v 1.697056 11.697056 -8.400000
vn 0.000000 0.000000 1.000000
f 4150//1384 4151//1384 4152//1384
v 1.528242 12.103444 -8.700000
v 1.180375 12.316617 -8.700000
v 1.180375 12.316617 -8.400000
vn 0.522499 0.852640 0.000000
f 4153//1385 4154//1385 4155//1385
v 1.528242 12.103444 -8.700000
v 1.180375 12.316617 -8.400000
v 1.528242 12.103444 -8.400000
vn 0.522499 0.852640 -0.000000
f 4156//1386 4157//1386 4158//1386
v 1.410685 11.941641 -8.700000
v 1.410685 11.941641 -8.400000
v 1.089577 12.138416 -8.400000
vn -0.522499 -0.852640 0.000000
f 4159//1387 4160//1387 4161//1387
v 1.410685 11.941641 -8.700000
v 1.089577 12.138416 -8.400000
v 1.089577 12.138416 -8.700000
vn -0.522499 -0.852640 0.000000
f 4162//1388 4163//1388 4164//1388
v 1.180375 12.316617 -8.700000
v 1.528242 12.103444 -8.700000
v 1.410685 11.941641 -8.700000
vn 0.000000 0.000000 -1.000000
f 4165//1389 4166//1389 4167//1389
v 1.180375 12.316617 -8.700000
v 1.410685 11.941641 -8.700000
v 1.089577 12.138416 -8.700000
vn 0.000000 -0.000000 -1.000000
f 4168//1390 4169//1390 4170//1390
v 1.528242 12.103444 -8.400000
v 1.180375 12.316617 -8.400000
v 1.089577 12.138416 -8.400000
vn 0.000000 0.000000 1.000000
f 4171//1391 4172//1391 4173//1391
v 1.528242 12.103444 -8.400000
v 1.089577 12.138416 -8.400000
v 1.410685 11.941641 -8.400000
vn 0.000000 0.000000 1.000000
f 4174//1392 4175//1392 4176//1392
v 1.180375 12.316617 -8.700000
v 0.803444 12.472747 -8.700000
v 0.803444 12.472747 -8.400000
vn 0.382683 0.923880 0.000000
f 4177//1393 4178//1393 4179//1393
v 1.180375 12.316617 -8.700000
v 0.803444 12.472747 -8.400000
v 1.180375 12.316617 -8.400000
vn 0.382683 0.923880 -0.000000
f 4180//1394 4181//1394 4182//1394
v 1.089577 12.138416 -8.700000
v 1.089577 12.138416 -8.400000
v 0.741641 12.282536 -8.400000
vn -0.382683 -0.923880 0.000000
f 4183//1395 4184//1395 4185//1395
v 1.089577 12.138416 -8.700000
v 0.741641 12.282536 -8.400000
v 0.741641 12.282536 -8.700000
vn -0.382683 -0.923880 0.000000
f 4186//1396 4187//1396 4188//1396
v 0.803444 12.472747 -8.700000
v 1.180375 12.316617 -8.700000
v 1.089577 12.138416 -8.700000
vn 0.000000 0.000000 -1.000000
f 4189//1397 4190//1397 4191//1397
v 0.803444 12.472747 -8.700000
v 1.089577 12.138416 -8.700000
v 0.741641 12.282536 -8.700000
vn 0.000000 -0.000000 -1.000000
f 4192//1398 4193//1398 4194//1398
v 1.180375 12.316617 -8.400000
v 0.803444 12.472747 -8.400000
v 0.741641 12.282536 -8.400000
vn 0.000000 0.000000 1.000000
f 4195//1399 4196//1399 4197//1399
v 1.180375 12.316617 -8.400000
v 0.741641 12.282536 -8.400000
v 1.089577 12.138416 -8.400000
vn 0.000000 0.000000 1.000000
f 4198//1400 4199//1400 4200//1400
v 0.803444 12.472747 -8.700000
v 0.406730 12.567990 -8.700000
v 0.406730 12.567990 -8.400000
vn 0.233445 0.972370 0.000000
f 4201//1401 4202//1401 4203//1401
v 0.803444 12.472747 -8.700000
v 0.406730 12.567990 -8.400000
v 0.803444 12.472747 -8.400000
vn 0.233445 0.972370 -0.000000
f 4204//1402 4205//1402 4206//1402
v 0.741641 12.282536 -8.700000
v 0.741641 12.282536 -8.400000
v 0.375443 12.370452 -8.400000
vn -0.233445 -0.972370 0.000000
f 4207//1403 4208//1403 4209//1403
v 0.741641 12.282536 -8.700000
v 0.375443 12.370452 -8.400000
v 0.375443 12.370452 -8.700000
vn -0.233445 -0.972370 0.000000
f 4210//1404 4211//1404 4212//1404
v 0.406730 12.567990 -8.700000
v 0.803444 12.472747 -8.700000
v 0.741641 12.282536 -8.700000
vn 0.000000 0.000000 -1.000000
f 4213//1405 4214//1405 4215//1405
v 0.406730 12.567990 -8.700000
v 0.741641 12.282536 -8.700000
v 0.375443 12.370452 -8.700000
vn 0.000000 -0.000000 -1.000000
f 4216//1406 4217//1406 4218//1406
v 0.803444 12.472747 -8.400000
v 0.406730 12.567990 -8.400000
v 0.375443 12.370452 -8.400000
vn 0.000000 0.000000 1.000000
f 4219//1407 4220//1407 4221//1407
v 0.803444 12.472747 -8.400000
v 0.375443 12.370452 -8.400000
v 0.741641 12.282536 -8.400000
vn 0.000000 0.000000 1.000000
f 4222//1408 4223//1408 4224//1408
v 0.406730 12.567990 -8.700000
v 0.000000 12.600000 -8.700000
v 0.000000 12.600000 -8.400000
vn 0.078459 0.996917 0.000000
f 4225//1409 4226//1409 4227//1409
v 0.406730 12.567990 -8.700000
v 0.000000 12.600000 -8.400000
v 0.406730 12.567990 -8.400000
vn 0.078459 0.996917 -0.000000
f 4228//1410 4229//1410 4230//1410
v 0.375443 12.370452 -8.700000
v 0.375443 12.370452 -8.400000
v 0.000000 12.400000 -8.400000
vn -0.078459 -0.996917 0.000000
f 4231//1411 4232//1411 4233//1411
v 0.375443 12.370452 -8.700000
v 0.000000 12.400000 -8.400000
v 0.000000 12.400000 -8.700000
vn -0.078459 -0.996917 0.000000
f 4234//1412 4235//1412 4236//1412
v 0.000000 12.600000 -8.700000
v 0.406730 12.567990 -8.700000
v 0.375443 12.370452 -8.700000
vn 0.000000 0.000000 -1.000000
f 4237//1413 4238//1413 4239//1413
v 0.000000 12.600000 -8.700000
v 0.375443 12.370452 -8.700000
v 0.000000 12.400000 -8.700000
vn 0.000000 -0.000000 -1.000000
f 4240//1414 4241//1414 4242//1414
v 0.406730 12.567990 -8.400000
v 0.000000 12.600000 -8.400000
v 0.000000 12.400000 -8.400000
vn 0.000000 0.000000 1.000000
f 4243//1415 4244//1415 4245//1415
v 0.406730 12.567990 -8.400000
v 0.000000 12.400000 -8.400000
v 0.375443 12.370452 -8.400000
vn 0.000000 0.000000 1.000000
f 4246//1416 4247//1416 4248//1416
v 0.000000 12.600000 -8.700000
v -0.406730 12.567990 -8.700000
v -0.406730 12.567990 -8.400000
vn -0.078459 0.996917 0.000000
f 4249//1417 4250//1417 4251//1417
v 0.000000 12.600000 -8.700000
v -0.406730 12.567990 -8.400000
v 0.000000 12.600000 -8.400000
vn -0.078459 0.996917 0.000000
f 4252//1418 4253//1418 4254//1418
v 0.000000 12.400000 -8.700000
v 0.000000 12.400000 -8.400000
v -0.375443 12.370452 -8.400000
vn 0.078459 -0.996917 0.000000
f 4255//1419 4256//1419 4257//1419
v 0.000000 12.400000 -8.700000
v -0.375443 12.370452 -8.400000
v -0.375443 12.370452 -8.700000
vn 0.078459 -0.996917 0.000000
f 4258//1420 4259//1420 4260//1420
v -0.406730 12.567990 -8.700000
v 0.000000 12.600000 -8.700000
v 0.000000 12.400000 -8.700000
vn 0.000000 0.000000 -1.000000
f 4261//1421 4262//1421 4263//1421
v -0.406730 12.567990 -8.700000
v 0.000000 12.400000 -8.700000
v -0.375443 12.370452 -8.700000
vn 0.000000 0.000000 -1.000000
f 4264//1422 4265//1422 4266//1422
v 0.000000 12.600000 -8.400000
v -0.406730 12.567990 -8.400000
v -0.375443 12.370452 -8.400000
vn 0.000000 0.000000 1.000000
f 4267//1423 4268//1423 4269//1423
v 0.000000 12.600000 -8.400000
v -0.375443 12.370452 -8.400000
v 0.000000 12.400000 -8.400000
vn 0.000000 0.000000 1.000000
f 4270//1424 4271//1424 4272//1424
v -0.406730 12.567990 -8.700000
v -0.803444 12.472747 -8.700000
v -0.803444 12.472747 -8.400000
vn -0.233445 0.972370 0.000000
f 4273//1425 4274//1425 4275//1425
v -0.406730 12.567990 -8.700000
v -0.803444 12.472747 -8.400000
v -0.406730 12.567990 -8.400000
vn -0.233445 0.972370 0.000000
f 4276//1426 4277//1426 4278//1426
v -0.375443 12.370452 -8.700000
v -0.375443 12.370452 -8.400000
v -0.741641 12.282536 -8.400000
vn 0.233445 -0.972370 0.000000
f 4279//1427 4280//1427 4281//1427
v -0.375443 12.370452 -8.700000
v -0.741641 12.282536 -8.400000
v -0.741641 12.282536 -8.700000
vn 0.233445 -0.972370 0.000000
f 4282//1428 4283//1428 4284//1428
v -0.803444 12.472747 -8.700000
v -0.406730 12.567990 -8.700000
v -0.375443 12.370452 -8.700000
vn 0.000000 0.000000 -1.000000
f 4285//1429 4286//1429 4287//1429
v -0.803444 12.472747 -8.700000
v -0.375443 12.370452 -8.700000
v -0.741641 12.282536 -8.700000
vn 0.000000 0.000000 -1.000000
f 4288//1430 4289//1430 4290//1430
v -0.406730 12.567990 -8.400000
v -0.803444 12.472747 -8.400000
v -0.741641 12.282536 -8.400000
vn 0.000000 0.000000 1.000000
f 4291//1431 4292//1431 4293//1431
v -0.406730 12.567990 -8.400000
v -0.741641 12.282536 -8.400000
v -0.375443 12.370452 -8.400000
vn 0.000000 0.000000 1.000000
f 4294//1432 4295//1432 4296//1432
v -0.803444 12.472747 -8.700000
v -1.180375 12.316617 -8.700000
v -1.180375 12.316617 -8.400000
vn -0.382683 0.923880 0.000000
f 4297//1433 4298//1433 4299//1433
v -0.803444 12.472747 -8.700000
v -1.180375 12.316617 -8.400000
v -0.803444 12.472747 -8.400000
vn -0.382683 0.923880 0.000000
f 4300//1434 4301//1434 4302//1434
v -0.741641 12.282536 -8.700000
v -0.741641 12.282536 -8.400000
v -1.089577 12.138416 -8.400000
vn 0.382683 -0.923880 0.000000
f 4303//1435 4304//1435 4305//1435
v -0.741641 12.282536 -8.700000
v -1.089577 12.138416 -8.400000
v -1.089577 12.138416 -8.700000
vn 0.382683 -0.923880 0.000000
f 4306//1436 4307//1436 4308//1436
v -1.180375 12.316617 -8.700000
v -0.803444 12.472747 -8.700000
v -0.741641 12.282536 -8.700000
vn 0.000000 0.000000 -1.000000
f 4309//1437 4310//1437 4311//1437
v -1.180375 12.316617 -8.700000
v -0.741641 12.282536 -8.700000
v -1.089577 12.138416 -8.700000
vn 0.000000 0.000000 -1.000000
f 4312//1438 4313//1438 4314//1438
v -0.803444 12.472747 -8.400000
v -1.180375 12.316617 -8.400000
v -1.089577 12.138416 -8.400000
vn 0.000000 0.000000 1.000000
f 4315//1439 4316//1439 4317//1439
v -0.803444 12.472747 -8.400000
v -1.089577 12.138416 -8.400000
v -0.741641 12.282536 -8.400000
vn 0.000000 0.000000 1.000000
f 4318//1440 4319//1440 4320//1440
v -1.180375 12.316617 -8.700000
v -1.528242 12.103444 -8.700000
v -1.528242 12.103444 -8.400000
vn -0.522499 0.852640 0.000000
f 4321//1441 4322//1441 4323//1441
v -1.180375 12.316617 -8.700000
v -1.528242 12.103444 -8.400000
v -1.180375 12.316617 -8.400000
vn -0.522499 0.852640 0.000000
f 4324//1442 4325//1442 4326//1442
v -1.089577 12.138416 -8.700000
v -1.089577 12.138416 -8.400000
v -1.410685 11.941641 -8.400000
vn 0.522499 -0.852640 0.000000
f 4327//1443 4328//1443 4329//1443
v -1.089577 12.138416 -8.700000
v -1.410685 11.941641 -8.400000
v -1.410685 11.941641 -8.700000
vn 0.522499 -0.852640 0.000000
f 4330//1444 4331//1444 4332//1444
v -1.528242 12.103444 -8.700000
v -1.180375 12.316617 -8.700000
v -1.089577 12.138416 -8.700000
vn 0.000000 0.000000 -1.000000
f 4333//1445 4334//1445 4335//1445
v -1.528242 12.103444 -8.700000
v -1.089577 12.138416 -8.700000
v -1.410685 11.941641 -8.700000
vn 0.000000 0.000000 -1.000000
f 4336//1446 4337//1446 4338//1446
v -1.180375 12.316617 -8.400000
v -1.528242 12.103444 -8.400000
v -1.410685 11.941641 -8.400000
vn 0.000000 0.000000 1.000000
f 4339//1447 4340//1447 4341//1447
v -1.180375 12.316617 -8.400000
v -1.410685 11.941641 -8.400000
v -1.089577 12.138416 -8.400000
vn 0.000000 0.000000 1.000000
f 4342//1448 4343//1448 4344//1448
v -1.528242 12.103444 -8.700000
v -1.838478 11.838478 -8.700000
v -1.838478 11.838478 -8.400000
vn -0.649448 0.760406 0.000000
f 4345//1449 4346//1449 4347//1449
v -1.528242 12.103444 -8.700000
v -1.838478 11.838478 -8.400000
v -1.528242 12.103444 -8.400000
vn -0.649448 0.760406 0.000000
f 4348//1450 4349//1450 4350//1450
v -1.410685 11.941641 -8.700000
v -1.410685 11.941641 -8.400000
v -1.697056 11.697056 -8.400000
vn 0.649448 -0.760406 0.000000
f 4351//1451 4352//1451 4353//1451
v -1.410685 11.941641 -8.700000
v -1.697056 11.697056 -8.400000
v -1.697056 11.697056 -8.700000
vn 0.649448 -0.760406 0.000000
f 4354//1452 4355//1452 4356//1452
v -1.838478 11.838478 -8.700000
v -1.528242 12.103444 -8.700000
v -1.410685 11.941641 -8.700000
vn 0.000000 0.000000 -1.000000
f 4357//1453 4358//1453 4359//1453
v -1.838478 11.838478 -8.700000
v -1.410685 11.941641 -8.700000
v -1.697056 11.697056 -8.700000
vn 0.000000 0.000000 -1.000000
f 4360//1454 4361//1454 4362//1454
v -1.528242 12.103444 -8.400000
v -1.838478 11.838478 -8.400000
v -1.697056 11.697056 -8.400000
vn 0.000000 0.000000 1.000000
f 4363//1455 4364//1455 4365//1455
v -1.528242 12.103444 -8.400000
v -1.697056 11.697056 -8.400000
v -1.410685 11.941641 -8.400000
vn 0.000000 0.000000 1.000000
f 4366//1456 4367//1456 4368//1456
v -1.838478 11.838478 -8.700000
v -2.103444 11.528242 -8.700000
v -2.103444 11.528242 -8.400000
vn -0.760406 0.649448 0.000000
f 4369//1457 4370//1457 4371//1457
v -1.838478 11.838478 -8.700000
v -2.103444 11.528242 -8.400000
v -1.838478 11.838478 -8.400000
vn -0.760406 0.649448 0.000000
f 4372//1458 4373//1458 4374//1458
v -1.697056 11.697056 -8.700000
v -1.697056 11.697056 -8.400000
v -1.941641 11.410685 -8.400000
vn 0.760406 -0.649448 0.000000
f 4375//1459 4376//1459 4377//1459
v -1.697056 11.697056 -8.700000
v -1.941641 11.410685 -8.400000
v -1.941641 11.410685 -8.700000
vn 0.760406 -0.649448 0.000000
f 4378//1460 4379//1460 4380//1460
v -2.103444 11.528242 -8.700000
v -1.838478 11.838478 -8.700000
v -1.697056 11.697056 -8.700000
vn 0.000000 0.000000 -1.000000
f 4381//1461 4382//1461 4383//1461
v -2.103444 11.528242 -8.700000
v -1.697056 11.697056 -8.700000
v -1.941641 11.410685 -8.700000
vn 0.000000 0.000000 -1.000000
f 4384//1462 4385//1462 4386//1462
v -1.838478 11.838478 -8.400000
v -2.103444 11.528242 -8.400000
v -1.941641 11.410685 -8.400000
vn 0.000000 0.000000 1.000000
f 4387//1463 4388//1463 4389//1463
v -1.838478 11.838478 -8.400000
v -1.941641 11.410685 -8.400000
v -1.697056 11.697056 -8.400000
vn 0.000000 0.000000 1.000000
f 4390//1464 4391//1464 4392//1464
v -2.103444 11.528242 -8.700000
v -2.316617 11.180375 -8.700000
v -2.316617 11.180375 -8.400000
vn -0.852640 0.522499 0.000000
f 4393//1465 4394//1465 4395//1465
v -2.103444 11.528242 -8.700000
v -2.316617 11.180375 -8.400000
v -2.103444 11.528242 -8.400000
vn -0.852640 0.522499 0.000000
f 4396//1466 4397//1466 4398//1466
v -1.941641 11.410685 -8.700000
v -1.941641 11.410685 -8.400000
v -2.138416 11.089577 -8.400000
vn 0.852640 -0.522499 0.000000
f 4399//1467 4400//1467 4401//1467
v -1.941641 11.410685 -8.700000
v -2.138416 11.089577 -8.400000
v -2.138416 11.089577 -8.700000
vn 0.852640 -0.522499 0.000000
f 4402//1468 4403//1468 4404//1468
v -2.316617 11.180375 -8.700000
v -2.103444 11.528242 -8.700000
v -1.941641 11.410685 -8.700000
vn 0.000000 0.000000 -1.000000
f 4405//1469 4406//1469 4407//1469
v -2.316617 11.180375 -8.700000
v -1.941641 11.410685 -8.700000
v -2.138416 11.089577 -8.700000
vn 0.000000 0.000000 -1.000000
f 4408//1470 4409//1470 4410//1470
v -2.103444 11.528242 -8.400000
v -2.316617 11.180375 -8.400000
v -2.138416 11.089577 -8.400000
vn 0.000000 0.000000 1.000000
f 4411//1471 4412//1471 4413//1471
v -2.103444 11.528242 -8.400000
v -2.138416 11.089577 -8.400000
v -1.941641 11.410685 -8.400000
vn 0.000000 0.000000 1.000000
f 4414//1472 4415//1472 4416//1472
v -2.316617 11.180375 -8.700000
v -2.472747 10.803444 -8.700000
v -2.472747 10.803444 -8.400000
vn -0.923880 0.382683 0.000000
f 4417//1473 4418//1473 4419//1473
v -2.316617 11.180375 -8.700000
v -2.472747 10.803444 -8.400000
v -2.316617 11.180375 -8.400000
vn -0.923880 0.382683 0.000000
f 4420//1474 4421//1474 4422//1474
v -2.138416 11.089577 -8.700000
v -2.138416 11.089577 -8.400000
v -2.282536 10.741641 -8.400000
vn 0.923880 -0.382683 0.000000
f 4423//1475 4424//1475 4425//1475
v -2.138416 11.089577 -8.700000
v -2.282536 10.741641 -8.400000
v -2.282536 10.741641 -8.700000
vn 0.923880 -0.382683 0.000000
f 4426//1476 4427//1476 4428//1476
v -2.472747 10.803444 -8.700000
v -2.316617 11.180375 -8.700000
v -2.138416 11.089577 -8.700000
vn 0.000000 0.000000 -1.000000
f 4429//1477 4430//1477 4431//1477
v -2.472747 10.803444 -8.700000
v -2.138416 11.089577 -8.700000
v -2.282536 10.741641 -8.700000
vn 0.000000 0.000000 -1.000000
f 4432//1478 4433//1478 4434//1478
v -2.316617 11.180375 -8.400000
v -2.472747 10.803444 -8.400000
v -2.282536 10.741641 -8.400000
vn 0.000000 0.000000 1.000000
f 4435//1479 4436//1479 4437//1479
v -2.316617 11.180375 -8.400000
v -2.282536 10.741641 -8.400000
v -2.138416 11.089577 -8.400000
vn 0.000000 0.000000 1.000000
f 4438//1480 4439//1480 4440//1480
v -2.472747 10.803444 -8.700000
v -2.567990 10.406730 -8.700000
v -2.567990 10.406730 -8.400000
vn -0.972370 0.233445 0.000000
f 4441//1481 4442//1481 4443//1481
v -2.472747 10.803444 -8.700000
v -2.567990 10.406730 -8.400000
v -2.472747 10.803444 -8.400000
vn -0.972370 0.233445 0.000000
f 4444//1482 4445//1482 4446//1482
v -2.282536 10.741641 -8.700000
v -2.282536 10.741641 -8.400000
v -2.370452 10.375443 -8.400000
vn 0.972370 -0.233445 0.000000
f 4447//1483 4448//1483 4449//1483
v -2.282536 10.741641 -8.700000
v -2.370452 10.375443 -8.400000
v -2.370452 10.375443 -8.700000
vn 0.972370 -0.233445 0.000000
f 4450//1484 4451//1484 4452//1484
v -2.567990 10.406730 -8.700000
v -2.472747 10.803444 -8.700000
v -2.282536 10.741641 -8.700000
vn 0.000000 0.000000 -1.000000
f 4453//1485 4454//1485 4455//1485
v -2.567990 10.406730 -8.700000
v -2.282536 10.741641 -8.700000
v -2.370452 10.375443 -8.700000
vn 0.000000 0.000000 -1.000000
f 4456//1486 4457//1486 4458//1486
v -2.472747 10.803444 -8.400000
v -2.567990 10.406730 -8.400000
v -2.370452 10.375443 -8.400000
vn 0.000000 0.000000 1.000000
f 4459//1487 4460//1487 4461//1487
v -2.472747 10.803444 -8.400000
v -2.370452 10.375443 -8.400000
v -2.282536 10.741641 -8.400000
vn 0.000000 0.000000 1.000000
f 4462//1488 4463//1488 4464//1488
v -2.567990 10.406730 -8.700000
v -2.600000 10.000000 -8.700000
v -2.600000 10.000000 -8.400000
vn -0.996917 0.078459 0.000000
f 4465//1489 4466//1489 4467//1489
v -2.567990 10.406730 -8.700000
v -2.600000 10.000000 -8.400000
v -2.567990 10.406730 -8.400000
vn -0.996917 0.078459 0.000000
f 4468//1490 4469//1490 4470//1490
v -2.370452 10.375443 -8.700000
v -2.370452 10.375443 -8.400000
v -2.400000 10.000000 -8.400000
vn 0.996917 -0.078459 0.000000
f 4471//1491 4472//1491 4473//1491
v -2.370452 10.375443 -8.700000
v -2.400000 10.000000 -8.400000
v -2.400000 10.000000 -8.700000
vn 0.996917 -0.078459 0.000000
f 4474//1492 4475//1492 4476//1492
v -2.600000 10.000000 -8.700000
v -2.567990 10.406730 -8.700000
v -2.370452 10.375443 -8.700000
vn 0.000000 0.000000 -1.000000
f 4477//1493 4478//1493 4479//1493
v -2.600000 10.000000 -8.700000
v -2.370452 10.375443 -8.700000
v -2.400000 10.000000 -8.700000
vn 0.000000 0.000000 -1.000000
f 4480//1494 4481//1494 4482//1494
v -2.567990 10.406730 -8.400000
v -2.600000 10.000000 -8.400000
v -2.400000 10.000000 -8.400000
vn 0.000000 0.000000 1.000000
f 4483//1495 4484//1495 4485//1495
v -2.567990 10.406730 -8.400000
v -2.400000 10.000000 -8.400000
v -2.370452 10.375443 -8.400000
vn 0.000000 0.000000 1.000000
f 4486//1496 4487//1496 4488//1496
v 2.458356 9.962500 -8.323443
v 2.441644 9.962500 -8.396557
v 2.441644 10.037500 -8.396557
vn 0.974859 0.000000 -0.222825
f 4489//1497 4490//1497 4491//1497
v 2.458356 9.962500 -8.323443
v 2.441644 10.037500 -8.396557
v 2.458356 10.037500 -8.323443
vn 0.974859 0.000000 -0.222825
f 4492//1498 4493//1498 4494//1498
v 0.008356 10.037500 -7.763443
v -0.008356 10.037500 -7.836557
v -0.008356 9.962500 -7.836557
vn -0.974859 0.000000 0.222825
f 4495//1499 4496//1499 4497//1499
v 0.008356 10.037500 -7.763443
v -0.008356 9.962500 -7.836557
v 0.008356 9.962500 -7.763443
vn -0.974859 0.000000 0.222825
f 4498//1500 4499//1500 4500//1500
v 2.458356 10.037500 -8.323443
v 2.441644 10.037500 -8.396557
v -0.008356 10.037500 -7.836557
vn 0.000000 1.000000 0.000000
f 4501//1501 4502//1501 4503//1501
v 2.458356 10.037500 -8.323443
v -0.008356 10.037500 -7.836557
v 0.008356 10.037500 -7.763443
vn 0.000000 1.000000 0.000000
f 4504//1502 4505//1502 4506//1502
v 2.441644 10.037500 -8.396557
v 2.441644 9.962500 -8.396557
v -0.008356 9.962500 -7.836557
vn -0.222825 -0.000000 -0.974859
f 4507//1503 4508//1503 4509//1503
v 2.441644 10.037500 -8.396557
v -0.008356 9.962500 -7.836557
v -0.008356 10.037500 -7.836557
vn -0.222825 0.000000 -0.974859
f 4510//1504 4511//1504 4512//1504
v 2.441644 9.962500 -8.396557
v 2.458356 9.962500 -8.323443
v 0.008356 9.962500 -7.763443
vn 0.000000 -1.000000 0.000000
f 4513//1505 4514//1505 4515//1505
v 2.441644 9.962500 -8.396557
v 0.008356 9.962500 -7.763443
v -0.008356 9.962500 -7.836557
vn 0.000000 -1.000000 0.000000
f 4516//1506 4517//1506 4518//1506
v 2.458356 9.962500 -8.323443
v 2.458356 10.037500 -8.323443
v 0.008356 10.037500 -7.763443
vn 0.222825 -0.000000 0.974859
f 4519//1507 4520//1507 4521//1507
v 2.458356 9.962500 -8.323443
v 0.008356 10.037500 -7.763443
v 0.008356 9.962500 -7.763443
vn 0.222825 0.000000 0.974859
f 4522//1508 4523//1508 4524//1508
v 1.768543 11.705245 -8.332269
v 1.745474 11.705245 -8.403633
v 1.696281 11.759578 -8.387731
vn 0.689329 0.689329 -0.222825
f 4525//1509 4526//1509 4527//1509
v 1.768543 11.705245 -8.332269
v 1.696281 11.759578 -8.387731
v 1.719349 11.759578 -8.316367
vn 0.689329 0.689329 -0.222825
f 4528//1510 4529//1510 4530//1510
v -0.013063 10.027167 -7.756367
v -0.036131 10.027167 -7.827731
v 0.013063 9.972833 -7.843633
vn -0.689329 -0.689329 0.222825
f 4531//1511 4532//1511 4533//1511
v -0.013063 10.027167 -7.756367
v 0.013063 9.972833 -7.843633
v 0.036131 9.972833 -7.772269
vn -0.689329 -0.689329 0.222825
f 4534//1512 4535//1512 4536//1512
v 1.719349 11.759578 -8.316367
v 1.696281 11.759578 -8.387731
v -0.036131 10.027167 -7.827731
vn -0.655912 0.724448 0.212023
f 4537//1513 4538//1513 4539//1513
v 1.719349 11.759578 -8.316367
v -0.036131 10.027167 -7.827731
v -0.013063 10.027167 -7.756367
vn -0.655912 0.724448 0.212023
f 4540//1514 4541//1514 4542//1514
v 1.696281 11.759578 -8.387731
v 1.745474 11.705245 -8.403633
v 0.013063 9.972833 -7.843633
vn -0.307579 -0.000000 -0.951523
f 4543//1515 4544//1515 4545//1515
v 1.696281 11.759578 -8.387731
v 0.013063 9.972833 -7.843633
v -0.036131 10.027167 -7.827731
vn -0.307579 -0.000000 -0.951523
f 4546//1516 4547//1516 4548//1516
v 1.745474 11.705245 -8.403633
v 1.768543 11.705245 -8.332269
v 0.036131 9.972833 -7.772269
vn 0.655912 -0.724448 -0.212023
f 4549//1517 4550//1517 4551//1517
v 1.745474 11.705245 -8.403633
v 0.036131 9.972833 -7.772269
v 0.013063 9.972833 -7.843633
vn 0.655912 -0.724448 -0.212023
f 4552//1518 4553//1518 4554//1518
v 1.768543 11.705245 -8.332269
v 1.719349 11.759578 -8.316367
v -0.013063 10.027167 -7.756367
vn 0.307579 0.000000 0.951523
f 4555//1519 4556//1519 4557//1519
v 1.768543 11.705245 -8.332269
v -0.013063 10.027167 -7.756367
v 0.036131 9.972833 -7.772269
vn 0.307579 0.000000 0.951523
f 4558//1520 4559//1520 4560//1520
v -0.037500 12.441644 -8.396557
v -0.037500 12.458356 -8.323443
v 0.037500 12.458356 -8.323443
vn 0.000000 0.974859 -0.222825
f 4561//1521 4562//1521 4563//1521
v -0.037500 12.441644 -8.396557
v 0.037500 12.458356 -8.323443
v 0.037500 12.441644 -8.396557
vn 0.000000 0.974859 -0.222825
f 4564//1522 4565//1522 4566//1522
v 0.037500 9.991644 -7.836557
v 0.037500 10.008356 -7.763443
v -0.037500 10.008356 -7.763443
vn 0.000000 -0.974859 0.222825
f 4567//1523 4568//1523 4569//1523
v 0.037500 9.991644 -7.836557
v -0.037500 10.008356 -7.763443
v -0.037500 9.991644 -7.836557
vn 0.000000 -0.974859 0.222825
f 4570//1524 4571//1524 4572//1524
v 0.037500 12.441644 -8.396557
v 0.037500 12.458356 -8.323443
v 0.037500 10.008356 -7.763443
vn 1.000000 -0.000000 0.000000
f 4573//1525 4574//1525 4575//1525
v 0.037500 12.441644 -8.396557
v 0.037500 10.008356 -7.763443
v 0.037500 9.991644 -7.836557
vn 1.000000 -0.000000 0.000000
f 4576//1526 4577//1526 4578//1526
v 0.037500 12.458356 -8.323443
v -0.037500 12.458356 -8.323443
v -0.037500 10.008356 -7.763443
vn 0.000000 0.222825 0.974859
f 4579//1527 4580//1527 4581//1527
v 0.037500 12.458356 -8.323443
v -0.037500 10.008356 -7.763443
v 0.037500 10.008356 -7.763443
vn 0.000000 0.222825 0.974859
f 4582//1528 4583//1528 4584//1528
v -0.037500 12.458356 -8.323443
v -0.037500 12.441644 -8.396557
v -0.037500 9.991644 -7.836557
vn -1.000000 0.000000 -0.000000
f 4585//1529 4586//1529 4587//1529
v -0.037500 12.458356 -8.323443
v -0.037500 9.991644 -7.836557
v -0.037500 10.008356 -7.763443
vn -1.000000 0.000000 -0.000000
f 4588//1530 4589//1530 4590//1530
v -0.037500 12.441644 -8.396557
v 0.037500 12.441644 -8.396557
v 0.037500 9.991644 -7.836557
vn 0.000000 -0.222825 -0.974859
f 4591//1531 4592//1531 4593//1531
v -0.037500 12.441644 -8.396557
v 0.037500 9.991644 -7.836557
v -0.037500 9.991644 -7.836557
vn 0.000000 -0.222825 -0.974859
f 4594//1532 4595//1532 4596//1532
v -1.745474 11.705245 -8.403633
v -1.768543 11.705245 -8.332269
v -1.719349 11.759578 -8.316367
vn -0.689329 0.689329 -0.222825
f 4597//1533 4598//1533 4599//1533
v -1.745474 11.705245 -8.403633
v -1.719349 11.759578 -8.316367
v -1.696281 11.759578 -8.387731
vn -0.689329 0.689329 -0.222825
f 4600//1534 4601//1534 4602//1534
v 0.036131 10.027167 -7.827731
v 0.013063 10.027167 -7.756367
v -0.036131 9.972833 -7.772269
vn 0.689329 -0.689329 0.222825
f 4603//1535 4604//1535 4605//1535
v 0.036131 10.027167 -7.827731
v -0.036131 9.972833 -7.772269
v -0.013063 9.972833 -7.843633
vn 0.689329 -0.689329 0.222825
f 4606//1536 4607//1536 4608//1536
v -1.696281 11.759578 -8.387731
v -1.719349 11.759578 -8.316367
v 0.013063 10.027167 -7.756367
vn 0.655912 0.724448 0.212023
f 4609//1537 4610//1537 4611//1537
v -1.696281 11.759578 -8.387731
v 0.013063 10.027167 -7.756367
v 0.036131 10.027167 -7.827731
vn 0.655912 0.724448 0.212023
f 4612//1538 4613//1538 4614//1538
v -1.719349 11.759578 -8.316367
v -1.768543 11.705245 -8.332269
v -0.036131 9.972833 -7.772269
vn -0.307579 0.000000 0.951523
f 4615//1539 4616//1539 4617//1539
v -1.719349 11.759578 -8.316367
v -0.036131 9.972833 -7.772269
v 0.013063 10.027167 -7.756367
vn -0.307579 0.000000 0.951523
f 4618//1540 4619//1540 4620//1540
v -1.768543 11.705245 -8.332269
v -1.745474 11.705245 -8.403633
v -0.013063 9.972833 -7.843633
vn -0.655912 -0.724448 -0.212023
f 4621//1541 4622//1541 4623//1541
v -1.768543 11.705245 -8.332269
v -0.013063 9.972833 -7.843633
v -0.036131 9.972833 -7.772269
vn -0.655912 -0.724448 -0.212023
f 4624//1542 4625//1542 4626//1542
v -1.745474 11.705245 -8.403633
v -1.696281 11.759578 -8.387731
v 0.036131 10.027167 -7.827731
vn 0.307579 -0.000000 -0.951523
f 4627//1543 4628//1543 4629//1543
v -1.745474 11.705245 -8.403633
v 0.036131 10.027167 -7.827731
v -0.013063 9.972833 -7.843633
vn 0.307579 -0.000000 -0.951523
f 4630//1544 4631//1544 4632//1544
v -2.441644 9.962500 -8.396557
v -2.458356 9.962500 -8.323443
v -2.458356 10.037500 -8.323443
vn -0.974859 0.000000 -0.222825
f 4633//1545 4634//1545 4635//1545
v -2.441644 9.962500 -8.396557
v -2.458356 10.037500 -8.323443
v -2.441644 10.037500 -8.396557
vn -0.974859 0.000000 -0.222825
f 4636//1546 4637//1546 4638//1546
v 0.008356 10.037500 -7.836557
v -0.008356 10.037500 -7.763443
v -0.008356 9.962500 -7.763443
vn 0.974859 0.000000 0.222825
f 4639//1547 4640//1547 4641//1547
v 0.008356 10.037500 -7.836557
v -0.008356 9.962500 -7.763443
v 0.008356 9.962500 -7.836557
vn 0.974859 0.000000 0.222825
f 4642//1548 4643//1548 4644//1548
v -2.441644 10.037500 -8.396557
v -2.458356 10.037500 -8.323443
v -0.008356 10.037500 -7.763443
vn 0.000000 1.000000 -0.000000
f 4645//1549 4646//1549 4647//1549
v -2.441644 10.037500 -8.396557
v -0.008356 10.037500 -7.763443
v 0.008356 10.037500 -7.836557
vn 0.000000 1.000000 0.000000
f 4648//1550 4649//1550 4650//1550
v -2.458356 10.037500 -8.323443
v -2.458356 9.962500 -8.323443
v -0.008356 9.962500 -7.763443
vn -0.222825 0.000000 0.974859
f 4651//1551 4652//1551 4653//1551
v -2.458356 10.037500 -8.323443
v -0.008356 9.962500 -7.763443
v -0.008356 10.037500 -7.763443
vn -0.222825 0.000000 0.974859
f 4654//1552 4655//1552 4656//1552
v -2.458356 9.962500 -8.323443
v -2.441644 9.962500 -8.396557
v 0.008356 9.962500 -7.836557
vn 0.000000 -1.000000 0.000000
f 4657//1553 4658//1553 4659//1553
v -2.458356 9.962500 -8.323443
v 0.008356 9.962500 -7.836557
v -0.008356 9.962500 -7.763443
vn 0.000000 -1.000000 0.000000
f 4660//1554 4661//1554 4662//1554
v -2.441644 9.962500 -8.396557
v -2.441644 10.037500 -8.396557
v 0.008356 10.037500 -7.836557
vn 0.222825 0.000000 -0.974859
f 4663//1555 4664//1555 4665//1555
v -2.441644 9.962500 -8.396557
v 0.008356 10.037500 -7.836557
v 0.008356 9.962500 -7.836557
vn 0.222825 0.000000 -0.974859
f 4666//1556 4667//1556 4668//1556
v -1.696281 8.240422 -8.387731
v -1.719349 8.240422 -8.316367
v -1.768543 8.294755 -8.332269
vn -0.689329 -0.689329 -0.222825
f 4669//1557 4670//1557 4671//1557
v -1.696281 8.240422 -8.387731
v -1.768543 8.294755 -8.332269
v -1.745474 8.294755 -8.403633
vn -0.689329 -0.689329 -0.222825
f 4672//1558 4673//1558 4674//1558
v -0.013063 10.027167 -7.843633
v -0.036131 10.027167 -7.772269
v 0.013063 9.972833 -7.756367
vn 0.689329 0.689329 0.222825
f 4675//1559 4676//1559 4677//1559
v -0.013063 10.027167 -7.843633
v 0.013063 9.972833 -7.756367
v 0.036131 9.972833 -7.827731
vn 0.689329 0.689329 0.222825
f 4678//1560 4679//1560 4680//1560
v -1.745474 8.294755 -8.403633
v -1.768543 8.294755 -8.332269
v -0.036131 10.027167 -7.772269
vn -0.655912 0.724448 -0.212023
f 4681//1561 4682//1561 4683//1561
v -1.745474 8.294755 -8.403633
v -0.036131 10.027167 -7.772269
v -0.013063 10.027167 -7.843633
vn -0.655912 0.724448 -0.212023
f 4684//1562 4685//1562 4686//1562
v -1.768543 8.294755 -8.332269
v -1.719349 8.240422 -8.316367
v 0.013063 9.972833 -7.756367
vn -0.307579 -0.000000 0.951523
f 4687//1563 4688//1563 4689//1563
v -1.768543 8.294755 -8.332269
v 0.013063 9.972833 -7.756367
v -0.036131 10.027167 -7.772269
vn -0.307579 -0.000000 0.951523
f 4690//1564 4691//1564 4692//1564
v -1.719349 8.240422 -8.316367
v -1.696281 8.240422 -8.387731
v 0.036131 9.972833 -7.827731
vn 0.655912 -0.724448 0.212023
f 4693//1565 4694//1565 4695//1565
v -1.719349 8.240422 -8.316367
v 0.036131 9.972833 -7.827731
v 0.013063 9.972833 -7.756367
vn 0.655912 -0.724448 0.212023
f 4696//1566 4697//1566 4698//1566
v -1.696281 8.240422 -8.387731
v -1.745474 8.294755 -8.403633
v -0.013063 10.027167 -7.843633
vn 0.307579 0.000000 -0.951523
f 4699//1567 4700//1567 4701//1567
v -1.696281 8.240422 -8.387731
v -0.013063 10.027167 -7.843633
v 0.036131 9.972833 -7.827731
vn 0.307579 0.000000 -0.951523
f 4702//1568 4703//1568 4704//1568
v -0.037500 7.541644 -8.323443
v -0.037500 7.558356 -8.396557
v 0.037500 7.558356 -8.396557
vn 0.000000 -0.974859 -0.222825
f 4705//1569 4706//1569 4707//1569
v -0.037500 7.541644 -8.323443
v 0.037500 7.558356 -8.396557
v 0.037500 7.541644 -8.323443
vn 0.000000 -0.974859 -0.222825
f 4708//1570 4709//1570 4710//1570
v 0.037500 9.991644 -7.763443
v 0.037500 10.008356 -7.836557
v -0.037500 10.008356 -7.836557
vn 0.000000 0.974859 0.222825
f 4711//1571 4712//1571 4713//1571
v 0.037500 9.991644 -7.763443
v -0.037500 10.008356 -7.836557
v -0.037500 9.991644 -7.763443
vn 0.000000 0.974859 0.222825
f 4714//1572 4715//1572 4716//1572
v 0.037500 7.541644 -8.323443
v 0.037500 7.558356 -8.396557
v 0.037500 10.008356 -7.836557
vn 1.000000 -0.000000 -0.000000
f 4717//1573 4718//1573 4719//1573
v 0.037500 7.541644 -8.323443
v 0.037500 10.008356 -7.836557
v 0.037500 9.991644 -7.763443
vn 1.000000 -0.000000 -0.000000
f 4720//1574 4721//1574 4722//1574
v 0.037500 7.558356 -8.396557
v -0.037500 7.558356 -8.396557
v -0.037500 10.008356 -7.836557
vn 0.000000 0.222825 -0.974859
f 4723//1575 4724//1575 4725//1575
v 0.037500 7.558356 -8.396557
v -0.037500 10.008356 -7.836557
v 0.037500 10.008356 -7.836557
vn 0.000000 0.222825 -0.974859
f 4726//1576 4727//1576 4728//1576
v -0.037500 7.558356 -8.396557
v -0.037500 7.541644 -8.323443
v -0.037500 9.991644 -7.763443
vn -1.000000 0.000000 0.000000
f 4729//1577 4730//1577 4731//1577
v -0.037500 7.558356 -8.396557
v -0.037500 9.991644 -7.763443
v -0.037500 10.008356 -7.836557
vn -1.000000 0.000000 0.000000
f 4732//1578 4733//1578 4734//1578
v -0.037500 7.541644 -8.323443
v 0.037500 7.541644 -8.323443
v 0.037500 9.991644 -7.763443
vn 0.000000 -0.222825 0.974859
f 4735//1579 4736//1579 4737//1579
v -0.037500 7.541644 -8.323443
v 0.037500 9.991644 -7.763443
v -0.037500 9.991644 -7.763443
vn 0.000000 -0.222825 0.974859
f 4738//1580 4739//1580 4740//1580
v 1.719349 8.240422 -8.316367
v 1.696281 8.240422 -8.387731
v 1.745474 8.294755 -8.403633
vn 0.689329 -0.689329 -0.222825
f 4741//1581 4742//1581 4743//1581
v 1.719349 8.240422 -8.316367
v 1.745474 8.294755 -8.403633
v 1.768543 8.294755 -8.332269
vn 0.689329 -0.689329 -0.222825
f 4744//1582 4745//1582 4746//1582
v 0.036131 10.027167 -7.772269
v 0.013063 10.027167 -7.843633
v -0.036131 9.972833 -7.827731
vn -0.689329 0.689329 0.222825
f 4747//1583 4748//1583 4749//1583
v 0.036131 10.027167 -7.772269
v -0.036131 9.972833 -7.827731
v -0.013063 9.972833 -7.756367
vn -0.689329 0.689329 0.222825
f 4750//1584 4751//1584 4752//1584
v 1.768543 8.294755 -8.332269
v 1.745474 8.294755 -8.403633
v 0.013063 10.027167 -7.843633
vn 0.655912 0.724448 -0.212023
f 4753//1585 4754//1585 4755//1585
v 1.768543 8.294755 -8.332269
v 0.013063 10.027167 -7.843633
v 0.036131 10.027167 -7.772269
vn 0.655912 0.724448 -0.212023
f 4756//1586 4757//1586 4758//1586
v 1.745474 8.294755 -8.403633
v 1.696281 8.240422 -8.387731
v -0.036131 9.972833 -7.827731
vn -0.307579 0.000000 -0.951523
f 4759//1587 4760//1587 4761//1587
v 1.745474 8.294755 -8.403633
v -0.036131 9.972833 -7.827731
v 0.013063 10.027167 -7.843633
vn -0.307579 0.000000 -0.951523
f 4762//1588 4763//1588 4764//1588
v 1.696281 8.240422 -8.387731
v 1.719349 8.240422 -8.316367
v -0.013063 9.972833 -7.756367
vn -0.655912 -0.724448 0.212023
f 4765//1589 4766//1589 4767//1589
v 1.696281 8.240422 -8.387731
v -0.013063 9.972833 -7.756367
v -0.036131 9.972833 -7.827731
vn -0.655912 -0.724448 0.212023
f 4768//1590 4769//1590 4770//1590
v 1.719349 8.240422 -8.316367
v 1.768543 8.294755 -8.332269
v 0.036131 10.027167 -7.772269
vn 0.307579 -0.000000 0.951523
f 4771//1591 4772//1591 4773//1591
v 1.719349 8.240422 -8.316367
v 0.036131 10.027167 -7.772269
v -0.013063 9.972833 -7.756367
vn 0.307579 -0.000000 0.951523
f 4774//1592 4775//1592 4776//1592
v -8.000000 6.075000 -9.000000
v -8.000000 6.325000 -9.000000
v 8.000000 6.325000 -9.000000
vn 0.000000 0.000000 -1.000000
f 4777//1593 4778//1593 4779//1593
v -8.000000 6.075000 -9.000000
v 8.000000 6.325000 -9.000000
v 8.000000 6.075000 -9.000000
vn 0.000000 0.000000 -1.000000
f 4780//1594 4781//1594 4782//1594
v -8.000000 6.075000 -7.000000
v 8.000000 6.075000 -7.000000
v 8.000000 6.325000 -7.000000
vn 0.000000 0.000000 1.000000
f 4783//1595 4784//1595 4785//1595
v -8.000000 6.075000 -7.000000
v 8.000000 6.325000 -7.000000
v -8.000000 6.325000 -7.000000
vn 0.000000 0.000000 1.000000
f 4786//1596 4787//1596 4788//1596
v -8.000000 6.075000 -9.000000
v -8.000000 6.075000 -7.000000
v -8.000000 6.325000 -7.000000
vn -1.000000 0.000000 0.000000
f 4789//1597 4790//1597 4791//1597
v -8.000000 6.075000 -9.000000
v -8.000000 6.325000 -7.000000
v -8.000000 6.325000 -9.000000
vn -1.000000 0.000000 0.000000
f 4792//1598 4793//1598 4794//1598
v 8.000000 6.075000 -9.000000
v 8.000000 6.325000 -9.000000
v 8.000000 6.325000 -7.000000
vn 1.000000 0.000000 0.000000
f 4795//1599 4796//1599 4797//1599
v 8.000000 6.075000 -9.000000
v 8.000000 6.325000 -7.000000
v 8.000000 6.075000 -7.000000
vn 1.000000 0.000000 0.000000
f 4798//1600 4799//1600 4800//1600
v -8.000000 6.075000 -9.000000
v 8.000000 6.075000 -9.000000
v 8.000000 6.075000 -7.000000
vn 0.000000 -1.000000 0.000000
f 4801//1601 4802//1601 4803//1601
v -8.000000 6.075000 -9.000000
v 8.000000 6.075000 -7.000000
v -8.000000 6.075000 -7.000000
vn 0.000000 -1.000000 0.000000
f 4804//1602 4805//1602 4806//1602
v -8.000000 6.325000 -9.000000
v -8.000000 6.325000 -7.000000
v 8.000000 6.325000 -7.000000
vn 0.000000 1.000000 0.000000
f 4807//1603 4808//1603 4809//1603
v -8.000000 6.325000 -9.000000
v 8.000000 6.325000 -7.000000
v 8.000000 6.325000 -9.000000
vn 0.000000 1.000000 0.000000
f 4810//1604 4811//1604 4812//1604
v -8.037500 6.300000 -8.862500
v -8.037500 6.300000 -8.937500
v -7.962500 6.300000 -8.937500
vn 0.000000 -1.000000 0.000000
f 4813//1605 4814//1605 4815//1605
v -8.037500 6.300000 -8.862500
v -7.962500 6.300000 -8.937500
v -7.962500 6.300000 -8.862500
vn 0.000000 -1.000000 0.000000
f 4816//1606 4817//1606 4818//1606
v -7.962500 7.250000 -8.862500
v -7.962500 7.250000 -8.937500
v -8.037500 7.250000 -8.937500
vn 0.000000 1.000000 0.000000
f 4819//1607 4820//1607 4821//1607
v -7.962500 7.250000 -8.862500
v -8.037500 7.250000 -8.937500
v -8.037500 7.250000 -8.862500
vn 0.000000 1.000000 0.000000
f 4822//1608 4823//1608 4824//1608
v -7.962500 6.300000 -8.862500
v -7.962500 6.300000 -8.937500
v -7.962500 7.250000 -8.937500
vn 1.000000 0.000000 0.000000
f 4825//1609 4826//1609 4827//1609
v -7.962500 6.300000 -8.862500
v -7.962500 7.250000 -8.937500
v -7.962500 7.250000 -8.862500
vn 1.000000 -0.000000 0.000000
f 4828//1610 4829//1610 4830//1610
v -7.962500 6.300000 -8.937500
v -8.037500 6.300000 -8.937500
v -8.037500 7.250000 -8.937500
vn 0.000000 0.000000 -1.000000
f 4831//1611 4832//1611 4833//1611
v -7.962500 6.300000 -8.937500
v -8.037500 7.250000 -8.937500
v -7.962500 7.250000 -8.937500
vn 0.000000 0.000000 -1.000000
f 4834//1612 4835//1612 4836//1612
v -8.037500 6.300000 -8.937500
v -8.037500 6.300000 -8.862500
v -8.037500 7.250000 -8.862500
vn -1.000000 0.000000 0.000000
f 4837//1613 4838//1613 4839//1613
v -8.037500 6.300000 -8.937500
v -8.037500 7.250000 -8.862500
v -8.037500 7.250000 -8.937500
vn -1.000000 0.000000 0.000000
f 4840//1614 4841//1614 4842//1614
v -8.037500 6.300000 -8.862500
v -7.962500 6.300000 -8.862500
v -7.962500 7.250000 -8.862500
vn 0.000000 0.000000 1.000000
f 4843//1615 4844//1615 4845//1615
v -8.037500 6.300000 -8.862500
v -7.962500 7.250000 -8.862500
v -8.037500 7.250000 -8.862500
vn 0.000000 0.000000 1.000000
f 4846//1616 4847//1616 4848//1616
v -6.037500 6.300000 -8.862500
v -6.037500 6.300000 -8.937500
v -5.962500 6.300000 -8.937500
vn 0.000000 -1.000000 0.000000
f 4849//1617 4850//1617 4851//1617
v -6.037500 6.300000 -8.862500
v -5.962500 6.300000 -8.937500
v -5.962500 6.300000 -8.862500
vn 0.000000 -1.000000 0.000000
f 4852//1618 4853//1618 4854//1618
v -5.962500 7.250000 -8.862500
v -5.962500 7.250000 -8.937500
v -6.037500 7.250000 -8.937500
vn 0.000000 1.000000 0.000000
f 4855//1619 4856//1619 4857//1619
v -5.962500 7.250000 -8.862500
v -6.037500 7.250000 -8.937500
v -6.037500 7.250000 -8.862500
vn 0.000000 1.000000 0.000000
f 4858//1620 4859//1620 4860//1620
v -5.962500 6.300000 -8.862500
v -5.962500 6.300000 -8.937500
v -5.962500 7.250000 -8.937500
vn 1.000000 0.000000 0.000000
f 4861//1621 4862//1621 4863//1621
v -5.962500 6.300000 -8.862500
v -5.962500 7.250000 -8.937500
v -5.962500 7.250000 -8.862500
vn 1.000000 -0.000000 0.000000
f 4864//1622 4865//1622 4866//1622
v -5.962500 6.300000 -8.937500
v -6.037500 6.300000 -8.937500
v -6.037500 7.250000 -8.937500
vn 0.000000 0.000000 -1.000000
f 4867//1623 4868//1623 4869//1623
v -5.962500 6.300000 -8.937500
v -6.037500 7.250000 -8.937500
v -5.962500 7.250000 -8.937500
vn 0.000000 0.000000 -1.000000
f 4870//1624 4871//1624 4872//1624
v -6.037500 6.300000 -8.937500
v -6.037500 6.300000 -8.862500
v -6.037500 7.250000 -8.862500
vn -1.000000 0.000000 0.000000
f 4873//1625 4874//1625 4875//1625
v -6.037500 6.300000 -8.937500
v -6.037500 7.250000 -8.862500
v -6.037500 7.250000 -8.937500
vn -1.000000 0.000000 0.000000
f 4876//1626 4877//1626 4878//1626
v -6.037500 6.300000 -8.862500
v -5.962500 6.300000 -8.862500
v -5.962500 7.250000 -8.862500
vn 0.000000 0.000000 1.000000
f 4879//1627 4880//1627 4881//1627
v -6.037500 6.300000 -8.862500
v -5.962500 7.250000 -8.862500
v -6.037500 7.250000 -8.862500
vn 0.000000 0.000000 1.000000
f 4882//1628 4883//1628 4884//1628
v -4.037500 6.300000 -8.862500
v -4.037500 6.300000 -8.937500
v -3.962500 6.300000 -8.937500
vn 0.000000 -1.000000 0.000000
f 4885//1629 4886//1629 4887//1629
v -4.037500 6.300000 -8.862500
v -3.962500 6.300000 -8.937500
v -3.962500 6.300000 -8.862500
vn 0.000000 -1.000000 0.000000
f 4888//1630 4889//1630 4890//1630
v -3.962500 7.250000 -8.862500
v -3.962500 7.250000 -8.937500
v -4.037500 7.250000 -8.937500
vn 0.000000 1.000000 0.000000
f 4891//1631 4892//1631 4893//1631
v -3.962500 7.250000 -8.862500
v -4.037500 7.250000 -8.937500
v -4.037500 7.250000 -8.862500
vn 0.000000 1.000000 0.000000
f 4894//1632 4895//1632 4896//1632
v -3.962500 6.300000 -8.862500
v -3.962500 6.300000 -8.937500
v -3.962500 7.250000 -8.937500
vn 1.000000 0.000000 0.000000
f 4897//1633 4898//1633 4899//1633
v -3.962500 6.300000 -8.862500
v -3.962500 7.250000 -8.937500
v -3.962500 7.250000 -8.862500
vn 1.000000 -0.000000 0.000000
f 4900//1634 4901//1634 4902//1634
v -3.962500 6.300000 -8.937500
v -4.037500 6.300000 -8.937500
v -4.037500 7.250000 -8.937500
vn 0.000000 0.000000 -1.000000
f 4903//1635 4904//1635 4905//1635
v -3.962500 6.300000 -8.937500
v -4.037500 7.250000 -8.937500
v -3.962500 7.250000 -8.937500
vn 0.000000 0.000000 -1.000000
f 4906//1636 4907//1636 4908//1636
v -4.037500 6.300000 -8.937500
v -4.037500 6.300000 -8.862500
v -4.037500 7.250000 -8.862500
vn -1.000000 0.000000 0.000000
f 4909//1637 4910//1637 4911//1637
v -4.037500 6.300000 -8.937500
v -4.037500 7.250000 -8.862500
v -4.037500 7.250000 -8.937500
vn -1.000000 0.000000 0.000000
f 4912//1638 4913//1638 4914//1638
v -4.037500 6.300000 -8.862500
v -3.962500 6.300000 -8.862500
v -3.962500 7.250000 -8.862500
vn 0.000000 0.000000 1.000000
f 4915//1639 4916//1639 4917//1639
v -4.037500 6.300000 -8.862500
v -3.962500 7.250000 -8.862500
v -4.037500 7.250000 -8.862500
vn 0.000000 0.000000 1.000000
f 4918//1640 4919//1640 4920//1640
v -2.037500 6.300000 -8.862500
v -2.037500 6.300000 -8.937500
v -1.962500 6.300000 -8.937500
vn 0.000000 -1.000000 0.000000
f 4921//1641 4922//1641 4923//1641
v -2.037500 6.300000 -8.862500
v -1.962500 6.300000 -8.937500
v -1.962500 6.300000 -8.862500
vn 0.000000 -1.000000 0.000000
f 4924//1642 4925//1642 4926//1642
v -1.962500 7.250000 -8.862500
v -1.962500 7.250000 -8.937500
v -2.037500 7.250000 -8.937500
vn 0.000000 1.000000 0.000000
f 4927//1643 4928//1643 4929//1643
v -1.962500 7.250000 -8.862500
v -2.037500 7.250000 -8.937500
v -2.037500 7.250000 -8.862500
vn 0.000000 1.000000 0.000000
f 4930//1644 4931//1644 4932//1644
v -1.962500 6.300000 -8.862500
v -1.962500 6.300000 -8.937500
v -1.962500 7.250000 -8.937500
vn 1.000000 0.000000 0.000000
f 4933//1645 4934//1645 4935//1645
v -1.962500 6.300000 -8.862500
v -1.962500 7.250000 -8.937500
v -1.962500 7.250000 -8.862500
vn 1.000000 -0.000000 0.000000
f 4936//1646 4937//1646 4938//1646
v -1.962500 6.300000 -8.937500
v -2.037500 6.300000 -8.937500
v -2.037500 7.250000 -8.937500
vn 0.000000 0.000000 -1.000000
f 4939//1647 4940//1647 4941//1647
v -1.962500 6.300000 -8.937500
v -2.037500 7.250000 -8.937500
v -1.962500 7.250000 -8.937500
vn 0.000000 0.000000 -1.000000
f 4942//1648 4943//1648 4944//1648
v -2.037500 6.300000 -8.937500
v -2.037500 6.300000 -8.862500
v -2.037500 7.250000 -8.862500
vn -1.000000 0.000000 0.000000
f 4945//1649 4946//1649 4947//1649
v -2.037500 6.300000 -8.937500
v -2.037500 7.250000 -8.862500
v -2.037500 7.250000 -8.937500
vn -1.000000 0.000000 0.000000
f 4948//1650 4949//1650 4950//1650
v -2.037500 6.300000 -8.862500
v -1.962500 6.300000 -8.862500
v -1.962500 7.250000 -8.862500
vn 0.000000 0.000000 1.000000
f 4951//1651 4952//1651 4953//1651
v -2.037500 6.300000 -8.862500
v -1.962500 7.250000 -8.862500
v -2.037500 7.250000 -8.862500
vn 0.000000 0.000000 1.000000
f 4954//1652 4955//1652 4956//1652
v -0.037500 6.300000 -8.862500
v -0.037500 6.300000 -8.937500
v 0.037500 6.300000 -8.937500
vn 0.000000 -1.000000 0.000000
f 4957//1653 4958//1653 4959//1653
v -0.037500 6.300000 -8.862500
v 0.037500 6.300000 -8.937500
v 0.037500 6.300000 -8.862500
vn 0.000000 -1.000000 0.000000
f 4960//1654 4961//1654 4962//1654
v 0.037500 7.250000 -8.862500
v 0.037500 7.250000 -8.937500
v -0.037500 7.250000 -8.937500
vn 0.000000 1.000000 0.000000
f 4963//1655 4964//1655 4965//1655
v 0.037500 7.250000 -8.862500
v -0.037500 7.250000 -8.937500
v -0.037500 7.250000 -8.862500
vn 0.000000 1.000000 0.000000
f 4966//1656 4967//1656 4968//1656
v 0.037500 6.300000 -8.862500
v 0.037500 6.300000 -8.937500
v 0.037500 7.250000 -8.937500
vn 1.000000 0.000000 0.000000
f 4969//1657 4970//1657 4971//1657
v 0.037500 6.300000 -8.862500
v 0.037500 7.250000 -8.937500
v 0.037500 7.250000 -8.862500
vn 1.000000 -0.000000 0.000000
f 4972//1658 4973//1658 4974//1658
v 0.037500 6.300000 -8.937500
v -0.037500 6.300000 -8.937500
v -0.037500 7.250000 -8.937500
vn 0.000000 0.000000 -1.000000
f 4975//1659 4976//1659 4977//1659
v 0.037500 6.300000 -8.937500
v -0.037500 7.250000 -8.937500
v 0.037500 7.250000 -8.937500
vn 0.000000 0.000000 -1.000000
f 4978//1660 4979//1660 4980//1660
v -0.037500 6.300000 -8.937500
v -0.037500 6.300000 -8.862500
v -0.037500 7.250000 -8.862500
vn -1.000000 0.000000 0.000000
f 4981//1661 4982//1661 4983//1661
v -0.037500 6.300000 -8.937500
v -0.037500 7.250000 -8.862500
v -0.037500 7.250000 -8.937500
vn -1.000000 0.000000 0.000000
f 4984//1662 4985//1662 4986//1662
v -0.037500 6.300000 -8.862500
v 0.037500 6.300000 -8.862500
v 0.037500 7.250000 -8.862500
vn 0.000000 0.000000 1.000000
f 4987//1663 4988//1663 4989//1663
v -0.037500 6.300000 -8.862500
v 0.037500 7.250000 -8.862500
v -0.037500 7.250000 -8.862500
vn 0.000000 0.000000 1.000000
f 4990//1664 4991//1664 4992//1664
v 1.962500 6.300000 -8.862500
v 1.962500 6.300000 -8.937500
v 2.037500 6.300000 -8.937500
vn 0.000000 -1.000000 0.000000
f 4993//1665 4994//1665 4995//1665
v 1.962500 6.300000 -8.862500
v 2.037500 6.300000 -8.937500
v 2.037500 6.300000 -8.862500
vn 0.000000 -1.000000 0.000000
f 4996//1666 4997//1666 4998//1666
v 2.037500 7.250000 -8.862500
v 2.037500 7.250000 -8.937500
v 1.962500 7.250000 -8.937500
vn 0.000000 1.000000 0.000000
f 4999//1667 5000//1667 5001//1667
v 2.037500 7.250000 -8.862500
v 1.962500 7.250000 -8.937500
v 1.962500 7.250000 -8.862500
vn 0.000000 1.000000 0.000000
f 5002//1668 5003//1668 5004//1668
v 2.037500 6.300000 -8.862500
v 2.037500 6.300000 -8.937500
v 2.037500 7.250000 -8.937500
vn 1.000000 0.000000 0.000000
f 5005//1669 5006//1669 5007//1669
v 2.037500 6.300000 -8.862500
v 2.037500 7.250000 -8.937500
v 2.037500 7.250000 -8.862500
vn 1.000000 -0.000000 0.000000
f 5008//1670 5009//1670 5010//1670
v 2.037500 6.300000 -8.937500
v 1.962500 6.300000 -8.937500
v 1.962500 7.250000 -8.937500
vn 0.000000 0.000000 -1.000000
f 5011//1671 5012//1671 5013//1671
v 2.037500 6.300000 -8.937500
v 1.962500 7.250000 -8.937500
v 2.037500 7.250000 -8.937500
vn 0.000000 0.000000 -1.000000
f 5014//1672 5015//1672 5016//1672
v 1.962500 6.300000 -8.937500
v 1.962500 6.300000 -8.862500
v 1.962500 7.250000 -8.862500
vn -1.000000 0.000000 0.000000
f 5017//1673 5018//1673 5019//1673
v 1.962500 6.300000 -8.937500
v 1.962500 7.250000 -8.862500
v 1.962500 7.250000 -8.937500
vn -1.000000 0.000000 0.000000
f 5020//1674 5021//1674 5022//1674
v 1.962500 6.300000 -8.862500
v 2.037500 6.300000 -8.862500
v 2.037500 7.250000 -8.862500
vn 0.000000 0.000000 1.000000
f 5023//1675 5024//1675 5025//1675
v 1.962500 6.300000 -8.862500
v 2.037500 7.250000 -8.862500
v 1.962500 7.250000 -8.862500
vn 0.000000 0.000000 1.000000
f 5026//1676 5027//1676 5028//1676
v 3.962500 6.300000 -8.862500
v 3.962500 6.300000 -8.937500
v 4.037500 6.300000 -8.937500
vn 0.000000 -1.000000 0.000000
f 5029//1677 5030//1677 5031//1677
v 3.962500 6.300000 -8.862500
v 4.037500 6.300000 -8.937500
v 4.037500 6.300000 -8.862500
vn 0.000000 -1.000000 0.000000
f 5032//1678 5033//1678 5034//1678
v 4.037500 7.250000 -8.862500
v 4.037500 7.250000 -8.937500
v 3.962500 7.250000 -8.937500
vn 0.000000 1.000000 0.000000
f 5035//1679 5036//1679 5037//1679
v 4.037500 7.250000 -8.862500
v 3.962500 7.250000 -8.937500
v 3.962500 7.250000 -8.862500
vn 0.000000 1.000000 0.000000
f 5038//1680 5039//1680 5040//1680
v 4.037500 6.300000 -8.862500
v 4.037500 6.300000 -8.937500
v 4.037500 7.250000 -8.937500
vn 1.000000 0.000000 0.000000
f 5041//1681 5042//1681 5043//1681
v 4.037500 6.300000 -8.862500
v 4.037500 7.250000 -8.937500
v 4.037500 7.250000 -8.862500
vn 1.000000 -0.000000 0.000000
f 5044//1682 5045//1682 5046//1682
v 4.037500 6.300000 -8.937500
v 3.962500 6.300000 -8.937500
v 3.962500 7.250000 -8.937500
vn 0.000000 0.000000 -1.000000
f 5047//1683 5048//1683 5049//1683
v 4.037500 6.300000 -8.937500
v 3.962500 7.250000 -8.937500
v 4.037500 7.250000 -8.937500
vn 0.000000 0.000000 -1.000000
f 5050//1684 5051//1684 5052//1684
v 3.962500 6.300000 -8.937500
v 3.962500 6.300000 -8.862500
v 3.962500 7.250000 -8.862500
vn -1.000000 0.000000 0.000000
f 5053//1685 5054//1685 5055//1685
v 3.962500 6.300000 -8.937500
v 3.962500 7.250000 -8.862500
v 3.962500 7.250000 -8.937500
vn -1.000000 0.000000 0.000000
f 5056//1686 5057//1686 5058//1686
v 3.962500 6.300000 -8.862500
v 4.037500 6.300000 -8.862500
v 4.037500 7.250000 -8.862500
vn 0.000000 0.000000 1.000000
f 5059//1687 5060//1687 5061//1687
v 3.962500 6.300000 -8.862500
v 4.037500 7.250000 -8.862500
v 3.962500 7.250000 -8.862500
vn 0.000000 0.000000 1.000000
f 5062//1688 5063//1688 5064//1688
v 5.962500 6.300000 -8.862500
v 5.962500 6.300000 -8.937500
v 6.037500 6.300000 -8.937500
vn 0.000000 -1.000000 0.000000
f 5065//1689 5066//1689 5067//1689
v 5.962500 6.300000 -8.862500
v 6.037500 6.300000 -8.937500
v 6.037500 6.300000 -8.862500
vn 0.000000 -1.000000 0.000000
f 5068//1690 5069//1690 5070//1690
v 6.037500 7.250000 -8.862500
v 6.037500 7.250000 -8.937500
v 5.962500 7.250000 -8.937500
vn 0.000000 1.000000 0.000000
f 5071//1691 5072//1691 5073//1691
v 6.037500 7.250000 -8.862500
v 5.962500 7.250000 -8.937500
v 5.962500 7.250000 -8.862500
vn 0.000000 1.000000 0.000000
f 5074//1692 5075//1692 5076//1692
v 6.037500 6.300000 -8.862500
v 6.037500 6.300000 -8.937500
v 6.037500 7.250000 -8.937500
vn 1.000000 0.000000 0.000000
f 5077//1693 5078//1693 5079//1693
v 6.037500 6.300000 -8.862500
v 6.037500 7.250000 -8.937500
v 6.037500 7.250000 -8.862500
vn 1.000000 -0.000000 0.000000
f 5080//1694 5081//1694 5082//1694
v 6.037500 6.300000 -8.937500
v 5.962500 6.300000 -8.937500
v 5.962500 7.250000 -8.937500
vn 0.000000 0.000000 -1.000000
f 5083//1695 5084//1695 5085//1695
v 6.037500 6.300000 -8.937500
v 5.962500 7.250000 -8.937500
v 6.037500 7.250000 -8.937500
vn 0.000000 0.000000 -1.000000
f 5086//1696 5087//1696 5088//1696
v 5.962500 6.300000 -8.937500
v 5.962500 6.300000 -8.862500
v 5.962500 7.250000 -8.862500
vn -1.000000 0.000000 0.000000
f 5089//1697 5090//1697 5091//1697
v 5.962500 6.300000 -8.937500
v 5.962500 7.250000 -8.862500
v 5.962500 7.250000 -8.937500
vn -1.000000 0.000000 0.000000
f 5092//1698 5093//1698 5094//1698
v 5.962500 6.300000 -8.862500
v 6.037500 6.300000 -8.862500
v 6.037500 7.250000 -8.862500
vn 0.000000 0.000000 1.000000
f 5095//1699 5096//1699 5097//1699
v 5.962500 6.300000 -8.862500
v 6.037500 7.250000 -8.862500
v 5.962500 7.250000 -8.862500
vn 0.000000 0.000000 1.000000
f 5098//1700 5099//1700 5100//1700
v 7.962500 6.300000 -8.862500
v 7.962500 6.300000 -8.937500
v 8.037500 6.300000 -8.937500
vn 0.000000 -1.000000 0.000000
f 5101//1701 5102//1701 5103//1701
v 7.962500 6.300000 -8.862500
v 8.037500 6.300000 -8.937500
v 8.037500 6.300000 -8.862500
vn 0.000000 -1.000000 0.000000
f 5104//1702 5105//1702 5106//1702
v 8.037500 7.250000 -8.862500
v 8.037500 7.250000 -8.937500
v 7.962500 7.250000 -8.937500
vn 0.000000 1.000000 0.000000
f 5107//1703 5108//1703 5109//1703
v 8.037500 7.250000 -8.862500
v 7.962500 7.250000 -8.937500
v 7.962500 7.250000 -8.862500
vn 0.000000 1.000000 0.000000
f 5110//1704 5111//1704 5112//1704
v 8.037500 6.300000 -8.862500
v 8.037500 6.300000 -8.937500
v 8.037500 7.250000 -8.937500
vn 1.000000 0.000000 0.000000
f 5113//1705 5114//1705 5115//1705
v 8.037500 6.300000 -8.862500
v 8.037500 7.250000 -8.937500
v 8.037500 7.250000 -8.862500
vn 1.000000 -0.000000 0.000000
f 5116//1706 5117//1706 5118//1706
v 8.037500 6.300000 -8.937500
v 7.962500 6.300000 -8.937500
v 7.962500 7.250000 -8.937500
vn 0.000000 0.000000 -1.000000
f 5119//1707 5120//1707 5121//1707
v 8.037500 6.300000 -8.937500
v 7.962500 7.250000 -8.937500
v 8.037500 7.250000 -8.937500
vn 0.000000 0.000000 -1.000000
f 5122//1708 5123//1708 5124//1708
v 7.962500 6.300000 -8.937500
v 7.962500 6.300000 -8.862500
v 7.962500 7.250000 -8.862500
vn -1.000000 0.000000 0.000000
f 5125//1709 5126//1709 5127//1709
v 7.962500 6.300000 -8.937500
v 7.962500 7.250000 -8.862500
v 7.962500 7.250000 -8.937500
vn -1.000000 0.000000 0.000000
f 5128//1710 5129//1710 5130//1710
v 7.962500 6.300000 -8.862500
v 8.037500 6.300000 -8.862500
v 8.037500 7.250000 -8.862500
vn 0.000000 0.000000 1.000000
f 5131//1711 5132//1711 5133//1711
v 7.962500 6.300000 -8.862500
v 8.037500 7.250000 -8.862500
v 7.962500 7.250000 -8.862500
vn 0.000000 0.000000 1.000000
f 5134//1712 5135//1712 5136//1712
v -8.200000 0.005000 -6.200000
v -8.200000 0.075000 -6.200000
v -5.800000 0.075000 -6.200000
vn 0.000000 0.000000 -1.000000
f 5137//1713 5138//1713 5139//1713
v -8.200000 0.005000 -6.200000
v -5.800000 0.075000 -6.200000
v -5.800000 0.005000 -6.200000
vn 0.000000 0.000000 -1.000000
f 5140//1714 5141//1714 5142//1714
v -8.200000 0.005000 -3.800000
v -5.800000 0.005000 -3.800000
v -5.800000 0.075000 -3.800000
vn 0.000000 0.000000 1.000000
f 5143//1715 5144//1715 5145//1715
v -8.200000 0.005000 -3.800000
v -5.800000 0.075000 -3.800000
v -8.200000 0.075000 -3.800000
vn 0.000000 0.000000 1.000000
f 5146//1716 5147//1716 5148//1716
v -8.200000 0.005000 -6.200000
v -8.200000 0.005000 -3.800000
v -8.200000 0.075000 -3.800000
vn -1.000000 0.000000 0.000000
f 5149//1717 5150//1717 5151//1717
v -8.200000 0.005000 -6.200000
v -8.200000 0.075000 -3.800000
v -8.200000 0.075000 -6.200000
vn -1.000000 0.000000 0.000000
f 5152//1718 5153//1718 5154//1718
v -5.800000 0.005000 -6.200000
v -5.800000 0.075000 -6.200000
v -5.800000 0.075000 -3.800000
vn 1.000000 0.000000 0.000000
f 5155//1719 5156//1719 5157//1719
v -5.800000 0.005000 -6.200000
v -5.800000 0.075000 -3.800000
v -5.800000 0.005000 -3.800000
vn 1.000000 0.000000 0.000000
f 5158//1720 5159//1720 5160//1720
v -8.200000 0.005000 -6.200000
v -5.800000 0.005000 -6.200000
v -5.800000 0.005000 -3.800000
vn 0.000000 -1.000000 0.000000
f 5161//1721 5162//1721 5163//1721
v -8.200000 0.005000 -6.200000
v -5.800000 0.005000 -3.800000
v -8.200000 0.005000 -3.800000
vn 0.000000 -1.000000 0.000000
f 5164//1722 5165//1722 5166//1722
v -8.200000 0.075000 -6.200000
v -8.200000 0.075000 -3.800000
v -5.800000 0.075000 -3.800000
vn 0.000000 1.000000 0.000000
f 5167//1723 5168//1723 5169//1723
v -8.200000 0.075000 -6.200000
v -5.800000 0.075000 -3.800000
v -5.800000 0.075000 -6.200000
vn 0.000000 1.000000 0.000000
f 5170//1724 5171//1724 5172//1724
v 5.800000 0.005000 -6.200000
v 5.800000 0.075000 -6.200000
v 8.200000 0.075000 -6.200000
vn 0.000000 0.000000 -1.000000
f 5173//1725 5174//1725 5175//1725
v 5.800000 0.005000 -6.200000
v 8.200000 0.075000 -6.200000
v 8.200000 0.005000 -6.200000
vn 0.000000 0.000000 -1.000000
f 5176//1726 5177//1726 5178//1726
v 5.800000 0.005000 -3.800000
v 8.200000 0.005000 -3.800000
v 8.200000 0.075000 -3.800000
vn 0.000000 0.000000 1.000000
f 5179//1727 5180//1727 5181//1727
v 5.800000 0.005000 -3.800000
v 8.200000 0.075000 -3.800000
v 5.800000 0.075000 -3.800000
vn 0.000000 0.000000 1.000000
f 5182//1728 5183//1728 5184//1728
v 5.800000 0.005000 -6.200000
v 5.800000 0.005000 -3.800000
v 5.800000 0.075000 -3.800000
vn -1.000000 0.000000 0.000000
f 5185//1729 5186//1729 5187//1729
v 5.800000 0.005000 -6.200000
v 5.800000 0.075000 -3.800000
v 5.800000 0.075000 -6.200000
vn -1.000000 0.000000 0.000000
f 5188//1730 5189//1730 5190//1730
v 8.200000 0.005000 -6.200000
v 8.200000 0.075000 -6.200000
v 8.200000 0.075000 -3.800000
vn 1.000000 0.000000 0.000000
f 5191//1731 5192//1731 5193//1731
v 8.200000 0.005000 -6.200000
v 8.200000 0.075000 -3.800000
v 8.200000 0.005000 -3.800000
vn 1.000000 0.000000 0.000000
f 5194//1732 5195//1732 5196//1732
v 5.800000 0.005000 -6.200000
v 8.200000 0.005000 -6.200000
v 8.200000 0.005000 -3.800000
vn 0.000000 -1.000000 0.000000
f 5197//1733 5198//1733 5199//1733
v 5.800000 0.005000 -6.200000
v 8.200000 0.005000 -3.800000
v 5.800000 0.005000 -3.800000
vn 0.000000 -1.000000 0.000000
f 5200//1734 5201//1734 5202//1734
v 5.800000 0.075000 -6.200000
v 5.800000 0.075000 -3.800000
v 8.200000 0.075000 -3.800000
vn 0.000000 1.000000 0.000000
f 5203//1735 5204//1735 5205//1735
v 5.800000 0.075000 -6.200000
v 8.200000 0.075000 -3.800000
v 8.200000 0.075000 -6.200000
vn 0.000000 1.000000 0.000000
f 5206//1736 5207//1736 5208//1736
