# Original MODUS Black Start combat-room geometry; authored 2026-09-13. No external assets.
o combat_turbine_brass
v -5.300000 2.400000 -2.605000
v -5.275021 2.146383 -2.605000
v -5.275021 2.146383 -2.495000
vn -0.995185 -0.098017 0.000000
f 1//1 2//1 3//1
v -5.300000 2.400000 -2.605000
v -5.275021 2.146383 -2.495000
v -5.300000 2.400000 -2.495000
vn -0.995185 -0.098017 0.000000
f 4//2 5//2 6//2
v -5.140000 2.400000 -2.605000
v -5.140000 2.400000 -2.495000
v -5.118095 2.177597 -2.495000
vn 0.995185 0.098017 -0.000000
f 7//3 8//3 9//3
v -5.140000 2.400000 -2.605000
v -5.118095 2.177597 -2.495000
v -5.118095 2.177597 -2.605000
vn 0.995185 0.098017 0.000000
f 10//4 11//4 12//4
v -5.275021 2.146383 -2.605000
v -5.300000 2.400000 -2.605000
v -5.140000 2.400000 -2.605000
vn 0.000000 0.000000 -1.000000
f 13//5 14//5 15//5
v -5.275021 2.146383 -2.605000
v -5.140000 2.400000 -2.605000
v -5.118095 2.177597 -2.605000
vn 0.000000 0.000000 -1.000000
f 16//6 17//6 18//6
v -5.300000 2.400000 -2.495000
v -5.275021 2.146383 -2.495000
v -5.118095 2.177597 -2.495000
vn 0.000000 0.000000 1.000000
f 19//7 20//7 21//7
v -5.300000 2.400000 -2.495000
v -5.118095 2.177597 -2.495000
v -5.140000 2.400000 -2.495000
vn -0.000000 0.000000 1.000000
f 22//8 23//8 24//8
v -5.275021 2.146383 -2.605000
v -5.201043 1.902512 -2.605000
v -5.201043 1.902512 -2.495000
vn -0.956940 -0.290285 0.000000
f 25//9 26//9 27//9
v -5.275021 2.146383 -2.605000
v -5.201043 1.902512 -2.495000
v -5.275021 2.146383 -2.495000
vn -0.956940 -0.290285 0.000000
f 28//10 29//10 30//10
v -5.118095 2.177597 -2.605000
v -5.118095 2.177597 -2.495000
v -5.053223 1.963741 -2.495000
vn 0.956940 0.290285 -0.000000
f 31//11 32//11 33//11
v -5.118095 2.177597 -2.605000
v -5.053223 1.963741 -2.495000
v -5.053223 1.963741 -2.605000
vn 0.956940 0.290285 0.000000
f 34//12 35//12 36//12
v -5.201043 1.902512 -2.605000
v -5.275021 2.146383 -2.605000
v -5.118095 2.177597 -2.605000
vn 0.000000 0.000000 -1.000000
f 37//13 38//13 39//13
v -5.201043 1.902512 -2.605000
v -5.118095 2.177597 -2.605000
v -5.053223 1.963741 -2.605000
vn 0.000000 0.000000 -1.000000
f 40//14 41//14 42//14
v -5.275021 2.146383 -2.495000
v -5.201043 1.902512 -2.495000
v -5.053223 1.963741 -2.495000
vn 0.000000 0.000000 1.000000
f 43//15 44//15 45//15
v -5.275021 2.146383 -2.495000
v -5.053223 1.963741 -2.495000
v -5.118095 2.177597 -2.495000
vn -0.000000 0.000000 1.000000
f 46//16 47//16 48//16
v -5.201043 1.902512 -2.605000
v -5.080910 1.677759 -2.605000
v -5.080910 1.677759 -2.495000
vn -0.881921 -0.471397 0.000000
f 49//17 50//17 51//17
v -5.201043 1.902512 -2.605000
v -5.080910 1.677759 -2.495000
v -5.201043 1.902512 -2.495000
vn -0.881921 -0.471397 0.000000
f 52//18 53//18 54//18
v -5.053223 1.963741 -2.605000
v -5.053223 1.963741 -2.495000
v -4.947875 1.766650 -2.495000
vn 0.881921 0.471397 -0.000000
f 55//19 56//19 57//19
v -5.053223 1.963741 -2.605000
v -4.947875 1.766650 -2.495000
v -4.947875 1.766650 -2.605000
vn 0.881921 0.471397 0.000000
f 58//20 59//20 60//20
v -5.080910 1.677759 -2.605000
v -5.201043 1.902512 -2.605000
v -5.053223 1.963741 -2.605000
vn 0.000000 0.000000 -1.000000
f 61//21 62//21 63//21
v -5.080910 1.677759 -2.605000
v -5.053223 1.963741 -2.605000
v -4.947875 1.766650 -2.605000
vn 0.000000 0.000000 -1.000000
f 64//22 65//22 66//22
v -5.201043 1.902512 -2.495000
v -5.080910 1.677759 -2.495000
v -4.947875 1.766650 -2.495000
vn 0.000000 0.000000 1.000000
f 67//23 68//23 69//23
v -5.201043 1.902512 -2.495000
v -4.947875 1.766650 -2.495000
v -5.053223 1.963741 -2.495000
vn -0.000000 0.000000 1.000000
f 70//24 71//24 72//24
v -5.080910 1.677759 -2.605000
v -4.919239 1.480761 -2.605000
v -4.919239 1.480761 -2.495000
vn -0.773010 -0.634393 0.000000
f 73//25 74//25 75//25
v -5.080910 1.677759 -2.605000
v -4.919239 1.480761 -2.495000
v -5.080910 1.677759 -2.495000
vn -0.773010 -0.634393 0.000000
f 76//26 77//26 78//26
v -4.947875 1.766650 -2.605000
v -4.947875 1.766650 -2.495000
v -4.806102 1.593898 -2.495000
vn 0.773010 0.634393 -0.000000
f 79//27 80//27 81//27
v -4.947875 1.766650 -2.605000
v -4.806102 1.593898 -2.495000
v -4.806102 1.593898 -2.605000
vn 0.773010 0.634393 0.000000
f 82//28 83//28 84//28
v -4.919239 1.480761 -2.605000
v -5.080910 1.677759 -2.605000
v -4.947875 1.766650 -2.605000
vn 0.000000 0.000000 -1.000000
f 85//29 86//29 87//29
v -4.919239 1.480761 -2.605000
v -4.947875 1.766650 -2.605000
v -4.806102 1.593898 -2.605000
vn 0.000000 0.000000 -1.000000
f 88//30 89//30 90//30
v -5.080910 1.677759 -2.495000
v -4.919239 1.480761 -2.495000
v -4.806102 1.593898 -2.495000
vn 0.000000 0.000000 1.000000
f 91//31 92//31 93//31
v -5.080910 1.677759 -2.495000
v -4.806102 1.593898 -2.495000
v -4.947875 1.766650 -2.495000
vn -0.000000 0.000000 1.000000
f 94//32 95//32 96//32
v -4.919239 1.480761 -2.605000
v -4.722241 1.319090 -2.605000
v -4.722241 1.319090 -2.495000
vn -0.634393 -0.773010 0.000000
f 97//33 98//33 99//33
v -4.919239 1.480761 -2.605000
v -4.722241 1.319090 -2.495000
v -4.919239 1.480761 -2.495000
vn -0.634393 -0.773010 0.000000
f 100//34 101//34 102//34
v -4.806102 1.593898 -2.605000
v -4.806102 1.593898 -2.495000
v -4.633350 1.452125 -2.495000
vn 0.634393 0.773010 -0.000000
f 103//35 104//35 105//35
v -4.806102 1.593898 -2.605000
v -4.633350 1.452125 -2.495000
v -4.633350 1.452125 -2.605000
vn 0.634393 0.773010 0.000000
f 106//36 107//36 108//36
v -4.722241 1.319090 -2.605000
v -4.919239 1.480761 -2.605000
v -4.806102 1.593898 -2.605000
vn 0.000000 0.000000 -1.000000
f 109//37 110//37 111//37
v -4.722241 1.319090 -2.605000
v -4.806102 1.593898 -2.605000
v -4.633350 1.452125 -2.605000
vn 0.000000 0.000000 -1.000000
f 112//38 113//38 114//38
v -4.919239 1.480761 -2.495000
v -4.722241 1.319090 -2.495000
v -4.633350 1.452125 -2.495000
vn 0.000000 0.000000 1.000000
f 115//39 116//39 117//39
v -4.919239 1.480761 -2.495000
v -4.633350 1.452125 -2.495000
v -4.806102 1.593898 -2.495000
vn -0.000000 0.000000 1.000000
f 118//40 119//40 120//40
v -4.722241 1.319090 -2.605000
v -4.497488 1.198957 -2.605000
v -4.497488 1.198957 -2.495000
vn -0.471397 -0.881921 0.000000
f 121//41 122//41 123//41
v -4.722241 1.319090 -2.605000
v -4.497488 1.198957 -2.495000
v -4.722241 1.319090 -2.495000
vn -0.471397 -0.881921 0.000000
f 124//42 125//42 126//42
v -4.633350 1.452125 -2.605000
v -4.633350 1.452125 -2.495000
v -4.436259 1.346777 -2.495000
vn 0.471397 0.881921 -0.000000
f 127//43 128//43 129//43
v -4.633350 1.452125 -2.605000
v -4.436259 1.346777 -2.495000
v -4.436259 1.346777 -2.605000
vn 0.471397 0.881921 0.000000
f 130//44 131//44 132//44
v -4.497488 1.198957 -2.605000
v -4.722241 1.319090 -2.605000
v -4.633350 1.452125 -2.605000
vn 0.000000 0.000000 -1.000000
f 133//45 134//45 135//45
v -4.497488 1.198957 -2.605000
v -4.633350 1.452125 -2.605000
v -4.436259 1.346777 -2.605000
vn 0.000000 0.000000 -1.000000
f 136//46 137//46 138//46
v -4.722241 1.319090 -2.495000
v -4.497488 1.198957 -2.495000
v -4.436259 1.346777 -2.495000
vn -0.000000 0.000000 1.000000
f 139//47 140//47 141//47
v -4.722241 1.319090 -2.495000
v -4.436259 1.346777 -2.495000
v -4.633350 1.452125 -2.495000
vn 0.000000 0.000000 1.000000
f 142//48 143//48 144//48
v -4.497488 1.198957 -2.605000
v -4.253617 1.124979 -2.605000
v -4.253617 1.124979 -2.495000
vn -0.290285 -0.956940 0.000000
f 145//49 146//49 147//49
v -4.497488 1.198957 -2.605000
v -4.253617 1.124979 -2.495000
v -4.497488 1.198957 -2.495000
vn -0.290285 -0.956940 0.000000
f 148//50 149//50 150//50
v -4.436259 1.346777 -2.605000
v -4.436259 1.346777 -2.495000
v -4.222403 1.281905 -2.495000
vn 0.290285 0.956940 -0.000000
f 151//51 152//51 153//51
v -4.436259 1.346777 -2.605000
v -4.222403 1.281905 -2.495000
v -4.222403 1.281905 -2.605000
vn 0.290285 0.956940 0.000000
f 154//52 155//52 156//52
v -4.253617 1.124979 -2.605000
v -4.497488 1.198957 -2.605000
v -4.436259 1.346777 -2.605000
vn 0.000000 0.000000 -1.000000
f 157//53 158//53 159//53
v -4.253617 1.124979 -2.605000
v -4.436259 1.346777 -2.605000
v -4.222403 1.281905 -2.605000
vn 0.000000 0.000000 -1.000000
f 160//54 161//54 162//54
v -4.497488 1.198957 -2.495000
v -4.253617 1.124979 -2.495000
v -4.222403 1.281905 -2.495000
vn -0.000000 0.000000 1.000000
f 163//55 164//55 165//55
v -4.497488 1.198957 -2.495000
v -4.222403 1.281905 -2.495000
v -4.436259 1.346777 -2.495000
vn 0.000000 0.000000 1.000000
f 166//56 167//56 168//56
v -4.253617 1.124979 -2.605000
v -4.000000 1.100000 -2.605000
v -4.000000 1.100000 -2.495000
vn -0.098017 -0.995185 0.000000
f 169//57 170//57 171//57
v -4.253617 1.124979 -2.605000
v -4.000000 1.100000 -2.495000
v -4.253617 1.124979 -2.495000
vn -0.098017 -0.995185 0.000000
f 172//58 173//58 174//58
v -4.222403 1.281905 -2.605000
v -4.222403 1.281905 -2.495000
v -4.000000 1.260000 -2.495000
vn 0.098017 0.995185 -0.000000
f 175//59 176//59 177//59
v -4.222403 1.281905 -2.605000
v -4.000000 1.260000 -2.495000
v -4.000000 1.260000 -2.605000
vn 0.098017 0.995185 0.000000
f 178//60 179//60 180//60
v -4.000000 1.100000 -2.605000
v -4.253617 1.124979 -2.605000
v -4.222403 1.281905 -2.605000
vn 0.000000 0.000000 -1.000000
f 181//61 182//61 183//61
v -4.000000 1.100000 -2.605000
v -4.222403 1.281905 -2.605000
v -4.000000 1.260000 -2.605000
vn 0.000000 0.000000 -1.000000
f 184//62 185//62 186//62
v -4.253617 1.124979 -2.495000
v -4.000000 1.100000 -2.495000
v -4.000000 1.260000 -2.495000
vn -0.000000 0.000000 1.000000
f 187//63 188//63 189//63
v -4.253617 1.124979 -2.495000
v -4.000000 1.260000 -2.495000
v -4.222403 1.281905 -2.495000
vn 0.000000 0.000000 1.000000
f 190//64 191//64 192//64
v -4.000000 1.100000 -2.605000
v -3.746383 1.124979 -2.605000
v -3.746383 1.124979 -2.495000
vn 0.098017 -0.995185 0.000000
f 193//65 194//65 195//65
v -4.000000 1.100000 -2.605000
v -3.746383 1.124979 -2.495000
v -4.000000 1.100000 -2.495000
vn 0.098017 -0.995185 0.000000
f 196//66 197//66 198//66
v -4.000000 1.260000 -2.605000
v -4.000000 1.260000 -2.495000
v -3.777597 1.281905 -2.495000
vn -0.098017 0.995185 0.000000
f 199//67 200//67 201//67
v -4.000000 1.260000 -2.605000
v -3.777597 1.281905 -2.495000
v -3.777597 1.281905 -2.605000
vn -0.098017 0.995185 0.000000
f 202//68 203//68 204//68
v -3.746383 1.124979 -2.605000
v -4.000000 1.100000 -2.605000
v -4.000000 1.260000 -2.605000
vn -0.000000 0.000000 -1.000000
f 205//69 206//69 207//69
v -3.746383 1.124979 -2.605000
v -4.000000 1.260000 -2.605000
v -3.777597 1.281905 -2.605000
vn 0.000000 0.000000 -1.000000
f 208//70 209//70 210//70
v -4.000000 1.100000 -2.495000
v -3.746383 1.124979 -2.495000
v -3.777597 1.281905 -2.495000
vn 0.000000 0.000000 1.000000
f 211//71 212//71 213//71
v -4.000000 1.100000 -2.495000
v -3.777597 1.281905 -2.495000
v -4.000000 1.260000 -2.495000
vn 0.000000 0.000000 1.000000
f 214//72 215//72 216//72
v -3.746383 1.124979 -2.605000
v -3.502512 1.198957 -2.605000
v -3.502512 1.198957 -2.495000
vn 0.290285 -0.956940 0.000000
f 217//73 218//73 219//73
v -3.746383 1.124979 -2.605000
v -3.502512 1.198957 -2.495000
v -3.746383 1.124979 -2.495000
vn 0.290285 -0.956940 0.000000
f 220//74 221//74 222//74
v -3.777597 1.281905 -2.605000
v -3.777597 1.281905 -2.495000
v -3.563741 1.346777 -2.495000
vn -0.290285 0.956940 0.000000
f 223//75 224//75 225//75
v -3.777597 1.281905 -2.605000
v -3.563741 1.346777 -2.495000
v -3.563741 1.346777 -2.605000
vn -0.290285 0.956940 0.000000
f 226//76 227//76 228//76
v -3.502512 1.198957 -2.605000
v -3.746383 1.124979 -2.605000
v -3.777597 1.281905 -2.605000
vn -0.000000 0.000000 -1.000000
f 229//77 230//77 231//77
v -3.502512 1.198957 -2.605000
v -3.777597 1.281905 -2.605000
v -3.563741 1.346777 -2.605000
vn 0.000000 0.000000 -1.000000
f 232//78 233//78 234//78
v -3.746383 1.124979 -2.495000
v -3.502512 1.198957 -2.495000
v -3.563741 1.346777 -2.495000
vn 0.000000 0.000000 1.000000
f 235//79 236//79 237//79
v -3.746383 1.124979 -2.495000
v -3.563741 1.346777 -2.495000
v -3.777597 1.281905 -2.495000
vn 0.000000 -0.000000 1.000000
f 238//80 239//80 240//80
v -3.502512 1.198957 -2.605000
v -3.277759 1.319090 -2.605000
v -3.277759 1.319090 -2.495000
vn 0.471397 -0.881921 0.000000
f 241//81 242//81 243//81
v -3.502512 1.198957 -2.605000
v -3.277759 1.319090 -2.495000
v -3.502512 1.198957 -2.495000
vn 0.471397 -0.881921 0.000000
f 244//82 245//82 246//82
v -3.563741 1.346777 -2.605000
v -3.563741 1.346777 -2.495000
v -3.366650 1.452125 -2.495000
vn -0.471397 0.881921 0.000000
f 247//83 248//83 249//83
v -3.563741 1.346777 -2.605000
v -3.366650 1.452125 -2.495000
v -3.366650 1.452125 -2.605000
vn -0.471397 0.881921 0.000000
f 250//84 251//84 252//84
v -3.277759 1.319090 -2.605000
v -3.502512 1.198957 -2.605000
v -3.563741 1.346777 -2.605000
vn -0.000000 0.000000 -1.000000
f 253//85 254//85 255//85
v -3.277759 1.319090 -2.605000
v -3.563741 1.346777 -2.605000
v -3.366650 1.452125 -2.605000
vn 0.000000 0.000000 -1.000000
f 256//86 257//86 258//86
v -3.502512 1.198957 -2.495000
v -3.277759 1.319090 -2.495000
v -3.366650 1.452125 -2.495000
vn 0.000000 0.000000 1.000000
f 259//87 260//87 261//87
v -3.502512 1.198957 -2.495000
v -3.366650 1.452125 -2.495000
v -3.563741 1.346777 -2.495000
vn 0.000000 -0.000000 1.000000
f 262//88 263//88 264//88
v -3.277759 1.319090 -2.605000
v -3.080761 1.480761 -2.605000
v -3.080761 1.480761 -2.495000
vn 0.634393 -0.773010 0.000000
f 265//89 266//89 267//89
v -3.277759 1.319090 -2.605000
v -3.080761 1.480761 -2.495000
v -3.277759 1.319090 -2.495000
vn 0.634393 -0.773010 0.000000
f 268//90 269//90 270//90
v -3.366650 1.452125 -2.605000
v -3.366650 1.452125 -2.495000
v -3.193898 1.593898 -2.495000
vn -0.634393 0.773010 0.000000
f 271//91 272//91 273//91
v -3.366650 1.452125 -2.605000
v -3.193898 1.593898 -2.495000
v -3.193898 1.593898 -2.605000
vn -0.634393 0.773010 0.000000
f 274//92 275//92 276//92
v -3.080761 1.480761 -2.605000
v -3.277759 1.319090 -2.605000
v -3.366650 1.452125 -2.605000
vn 0.000000 0.000000 -1.000000
f 277//93 278//93 279//93
v -3.080761 1.480761 -2.605000
v -3.366650 1.452125 -2.605000
v -3.193898 1.593898 -2.605000
vn -0.000000 0.000000 -1.000000
f 280//94 281//94 282//94
v -3.277759 1.319090 -2.495000
v -3.080761 1.480761 -2.495000
v -3.193898 1.593898 -2.495000
vn 0.000000 0.000000 1.000000
f 283//95 284//95 285//95
v -3.277759 1.319090 -2.495000
v -3.193898 1.593898 -2.495000
v -3.366650 1.452125 -2.495000
vn 0.000000 -0.000000 1.000000
f 286//96 287//96 288//96
v -3.080761 1.480761 -2.605000
v -2.919090 1.677759 -2.605000
v -2.919090 1.677759 -2.495000
vn 0.773010 -0.634393 0.000000
f 289//97 290//97 291//97
v -3.080761 1.480761 -2.605000
v -2.919090 1.677759 -2.495000
v -3.080761 1.480761 -2.495000
vn 0.773010 -0.634393 0.000000
f 292//98 293//98 294//98
v -3.193898 1.593898 -2.605000
v -3.193898 1.593898 -2.495000
v -3.052125 1.766650 -2.495000
vn -0.773010 0.634393 0.000000
f 295//99 296//99 297//99
v -3.193898 1.593898 -2.605000
v -3.052125 1.766650 -2.495000
v -3.052125 1.766650 -2.605000
vn -0.773010 0.634393 0.000000
f 298//100 299//100 300//100
v -2.919090 1.677759 -2.605000
v -3.080761 1.480761 -2.605000
v -3.193898 1.593898 -2.605000
vn 0.000000 0.000000 -1.000000
f 301//101 302//101 303//101
v -2.919090 1.677759 -2.605000
v -3.193898 1.593898 -2.605000
v -3.052125 1.766650 -2.605000
vn -0.000000 0.000000 -1.000000
f 304//102 305//102 306//102
v -3.080761 1.480761 -2.495000
v -2.919090 1.677759 -2.495000
v -3.052125 1.766650 -2.495000
vn 0.000000 0.000000 1.000000
f 307//103 308//103 309//103
v -3.080761 1.480761 -2.495000
v -3.052125 1.766650 -2.495000
v -3.193898 1.593898 -2.495000
vn 0.000000 -0.000000 1.000000
f 310//104 311//104 312//104
v -2.919090 1.677759 -2.605000
v -2.798957 1.902512 -2.605000
v -2.798957 1.902512 -2.495000
vn 0.881921 -0.471397 0.000000
f 313//105 314//105 315//105
v -2.919090 1.677759 -2.605000
v -2.798957 1.902512 -2.495000
v -2.919090 1.677759 -2.495000
vn 0.881921 -0.471397 0.000000
f 316//106 317//106 318//106
v -3.052125 1.766650 -2.605000
v -3.052125 1.766650 -2.495000
v -2.946777 1.963741 -2.495000
vn -0.881921 0.471397 0.000000
f 319//107 320//107 321//107
v -3.052125 1.766650 -2.605000
v -2.946777 1.963741 -2.495000
v -2.946777 1.963741 -2.605000
vn -0.881921 0.471397 0.000000
f 322//108 323//108 324//108
v -2.798957 1.902512 -2.605000
v -2.919090 1.677759 -2.605000
v -3.052125 1.766650 -2.605000
vn 0.000000 0.000000 -1.000000
f 325//109 326//109 327//109
v -2.798957 1.902512 -2.605000
v -3.052125 1.766650 -2.605000
v -2.946777 1.963741 -2.605000
vn -0.000000 0.000000 -1.000000
f 328//110 329//110 330//110
v -2.919090 1.677759 -2.495000
v -2.798957 1.902512 -2.495000
v -2.946777 1.963741 -2.495000
vn 0.000000 -0.000000 1.000000
f 331//111 332//111 333//111
v -2.919090 1.677759 -2.495000
v -2.946777 1.963741 -2.495000
v -3.052125 1.766650 -2.495000
vn 0.000000 0.000000 1.000000
f 334//112 335//112 336//112
v -2.798957 1.902512 -2.605000
v -2.724979 2.146383 -2.605000
v -2.724979 2.146383 -2.495000
vn 0.956940 -0.290285 0.000000
f 337//113 338//113 339//113
v -2.798957 1.902512 -2.605000
v -2.724979 2.146383 -2.495000
v -2.798957 1.902512 -2.495000
vn 0.956940 -0.290285 0.000000
f 340//114 341//114 342//114
v -2.946777 1.963741 -2.605000
v -2.946777 1.963741 -2.495000
v -2.881905 2.177597 -2.495000
vn -0.956940 0.290285 0.000000
f 343//115 344//115 345//115
v -2.946777 1.963741 -2.605000
v -2.881905 2.177597 -2.495000
v -2.881905 2.177597 -2.605000
vn -0.956940 0.290285 0.000000
f 346//116 347//116 348//116
v -2.724979 2.146383 -2.605000
v -2.798957 1.902512 -2.605000
v -2.946777 1.963741 -2.605000
vn 0.000000 0.000000 -1.000000
f 349//117 350//117 351//117
v -2.724979 2.146383 -2.605000
v -2.946777 1.963741 -2.605000
v -2.881905 2.177597 -2.605000
vn -0.000000 0.000000 -1.000000
f 352//118 353//118 354//118
v -2.798957 1.902512 -2.495000
v -2.724979 2.146383 -2.495000
v -2.881905 2.177597 -2.495000
vn 0.000000 -0.000000 1.000000
f 355//119 356//119 357//119
v -2.798957 1.902512 -2.495000
v -2.881905 2.177597 -2.495000
v -2.946777 1.963741 -2.495000
vn 0.000000 0.000000 1.000000
f 358//120 359//120 360//120
v -2.724979 2.146383 -2.605000
v -2.700000 2.400000 -2.605000
v -2.700000 2.400000 -2.495000
vn 0.995185 -0.098017 0.000000
f 361//121 362//121 363//121
v -2.724979 2.146383 -2.605000
v -2.700000 2.400000 -2.495000
v -2.724979 2.146383 -2.495000
vn 0.995185 -0.098017 0.000000
f 364//122 365//122 366//122
v -2.881905 2.177597 -2.605000
v -2.881905 2.177597 -2.495000
v -2.860000 2.400000 -2.495000
vn -0.995185 0.098017 0.000000
f 367//123 368//123 369//123
v -2.881905 2.177597 -2.605000
v -2.860000 2.400000 -2.495000
v -2.860000 2.400000 -2.605000
vn -0.995185 0.098017 0.000000
f 370//124 371//124 372//124
v -2.700000 2.400000 -2.605000
v -2.724979 2.146383 -2.605000
v -2.881905 2.177597 -2.605000
vn 0.000000 0.000000 -1.000000
f 373//125 374//125 375//125
v -2.700000 2.400000 -2.605000
v -2.881905 2.177597 -2.605000
v -2.860000 2.400000 -2.605000
vn -0.000000 0.000000 -1.000000
f 376//126 377//126 378//126
v -2.724979 2.146383 -2.495000
v -2.700000 2.400000 -2.495000
v -2.860000 2.400000 -2.495000
vn 0.000000 -0.000000 1.000000
f 379//127 380//127 381//127
v -2.724979 2.146383 -2.495000
v -2.860000 2.400000 -2.495000
v -2.881905 2.177597 -2.495000
vn 0.000000 0.000000 1.000000
f 382//128 383//128 384//128
v -2.700000 2.400000 -2.605000
v -2.724979 2.653617 -2.605000
v -2.724979 2.653617 -2.495000
vn 0.995185 0.098017 0.000000
f 385//129 386//129 387//129
v -2.700000 2.400000 -2.605000
v -2.724979 2.653617 -2.495000
v -2.700000 2.400000 -2.495000
vn 0.995185 0.098017 -0.000000
f 388//130 389//130 390//130
v -2.860000 2.400000 -2.605000
v -2.860000 2.400000 -2.495000
v -2.881905 2.622403 -2.495000
vn -0.995185 -0.098017 0.000000
f 391//131 392//131 393//131
v -2.860000 2.400000 -2.605000
v -2.881905 2.622403 -2.495000
v -2.881905 2.622403 -2.605000
vn -0.995185 -0.098017 0.000000
f 394//132 395//132 396//132
v -2.724979 2.653617 -2.605000
v -2.700000 2.400000 -2.605000
v -2.860000 2.400000 -2.605000
vn 0.000000 -0.000000 -1.000000
f 397//133 398//133 399//133
v -2.724979 2.653617 -2.605000
v -2.860000 2.400000 -2.605000
v -2.881905 2.622403 -2.605000
vn 0.000000 0.000000 -1.000000
f 400//134 401//134 402//134
v -2.700000 2.400000 -2.495000
v -2.724979 2.653617 -2.495000
v -2.881905 2.622403 -2.495000
vn 0.000000 0.000000 1.000000
f 403//135 404//135 405//135
v -2.700000 2.400000 -2.495000
v -2.881905 2.622403 -2.495000
v -2.860000 2.400000 -2.495000
vn 0.000000 0.000000 1.000000
f 406//136 407//136 408//136
v -2.724979 2.653617 -2.605000
v -2.798957 2.897488 -2.605000
v -2.798957 2.897488 -2.495000
vn 0.956940 0.290285 0.000000
f 409//137 410//137 411//137
v -2.724979 2.653617 -2.605000
v -2.798957 2.897488 -2.495000
v -2.724979 2.653617 -2.495000
vn 0.956940 0.290285 -0.000000
f 412//138 413//138 414//138
v -2.881905 2.622403 -2.605000
v -2.881905 2.622403 -2.495000
v -2.946777 2.836259 -2.495000
vn -0.956940 -0.290285 0.000000
f 415//139 416//139 417//139
v -2.881905 2.622403 -2.605000
v -2.946777 2.836259 -2.495000
v -2.946777 2.836259 -2.605000
vn -0.956940 -0.290285 0.000000
f 418//140 419//140 420//140
v -2.798957 2.897488 -2.605000
v -2.724979 2.653617 -2.605000
v -2.881905 2.622403 -2.605000
vn 0.000000 -0.000000 -1.000000
f 421//141 422//141 423//141
v -2.798957 2.897488 -2.605000
v -2.881905 2.622403 -2.605000
v -2.946777 2.836259 -2.605000
vn 0.000000 0.000000 -1.000000
f 424//142 425//142 426//142
v -2.724979 2.653617 -2.495000
v -2.798957 2.897488 -2.495000
v -2.946777 2.836259 -2.495000
vn 0.000000 0.000000 1.000000
f 427//143 428//143 429//143
v -2.724979 2.653617 -2.495000
v -2.946777 2.836259 -2.495000
v -2.881905 2.622403 -2.495000
vn 0.000000 0.000000 1.000000
f 430//144 431//144 432//144
v -2.798957 2.897488 -2.605000
v -2.919090 3.122241 -2.605000
v -2.919090 3.122241 -2.495000
vn 0.881921 0.471397 0.000000
f 433//145 434//145 435//145
v -2.798957 2.897488 -2.605000
v -2.919090 3.122241 -2.495000
v -2.798957 2.897488 -2.495000
vn 0.881921 0.471397 -0.000000
f 436//146 437//146 438//146
v -2.946777 2.836259 -2.605000
v -2.946777 2.836259 -2.495000
v -3.052125 3.033350 -2.495000
vn -0.881921 -0.471397 0.000000
f 439//147 440//147 441//147
v -2.946777 2.836259 -2.605000
v -3.052125 3.033350 -2.495000
v -3.052125 3.033350 -2.605000
vn -0.881921 -0.471397 0.000000
f 442//148 443//148 444//148
v -2.919090 3.122241 -2.605000
v -2.798957 2.897488 -2.605000
v -2.946777 2.836259 -2.605000
vn 0.000000 -0.000000 -1.000000
f 445//149 446//149 447//149
v -2.919090 3.122241 -2.605000
v -2.946777 2.836259 -2.605000
v -3.052125 3.033350 -2.605000
vn 0.000000 0.000000 -1.000000
f 448//150 449//150 450//150
v -2.798957 2.897488 -2.495000
v -2.919090 3.122241 -2.495000
v -3.052125 3.033350 -2.495000
vn 0.000000 0.000000 1.000000
f 451//151 452//151 453//151
v -2.798957 2.897488 -2.495000
v -3.052125 3.033350 -2.495000
v -2.946777 2.836259 -2.495000
vn 0.000000 0.000000 1.000000
f 454//152 455//152 456//152
v -2.919090 3.122241 -2.605000
v -3.080761 3.319239 -2.605000
v -3.080761 3.319239 -2.495000
vn 0.773010 0.634393 0.000000
f 457//153 458//153 459//153
v -2.919090 3.122241 -2.605000
v -3.080761 3.319239 -2.495000
v -2.919090 3.122241 -2.495000
vn 0.773010 0.634393 -0.000000
f 460//154 461//154 462//154
v -3.052125 3.033350 -2.605000
v -3.052125 3.033350 -2.495000
v -3.193898 3.206102 -2.495000
vn -0.773010 -0.634393 0.000000
f 463//155 464//155 465//155
v -3.052125 3.033350 -2.605000
v -3.193898 3.206102 -2.495000
v -3.193898 3.206102 -2.605000
vn -0.773010 -0.634393 0.000000
f 466//156 467//156 468//156
v -3.080761 3.319239 -2.605000
v -2.919090 3.122241 -2.605000
v -3.052125 3.033350 -2.605000
vn 0.000000 0.000000 -1.000000
f 469//157 470//157 471//157
v -3.080761 3.319239 -2.605000
v -3.052125 3.033350 -2.605000
v -3.193898 3.206102 -2.605000
vn 0.000000 -0.000000 -1.000000
f 472//158 473//158 474//158
v -2.919090 3.122241 -2.495000
v -3.080761 3.319239 -2.495000
v -3.193898 3.206102 -2.495000
vn 0.000000 0.000000 1.000000
f 475//159 476//159 477//159
v -2.919090 3.122241 -2.495000
v -3.193898 3.206102 -2.495000
v -3.052125 3.033350 -2.495000
vn 0.000000 0.000000 1.000000
f 478//160 479//160 480//160
v -3.080761 3.319239 -2.605000
v -3.277759 3.480910 -2.605000
v -3.277759 3.480910 -2.495000
vn 0.634393 0.773010 0.000000
f 481//161 482//161 483//161
v -3.080761 3.319239 -2.605000
v -3.277759 3.480910 -2.495000
v -3.080761 3.319239 -2.495000
vn 0.634393 0.773010 -0.000000
f 484//162 485//162 486//162
v -3.193898 3.206102 -2.605000
v -3.193898 3.206102 -2.495000
v -3.366650 3.347875 -2.495000
vn -0.634393 -0.773010 0.000000
f 487//163 488//163 489//163
v -3.193898 3.206102 -2.605000
v -3.366650 3.347875 -2.495000
v -3.366650 3.347875 -2.605000
vn -0.634393 -0.773010 0.000000
f 490//164 491//164 492//164
v -3.277759 3.480910 -2.605000
v -3.080761 3.319239 -2.605000
v -3.193898 3.206102 -2.605000
vn 0.000000 0.000000 -1.000000
f 493//165 494//165 495//165
v -3.277759 3.480910 -2.605000
v -3.193898 3.206102 -2.605000
v -3.366650 3.347875 -2.605000
vn 0.000000 -0.000000 -1.000000
f 496//166 497//166 498//166
v -3.080761 3.319239 -2.495000
v -3.277759 3.480910 -2.495000
v -3.366650 3.347875 -2.495000
vn 0.000000 0.000000 1.000000
f 499//167 500//167 501//167
v -3.080761 3.319239 -2.495000
v -3.366650 3.347875 -2.495000
v -3.193898 3.206102 -2.495000
vn 0.000000 0.000000 1.000000
f 502//168 503//168 504//168
v -3.277759 3.480910 -2.605000
v -3.502512 3.601043 -2.605000
v -3.502512 3.601043 -2.495000
vn 0.471397 0.881921 0.000000
f 505//169 506//169 507//169
v -3.277759 3.480910 -2.605000
v -3.502512 3.601043 -2.495000
v -3.277759 3.480910 -2.495000
vn 0.471397 0.881921 -0.000000
f 508//170 509//170 510//170
v -3.366650 3.347875 -2.605000
v -3.366650 3.347875 -2.495000
v -3.563741 3.453223 -2.495000
vn -0.471397 -0.881921 0.000000
f 511//171 512//171 513//171
v -3.366650 3.347875 -2.605000
v -3.563741 3.453223 -2.495000
v -3.563741 3.453223 -2.605000
vn -0.471397 -0.881921 0.000000
f 514//172 515//172 516//172
v -3.502512 3.601043 -2.605000
v -3.277759 3.480910 -2.605000
v -3.366650 3.347875 -2.605000
vn 0.000000 0.000000 -1.000000
f 517//173 518//173 519//173
v -3.502512 3.601043 -2.605000
v -3.366650 3.347875 -2.605000
v -3.563741 3.453223 -2.605000
vn 0.000000 -0.000000 -1.000000
f 520//174 521//174 522//174
v -3.277759 3.480910 -2.495000
v -3.502512 3.601043 -2.495000
v -3.563741 3.453223 -2.495000
vn 0.000000 0.000000 1.000000
f 523//175 524//175 525//175
v -3.277759 3.480910 -2.495000
v -3.563741 3.453223 -2.495000
v -3.366650 3.347875 -2.495000
vn 0.000000 0.000000 1.000000
f 526//176 527//176 528//176
v -3.502512 3.601043 -2.605000
v -3.746383 3.675021 -2.605000
v -3.746383 3.675021 -2.495000
vn 0.290285 0.956940 0.000000
f 529//177 530//177 531//177
v -3.502512 3.601043 -2.605000
v -3.746383 3.675021 -2.495000
v -3.502512 3.601043 -2.495000
vn 0.290285 0.956940 -0.000000
f 532//178 533//178 534//178
v -3.563741 3.453223 -2.605000
v -3.563741 3.453223 -2.495000
v -3.777597 3.518095 -2.495000
vn -0.290285 -0.956940 0.000000
f 535//179 536//179 537//179
v -3.563741 3.453223 -2.605000
v -3.777597 3.518095 -2.495000
v -3.777597 3.518095 -2.605000
vn -0.290285 -0.956940 0.000000
f 538//180 539//180 540//180
v -3.746383 3.675021 -2.605000
v -3.502512 3.601043 -2.605000
v -3.563741 3.453223 -2.605000
vn 0.000000 0.000000 -1.000000
f 541//181 542//181 543//181
v -3.746383 3.675021 -2.605000
v -3.563741 3.453223 -2.605000
v -3.777597 3.518095 -2.605000
vn 0.000000 -0.000000 -1.000000
f 544//182 545//182 546//182
v -3.502512 3.601043 -2.495000
v -3.746383 3.675021 -2.495000
v -3.777597 3.518095 -2.495000
vn 0.000000 0.000000 1.000000
f 547//183 548//183 549//183
v -3.502512 3.601043 -2.495000
v -3.777597 3.518095 -2.495000
v -3.563741 3.453223 -2.495000
vn 0.000000 0.000000 1.000000
f 550//184 551//184 552//184
v -3.746383 3.675021 -2.605000
v -4.000000 3.700000 -2.605000
v -4.000000 3.700000 -2.495000
vn 0.098017 0.995185 0.000000
f 553//185 554//185 555//185
v -3.746383 3.675021 -2.605000
v -4.000000 3.700000 -2.495000
v -3.746383 3.675021 -2.495000
vn 0.098017 0.995185 -0.000000
f 556//186 557//186 558//186
v -3.777597 3.518095 -2.605000
v -3.777597 3.518095 -2.495000
v -4.000000 3.540000 -2.495000
vn -0.098017 -0.995185 0.000000
f 559//187 560//187 561//187
v -3.777597 3.518095 -2.605000
v -4.000000 3.540000 -2.495000
v -4.000000 3.540000 -2.605000
vn -0.098017 -0.995185 0.000000
f 562//188 563//188 564//188
v -4.000000 3.700000 -2.605000
v -3.746383 3.675021 -2.605000
v -3.777597 3.518095 -2.605000
vn 0.000000 0.000000 -1.000000
f 565//189 566//189 567//189
v -4.000000 3.700000 -2.605000
v -3.777597 3.518095 -2.605000
v -4.000000 3.540000 -2.605000
vn 0.000000 -0.000000 -1.000000
f 568//190 569//190 570//190
v -3.746383 3.675021 -2.495000
v -4.000000 3.700000 -2.495000
v -4.000000 3.540000 -2.495000
vn 0.000000 0.000000 1.000000
f 571//191 572//191 573//191
v -3.746383 3.675021 -2.495000
v -4.000000 3.540000 -2.495000
v -3.777597 3.518095 -2.495000
vn 0.000000 0.000000 1.000000
f 574//192 575//192 576//192
v -4.000000 3.700000 -2.605000
v -4.253617 3.675021 -2.605000
v -4.253617 3.675021 -2.495000
vn -0.098017 0.995185 0.000000
f 577//193 578//193 579//193
v -4.000000 3.700000 -2.605000
v -4.253617 3.675021 -2.495000
v -4.000000 3.700000 -2.495000
vn -0.098017 0.995185 0.000000
f 580//194 581//194 582//194
v -4.000000 3.540000 -2.605000
v -4.000000 3.540000 -2.495000
v -4.222403 3.518095 -2.495000
vn 0.098017 -0.995185 0.000000
f 583//195 584//195 585//195
v -4.000000 3.540000 -2.605000
v -4.222403 3.518095 -2.495000
v -4.222403 3.518095 -2.605000
vn 0.098017 -0.995185 0.000000
f 586//196 587//196 588//196
v -4.253617 3.675021 -2.605000
v -4.000000 3.700000 -2.605000
v -4.000000 3.540000 -2.605000
vn 0.000000 0.000000 -1.000000
f 589//197 590//197 591//197
v -4.253617 3.675021 -2.605000
v -4.000000 3.540000 -2.605000
v -4.222403 3.518095 -2.605000
vn 0.000000 0.000000 -1.000000
f 592//198 593//198 594//198
v -4.000000 3.700000 -2.495000
v -4.253617 3.675021 -2.495000
v -4.222403 3.518095 -2.495000
vn 0.000000 0.000000 1.000000
f 595//199 596//199 597//199
v -4.000000 3.700000 -2.495000
v -4.222403 3.518095 -2.495000
v -4.000000 3.540000 -2.495000
vn 0.000000 0.000000 1.000000
f 598//200 599//200 600//200
v -4.253617 3.675021 -2.605000
v -4.497488 3.601043 -2.605000
v -4.497488 3.601043 -2.495000
vn -0.290285 0.956940 0.000000
f 601//201 602//201 603//201
v -4.253617 3.675021 -2.605000
v -4.497488 3.601043 -2.495000
v -4.253617 3.675021 -2.495000
vn -0.290285 0.956940 0.000000
f 604//202 605//202 606//202
v -4.222403 3.518095 -2.605000
v -4.222403 3.518095 -2.495000
v -4.436259 3.453223 -2.495000
vn 0.290285 -0.956940 0.000000
f 607//203 608//203 609//203
v -4.222403 3.518095 -2.605000
v -4.436259 3.453223 -2.495000
v -4.436259 3.453223 -2.605000
vn 0.290285 -0.956940 0.000000
f 610//204 611//204 612//204
v -4.497488 3.601043 -2.605000
v -4.253617 3.675021 -2.605000
v -4.222403 3.518095 -2.605000
vn 0.000000 0.000000 -1.000000
f 613//205 614//205 615//205
v -4.497488 3.601043 -2.605000
v -4.222403 3.518095 -2.605000
v -4.436259 3.453223 -2.605000
vn 0.000000 0.000000 -1.000000
f 616//206 617//206 618//206
v -4.253617 3.675021 -2.495000
v -4.497488 3.601043 -2.495000
v -4.436259 3.453223 -2.495000
vn 0.000000 0.000000 1.000000
f 619//207 620//207 621//207
v -4.253617 3.675021 -2.495000
v -4.436259 3.453223 -2.495000
v -4.222403 3.518095 -2.495000
vn 0.000000 0.000000 1.000000
f 622//208 623//208 624//208
v -4.497488 3.601043 -2.605000
v -4.722241 3.480910 -2.605000
v -4.722241 3.480910 -2.495000
vn -0.471397 0.881921 0.000000
f 625//209 626//209 627//209
v -4.497488 3.601043 -2.605000
v -4.722241 3.480910 -2.495000
v -4.497488 3.601043 -2.495000
vn -0.471397 0.881921 0.000000
f 628//210 629//210 630//210
v -4.436259 3.453223 -2.605000
v -4.436259 3.453223 -2.495000
v -4.633350 3.347875 -2.495000
vn 0.471397 -0.881921 0.000000
f 631//211 632//211 633//211
v -4.436259 3.453223 -2.605000
v -4.633350 3.347875 -2.495000
v -4.633350 3.347875 -2.605000
vn 0.471397 -0.881921 0.000000
f 634//212 635//212 636//212
v -4.722241 3.480910 -2.605000
v -4.497488 3.601043 -2.605000
v -4.436259 3.453223 -2.605000
vn 0.000000 0.000000 -1.000000
f 637//213 638//213 639//213
v -4.722241 3.480910 -2.605000
v -4.436259 3.453223 -2.605000
v -4.633350 3.347875 -2.605000
vn 0.000000 0.000000 -1.000000
f 640//214 641//214 642//214
v -4.497488 3.601043 -2.495000
v -4.722241 3.480910 -2.495000
v -4.633350 3.347875 -2.495000
vn 0.000000 0.000000 1.000000
f 643//215 644//215 645//215
v -4.497488 3.601043 -2.495000
v -4.633350 3.347875 -2.495000
v -4.436259 3.453223 -2.495000
vn 0.000000 0.000000 1.000000
f 646//216 647//216 648//216
v -4.722241 3.480910 -2.605000
v -4.919239 3.319239 -2.605000
v -4.919239 3.319239 -2.495000
vn -0.634393 0.773010 0.000000
f 649//217 650//217 651//217
v -4.722241 3.480910 -2.605000
v -4.919239 3.319239 -2.495000
v -4.722241 3.480910 -2.495000
vn -0.634393 0.773010 0.000000
f 652//218 653//218 654//218
v -4.633350 3.347875 -2.605000
v -4.633350 3.347875 -2.495000
v -4.806102 3.206102 -2.495000
vn 0.634393 -0.773010 0.000000
f 655//219 656//219 657//219
v -4.633350 3.347875 -2.605000
v -4.806102 3.206102 -2.495000
v -4.806102 3.206102 -2.605000
vn 0.634393 -0.773010 0.000000
f 658//220 659//220 660//220
v -4.919239 3.319239 -2.605000
v -4.722241 3.480910 -2.605000
v -4.633350 3.347875 -2.605000
vn 0.000000 0.000000 -1.000000
f 661//221 662//221 663//221
v -4.919239 3.319239 -2.605000
v -4.633350 3.347875 -2.605000
v -4.806102 3.206102 -2.605000
vn 0.000000 0.000000 -1.000000
f 664//222 665//222 666//222
v -4.722241 3.480910 -2.495000
v -4.919239 3.319239 -2.495000
v -4.806102 3.206102 -2.495000
vn 0.000000 0.000000 1.000000
f 667//223 668//223 669//223
v -4.722241 3.480910 -2.495000
v -4.806102 3.206102 -2.495000
v -4.633350 3.347875 -2.495000
vn 0.000000 0.000000 1.000000
f 670//224 671//224 672//224
v -4.919239 3.319239 -2.605000
v -5.080910 3.122241 -2.605000
v -5.080910 3.122241 -2.495000
vn -0.773010 0.634393 0.000000
f 673//225 674//225 675//225
v -4.919239 3.319239 -2.605000
v -5.080910 3.122241 -2.495000
v -4.919239 3.319239 -2.495000
vn -0.773010 0.634393 0.000000
f 676//226 677//226 678//226
v -4.806102 3.206102 -2.605000
v -4.806102 3.206102 -2.495000
v -4.947875 3.033350 -2.495000
vn 0.773010 -0.634393 0.000000
f 679//227 680//227 681//227
v -4.806102 3.206102 -2.605000
v -4.947875 3.033350 -2.495000
v -4.947875 3.033350 -2.605000
vn 0.773010 -0.634393 0.000000
f 682//228 683//228 684//228
v -5.080910 3.122241 -2.605000
v -4.919239 3.319239 -2.605000
v -4.806102 3.206102 -2.605000
vn 0.000000 0.000000 -1.000000
f 685//229 686//229 687//229
v -5.080910 3.122241 -2.605000
v -4.806102 3.206102 -2.605000
v -4.947875 3.033350 -2.605000
vn 0.000000 0.000000 -1.000000
f 688//230 689//230 690//230
v -4.919239 3.319239 -2.495000
v -5.080910 3.122241 -2.495000
v -4.947875 3.033350 -2.495000
vn 0.000000 0.000000 1.000000
f 691//231 692//231 693//231
v -4.919239 3.319239 -2.495000
v -4.947875 3.033350 -2.495000
v -4.806102 3.206102 -2.495000
vn 0.000000 0.000000 1.000000
f 694//232 695//232 696//232
v -5.080910 3.122241 -2.605000
v -5.201043 2.897488 -2.605000
v -5.201043 2.897488 -2.495000
vn -0.881921 0.471397 0.000000
f 697//233 698//233 699//233
v -5.080910 3.122241 -2.605000
v -5.201043 2.897488 -2.495000
v -5.080910 3.122241 -2.495000
vn -0.881921 0.471397 0.000000
f 700//234 701//234 702//234
v -4.947875 3.033350 -2.605000
v -4.947875 3.033350 -2.495000
v -5.053223 2.836259 -2.495000
vn 0.881921 -0.471397 0.000000
f 703//235 704//235 705//235
v -4.947875 3.033350 -2.605000
v -5.053223 2.836259 -2.495000
v -5.053223 2.836259 -2.605000
vn 0.881921 -0.471397 0.000000
f 706//236 707//236 708//236
v -5.201043 2.897488 -2.605000
v -5.080910 3.122241 -2.605000
v -4.947875 3.033350 -2.605000
vn 0.000000 0.000000 -1.000000
f 709//237 710//237 711//237
v -5.201043 2.897488 -2.605000
v -4.947875 3.033350 -2.605000
v -5.053223 2.836259 -2.605000
vn 0.000000 0.000000 -1.000000
f 712//238 713//238 714//238
v -5.080910 3.122241 -2.495000
v -5.201043 2.897488 -2.495000
v -5.053223 2.836259 -2.495000
vn 0.000000 0.000000 1.000000
f 715//239 716//239 717//239
v -5.080910 3.122241 -2.495000
v -5.053223 2.836259 -2.495000
v -4.947875 3.033350 -2.495000
vn 0.000000 0.000000 1.000000
f 718//240 719//240 720//240
v -5.201043 2.897488 -2.605000
v -5.275021 2.653617 -2.605000
v -5.275021 2.653617 -2.495000
vn -0.956940 0.290285 0.000000
f 721//241 722//241 723//241
v -5.201043 2.897488 -2.605000
v -5.275021 2.653617 -2.495000
v -5.201043 2.897488 -2.495000
vn -0.956940 0.290285 0.000000
f 724//242 725//242 726//242
v -5.053223 2.836259 -2.605000
v -5.053223 2.836259 -2.495000
v -5.118095 2.622403 -2.495000
vn 0.956940 -0.290285 0.000000
f 727//243 728//243 729//243
v -5.053223 2.836259 -2.605000
v -5.118095 2.622403 -2.495000
v -5.118095 2.622403 -2.605000
vn 0.956940 -0.290285 0.000000
f 730//244 731//244 732//244
v -5.275021 2.653617 -2.605000
v -5.201043 2.897488 -2.605000
v -5.053223 2.836259 -2.605000
vn 0.000000 0.000000 -1.000000
f 733//245 734//245 735//245
v -5.275021 2.653617 -2.605000
v -5.053223 2.836259 -2.605000
v -5.118095 2.622403 -2.605000
vn 0.000000 0.000000 -1.000000
f 736//246 737//246 738//246
v -5.201043 2.897488 -2.495000
v -5.275021 2.653617 -2.495000
v -5.118095 2.622403 -2.495000
vn 0.000000 0.000000 1.000000
f 739//247 740//247 741//247
v -5.201043 2.897488 -2.495000
v -5.118095 2.622403 -2.495000
v -5.053223 2.836259 -2.495000
vn 0.000000 0.000000 1.000000
f 742//248 743//248 744//248
v -5.275021 2.653617 -2.605000
v -5.300000 2.400000 -2.605000
v -5.300000 2.400000 -2.495000
vn -0.995185 0.098017 0.000000
f 745//249 746//249 747//249
v -5.275021 2.653617 -2.605000
v -5.300000 2.400000 -2.495000
v -5.275021 2.653617 -2.495000
vn -0.995185 0.098017 0.000000
f 748//250 749//250 750//250
v -5.118095 2.622403 -2.605000
v -5.118095 2.622403 -2.495000
v -5.140000 2.400000 -2.495000
vn 0.995185 -0.098017 0.000000
f 751//251 752//251 753//251
v -5.118095 2.622403 -2.605000
v -5.140000 2.400000 -2.495000
v -5.140000 2.400000 -2.605000
vn 0.995185 -0.098017 0.000000
f 754//252 755//252 756//252
v -5.300000 2.400000 -2.605000
v -5.275021 2.653617 -2.605000
v -5.118095 2.622403 -2.605000
vn 0.000000 0.000000 -1.000000
f 757//253 758//253 759//253
v -5.300000 2.400000 -2.605000
v -5.118095 2.622403 -2.605000
v -5.140000 2.400000 -2.605000
vn 0.000000 0.000000 -1.000000
f 760//254 761//254 762//254
v -5.275021 2.653617 -2.495000
v -5.300000 2.400000 -2.495000
v -5.140000 2.400000 -2.495000
vn 0.000000 0.000000 1.000000
f 763//255 764//255 765//255
v -5.275021 2.653617 -2.495000
v -5.140000 2.400000 -2.495000
v -5.118095 2.622403 -2.495000
vn 0.000000 0.000000 1.000000
f 766//256 767//256 768//256
v -2.585000 2.400000 -2.640000
v -2.552500 2.343708 -2.640000
v -2.552500 2.343708 -2.460000
vn -0.866025 -0.500000 0.000000
f 769//257 770//257 771//257
v -2.585000 2.400000 -2.640000
v -2.552500 2.343708 -2.460000
v -2.585000 2.400000 -2.460000
vn -0.866025 -0.500000 0.000000
f 772//258 773//258 774//258
v -2.520000 2.400000 -2.640000
v -2.552500 2.343708 -2.640000
v -2.585000 2.400000 -2.640000
vn -0.000000 0.000000 -1.000000
f 775//259 776//259 777//259
v -2.520000 2.400000 -2.460000
v -2.585000 2.400000 -2.460000
v -2.552500 2.343708 -2.460000
vn 0.000000 0.000000 1.000000
f 778//260 779//260 780//260
v -2.552500 2.343708 -2.640000
v -2.487500 2.343708 -2.640000
v -2.487500 2.343708 -2.460000
vn 0.000000 -1.000000 0.000000
f 781//261 782//261 783//261
v -2.552500 2.343708 -2.640000
v -2.487500 2.343708 -2.460000
v -2.552500 2.343708 -2.460000
vn 0.000000 -1.000000 0.000000
f 784//262 785//262 786//262
v -2.520000 2.400000 -2.640000
v -2.487500 2.343708 -2.640000
v -2.552500 2.343708 -2.640000
vn 0.000000 -0.000000 -1.000000
f 787//263 788//263 789//263
v -2.520000 2.400000 -2.460000
v -2.552500 2.343708 -2.460000
v -2.487500 2.343708 -2.460000
vn 0.000000 0.000000 1.000000
f 790//264 791//264 792//264
v -2.487500 2.343708 -2.640000
v -2.455000 2.400000 -2.640000
v -2.455000 2.400000 -2.460000
vn 0.866025 -0.500000 0.000000
f 793//265 794//265 795//265
v -2.487500 2.343708 -2.640000
v -2.455000 2.400000 -2.460000
v -2.487500 2.343708 -2.460000
vn 0.866025 -0.500000 0.000000
f 796//266 797//266 798//266
v -2.520000 2.400000 -2.640000
v -2.455000 2.400000 -2.640000
v -2.487500 2.343708 -2.640000
vn 0.000000 0.000000 -1.000000
f 799//267 800//267 801//267
v -2.520000 2.400000 -2.460000
v -2.487500 2.343708 -2.460000
v -2.455000 2.400000 -2.460000
vn -0.000000 0.000000 1.000000
f 802//268 803//268 804//268
v -2.455000 2.400000 -2.640000
v -2.487500 2.456292 -2.640000
v -2.487500 2.456292 -2.460000
vn 0.866025 0.500000 0.000000
f 805//269 806//269 807//269
v -2.455000 2.400000 -2.640000
v -2.487500 2.456292 -2.460000
v -2.455000 2.400000 -2.460000
vn 0.866025 0.500000 -0.000000
f 808//270 809//270 810//270
v -2.520000 2.400000 -2.640000
v -2.487500 2.456292 -2.640000
v -2.455000 2.400000 -2.640000
vn 0.000000 0.000000 -1.000000
f 811//271 812//271 813//271
v -2.520000 2.400000 -2.460000
v -2.455000 2.400000 -2.460000
v -2.487500 2.456292 -2.460000
vn 0.000000 0.000000 1.000000
f 814//272 815//272 816//272
v -2.487500 2.456292 -2.640000
v -2.552500 2.456292 -2.640000
v -2.552500 2.456292 -2.460000
vn 0.000000 1.000000 0.000000
f 817//273 818//273 819//273
v -2.487500 2.456292 -2.640000
v -2.552500 2.456292 -2.460000
v -2.487500 2.456292 -2.460000
vn 0.000000 1.000000 -0.000000
f 820//274 821//274 822//274
v -2.520000 2.400000 -2.640000
v -2.552500 2.456292 -2.640000
v -2.487500 2.456292 -2.640000
vn 0.000000 0.000000 -1.000000
f 823//275 824//275 825//275
v -2.520000 2.400000 -2.460000
v -2.487500 2.456292 -2.460000
v -2.552500 2.456292 -2.460000
vn 0.000000 -0.000000 1.000000
f 826//276 827//276 828//276
v -2.552500 2.456292 -2.640000
v -2.585000 2.400000 -2.640000
v -2.585000 2.400000 -2.460000
vn -0.866025 0.500000 0.000000
f 829//277 830//277 831//277
v -2.552500 2.456292 -2.640000
v -2.585000 2.400000 -2.460000
v -2.552500 2.456292 -2.460000
vn -0.866025 0.500000 0.000000
f 832//278 833//278 834//278
v -2.520000 2.400000 -2.640000
v -2.585000 2.400000 -2.640000
v -2.552500 2.456292 -2.640000
vn 0.000000 0.000000 -1.000000
f 835//279 836//279 837//279
v -2.520000 2.400000 -2.460000
v -2.552500 2.456292 -2.460000
v -2.585000 2.400000 -2.460000
vn 0.000000 0.000000 1.000000
f 838//280 839//280 840//280
v -3.018482 3.446518 -2.640000
v -2.985982 3.390226 -2.640000
v -2.985982 3.390226 -2.460000
vn -0.866025 -0.500000 0.000000
f 841//281 842//281 843//281
v -3.018482 3.446518 -2.640000
v -2.985982 3.390226 -2.460000
v -3.018482 3.446518 -2.460000
vn -0.866025 -0.500000 0.000000
f 844//282 845//282 846//282
v -2.953482 3.446518 -2.640000
v -2.985982 3.390226 -2.640000
v -3.018482 3.446518 -2.640000
vn -0.000000 0.000000 -1.000000
f 847//283 848//283 849//283
v -2.953482 3.446518 -2.460000
v -3.018482 3.446518 -2.460000
v -2.985982 3.390226 -2.460000
vn 0.000000 0.000000 1.000000
f 850//284 851//284 852//284
v -2.985982 3.390226 -2.640000
v -2.920982 3.390226 -2.640000
v -2.920982 3.390226 -2.460000
vn 0.000000 -1.000000 0.000000
f 853//285 854//285 855//285
v -2.985982 3.390226 -2.640000
v -2.920982 3.390226 -2.460000
v -2.985982 3.390226 -2.460000
vn 0.000000 -1.000000 0.000000
f 856//286 857//286 858//286
v -2.953482 3.446518 -2.640000
v -2.920982 3.390226 -2.640000
v -2.985982 3.390226 -2.640000
vn 0.000000 -0.000000 -1.000000
f 859//287 860//287 861//287
v -2.953482 3.446518 -2.460000
v -2.985982 3.390226 -2.460000
v -2.920982 3.390226 -2.460000
vn 0.000000 0.000000 1.000000
f 862//288 863//288 864//288
v -2.920982 3.390226 -2.640000
v -2.888482 3.446518 -2.640000
v -2.888482 3.446518 -2.460000
vn 0.866025 -0.500000 0.000000
f 865//289 866//289 867//289
v -2.920982 3.390226 -2.640000
v -2.888482 3.446518 -2.460000
v -2.920982 3.390226 -2.460000
vn 0.866025 -0.500000 0.000000
f 868//290 869//290 870//290
v -2.953482 3.446518 -2.640000
v -2.888482 3.446518 -2.640000
v -2.920982 3.390226 -2.640000
vn 0.000000 0.000000 -1.000000
f 871//291 872//291 873//291
v -2.953482 3.446518 -2.460000
v -2.920982 3.390226 -2.460000
v -2.888482 3.446518 -2.460000
vn -0.000000 0.000000 1.000000
f 874//292 875//292 876//292
v -2.888482 3.446518 -2.640000
v -2.920982 3.502810 -2.640000
v -2.920982 3.502810 -2.460000
vn 0.866025 0.500000 0.000000
f 877//293 878//293 879//293
v -2.888482 3.446518 -2.640000
v -2.920982 3.502810 -2.460000
v -2.888482 3.446518 -2.460000
vn 0.866025 0.500000 -0.000000
f 880//294 881//294 882//294
v -2.953482 3.446518 -2.640000
v -2.920982 3.502810 -2.640000
v -2.888482 3.446518 -2.640000
vn 0.000000 0.000000 -1.000000
f 883//295 884//295 885//295
v -2.953482 3.446518 -2.460000
v -2.888482 3.446518 -2.460000
v -2.920982 3.502810 -2.460000
vn 0.000000 0.000000 1.000000
f 886//296 887//296 888//296
v -2.920982 3.502810 -2.640000
v -2.985982 3.502810 -2.640000
v -2.985982 3.502810 -2.460000
vn 0.000000 1.000000 0.000000
f 889//297 890//297 891//297
v -2.920982 3.502810 -2.640000
v -2.985982 3.502810 -2.460000
v -2.920982 3.502810 -2.460000
vn 0.000000 1.000000 -0.000000
f 892//298 893//298 894//298
v -2.953482 3.446518 -2.640000
v -2.985982 3.502810 -2.640000
v -2.920982 3.502810 -2.640000
vn 0.000000 0.000000 -1.000000
f 895//299 896//299 897//299
v -2.953482 3.446518 -2.460000
v -2.920982 3.502810 -2.460000
v -2.985982 3.502810 -2.460000
vn 0.000000 -0.000000 1.000000
f 898//300 899//300 900//300
v -2.985982 3.502810 -2.640000
v -3.018482 3.446518 -2.640000
v -3.018482 3.446518 -2.460000
vn -0.866025 0.500000 0.000000
f 901//301 902//301 903//301
v -2.985982 3.502810 -2.640000
v -3.018482 3.446518 -2.460000
v -2.985982 3.502810 -2.460000
vn -0.866025 0.500000 0.000000
f 904//302 905//302 906//302
v -2.953482 3.446518 -2.640000
v -3.018482 3.446518 -2.640000
v -2.985982 3.502810 -2.640000
vn 0.000000 0.000000 -1.000000
f 907//303 908//303 909//303
v -2.953482 3.446518 -2.460000
v -2.985982 3.502810 -2.460000
v -3.018482 3.446518 -2.460000
vn 0.000000 0.000000 1.000000
f 910//304 911//304 912//304
v -4.065000 3.880000 -2.640000
v -4.032500 3.823708 -2.640000
v -4.032500 3.823708 -2.460000
vn -0.866025 -0.500000 0.000000
f 913//305 914//305 915//305
v -4.065000 3.880000 -2.640000
v -4.032500 3.823708 -2.460000
v -4.065000 3.880000 -2.460000
vn -0.866025 -0.500000 0.000000
f 916//306 917//306 918//306
v -4.000000 3.880000 -2.640000
v -4.032500 3.823708 -2.640000
v -4.065000 3.880000 -2.640000
vn -0.000000 0.000000 -1.000000
f 919//307 920//307 921//307
v -4.000000 3.880000 -2.460000
v -4.065000 3.880000 -2.460000
v -4.032500 3.823708 -2.460000
vn 0.000000 0.000000 1.000000
f 922//308 923//308 924//308
v -4.032500 3.823708 -2.640000
v -3.967500 3.823708 -2.640000
v -3.967500 3.823708 -2.460000
vn 0.000000 -1.000000 0.000000
f 925//309 926//309 927//309
v -4.032500 3.823708 -2.640000
v -3.967500 3.823708 -2.460000
v -4.032500 3.823708 -2.460000
vn 0.000000 -1.000000 0.000000
f 928//310 929//310 930//310
v -4.000000 3.880000 -2.640000
v -3.967500 3.823708 -2.640000
v -4.032500 3.823708 -2.640000
vn 0.000000 -0.000000 -1.000000
f 931//311 932//311 933//311
v -4.000000 3.880000 -2.460000
v -4.032500 3.823708 -2.460000
v -3.967500 3.823708 -2.460000
vn 0.000000 0.000000 1.000000
f 934//312 935//312 936//312
v -3.967500 3.823708 -2.640000
v -3.935000 3.880000 -2.640000
v -3.935000 3.880000 -2.460000
vn 0.866025 -0.500000 0.000000
f 937//313 938//313 939//313
v -3.967500 3.823708 -2.640000
v -3.935000 3.880000 -2.460000
v -3.967500 3.823708 -2.460000
vn 0.866025 -0.500000 0.000000
f 940//314 941//314 942//314
v -4.000000 3.880000 -2.640000
v -3.935000 3.880000 -2.640000
v -3.967500 3.823708 -2.640000
vn 0.000000 0.000000 -1.000000
f 943//315 944//315 945//315
v -4.000000 3.880000 -2.460000
v -3.967500 3.823708 -2.460000
v -3.935000 3.880000 -2.460000
vn -0.000000 0.000000 1.000000
f 946//316 947//316 948//316
v -3.935000 3.880000 -2.640000
v -3.967500 3.936292 -2.640000
v -3.967500 3.936292 -2.460000
vn 0.866025 0.500000 0.000000
f 949//317 950//317 951//317
v -3.935000 3.880000 -2.640000
v -3.967500 3.936292 -2.460000
v -3.935000 3.880000 -2.460000
vn 0.866025 0.500000 -0.000000
f 952//318 953//318 954//318
v -4.000000 3.880000 -2.640000
v -3.967500 3.936292 -2.640000
v -3.935000 3.880000 -2.640000
vn 0.000000 0.000000 -1.000000
f 955//319 956//319 957//319
v -4.000000 3.880000 -2.460000
v -3.935000 3.880000 -2.460000
v -3.967500 3.936292 -2.460000
vn 0.000000 0.000000 1.000000
f 958//320 959//320 960//320
v -3.967500 3.936292 -2.640000
v -4.032500 3.936292 -2.640000
v -4.032500 3.936292 -2.460000
vn 0.000000 1.000000 0.000000
f 961//321 962//321 963//321
v -3.967500 3.936292 -2.640000
v -4.032500 3.936292 -2.460000
v -3.967500 3.936292 -2.460000
vn 0.000000 1.000000 -0.000000
f 964//322 965//322 966//322
v -4.000000 3.880000 -2.640000
v -4.032500 3.936292 -2.640000
v -3.967500 3.936292 -2.640000
vn 0.000000 0.000000 -1.000000
f 967//323 968//323 969//323
v -4.000000 3.880000 -2.460000
v -3.967500 3.936292 -2.460000
v -4.032500 3.936292 -2.460000
vn 0.000000 -0.000000 1.000000
f 970//324 971//324 972//324
v -4.032500 3.936292 -2.640000
v -4.065000 3.880000 -2.640000
v -4.065000 3.880000 -2.460000
vn -0.866025 0.500000 0.000000
f 973//325 974//325 975//325
v -4.032500 3.936292 -2.640000
v -4.065000 3.880000 -2.460000
v -4.032500 3.936292 -2.460000
vn -0.866025 0.500000 0.000000
f 976//326 977//326 978//326
v -4.000000 3.880000 -2.640000
v -4.065000 3.880000 -2.640000
v -4.032500 3.936292 -2.640000
vn 0.000000 0.000000 -1.000000
f 979//327 980//327 981//327
v -4.000000 3.880000 -2.460000
v -4.032500 3.936292 -2.460000
v -4.065000 3.880000 -2.460000
vn 0.000000 0.000000 1.000000
f 982//328 983//328 984//328
v -5.111518 3.446518 -2.640000
v -5.079018 3.390226 -2.640000
v -5.079018 3.390226 -2.460000
vn -0.866025 -0.500000 0.000000
f 985//329 986//329 987//329
v -5.111518 3.446518 -2.640000
v -5.079018 3.390226 -2.460000
v -5.111518 3.446518 -2.460000
vn -0.866025 -0.500000 0.000000
f 988//330 989//330 990//330
v -5.046518 3.446518 -2.640000
v -5.079018 3.390226 -2.640000
v -5.111518 3.446518 -2.640000
vn -0.000000 0.000000 -1.000000
f 991//331 992//331 993//331
v -5.046518 3.446518 -2.460000
v -5.111518 3.446518 -2.460000
v -5.079018 3.390226 -2.460000
vn 0.000000 0.000000 1.000000
f 994//332 995//332 996//332
v -5.079018 3.390226 -2.640000
v -5.014018 3.390226 -2.640000
v -5.014018 3.390226 -2.460000
vn 0.000000 -1.000000 0.000000
f 997//333 998//333 999//333
v -5.079018 3.390226 -2.640000
v -5.014018 3.390226 -2.460000
v -5.079018 3.390226 -2.460000
vn 0.000000 -1.000000 0.000000
f 1000//334 1001//334 1002//334
v -5.046518 3.446518 -2.640000
v -5.014018 3.390226 -2.640000
v -5.079018 3.390226 -2.640000
vn 0.000000 -0.000000 -1.000000
f 1003//335 1004//335 1005//335
v -5.046518 3.446518 -2.460000
v -5.079018 3.390226 -2.460000
v -5.014018 3.390226 -2.460000
vn 0.000000 0.000000 1.000000
f 1006//336 1007//336 1008//336
v -5.014018 3.390226 -2.640000
v -4.981518 3.446518 -2.640000
v -4.981518 3.446518 -2.460000
vn 0.866025 -0.500000 0.000000
f 1009//337 1010//337 1011//337
v -5.014018 3.390226 -2.640000
v -4.981518 3.446518 -2.460000
v -5.014018 3.390226 -2.460000
vn 0.866025 -0.500000 0.000000
f 1012//338 1013//338 1014//338
v -5.046518 3.446518 -2.640000
v -4.981518 3.446518 -2.640000
v -5.014018 3.390226 -2.640000
vn 0.000000 0.000000 -1.000000
f 1015//339 1016//339 1017//339
v -5.046518 3.446518 -2.460000
v -5.014018 3.390226 -2.460000
v -4.981518 3.446518 -2.460000
vn -0.000000 0.000000 1.000000
f 1018//340 1019//340 1020//340
v -4.981518 3.446518 -2.640000
v -5.014018 3.502810 -2.640000
v -5.014018 3.502810 -2.460000
vn 0.866025 0.500000 0.000000
f 1021//341 1022//341 1023//341
v -4.981518 3.446518 -2.640000
v -5.014018 3.502810 -2.460000
v -4.981518 3.446518 -2.460000
vn 0.866025 0.500000 -0.000000
f 1024//342 1025//342 1026//342
v -5.046518 3.446518 -2.640000
v -5.014018 3.502810 -2.640000
v -4.981518 3.446518 -2.640000
vn 0.000000 0.000000 -1.000000
f 1027//343 1028//343 1029//343
v -5.046518 3.446518 -2.460000
v -4.981518 3.446518 -2.460000
v -5.014018 3.502810 -2.460000
vn 0.000000 0.000000 1.000000
f 1030//344 1031//344 1032//344
v -5.014018 3.502810 -2.640000
v -5.079018 3.502810 -2.640000
v -5.079018 3.502810 -2.460000
vn 0.000000 1.000000 0.000000
f 1033//345 1034//345 1035//345
v -5.014018 3.502810 -2.640000
v -5.079018 3.502810 -2.460000
v -5.014018 3.502810 -2.460000
vn 0.000000 1.000000 -0.000000
f 1036//346 1037//346 1038//346
v -5.046518 3.446518 -2.640000
v -5.079018 3.502810 -2.640000
v -5.014018 3.502810 -2.640000
vn 0.000000 0.000000 -1.000000
f 1039//347 1040//347 1041//347
v -5.046518 3.446518 -2.460000
v -5.014018 3.502810 -2.460000
v -5.079018 3.502810 -2.460000
vn 0.000000 -0.000000 1.000000
f 1042//348 1043//348 1044//348
v -5.079018 3.502810 -2.640000
v -5.111518 3.446518 -2.640000
v -5.111518 3.446518 -2.460000
vn -0.866025 0.500000 0.000000
f 1045//349 1046//349 1047//349
v -5.079018 3.502810 -2.640000
v -5.111518 3.446518 -2.460000
v -5.079018 3.502810 -2.460000
vn -0.866025 0.500000 0.000000
f 1048//350 1049//350 1050//350
v -5.046518 3.446518 -2.640000
v -5.111518 3.446518 -2.640000
v -5.079018 3.502810 -2.640000
vn 0.000000 0.000000 -1.000000
f 1051//351 1052//351 1053//351
v -5.046518 3.446518 -2.460000
v -5.079018 3.502810 -2.460000
v -5.111518 3.446518 -2.460000
vn 0.000000 0.000000 1.000000
f 1054//352 1055//352 1056//352
v -5.545000 2.400000 -2.640000
v -5.512500 2.343708 -2.640000
v -5.512500 2.343708 -2.460000
vn -0.866025 -0.500000 0.000000
f 1057//353 1058//353 1059//353
v -5.545000 2.400000 -2.640000
v -5.512500 2.343708 -2.460000
v -5.545000 2.400000 -2.460000
vn -0.866025 -0.500000 0.000000
f 1060//354 1061//354 1062//354
v -5.480000 2.400000 -2.640000
v -5.512500 2.343708 -2.640000
v -5.545000 2.400000 -2.640000
vn -0.000000 0.000000 -1.000000
f 1063//355 1064//355 1065//355
v -5.480000 2.400000 -2.460000
v -5.545000 2.400000 -2.460000
v -5.512500 2.343708 -2.460000
vn 0.000000 0.000000 1.000000
f 1066//356 1067//356 1068//356
v -5.512500 2.343708 -2.640000
v -5.447500 2.343708 -2.640000
v -5.447500 2.343708 -2.460000
vn 0.000000 -1.000000 0.000000
f 1069//357 1070//357 1071//357
v -5.512500 2.343708 -2.640000
v -5.447500 2.343708 -2.460000
v -5.512500 2.343708 -2.460000
vn 0.000000 -1.000000 0.000000
f 1072//358 1073//358 1074//358
v -5.480000 2.400000 -2.640000
v -5.447500 2.343708 -2.640000
v -5.512500 2.343708 -2.640000
vn 0.000000 -0.000000 -1.000000
f 1075//359 1076//359 1077//359
v -5.480000 2.400000 -2.460000
v -5.512500 2.343708 -2.460000
v -5.447500 2.343708 -2.460000
vn 0.000000 0.000000 1.000000
f 1078//360 1079//360 1080//360
v -5.447500 2.343708 -2.640000
v -5.415000 2.400000 -2.640000
v -5.415000 2.400000 -2.460000
vn 0.866025 -0.500000 0.000000
f 1081//361 1082//361 1083//361
v -5.447500 2.343708 -2.640000
v -5.415000 2.400000 -2.460000
v -5.447500 2.343708 -2.460000
vn 0.866025 -0.500000 0.000000
f 1084//362 1085//362 1086//362
v -5.480000 2.400000 -2.640000
v -5.415000 2.400000 -2.640000
v -5.447500 2.343708 -2.640000
vn 0.000000 0.000000 -1.000000
f 1087//363 1088//363 1089//363
v -5.480000 2.400000 -2.460000
v -5.447500 2.343708 -2.460000
v -5.415000 2.400000 -2.460000
vn -0.000000 0.000000 1.000000
f 1090//364 1091//364 1092//364
v -5.415000 2.400000 -2.640000
v -5.447500 2.456292 -2.640000
v -5.447500 2.456292 -2.460000
vn 0.866025 0.500000 0.000000
f 1093//365 1094//365 1095//365
v -5.415000 2.400000 -2.640000
v -5.447500 2.456292 -2.460000
v -5.415000 2.400000 -2.460000
vn 0.866025 0.500000 -0.000000
f 1096//366 1097//366 1098//366
v -5.480000 2.400000 -2.640000
v -5.447500 2.456292 -2.640000
v -5.415000 2.400000 -2.640000
vn 0.000000 0.000000 -1.000000
f 1099//367 1100//367 1101//367
v -5.480000 2.400000 -2.460000
v -5.415000 2.400000 -2.460000
v -5.447500 2.456292 -2.460000
vn 0.000000 0.000000 1.000000
f 1102//368 1103//368 1104//368
v -5.447500 2.456292 -2.640000
v -5.512500 2.456292 -2.640000
v -5.512500 2.456292 -2.460000
vn 0.000000 1.000000 0.000000
f 1105//369 1106//369 1107//369
v -5.447500 2.456292 -2.640000
v -5.512500 2.456292 -2.460000
v -5.447500 2.456292 -2.460000
vn 0.000000 1.000000 -0.000000
f 1108//370 1109//370 1110//370
v -5.480000 2.400000 -2.640000
v -5.512500 2.456292 -2.640000
v -5.447500 2.456292 -2.640000
vn 0.000000 0.000000 -1.000000
f 1111//371 1112//371 1113//371
v -5.480000 2.400000 -2.460000
v -5.447500 2.456292 -2.460000
v -5.512500 2.456292 -2.460000
vn 0.000000 -0.000000 1.000000
f 1114//372 1115//372 1116//372
v -5.512500 2.456292 -2.640000
v -5.545000 2.400000 -2.640000
v -5.545000 2.400000 -2.460000
vn -0.866025 0.500000 0.000000
f 1117//373 1118//373 1119//373
v -5.512500 2.456292 -2.640000
v -5.545000 2.400000 -2.460000
v -5.512500 2.456292 -2.460000
vn -0.866025 0.500000 0.000000
f 1120//374 1121//374 1122//374
v -5.480000 2.400000 -2.640000
v -5.545000 2.400000 -2.640000
v -5.512500 2.456292 -2.640000
vn 0.000000 0.000000 -1.000000
f 1123//375 1124//375 1125//375
v -5.480000 2.400000 -2.460000
v -5.512500 2.456292 -2.460000
v -5.545000 2.400000 -2.460000
vn 0.000000 0.000000 1.000000
f 1126//376 1127//376 1128//376
v -5.111518 1.353482 -2.640000
v -5.079018 1.297190 -2.640000
v -5.079018 1.297190 -2.460000
vn -0.866025 -0.500000 0.000000
f 1129//377 1130//377 1131//377
v -5.111518 1.353482 -2.640000
v -5.079018 1.297190 -2.460000
v -5.111518 1.353482 -2.460000
vn -0.866025 -0.500000 0.000000
f 1132//378 1133//378 1134//378
v -5.046518 1.353482 -2.640000
v -5.079018 1.297190 -2.640000
v -5.111518 1.353482 -2.640000
vn -0.000000 0.000000 -1.000000
f 1135//379 1136//379 1137//379
v -5.046518 1.353482 -2.460000
v -5.111518 1.353482 -2.460000
v -5.079018 1.297190 -2.460000
vn 0.000000 0.000000 1.000000
f 1138//380 1139//380 1140//380
v -5.079018 1.297190 -2.640000
v -5.014018 1.297190 -2.640000
v -5.014018 1.297190 -2.460000
vn 0.000000 -1.000000 0.000000
f 1141//381 1142//381 1143//381
v -5.079018 1.297190 -2.640000
v -5.014018 1.297190 -2.460000
v -5.079018 1.297190 -2.460000
vn 0.000000 -1.000000 0.000000
f 1144//382 1145//382 1146//382
v -5.046518 1.353482 -2.640000
v -5.014018 1.297190 -2.640000
v -5.079018 1.297190 -2.640000
vn 0.000000 -0.000000 -1.000000
f 1147//383 1148//383 1149//383
v -5.046518 1.353482 -2.460000
v -5.079018 1.297190 -2.460000
v -5.014018 1.297190 -2.460000
vn 0.000000 0.000000 1.000000
f 1150//384 1151//384 1152//384
v -5.014018 1.297190 -2.640000
v -4.981518 1.353482 -2.640000
v -4.981518 1.353482 -2.460000
vn 0.866025 -0.500000 0.000000
f 1153//385 1154//385 1155//385
v -5.014018 1.297190 -2.640000
v -4.981518 1.353482 -2.460000
v -5.014018 1.297190 -2.460000
vn 0.866025 -0.500000 0.000000
f 1156//386 1157//386 1158//386
v -5.046518 1.353482 -2.640000
v -4.981518 1.353482 -2.640000
v -5.014018 1.297190 -2.640000
vn 0.000000 0.000000 -1.000000
f 1159//387 1160//387 1161//387
v -5.046518 1.353482 -2.460000
v -5.014018 1.297190 -2.460000
v -4.981518 1.353482 -2.460000
vn -0.000000 0.000000 1.000000
f 1162//388 1163//388 1164//388
v -4.981518 1.353482 -2.640000
v -5.014018 1.409774 -2.640000
v -5.014018 1.409774 -2.460000
vn 0.866025 0.500000 0.000000
f 1165//389 1166//389 1167//389
v -4.981518 1.353482 -2.640000
v -5.014018 1.409774 -2.460000
v -4.981518 1.353482 -2.460000
vn 0.866025 0.500000 -0.000000
f 1168//390 1169//390 1170//390
v -5.046518 1.353482 -2.640000
v -5.014018 1.409774 -2.640000
v -4.981518 1.353482 -2.640000
vn 0.000000 0.000000 -1.000000
f 1171//391 1172//391 1173//391
v -5.046518 1.353482 -2.460000
v -4.981518 1.353482 -2.460000
v -5.014018 1.409774 -2.460000
vn 0.000000 0.000000 1.000000
f 1174//392 1175//392 1176//392
v -5.014018 1.409774 -2.640000
v -5.079018 1.409774 -2.640000
v -5.079018 1.409774 -2.460000
vn 0.000000 1.000000 0.000000
f 1177//393 1178//393 1179//393
v -5.014018 1.409774 -2.640000
v -5.079018 1.409774 -2.460000
v -5.014018 1.409774 -2.460000
vn 0.000000 1.000000 -0.000000
f 1180//394 1181//394 1182//394
v -5.046518 1.353482 -2.640000
v -5.079018 1.409774 -2.640000
v -5.014018 1.409774 -2.640000
vn 0.000000 0.000000 -1.000000
f 1183//395 1184//395 1185//395
v -5.046518 1.353482 -2.460000
v -5.014018 1.409774 -2.460000
v -5.079018 1.409774 -2.460000
vn 0.000000 -0.000000 1.000000
f 1186//396 1187//396 1188//396
v -5.079018 1.409774 -2.640000
v -5.111518 1.353482 -2.640000
v -5.111518 1.353482 -2.460000
vn -0.866025 0.500000 0.000000
f 1189//397 1190//397 1191//397
v -5.079018 1.409774 -2.640000
v -5.111518 1.353482 -2.460000
v -5.079018 1.409774 -2.460000
vn -0.866025 0.500000 0.000000
f 1192//398 1193//398 1194//398
v -5.046518 1.353482 -2.640000
v -5.111518 1.353482 -2.640000
v -5.079018 1.409774 -2.640000
vn 0.000000 0.000000 -1.000000
f 1195//399 1196//399 1197//399
v -5.046518 1.353482 -2.460000
v -5.079018 1.409774 -2.460000
v -5.111518 1.353482 -2.460000
vn 0.000000 0.000000 1.000000
f 1198//400 1199//400 1200//400
v -4.065000 0.920000 -2.640000
v -4.032500 0.863708 -2.640000
v -4.032500 0.863708 -2.460000
vn -0.866025 -0.500000 0.000000
f 1201//401 1202//401 1203//401
v -4.065000 0.920000 -2.640000
v -4.032500 0.863708 -2.460000
v -4.065000 0.920000 -2.460000
vn -0.866025 -0.500000 0.000000
f 1204//402 1205//402 1206//402
v -4.000000 0.920000 -2.640000
v -4.032500 0.863708 -2.640000
v -4.065000 0.920000 -2.640000
vn -0.000000 0.000000 -1.000000
f 1207//403 1208//403 1209//403
v -4.000000 0.920000 -2.460000
v -4.065000 0.920000 -2.460000
v -4.032500 0.863708 -2.460000
vn 0.000000 0.000000 1.000000
f 1210//404 1211//404 1212//404
v -4.032500 0.863708 -2.640000
v -3.967500 0.863708 -2.640000
v -3.967500 0.863708 -2.460000
vn 0.000000 -1.000000 0.000000
f 1213//405 1214//405 1215//405
v -4.032500 0.863708 -2.640000
v -3.967500 0.863708 -2.460000
v -4.032500 0.863708 -2.460000
vn 0.000000 -1.000000 0.000000
f 1216//406 1217//406 1218//406
v -4.000000 0.920000 -2.640000
v -3.967500 0.863708 -2.640000
v -4.032500 0.863708 -2.640000
vn 0.000000 -0.000000 -1.000000
f 1219//407 1220//407 1221//407
v -4.000000 0.920000 -2.460000
v -4.032500 0.863708 -2.460000
v -3.967500 0.863708 -2.460000
vn 0.000000 0.000000 1.000000
f 1222//408 1223//408 1224//408
v -3.967500 0.863708 -2.640000
v -3.935000 0.920000 -2.640000
v -3.935000 0.920000 -2.460000
vn 0.866025 -0.500000 0.000000
f 1225//409 1226//409 1227//409
v -3.967500 0.863708 -2.640000
v -3.935000 0.920000 -2.460000
v -3.967500 0.863708 -2.460000
vn 0.866025 -0.500000 0.000000
f 1228//410 1229//410 1230//410
v -4.000000 0.920000 -2.640000
v -3.935000 0.920000 -2.640000
v -3.967500 0.863708 -2.640000
vn 0.000000 0.000000 -1.000000
f 1231//411 1232//411 1233//411
v -4.000000 0.920000 -2.460000
v -3.967500 0.863708 -2.460000
v -3.935000 0.920000 -2.460000
vn -0.000000 0.000000 1.000000
f 1234//412 1235//412 1236//412
v -3.935000 0.920000 -2.640000
v -3.967500 0.976292 -2.640000
v -3.967500 0.976292 -2.460000
vn 0.866025 0.500000 0.000000
f 1237//413 1238//413 1239//413
v -3.935000 0.920000 -2.640000
v -3.967500 0.976292 -2.460000
v -3.935000 0.920000 -2.460000
vn 0.866025 0.500000 -0.000000
f 1240//414 1241//414 1242//414
v -4.000000 0.920000 -2.640000
v -3.967500 0.976292 -2.640000
v -3.935000 0.920000 -2.640000
vn 0.000000 0.000000 -1.000000
f 1243//415 1244//415 1245//415
v -4.000000 0.920000 -2.460000
v -3.935000 0.920000 -2.460000
v -3.967500 0.976292 -2.460000
vn 0.000000 0.000000 1.000000
f 1246//416 1247//416 1248//416
v -3.967500 0.976292 -2.640000
v -4.032500 0.976292 -2.640000
v -4.032500 0.976292 -2.460000
vn 0.000000 1.000000 0.000000
f 1249//417 1250//417 1251//417
v -3.967500 0.976292 -2.640000
v -4.032500 0.976292 -2.460000
v -3.967500 0.976292 -2.460000
vn 0.000000 1.000000 -0.000000
f 1252//418 1253//418 1254//418
v -4.000000 0.920000 -2.640000
v -4.032500 0.976292 -2.640000
v -3.967500 0.976292 -2.640000
vn 0.000000 0.000000 -1.000000
f 1255//419 1256//419 1257//419
v -4.000000 0.920000 -2.460000
v -3.967500 0.976292 -2.460000
v -4.032500 0.976292 -2.460000
vn 0.000000 -0.000000 1.000000
f 1258//420 1259//420 1260//420
v -4.032500 0.976292 -2.640000
v -4.065000 0.920000 -2.640000
v -4.065000 0.920000 -2.460000
vn -0.866025 0.500000 0.000000
f 1261//421 1262//421 1263//421
v -4.032500 0.976292 -2.640000
v -4.065000 0.920000 -2.460000
v -4.032500 0.976292 -2.460000
vn -0.866025 0.500000 0.000000
f 1264//422 1265//422 1266//422
v -4.000000 0.920000 -2.640000
v -4.065000 0.920000 -2.640000
v -4.032500 0.976292 -2.640000
vn 0.000000 0.000000 -1.000000
f 1267//423 1268//423 1269//423
v -4.000000 0.920000 -2.460000
v -4.032500 0.976292 -2.460000
v -4.065000 0.920000 -2.460000
vn 0.000000 0.000000 1.000000
f 1270//424 1271//424 1272//424
v -3.018482 1.353482 -2.640000
v -2.985982 1.297190 -2.640000
v -2.985982 1.297190 -2.460000
vn -0.866025 -0.500000 0.000000
f 1273//425 1274//425 1275//425
v -3.018482 1.353482 -2.640000
v -2.985982 1.297190 -2.460000
v -3.018482 1.353482 -2.460000
vn -0.866025 -0.500000 0.000000
f 1276//426 1277//426 1278//426
v -2.953482 1.353482 -2.640000
v -2.985982 1.297190 -2.640000
v -3.018482 1.353482 -2.640000
vn -0.000000 0.000000 -1.000000
f 1279//427 1280//427 1281//427
v -2.953482 1.353482 -2.460000
v -3.018482 1.353482 -2.460000
v -2.985982 1.297190 -2.460000
vn 0.000000 0.000000 1.000000
f 1282//428 1283//428 1284//428
v -2.985982 1.297190 -2.640000
v -2.920982 1.297190 -2.640000
v -2.920982 1.297190 -2.460000
vn 0.000000 -1.000000 0.000000
f 1285//429 1286//429 1287//429
v -2.985982 1.297190 -2.640000
v -2.920982 1.297190 -2.460000
v -2.985982 1.297190 -2.460000
vn 0.000000 -1.000000 0.000000
f 1288//430 1289//430 1290//430
v -2.953482 1.353482 -2.640000
v -2.920982 1.297190 -2.640000
v -2.985982 1.297190 -2.640000
vn 0.000000 -0.000000 -1.000000
f 1291//431 1292//431 1293//431
v -2.953482 1.353482 -2.460000
v -2.985982 1.297190 -2.460000
v -2.920982 1.297190 -2.460000
vn 0.000000 0.000000 1.000000
f 1294//432 1295//432 1296//432
v -2.920982 1.297190 -2.640000
v -2.888482 1.353482 -2.640000
v -2.888482 1.353482 -2.460000
vn 0.866025 -0.500000 0.000000
f 1297//433 1298//433 1299//433
v -2.920982 1.297190 -2.640000
v -2.888482 1.353482 -2.460000
v -2.920982 1.297190 -2.460000
vn 0.866025 -0.500000 0.000000
f 1300//434 1301//434 1302//434
v -2.953482 1.353482 -2.640000
v -2.888482 1.353482 -2.640000
v -2.920982 1.297190 -2.640000
vn 0.000000 0.000000 -1.000000
f 1303//435 1304//435 1305//435
v -2.953482 1.353482 -2.460000
v -2.920982 1.297190 -2.460000
v -2.888482 1.353482 -2.460000
vn -0.000000 0.000000 1.000000
f 1306//436 1307//436 1308//436
v -2.888482 1.353482 -2.640000
v -2.920982 1.409774 -2.640000
v -2.920982 1.409774 -2.460000
vn 0.866025 0.500000 0.000000
f 1309//437 1310//437 1311//437
v -2.888482 1.353482 -2.640000
v -2.920982 1.409774 -2.460000
v -2.888482 1.353482 -2.460000
vn 0.866025 0.500000 -0.000000
f 1312//438 1313//438 1314//438
v -2.953482 1.353482 -2.640000
v -2.920982 1.409774 -2.640000
v -2.888482 1.353482 -2.640000
vn 0.000000 0.000000 -1.000000
f 1315//439 1316//439 1317//439
v -2.953482 1.353482 -2.460000
v -2.888482 1.353482 -2.460000
v -2.920982 1.409774 -2.460000
vn 0.000000 0.000000 1.000000
f 1318//440 1319//440 1320//440
v -2.920982 1.409774 -2.640000
v -2.985982 1.409774 -2.640000
v -2.985982 1.409774 -2.460000
vn 0.000000 1.000000 0.000000
f 1321//441 1322//441 1323//441
v -2.920982 1.409774 -2.640000
v -2.985982 1.409774 -2.460000
v -2.920982 1.409774 -2.460000
vn 0.000000 1.000000 -0.000000
f 1324//442 1325//442 1326//442
v -2.953482 1.353482 -2.640000
v -2.985982 1.409774 -2.640000
v -2.920982 1.409774 -2.640000
vn 0.000000 0.000000 -1.000000
f 1327//443 1328//443 1329//443
v -2.953482 1.353482 -2.460000
v -2.920982 1.409774 -2.460000
v -2.985982 1.409774 -2.460000
vn 0.000000 -0.000000 1.000000
f 1330//444 1331//444 1332//444
v -2.985982 1.409774 -2.640000
v -3.018482 1.353482 -2.640000
v -3.018482 1.353482 -2.460000
vn -0.866025 0.500000 0.000000
f 1333//445 1334//445 1335//445
v -2.985982 1.409774 -2.640000
v -3.018482 1.353482 -2.460000
v -2.985982 1.409774 -2.460000
vn -0.866025 0.500000 0.000000
f 1336//446 1337//446 1338//446
v -2.953482 1.353482 -2.640000
v -3.018482 1.353482 -2.640000
v -2.985982 1.409774 -2.640000
vn 0.000000 0.000000 -1.000000
f 1339//447 1340//447 1341//447
v -2.953482 1.353482 -2.460000
v -2.985982 1.409774 -2.460000
v -3.018482 1.353482 -2.460000
vn 0.000000 0.000000 1.000000
f 1342//448 1343//448 1344//448
v -5.300000 2.400000 2.495000
v -5.275021 2.146383 2.495000
v -5.275021 2.146383 2.605000
vn -0.995185 -0.098017 0.000000
f 1345//449 1346//449 1347//449
v -5.300000 2.400000 2.495000
v -5.275021 2.146383 2.605000
v -5.300000 2.400000 2.605000
vn -0.995185 -0.098017 0.000000
f 1348//450 1349//450 1350//450
v -5.140000 2.400000 2.495000
v -5.140000 2.400000 2.605000
v -5.118095 2.177597 2.605000
vn 0.995185 0.098017 -0.000000
f 1351//451 1352//451 1353//451
v -5.140000 2.400000 2.495000
v -5.118095 2.177597 2.605000
v -5.118095 2.177597 2.495000
vn 0.995185 0.098017 0.000000
f 1354//452 1355//452 1356//452
v -5.275021 2.146383 2.495000
v -5.300000 2.400000 2.495000
v -5.140000 2.400000 2.495000
vn 0.000000 0.000000 -1.000000
f 1357//453 1358//453 1359//453
v -5.275021 2.146383 2.495000
v -5.140000 2.400000 2.495000
v -5.118095 2.177597 2.495000
vn 0.000000 0.000000 -1.000000
f 1360//454 1361//454 1362//454
v -5.300000 2.400000 2.605000
v -5.275021 2.146383 2.605000
v -5.118095 2.177597 2.605000
vn 0.000000 0.000000 1.000000
f 1363//455 1364//455 1365//455
v -5.300000 2.400000 2.605000
v -5.118095 2.177597 2.605000
v -5.140000 2.400000 2.605000
vn -0.000000 0.000000 1.000000
f 1366//456 1367//456 1368//456
v -5.275021 2.146383 2.495000
v -5.201043 1.902512 2.495000
v -5.201043 1.902512 2.605000
vn -0.956940 -0.290285 0.000000
f 1369//457 1370//457 1371//457
v -5.275021 2.146383 2.495000
v -5.201043 1.902512 2.605000
v -5.275021 2.146383 2.605000
vn -0.956940 -0.290285 0.000000
f 1372//458 1373//458 1374//458
v -5.118095 2.177597 2.495000
v -5.118095 2.177597 2.605000
v -5.053223 1.963741 2.605000
vn 0.956940 0.290285 -0.000000
f 1375//459 1376//459 1377//459
v -5.118095 2.177597 2.495000
v -5.053223 1.963741 2.605000
v -5.053223 1.963741 2.495000
vn 0.956940 0.290285 0.000000
f 1378//460 1379//460 1380//460
v -5.201043 1.902512 2.495000
v -5.275021 2.146383 2.495000
v -5.118095 2.177597 2.495000
vn 0.000000 0.000000 -1.000000
f 1381//461 1382//461 1383//461
v -5.201043 1.902512 2.495000
v -5.118095 2.177597 2.495000
v -5.053223 1.963741 2.495000
vn 0.000000 0.000000 -1.000000
f 1384//462 1385//462 1386//462
v -5.275021 2.146383 2.605000
v -5.201043 1.902512 2.605000
v -5.053223 1.963741 2.605000
vn 0.000000 0.000000 1.000000
f 1387//463 1388//463 1389//463
v -5.275021 2.146383 2.605000
v -5.053223 1.963741 2.605000
v -5.118095 2.177597 2.605000
vn -0.000000 0.000000 1.000000
f 1390//464 1391//464 1392//464
v -5.201043 1.902512 2.495000
v -5.080910 1.677759 2.495000
v -5.080910 1.677759 2.605000
vn -0.881921 -0.471397 0.000000
f 1393//465 1394//465 1395//465
v -5.201043 1.902512 2.495000
v -5.080910 1.677759 2.605000
v -5.201043 1.902512 2.605000
vn -0.881921 -0.471397 0.000000
f 1396//466 1397//466 1398//466
v -5.053223 1.963741 2.495000
v -5.053223 1.963741 2.605000
v -4.947875 1.766650 2.605000
vn 0.881921 0.471397 -0.000000
f 1399//467 1400//467 1401//467
v -5.053223 1.963741 2.495000
v -4.947875 1.766650 2.605000
v -4.947875 1.766650 2.495000
vn 0.881921 0.471397 0.000000
f 1402//468 1403//468 1404//468
v -5.080910 1.677759 2.495000
v -5.201043 1.902512 2.495000
v -5.053223 1.963741 2.495000
vn 0.000000 0.000000 -1.000000
f 1405//469 1406//469 1407//469
v -5.080910 1.677759 2.495000
v -5.053223 1.963741 2.495000
v -4.947875 1.766650 2.495000
vn 0.000000 0.000000 -1.000000
f 1408//470 1409//470 1410//470
v -5.201043 1.902512 2.605000
v -5.080910 1.677759 2.605000
v -4.947875 1.766650 2.605000
vn 0.000000 0.000000 1.000000
f 1411//471 1412//471 1413//471
v -5.201043 1.902512 2.605000
v -4.947875 1.766650 2.605000
v -5.053223 1.963741 2.605000
vn -0.000000 0.000000 1.000000
f 1414//472 1415//472 1416//472
v -5.080910 1.677759 2.495000
v -4.919239 1.480761 2.495000
v -4.919239 1.480761 2.605000
vn -0.773010 -0.634393 0.000000
f 1417//473 1418//473 1419//473
v -5.080910 1.677759 2.495000
v -4.919239 1.480761 2.605000
v -5.080910 1.677759 2.605000
vn -0.773010 -0.634393 0.000000
f 1420//474 1421//474 1422//474
v -4.947875 1.766650 2.495000
v -4.947875 1.766650 2.605000
v -4.806102 1.593898 2.605000
vn 0.773010 0.634393 -0.000000
f 1423//475 1424//475 1425//475
v -4.947875 1.766650 2.495000
v -4.806102 1.593898 2.605000
v -4.806102 1.593898 2.495000
vn 0.773010 0.634393 0.000000
f 1426//476 1427//476 1428//476
v -4.919239 1.480761 2.495000
v -5.080910 1.677759 2.495000
v -4.947875 1.766650 2.495000
vn 0.000000 0.000000 -1.000000
f 1429//477 1430//477 1431//477
v -4.919239 1.480761 2.495000
v -4.947875 1.766650 2.495000
v -4.806102 1.593898 2.495000
vn 0.000000 0.000000 -1.000000
f 1432//478 1433//478 1434//478
v -5.080910 1.677759 2.605000
v -4.919239 1.480761 2.605000
v -4.806102 1.593898 2.605000
vn 0.000000 0.000000 1.000000
f 1435//479 1436//479 1437//479
v -5.080910 1.677759 2.605000
v -4.806102 1.593898 2.605000
v -4.947875 1.766650 2.605000
vn -0.000000 0.000000 1.000000
f 1438//480 1439//480 1440//480
v -4.919239 1.480761 2.495000
v -4.722241 1.319090 2.495000
v -4.722241 1.319090 2.605000
vn -0.634393 -0.773010 0.000000
f 1441//481 1442//481 1443//481
v -4.919239 1.480761 2.495000
v -4.722241 1.319090 2.605000
v -4.919239 1.480761 2.605000
vn -0.634393 -0.773010 0.000000
f 1444//482 1445//482 1446//482
v -4.806102 1.593898 2.495000
v -4.806102 1.593898 2.605000
v -4.633350 1.452125 2.605000
vn 0.634393 0.773010 -0.000000
f 1447//483 1448//483 1449//483
v -4.806102 1.593898 2.495000
v -4.633350 1.452125 2.605000
v -4.633350 1.452125 2.495000
vn 0.634393 0.773010 0.000000
f 1450//484 1451//484 1452//484
v -4.722241 1.319090 2.495000
v -4.919239 1.480761 2.495000
v -4.806102 1.593898 2.495000
vn 0.000000 0.000000 -1.000000
f 1453//485 1454//485 1455//485
v -4.722241 1.319090 2.495000
v -4.806102 1.593898 2.495000
v -4.633350 1.452125 2.495000
vn 0.000000 0.000000 -1.000000
f 1456//486 1457//486 1458//486
v -4.919239 1.480761 2.605000
v -4.722241 1.319090 2.605000
v -4.633350 1.452125 2.605000
vn 0.000000 0.000000 1.000000
f 1459//487 1460//487 1461//487
v -4.919239 1.480761 2.605000
v -4.633350 1.452125 2.605000
v -4.806102 1.593898 2.605000
vn -0.000000 0.000000 1.000000
f 1462//488 1463//488 1464//488
v -4.722241 1.319090 2.495000
v -4.497488 1.198957 2.495000
v -4.497488 1.198957 2.605000
vn -0.471397 -0.881921 0.000000
f 1465//489 1466//489 1467//489
v -4.722241 1.319090 2.495000
v -4.497488 1.198957 2.605000
v -4.722241 1.319090 2.605000
vn -0.471397 -0.881921 0.000000
f 1468//490 1469//490 1470//490
v -4.633350 1.452125 2.495000
v -4.633350 1.452125 2.605000
v -4.436259 1.346777 2.605000
vn 0.471397 0.881921 -0.000000
f 1471//491 1472//491 1473//491
v -4.633350 1.452125 2.495000
v -4.436259 1.346777 2.605000
v -4.436259 1.346777 2.495000
vn 0.471397 0.881921 0.000000
f 1474//492 1475//492 1476//492
v -4.497488 1.198957 2.495000
v -4.722241 1.319090 2.495000
v -4.633350 1.452125 2.495000
vn 0.000000 0.000000 -1.000000
f 1477//493 1478//493 1479//493
v -4.497488 1.198957 2.495000
v -4.633350 1.452125 2.495000
v -4.436259 1.346777 2.495000
vn 0.000000 0.000000 -1.000000
f 1480//494 1481//494 1482//494
v -4.722241 1.319090 2.605000
v -4.497488 1.198957 2.605000
v -4.436259 1.346777 2.605000
vn -0.000000 0.000000 1.000000
f 1483//495 1484//495 1485//495
v -4.722241 1.319090 2.605000
v -4.436259 1.346777 2.605000
v -4.633350 1.452125 2.605000
vn 0.000000 0.000000 1.000000
f 1486//496 1487//496 1488//496
v -4.497488 1.198957 2.495000
v -4.253617 1.124979 2.495000
v -4.253617 1.124979 2.605000
vn -0.290285 -0.956940 0.000000
f 1489//497 1490//497 1491//497
v -4.497488 1.198957 2.495000
v -4.253617 1.124979 2.605000
v -4.497488 1.198957 2.605000
vn -0.290285 -0.956940 0.000000
f 1492//498 1493//498 1494//498
v -4.436259 1.346777 2.495000
v -4.436259 1.346777 2.605000
v -4.222403 1.281905 2.605000
vn 0.290285 0.956940 -0.000000
f 1495//499 1496//499 1497//499
v -4.436259 1.346777 2.495000
v -4.222403 1.281905 2.605000
v -4.222403 1.281905 2.495000
vn 0.290285 0.956940 0.000000
f 1498//500 1499//500 1500//500
v -4.253617 1.124979 2.495000
v -4.497488 1.198957 2.495000
v -4.436259 1.346777 2.495000
vn 0.000000 0.000000 -1.000000
f 1501//501 1502//501 1503//501
v -4.253617 1.124979 2.495000
v -4.436259 1.346777 2.495000
v -4.222403 1.281905 2.495000
vn 0.000000 0.000000 -1.000000
f 1504//502 1505//502 1506//502
v -4.497488 1.198957 2.605000
v -4.253617 1.124979 2.605000
v -4.222403 1.281905 2.605000
vn -0.000000 0.000000 1.000000
f 1507//503 1508//503 1509//503
v -4.497488 1.198957 2.605000
v -4.222403 1.281905 2.605000
v -4.436259 1.346777 2.605000
vn 0.000000 0.000000 1.000000
f 1510//504 1511//504 1512//504
v -4.253617 1.124979 2.495000
v -4.000000 1.100000 2.495000
v -4.000000 1.100000 2.605000
vn -0.098017 -0.995185 0.000000
f 1513//505 1514//505 1515//505
v -4.253617 1.124979 2.495000
v -4.000000 1.100000 2.605000
v -4.253617 1.124979 2.605000
vn -0.098017 -0.995185 0.000000
f 1516//506 1517//506 1518//506
v -4.222403 1.281905 2.495000
v -4.222403 1.281905 2.605000
v -4.000000 1.260000 2.605000
vn 0.098017 0.995185 -0.000000
f 1519//507 1520//507 1521//507
v -4.222403 1.281905 2.495000
v -4.000000 1.260000 2.605000
v -4.000000 1.260000 2.495000
vn 0.098017 0.995185 0.000000
f 1522//508 1523//508 1524//508
v -4.000000 1.100000 2.495000
v -4.253617 1.124979 2.495000
v -4.222403 1.281905 2.495000
vn 0.000000 0.000000 -1.000000
f 1525//509 1526//509 1527//509
v -4.000000 1.100000 2.495000
v -4.222403 1.281905 2.495000
v -4.000000 1.260000 2.495000
vn 0.000000 0.000000 -1.000000
f 1528//510 1529//510 1530//510
v -4.253617 1.124979 2.605000
v -4.000000 1.100000 2.605000
v -4.000000 1.260000 2.605000
vn -0.000000 0.000000 1.000000
f 1531//511 1532//511 1533//511
v -4.253617 1.124979 2.605000
v -4.000000 1.260000 2.605000
v -4.222403 1.281905 2.605000
vn 0.000000 0.000000 1.000000
f 1534//512 1535//512 1536//512
v -4.000000 1.100000 2.495000
v -3.746383 1.124979 2.495000
v -3.746383 1.124979 2.605000
vn 0.098017 -0.995185 0.000000
f 1537//513 1538//513 1539//513
v -4.000000 1.100000 2.495000
v -3.746383 1.124979 2.605000
v -4.000000 1.100000 2.605000
vn 0.098017 -0.995185 0.000000
f 1540//514 1541//514 1542//514
v -4.000000 1.260000 2.495000
v -4.000000 1.260000 2.605000
v -3.777597 1.281905 2.605000
vn -0.098017 0.995185 0.000000
f 1543//515 1544//515 1545//515
v -4.000000 1.260000 2.495000
v -3.777597 1.281905 2.605000
v -3.777597 1.281905 2.495000
vn -0.098017 0.995185 0.000000
f 1546//516 1547//516 1548//516
v -3.746383 1.124979 2.495000
v -4.000000 1.100000 2.495000
v -4.000000 1.260000 2.495000
vn -0.000000 0.000000 -1.000000
f 1549//517 1550//517 1551//517
v -3.746383 1.124979 2.495000
v -4.000000 1.260000 2.495000
v -3.777597 1.281905 2.495000
vn 0.000000 0.000000 -1.000000
f 1552//518 1553//518 1554//518
v -4.000000 1.100000 2.605000
v -3.746383 1.124979 2.605000
v -3.777597 1.281905 2.605000
vn 0.000000 0.000000 1.000000
f 1555//519 1556//519 1557//519
v -4.000000 1.100000 2.605000
v -3.777597 1.281905 2.605000
v -4.000000 1.260000 2.605000
vn 0.000000 0.000000 1.000000
f 1558//520 1559//520 1560//520
v -3.746383 1.124979 2.495000
v -3.502512 1.198957 2.495000
v -3.502512 1.198957 2.605000
vn 0.290285 -0.956940 0.000000
f 1561//521 1562//521 1563//521
v -3.746383 1.124979 2.495000
v -3.502512 1.198957 2.605000
v -3.746383 1.124979 2.605000
vn 0.290285 -0.956940 0.000000
f 1564//522 1565//522 1566//522
v -3.777597 1.281905 2.495000
v -3.777597 1.281905 2.605000
v -3.563741 1.346777 2.605000
vn -0.290285 0.956940 0.000000
f 1567//523 1568//523 1569//523
v -3.777597 1.281905 2.495000
v -3.563741 1.346777 2.605000
v -3.563741 1.346777 2.495000
vn -0.290285 0.956940 0.000000
f 1570//524 1571//524 1572//524
v -3.502512 1.198957 2.495000
v -3.746383 1.124979 2.495000
v -3.777597 1.281905 2.495000
vn -0.000000 0.000000 -1.000000
f 1573//525 1574//525 1575//525
v -3.502512 1.198957 2.495000
v -3.777597 1.281905 2.495000
v -3.563741 1.346777 2.495000
vn 0.000000 0.000000 -1.000000
f 1576//526 1577//526 1578//526
v -3.746383 1.124979 2.605000
v -3.502512 1.198957 2.605000
v -3.563741 1.346777 2.605000
vn 0.000000 0.000000 1.000000
f 1579//527 1580//527 1581//527
v -3.746383 1.124979 2.605000
v -3.563741 1.346777 2.605000
v -3.777597 1.281905 2.605000
vn 0.000000 -0.000000 1.000000
f 1582//528 1583//528 1584//528
v -3.502512 1.198957 2.495000
v -3.277759 1.319090 2.495000
v -3.277759 1.319090 2.605000
vn 0.471397 -0.881921 0.000000
f 1585//529 1586//529 1587//529
v -3.502512 1.198957 2.495000
v -3.277759 1.319090 2.605000
v -3.502512 1.198957 2.605000
vn 0.471397 -0.881921 0.000000
f 1588//530 1589//530 1590//530
v -3.563741 1.346777 2.495000
v -3.563741 1.346777 2.605000
v -3.366650 1.452125 2.605000
vn -0.471397 0.881921 0.000000
f 1591//531 1592//531 1593//531
v -3.563741 1.346777 2.495000
v -3.366650 1.452125 2.605000
v -3.366650 1.452125 2.495000
vn -0.471397 0.881921 0.000000
f 1594//532 1595//532 1596//532
v -3.277759 1.319090 2.495000
v -3.502512 1.198957 2.495000
v -3.563741 1.346777 2.495000
vn -0.000000 0.000000 -1.000000
f 1597//533 1598//533 1599//533
v -3.277759 1.319090 2.495000
v -3.563741 1.346777 2.495000
v -3.366650 1.452125 2.495000
vn 0.000000 0.000000 -1.000000
f 1600//534 1601//534 1602//534
v -3.502512 1.198957 2.605000
v -3.277759 1.319090 2.605000
v -3.366650 1.452125 2.605000
vn 0.000000 0.000000 1.000000
f 1603//535 1604//535 1605//535
v -3.502512 1.198957 2.605000
v -3.366650 1.452125 2.605000
v -3.563741 1.346777 2.605000
vn 0.000000 -0.000000 1.000000
f 1606//536 1607//536 1608//536
v -3.277759 1.319090 2.495000
v -3.080761 1.480761 2.495000
v -3.080761 1.480761 2.605000
vn 0.634393 -0.773010 0.000000
f 1609//537 1610//537 1611//537
v -3.277759 1.319090 2.495000
v -3.080761 1.480761 2.605000
v -3.277759 1.319090 2.605000
vn 0.634393 -0.773010 0.000000
f 1612//538 1613//538 1614//538
v -3.366650 1.452125 2.495000
v -3.366650 1.452125 2.605000
v -3.193898 1.593898 2.605000
vn -0.634393 0.773010 0.000000
f 1615//539 1616//539 1617//539
v -3.366650 1.452125 2.495000
v -3.193898 1.593898 2.605000
v -3.193898 1.593898 2.495000
vn -0.634393 0.773010 0.000000
f 1618//540 1619//540 1620//540
v -3.080761 1.480761 2.495000
v -3.277759 1.319090 2.495000
v -3.366650 1.452125 2.495000
vn 0.000000 0.000000 -1.000000
f 1621//541 1622//541 1623//541
v -3.080761 1.480761 2.495000
v -3.366650 1.452125 2.495000
v -3.193898 1.593898 2.495000
vn -0.000000 0.000000 -1.000000
f 1624//542 1625//542 1626//542
v -3.277759 1.319090 2.605000
v -3.080761 1.480761 2.605000
v -3.193898 1.593898 2.605000
vn 0.000000 0.000000 1.000000
f 1627//543 1628//543 1629//543
v -3.277759 1.319090 2.605000
v -3.193898 1.593898 2.605000
v -3.366650 1.452125 2.605000
vn 0.000000 -0.000000 1.000000
f 1630//544 1631//544 1632//544
v -3.080761 1.480761 2.495000
v -2.919090 1.677759 2.495000
v -2.919090 1.677759 2.605000
vn 0.773010 -0.634393 0.000000
f 1633//545 1634//545 1635//545
v -3.080761 1.480761 2.495000
v -2.919090 1.677759 2.605000
v -3.080761 1.480761 2.605000
vn 0.773010 -0.634393 0.000000
f 1636//546 1637//546 1638//546
v -3.193898 1.593898 2.495000
v -3.193898 1.593898 2.605000
v -3.052125 1.766650 2.605000
vn -0.773010 0.634393 0.000000
f 1639//547 1640//547 1641//547
v -3.193898 1.593898 2.495000
v -3.052125 1.766650 2.605000
v -3.052125 1.766650 2.495000
vn -0.773010 0.634393 0.000000
f 1642//548 1643//548 1644//548
v -2.919090 1.677759 2.495000
v -3.080761 1.480761 2.495000
v -3.193898 1.593898 2.495000
vn 0.000000 0.000000 -1.000000
f 1645//549 1646//549 1647//549
v -2.919090 1.677759 2.495000
v -3.193898 1.593898 2.495000
v -3.052125 1.766650 2.495000
vn -0.000000 0.000000 -1.000000
f 1648//550 1649//550 1650//550
v -3.080761 1.480761 2.605000
v -2.919090 1.677759 2.605000
v -3.052125 1.766650 2.605000
vn 0.000000 0.000000 1.000000
f 1651//551 1652//551 1653//551
v -3.080761 1.480761 2.605000
v -3.052125 1.766650 2.605000
v -3.193898 1.593898 2.605000
vn 0.000000 -0.000000 1.000000
f 1654//552 1655//552 1656//552
v -2.919090 1.677759 2.495000
v -2.798957 1.902512 2.495000
v -2.798957 1.902512 2.605000
vn 0.881921 -0.471397 0.000000
f 1657//553 1658//553 1659//553
v -2.919090 1.677759 2.495000
v -2.798957 1.902512 2.605000
v -2.919090 1.677759 2.605000
vn 0.881921 -0.471397 0.000000
f 1660//554 1661//554 1662//554
v -3.052125 1.766650 2.495000
v -3.052125 1.766650 2.605000
v -2.946777 1.963741 2.605000
vn -0.881921 0.471397 0.000000
f 1663//555 1664//555 1665//555
v -3.052125 1.766650 2.495000
v -2.946777 1.963741 2.605000
v -2.946777 1.963741 2.495000
vn -0.881921 0.471397 0.000000
f 1666//556 1667//556 1668//556
v -2.798957 1.902512 2.495000
v -2.919090 1.677759 2.495000
v -3.052125 1.766650 2.495000
vn 0.000000 0.000000 -1.000000
f 1669//557 1670//557 1671//557
v -2.798957 1.902512 2.495000
v -3.052125 1.766650 2.495000
v -2.946777 1.963741 2.495000
vn -0.000000 0.000000 -1.000000
f 1672//558 1673//558 1674//558
v -2.919090 1.677759 2.605000
v -2.798957 1.902512 2.605000
v -2.946777 1.963741 2.605000
vn 0.000000 -0.000000 1.000000
f 1675//559 1676//559 1677//559
v -2.919090 1.677759 2.605000
v -2.946777 1.963741 2.605000
v -3.052125 1.766650 2.605000
vn 0.000000 0.000000 1.000000
f 1678//560 1679//560 1680//560
v -2.798957 1.902512 2.495000
v -2.724979 2.146383 2.495000
v -2.724979 2.146383 2.605000
vn 0.956940 -0.290285 0.000000
f 1681//561 1682//561 1683//561
v -2.798957 1.902512 2.495000
v -2.724979 2.146383 2.605000
v -2.798957 1.902512 2.605000
vn 0.956940 -0.290285 0.000000
f 1684//562 1685//562 1686//562
v -2.946777 1.963741 2.495000
v -2.946777 1.963741 2.605000
v -2.881905 2.177597 2.605000
vn -0.956940 0.290285 0.000000
f 1687//563 1688//563 1689//563
v -2.946777 1.963741 2.495000
v -2.881905 2.177597 2.605000
v -2.881905 2.177597 2.495000
vn -0.956940 0.290285 0.000000
f 1690//564 1691//564 1692//564
v -2.724979 2.146383 2.495000
v -2.798957 1.902512 2.495000
v -2.946777 1.963741 2.495000
vn 0.000000 0.000000 -1.000000
f 1693//565 1694//565 1695//565
v -2.724979 2.146383 2.495000
v -2.946777 1.963741 2.495000
v -2.881905 2.177597 2.495000
vn -0.000000 0.000000 -1.000000
f 1696//566 1697//566 1698//566
v -2.798957 1.902512 2.605000
v -2.724979 2.146383 2.605000
v -2.881905 2.177597 2.605000
vn 0.000000 -0.000000 1.000000
f 1699//567 1700//567 1701//567
v -2.798957 1.902512 2.605000
v -2.881905 2.177597 2.605000
v -2.946777 1.963741 2.605000
vn 0.000000 0.000000 1.000000
f 1702//568 1703//568 1704//568
v -2.724979 2.146383 2.495000
v -2.700000 2.400000 2.495000
v -2.700000 2.400000 2.605000
vn 0.995185 -0.098017 0.000000
f 1705//569 1706//569 1707//569
v -2.724979 2.146383 2.495000
v -2.700000 2.400000 2.605000
v -2.724979 2.146383 2.605000
vn 0.995185 -0.098017 0.000000
f 1708//570 1709//570 1710//570
v -2.881905 2.177597 2.495000
v -2.881905 2.177597 2.605000
v -2.860000 2.400000 2.605000
vn -0.995185 0.098017 0.000000
f 1711//571 1712//571 1713//571
v -2.881905 2.177597 2.495000
v -2.860000 2.400000 2.605000
v -2.860000 2.400000 2.495000
vn -0.995185 0.098017 0.000000
f 1714//572 1715//572 1716//572
v -2.700000 2.400000 2.495000
v -2.724979 2.146383 2.495000
v -2.881905 2.177597 2.495000
vn 0.000000 0.000000 -1.000000
f 1717//573 1718//573 1719//573
v -2.700000 2.400000 2.495000
v -2.881905 2.177597 2.495000
v -2.860000 2.400000 2.495000
vn -0.000000 0.000000 -1.000000
f 1720//574 1721//574 1722//574
v -2.724979 2.146383 2.605000
v -2.700000 2.400000 2.605000
v -2.860000 2.400000 2.605000
vn 0.000000 -0.000000 1.000000
f 1723//575 1724//575 1725//575
v -2.724979 2.146383 2.605000
v -2.860000 2.400000 2.605000
v -2.881905 2.177597 2.605000
vn 0.000000 0.000000 1.000000
f 1726//576 1727//576 1728//576
v -2.700000 2.400000 2.495000
v -2.724979 2.653617 2.495000
v -2.724979 2.653617 2.605000
vn 0.995185 0.098017 0.000000
f 1729//577 1730//577 1731//577
v -2.700000 2.400000 2.495000
v -2.724979 2.653617 2.605000
v -2.700000 2.400000 2.605000
vn 0.995185 0.098017 -0.000000
f 1732//578 1733//578 1734//578
v -2.860000 2.400000 2.495000
v -2.860000 2.400000 2.605000
v -2.881905 2.622403 2.605000
vn -0.995185 -0.098017 0.000000
f 1735//579 1736//579 1737//579
v -2.860000 2.400000 2.495000
v -2.881905 2.622403 2.605000
v -2.881905 2.622403 2.495000
vn -0.995185 -0.098017 0.000000
f 1738//580 1739//580 1740//580
v -2.724979 2.653617 2.495000
v -2.700000 2.400000 2.495000
v -2.860000 2.400000 2.495000
vn 0.000000 -0.000000 -1.000000
f 1741//581 1742//581 1743//581
v -2.724979 2.653617 2.495000
v -2.860000 2.400000 2.495000
v -2.881905 2.622403 2.495000
vn 0.000000 0.000000 -1.000000
f 1744//582 1745//582 1746//582
v -2.700000 2.400000 2.605000
v -2.724979 2.653617 2.605000
v -2.881905 2.622403 2.605000
vn 0.000000 0.000000 1.000000
f 1747//583 1748//583 1749//583
v -2.700000 2.400000 2.605000
v -2.881905 2.622403 2.605000
v -2.860000 2.400000 2.605000
vn 0.000000 0.000000 1.000000
f 1750//584 1751//584 1752//584
v -2.724979 2.653617 2.495000
v -2.798957 2.897488 2.495000
v -2.798957 2.897488 2.605000
vn 0.956940 0.290285 0.000000
f 1753//585 1754//585 1755//585
v -2.724979 2.653617 2.495000
v -2.798957 2.897488 2.605000
v -2.724979 2.653617 2.605000
vn 0.956940 0.290285 -0.000000
f 1756//586 1757//586 1758//586
v -2.881905 2.622403 2.495000
v -2.881905 2.622403 2.605000
v -2.946777 2.836259 2.605000
vn -0.956940 -0.290285 0.000000
f 1759//587 1760//587 1761//587
v -2.881905 2.622403 2.495000
v -2.946777 2.836259 2.605000
v -2.946777 2.836259 2.495000
vn -0.956940 -0.290285 0.000000
f 1762//588 1763//588 1764//588
v -2.798957 2.897488 2.495000
v -2.724979 2.653617 2.495000
v -2.881905 2.622403 2.495000
vn 0.000000 -0.000000 -1.000000
f 1765//589 1766//589 1767//589
v -2.798957 2.897488 2.495000
v -2.881905 2.622403 2.495000
v -2.946777 2.836259 2.495000
vn 0.000000 0.000000 -1.000000
f 1768//590 1769//590 1770//590
v -2.724979 2.653617 2.605000
v -2.798957 2.897488 2.605000
v -2.946777 2.836259 2.605000
vn 0.000000 0.000000 1.000000
f 1771//591 1772//591 1773//591
v -2.724979 2.653617 2.605000
v -2.946777 2.836259 2.605000
v -2.881905 2.622403 2.605000
vn 0.000000 0.000000 1.000000
f 1774//592 1775//592 1776//592
v -2.798957 2.897488 2.495000
v -2.919090 3.122241 2.495000
v -2.919090 3.122241 2.605000
vn 0.881921 0.471397 0.000000
f 1777//593 1778//593 1779//593
v -2.798957 2.897488 2.495000
v -2.919090 3.122241 2.605000
v -2.798957 2.897488 2.605000
vn 0.881921 0.471397 -0.000000
f 1780//594 1781//594 1782//594
v -2.946777 2.836259 2.495000
v -2.946777 2.836259 2.605000
v -3.052125 3.033350 2.605000
vn -0.881921 -0.471397 0.000000
f 1783//595 1784//595 1785//595
v -2.946777 2.836259 2.495000
v -3.052125 3.033350 2.605000
v -3.052125 3.033350 2.495000
vn -0.881921 -0.471397 0.000000
f 1786//596 1787//596 1788//596
v -2.919090 3.122241 2.495000
v -2.798957 2.897488 2.495000
v -2.946777 2.836259 2.495000
vn 0.000000 -0.000000 -1.000000
f 1789//597 1790//597 1791//597
v -2.919090 3.122241 2.495000
v -2.946777 2.836259 2.495000
v -3.052125 3.033350 2.495000
vn 0.000000 0.000000 -1.000000
f 1792//598 1793//598 1794//598
v -2.798957 2.897488 2.605000
v -2.919090 3.122241 2.605000
v -3.052125 3.033350 2.605000
vn 0.000000 0.000000 1.000000
f 1795//599 1796//599 1797//599
v -2.798957 2.897488 2.605000
v -3.052125 3.033350 2.605000
v -2.946777 2.836259 2.605000
vn 0.000000 0.000000 1.000000
f 1798//600 1799//600 1800//600
v -2.919090 3.122241 2.495000
v -3.080761 3.319239 2.495000
v -3.080761 3.319239 2.605000
vn 0.773010 0.634393 0.000000
f 1801//601 1802//601 1803//601
v -2.919090 3.122241 2.495000
v -3.080761 3.319239 2.605000
v -2.919090 3.122241 2.605000
vn 0.773010 0.634393 -0.000000
f 1804//602 1805//602 1806//602
v -3.052125 3.033350 2.495000
v -3.052125 3.033350 2.605000
v -3.193898 3.206102 2.605000
vn -0.773010 -0.634393 0.000000
f 1807//603 1808//603 1809//603
v -3.052125 3.033350 2.495000
v -3.193898 3.206102 2.605000
v -3.193898 3.206102 2.495000
vn -0.773010 -0.634393 0.000000
f 1810//604 1811//604 1812//604
v -3.080761 3.319239 2.495000
v -2.919090 3.122241 2.495000
v -3.052125 3.033350 2.495000
vn 0.000000 0.000000 -1.000000
f 1813//605 1814//605 1815//605
v -3.080761 3.319239 2.495000
v -3.052125 3.033350 2.495000
v -3.193898 3.206102 2.495000
vn 0.000000 -0.000000 -1.000000
f 1816//606 1817//606 1818//606
v -2.919090 3.122241 2.605000
v -3.080761 3.319239 2.605000
v -3.193898 3.206102 2.605000
vn 0.000000 0.000000 1.000000
f 1819//607 1820//607 1821//607
v -2.919090 3.122241 2.605000
v -3.193898 3.206102 2.605000
v -3.052125 3.033350 2.605000
vn 0.000000 0.000000 1.000000
f 1822//608 1823//608 1824//608
v -3.080761 3.319239 2.495000
v -3.277759 3.480910 2.495000
v -3.277759 3.480910 2.605000
vn 0.634393 0.773010 0.000000
f 1825//609 1826//609 1827//609
v -3.080761 3.319239 2.495000
v -3.277759 3.480910 2.605000
v -3.080761 3.319239 2.605000
vn 0.634393 0.773010 -0.000000
f 1828//610 1829//610 1830//610
v -3.193898 3.206102 2.495000
v -3.193898 3.206102 2.605000
v -3.366650 3.347875 2.605000
vn -0.634393 -0.773010 0.000000
f 1831//611 1832//611 1833//611
v -3.193898 3.206102 2.495000
v -3.366650 3.347875 2.605000
v -3.366650 3.347875 2.495000
vn -0.634393 -0.773010 0.000000
f 1834//612 1835//612 1836//612
v -3.277759 3.480910 2.495000
v -3.080761 3.319239 2.495000
v -3.193898 3.206102 2.495000
vn 0.000000 0.000000 -1.000000
f 1837//613 1838//613 1839//613
v -3.277759 3.480910 2.495000
v -3.193898 3.206102 2.495000
v -3.366650 3.347875 2.495000
vn 0.000000 -0.000000 -1.000000
f 1840//614 1841//614 1842//614
v -3.080761 3.319239 2.605000
v -3.277759 3.480910 2.605000
v -3.366650 3.347875 2.605000
vn 0.000000 0.000000 1.000000
f 1843//615 1844//615 1845//615
v -3.080761 3.319239 2.605000
v -3.366650 3.347875 2.605000
v -3.193898 3.206102 2.605000
vn 0.000000 0.000000 1.000000
f 1846//616 1847//616 1848//616
v -3.277759 3.480910 2.495000
v -3.502512 3.601043 2.495000
v -3.502512 3.601043 2.605000
vn 0.471397 0.881921 0.000000
f 1849//617 1850//617 1851//617
v -3.277759 3.480910 2.495000
v -3.502512 3.601043 2.605000
v -3.277759 3.480910 2.605000
vn 0.471397 0.881921 -0.000000
f 1852//618 1853//618 1854//618
v -3.366650 3.347875 2.495000
v -3.366650 3.347875 2.605000
v -3.563741 3.453223 2.605000
vn -0.471397 -0.881921 0.000000
f 1855//619 1856//619 1857//619
v -3.366650 3.347875 2.495000
v -3.563741 3.453223 2.605000
v -3.563741 3.453223 2.495000
vn -0.471397 -0.881921 0.000000
f 1858//620 1859//620 1860//620
v -3.502512 3.601043 2.495000
v -3.277759 3.480910 2.495000
v -3.366650 3.347875 2.495000
vn 0.000000 0.000000 -1.000000
f 1861//621 1862//621 1863//621
v -3.502512 3.601043 2.495000
v -3.366650 3.347875 2.495000
v -3.563741 3.453223 2.495000
vn 0.000000 -0.000000 -1.000000
f 1864//622 1865//622 1866//622
v -3.277759 3.480910 2.605000
v -3.502512 3.601043 2.605000
v -3.563741 3.453223 2.605000
vn 0.000000 0.000000 1.000000
f 1867//623 1868//623 1869//623
v -3.277759 3.480910 2.605000
v -3.563741 3.453223 2.605000
v -3.366650 3.347875 2.605000
vn 0.000000 0.000000 1.000000
f 1870//624 1871//624 1872//624
v -3.502512 3.601043 2.495000
v -3.746383 3.675021 2.495000
v -3.746383 3.675021 2.605000
vn 0.290285 0.956940 0.000000
f 1873//625 1874//625 1875//625
v -3.502512 3.601043 2.495000
v -3.746383 3.675021 2.605000
v -3.502512 3.601043 2.605000
vn 0.290285 0.956940 -0.000000
f 1876//626 1877//626 1878//626
v -3.563741 3.453223 2.495000
v -3.563741 3.453223 2.605000
v -3.777597 3.518095 2.605000
vn -0.290285 -0.956940 0.000000
f 1879//627 1880//627 1881//627
v -3.563741 3.453223 2.495000
v -3.777597 3.518095 2.605000
v -3.777597 3.518095 2.495000
vn -0.290285 -0.956940 0.000000
f 1882//628 1883//628 1884//628
v -3.746383 3.675021 2.495000
v -3.502512 3.601043 2.495000
v -3.563741 3.453223 2.495000
vn 0.000000 0.000000 -1.000000
f 1885//629 1886//629 1887//629
v -3.746383 3.675021 2.495000
v -3.563741 3.453223 2.495000
v -3.777597 3.518095 2.495000
vn 0.000000 -0.000000 -1.000000
f 1888//630 1889//630 1890//630
v -3.502512 3.601043 2.605000
v -3.746383 3.675021 2.605000
v -3.777597 3.518095 2.605000
vn 0.000000 0.000000 1.000000
f 1891//631 1892//631 1893//631
v -3.502512 3.601043 2.605000
v -3.777597 3.518095 2.605000
v -3.563741 3.453223 2.605000
vn 0.000000 0.000000 1.000000
f 1894//632 1895//632 1896//632
v -3.746383 3.675021 2.495000
v -4.000000 3.700000 2.495000
v -4.000000 3.700000 2.605000
vn 0.098017 0.995185 0.000000
f 1897//633 1898//633 1899//633
v -3.746383 3.675021 2.495000
v -4.000000 3.700000 2.605000
v -3.746383 3.675021 2.605000
vn 0.098017 0.995185 -0.000000
f 1900//634 1901//634 1902//634
v -3.777597 3.518095 2.495000
v -3.777597 3.518095 2.605000
v -4.000000 3.540000 2.605000
vn -0.098017 -0.995185 0.000000
f 1903//635 1904//635 1905//635
v -3.777597 3.518095 2.495000
v -4.000000 3.540000 2.605000
v -4.000000 3.540000 2.495000
vn -0.098017 -0.995185 0.000000
f 1906//636 1907//636 1908//636
v -4.000000 3.700000 2.495000
v -3.746383 3.675021 2.495000
v -3.777597 3.518095 2.495000
vn 0.000000 0.000000 -1.000000
f 1909//637 1910//637 1911//637
v -4.000000 3.700000 2.495000
v -3.777597 3.518095 2.495000
v -4.000000 3.540000 2.495000
vn 0.000000 -0.000000 -1.000000
f 1912//638 1913//638 1914//638
v -3.746383 3.675021 2.605000
v -4.000000 3.700000 2.605000
v -4.000000 3.540000 2.605000
vn 0.000000 0.000000 1.000000
f 1915//639 1916//639 1917//639
v -3.746383 3.675021 2.605000
v -4.000000 3.540000 2.605000
v -3.777597 3.518095 2.605000
vn 0.000000 0.000000 1.000000
f 1918//640 1919//640 1920//640
v -4.000000 3.700000 2.495000
v -4.253617 3.675021 2.495000
v -4.253617 3.675021 2.605000
vn -0.098017 0.995185 0.000000
f 1921//641 1922//641 1923//641
v -4.000000 3.700000 2.495000
v -4.253617 3.675021 2.605000
v -4.000000 3.700000 2.605000
vn -0.098017 0.995185 0.000000
f 1924//642 1925//642 1926//642
v -4.000000 3.540000 2.495000
v -4.000000 3.540000 2.605000
v -4.222403 3.518095 2.605000
vn 0.098017 -0.995185 0.000000
f 1927//643 1928//643 1929//643
v -4.000000 3.540000 2.495000
v -4.222403 3.518095 2.605000
v -4.222403 3.518095 2.495000
vn 0.098017 -0.995185 0.000000
f 1930//644 1931//644 1932//644
v -4.253617 3.675021 2.495000
v -4.000000 3.700000 2.495000
v -4.000000 3.540000 2.495000
vn 0.000000 0.000000 -1.000000
f 1933//645 1934//645 1935//645
v -4.253617 3.675021 2.495000
v -4.000000 3.540000 2.495000
v -4.222403 3.518095 2.495000
vn 0.000000 0.000000 -1.000000
f 1936//646 1937//646 1938//646
v -4.000000 3.700000 2.605000
v -4.253617 3.675021 2.605000
v -4.222403 3.518095 2.605000
vn 0.000000 0.000000 1.000000
f 1939//647 1940//647 1941//647
v -4.000000 3.700000 2.605000
v -4.222403 3.518095 2.605000
v -4.000000 3.540000 2.605000
vn 0.000000 0.000000 1.000000
f 1942//648 1943//648 1944//648
v -4.253617 3.675021 2.495000
v -4.497488 3.601043 2.495000
v -4.497488 3.601043 2.605000
vn -0.290285 0.956940 0.000000
f 1945//649 1946//649 1947//649
v -4.253617 3.675021 2.495000
v -4.497488 3.601043 2.605000
v -4.253617 3.675021 2.605000
vn -0.290285 0.956940 0.000000
f 1948//650 1949//650 1950//650
v -4.222403 3.518095 2.495000
v -4.222403 3.518095 2.605000
v -4.436259 3.453223 2.605000
vn 0.290285 -0.956940 0.000000
f 1951//651 1952//651 1953//651
v -4.222403 3.518095 2.495000
v -4.436259 3.453223 2.605000
v -4.436259 3.453223 2.495000
vn 0.290285 -0.956940 0.000000
f 1954//652 1955//652 1956//652
v -4.497488 3.601043 2.495000
v -4.253617 3.675021 2.495000
v -4.222403 3.518095 2.495000
vn 0.000000 0.000000 -1.000000
f 1957//653 1958//653 1959//653
v -4.497488 3.601043 2.495000
v -4.222403 3.518095 2.495000
v -4.436259 3.453223 2.495000
vn 0.000000 0.000000 -1.000000
f 1960//654 1961//654 1962//654
v -4.253617 3.675021 2.605000
v -4.497488 3.601043 2.605000
v -4.436259 3.453223 2.605000
vn 0.000000 0.000000 1.000000
f 1963//655 1964//655 1965//655
v -4.253617 3.675021 2.605000
v -4.436259 3.453223 2.605000
v -4.222403 3.518095 2.605000
vn 0.000000 0.000000 1.000000
f 1966//656 1967//656 1968//656
v -4.497488 3.601043 2.495000
v -4.722241 3.480910 2.495000
v -4.722241 3.480910 2.605000
vn -0.471397 0.881921 0.000000
f 1969//657 1970//657 1971//657
v -4.497488 3.601043 2.495000
v -4.722241 3.480910 2.605000
v -4.497488 3.601043 2.605000
vn -0.471397 0.881921 0.000000
f 1972//658 1973//658 1974//658
v -4.436259 3.453223 2.495000
v -4.436259 3.453223 2.605000
v -4.633350 3.347875 2.605000
vn 0.471397 -0.881921 0.000000
f 1975//659 1976//659 1977//659
v -4.436259 3.453223 2.495000
v -4.633350 3.347875 2.605000
v -4.633350 3.347875 2.495000
vn 0.471397 -0.881921 0.000000
f 1978//660 1979//660 1980//660
v -4.722241 3.480910 2.495000
v -4.497488 3.601043 2.495000
v -4.436259 3.453223 2.495000
vn 0.000000 0.000000 -1.000000
f 1981//661 1982//661 1983//661
v -4.722241 3.480910 2.495000
v -4.436259 3.453223 2.495000
v -4.633350 3.347875 2.495000
vn 0.000000 0.000000 -1.000000
f 1984//662 1985//662 1986//662
v -4.497488 3.601043 2.605000
v -4.722241 3.480910 2.605000
v -4.633350 3.347875 2.605000
vn 0.000000 0.000000 1.000000
f 1987//663 1988//663 1989//663
v -4.497488 3.601043 2.605000
v -4.633350 3.347875 2.605000
v -4.436259 3.453223 2.605000
vn 0.000000 0.000000 1.000000
f 1990//664 1991//664 1992//664
v -4.722241 3.480910 2.495000
v -4.919239 3.319239 2.495000
v -4.919239 3.319239 2.605000
vn -0.634393 0.773010 0.000000
f 1993//665 1994//665 1995//665
v -4.722241 3.480910 2.495000
v -4.919239 3.319239 2.605000
v -4.722241 3.480910 2.605000
vn -0.634393 0.773010 0.000000
f 1996//666 1997//666 1998//666
v -4.633350 3.347875 2.495000
v -4.633350 3.347875 2.605000
v -4.806102 3.206102 2.605000
vn 0.634393 -0.773010 0.000000
f 1999//667 2000//667 2001//667
v -4.633350 3.347875 2.495000
v -4.806102 3.206102 2.605000
v -4.806102 3.206102 2.495000
vn 0.634393 -0.773010 0.000000
f 2002//668 2003//668 2004//668
v -4.919239 3.319239 2.495000
v -4.722241 3.480910 2.495000
v -4.633350 3.347875 2.495000
vn 0.000000 0.000000 -1.000000
f 2005//669 2006//669 2007//669
v -4.919239 3.319239 2.495000
v -4.633350 3.347875 2.495000
v -4.806102 3.206102 2.495000
vn 0.000000 0.000000 -1.000000
f 2008//670 2009//670 2010//670
v -4.722241 3.480910 2.605000
v -4.919239 3.319239 2.605000
v -4.806102 3.206102 2.605000
vn 0.000000 0.000000 1.000000
f 2011//671 2012//671 2013//671
v -4.722241 3.480910 2.605000
v -4.806102 3.206102 2.605000
v -4.633350 3.347875 2.605000
vn 0.000000 0.000000 1.000000
f 2014//672 2015//672 2016//672
v -4.919239 3.319239 2.495000
v -5.080910 3.122241 2.495000
v -5.080910 3.122241 2.605000
vn -0.773010 0.634393 0.000000
f 2017//673 2018//673 2019//673
v -4.919239 3.319239 2.495000
v -5.080910 3.122241 2.605000
v -4.919239 3.319239 2.605000
vn -0.773010 0.634393 0.000000
f 2020//674 2021//674 2022//674
v -4.806102 3.206102 2.495000
v -4.806102 3.206102 2.605000
v -4.947875 3.033350 2.605000
vn 0.773010 -0.634393 0.000000
f 2023//675 2024//675 2025//675
v -4.806102 3.206102 2.495000
v -4.947875 3.033350 2.605000
v -4.947875 3.033350 2.495000
vn 0.773010 -0.634393 0.000000
f 2026//676 2027//676 2028//676
v -5.080910 3.122241 2.495000
v -4.919239 3.319239 2.495000
v -4.806102 3.206102 2.495000
vn 0.000000 0.000000 -1.000000
f 2029//677 2030//677 2031//677
v -5.080910 3.122241 2.495000
v -4.806102 3.206102 2.495000
v -4.947875 3.033350 2.495000
vn 0.000000 0.000000 -1.000000
f 2032//678 2033//678 2034//678
v -4.919239 3.319239 2.605000
v -5.080910 3.122241 2.605000
v -4.947875 3.033350 2.605000
vn 0.000000 0.000000 1.000000
f 2035//679 2036//679 2037//679
v -4.919239 3.319239 2.605000
v -4.947875 3.033350 2.605000
v -4.806102 3.206102 2.605000
vn 0.000000 0.000000 1.000000
f 2038//680 2039//680 2040//680
v -5.080910 3.122241 2.495000
v -5.201043 2.897488 2.495000
v -5.201043 2.897488 2.605000
vn -0.881921 0.471397 0.000000
f 2041//681 2042//681 2043//681
v -5.080910 3.122241 2.495000
v -5.201043 2.897488 2.605000
v -5.080910 3.122241 2.605000
vn -0.881921 0.471397 0.000000
f 2044//682 2045//682 2046//682
v -4.947875 3.033350 2.495000
v -4.947875 3.033350 2.605000
v -5.053223 2.836259 2.605000
vn 0.881921 -0.471397 0.000000
f 2047//683 2048//683 2049//683
v -4.947875 3.033350 2.495000
v -5.053223 2.836259 2.605000
v -5.053223 2.836259 2.495000
vn 0.881921 -0.471397 0.000000
f 2050//684 2051//684 2052//684
v -5.201043 2.897488 2.495000
v -5.080910 3.122241 2.495000
v -4.947875 3.033350 2.495000
vn 0.000000 0.000000 -1.000000
f 2053//685 2054//685 2055//685
v -5.201043 2.897488 2.495000
v -4.947875 3.033350 2.495000
v -5.053223 2.836259 2.495000
vn 0.000000 0.000000 -1.000000
f 2056//686 2057//686 2058//686
v -5.080910 3.122241 2.605000
v -5.201043 2.897488 2.605000
v -5.053223 2.836259 2.605000
vn 0.000000 0.000000 1.000000
f 2059//687 2060//687 2061//687
v -5.080910 3.122241 2.605000
v -5.053223 2.836259 2.605000
v -4.947875 3.033350 2.605000
vn 0.000000 0.000000 1.000000
f 2062//688 2063//688 2064//688
v -5.201043 2.897488 2.495000
v -5.275021 2.653617 2.495000
v -5.275021 2.653617 2.605000
vn -0.956940 0.290285 0.000000
f 2065//689 2066//689 2067//689
v -5.201043 2.897488 2.495000
v -5.275021 2.653617 2.605000
v -5.201043 2.897488 2.605000
vn -0.956940 0.290285 0.000000
f 2068//690 2069//690 2070//690
v -5.053223 2.836259 2.495000
v -5.053223 2.836259 2.605000
v -5.118095 2.622403 2.605000
vn 0.956940 -0.290285 0.000000
f 2071//691 2072//691 2073//691
v -5.053223 2.836259 2.495000
v -5.118095 2.622403 2.605000
v -5.118095 2.622403 2.495000
vn 0.956940 -0.290285 0.000000
f 2074//692 2075//692 2076//692
v -5.275021 2.653617 2.495000
v -5.201043 2.897488 2.495000
v -5.053223 2.836259 2.495000
vn 0.000000 0.000000 -1.000000
f 2077//693 2078//693 2079//693
v -5.275021 2.653617 2.495000
v -5.053223 2.836259 2.495000
v -5.118095 2.622403 2.495000
vn 0.000000 0.000000 -1.000000
f 2080//694 2081//694 2082//694
v -5.201043 2.897488 2.605000
v -5.275021 2.653617 2.605000
v -5.118095 2.622403 2.605000
vn 0.000000 0.000000 1.000000
f 2083//695 2084//695 2085//695
v -5.201043 2.897488 2.605000
v -5.118095 2.622403 2.605000
v -5.053223 2.836259 2.605000
vn 0.000000 0.000000 1.000000
f 2086//696 2087//696 2088//696
v -5.275021 2.653617 2.495000
v -5.300000 2.400000 2.495000
v -5.300000 2.400000 2.605000
vn -0.995185 0.098017 0.000000
f 2089//697 2090//697 2091//697
v -5.275021 2.653617 2.495000
v -5.300000 2.400000 2.605000
v -5.275021 2.653617 2.605000
vn -0.995185 0.098017 0.000000
f 2092//698 2093//698 2094//698
v -5.118095 2.622403 2.495000
v -5.118095 2.622403 2.605000
v -5.140000 2.400000 2.605000
vn 0.995185 -0.098017 0.000000
f 2095//699 2096//699 2097//699
v -5.118095 2.622403 2.495000
v -5.140000 2.400000 2.605000
v -5.140000 2.400000 2.495000
vn 0.995185 -0.098017 0.000000
f 2098//700 2099//700 2100//700
v -5.300000 2.400000 2.495000
v -5.275021 2.653617 2.495000
v -5.118095 2.622403 2.495000
vn 0.000000 0.000000 -1.000000
f 2101//701 2102//701 2103//701
v -5.300000 2.400000 2.495000
v -5.118095 2.622403 2.495000
v -5.140000 2.400000 2.495000
vn 0.000000 0.000000 -1.000000
f 2104//702 2105//702 2106//702
v -5.275021 2.653617 2.605000
v -5.300000 2.400000 2.605000
v -5.140000 2.400000 2.605000
vn 0.000000 0.000000 1.000000
f 2107//703 2108//703 2109//703
v -5.275021 2.653617 2.605000
v -5.140000 2.400000 2.605000
v -5.118095 2.622403 2.605000
vn 0.000000 0.000000 1.000000
f 2110//704 2111//704 2112//704
v -2.585000 2.400000 2.460000
v -2.552500 2.343708 2.460000
v -2.552500 2.343708 2.640000
vn -0.866025 -0.500000 0.000000
f 2113//705 2114//705 2115//705
v -2.585000 2.400000 2.460000
v -2.552500 2.343708 2.640000
v -2.585000 2.400000 2.640000
vn -0.866025 -0.500000 0.000000
f 2116//706 2117//706 2118//706
v -2.520000 2.400000 2.460000
v -2.552500 2.343708 2.460000
v -2.585000 2.400000 2.460000
vn -0.000000 0.000000 -1.000000
f 2119//707 2120//707 2121//707
v -2.520000 2.400000 2.640000
v -2.585000 2.400000 2.640000
v -2.552500 2.343708 2.640000
vn 0.000000 0.000000 1.000000
f 2122//708 2123//708 2124//708
v -2.552500 2.343708 2.460000
v -2.487500 2.343708 2.460000
v -2.487500 2.343708 2.640000
vn 0.000000 -1.000000 0.000000
f 2125//709 2126//709 2127//709
v -2.552500 2.343708 2.460000
v -2.487500 2.343708 2.640000
v -2.552500 2.343708 2.640000
vn 0.000000 -1.000000 0.000000
f 2128//710 2129//710 2130//710
v -2.520000 2.400000 2.460000
v -2.487500 2.343708 2.460000
v -2.552500 2.343708 2.460000
vn 0.000000 -0.000000 -1.000000
f 2131//711 2132//711 2133//711
v -2.520000 2.400000 2.640000
v -2.552500 2.343708 2.640000
v -2.487500 2.343708 2.640000
vn 0.000000 0.000000 1.000000
f 2134//712 2135//712 2136//712
v -2.487500 2.343708 2.460000
v -2.455000 2.400000 2.460000
v -2.455000 2.400000 2.640000
vn 0.866025 -0.500000 0.000000
f 2137//713 2138//713 2139//713
v -2.487500 2.343708 2.460000
v -2.455000 2.400000 2.640000
v -2.487500 2.343708 2.640000
vn 0.866025 -0.500000 0.000000
f 2140//714 2141//714 2142//714
v -2.520000 2.400000 2.460000
v -2.455000 2.400000 2.460000
v -2.487500 2.343708 2.460000
vn 0.000000 0.000000 -1.000000
f 2143//715 2144//715 2145//715
v -2.520000 2.400000 2.640000
v -2.487500 2.343708 2.640000
v -2.455000 2.400000 2.640000
vn -0.000000 0.000000 1.000000
f 2146//716 2147//716 2148//716
v -2.455000 2.400000 2.460000
v -2.487500 2.456292 2.460000
v -2.487500 2.456292 2.640000
vn 0.866025 0.500000 0.000000
f 2149//717 2150//717 2151//717
v -2.455000 2.400000 2.460000
v -2.487500 2.456292 2.640000
v -2.455000 2.400000 2.640000
vn 0.866025 0.500000 -0.000000
f 2152//718 2153//718 2154//718
v -2.520000 2.400000 2.460000
v -2.487500 2.456292 2.460000
v -2.455000 2.400000 2.460000
vn 0.000000 0.000000 -1.000000
f 2155//719 2156//719 2157//719
v -2.520000 2.400000 2.640000
v -2.455000 2.400000 2.640000
v -2.487500 2.456292 2.640000
vn 0.000000 0.000000 1.000000
f 2158//720 2159//720 2160//720
v -2.487500 2.456292 2.460000
v -2.552500 2.456292 2.460000
v -2.552500 2.456292 2.640000
vn 0.000000 1.000000 0.000000
f 2161//721 2162//721 2163//721
v -2.487500 2.456292 2.460000
v -2.552500 2.456292 2.640000
v -2.487500 2.456292 2.640000
vn 0.000000 1.000000 -0.000000
f 2164//722 2165//722 2166//722
v -2.520000 2.400000 2.460000
v -2.552500 2.456292 2.460000
v -2.487500 2.456292 2.460000
vn 0.000000 0.000000 -1.000000
f 2167//723 2168//723 2169//723
v -2.520000 2.400000 2.640000
v -2.487500 2.456292 2.640000
v -2.552500 2.456292 2.640000
vn 0.000000 -0.000000 1.000000
f 2170//724 2171//724 2172//724
v -2.552500 2.456292 2.460000
v -2.585000 2.400000 2.460000
v -2.585000 2.400000 2.640000
vn -0.866025 0.500000 0.000000
f 2173//725 2174//725 2175//725
v -2.552500 2.456292 2.460000
v -2.585000 2.400000 2.640000
v -2.552500 2.456292 2.640000
vn -0.866025 0.500000 0.000000
f 2176//726 2177//726 2178//726
v -2.520000 2.400000 2.460000
v -2.585000 2.400000 2.460000
v -2.552500 2.456292 2.460000
vn 0.000000 0.000000 -1.000000
f 2179//727 2180//727 2181//727
v -2.520000 2.400000 2.640000
v -2.552500 2.456292 2.640000
v -2.585000 2.400000 2.640000
vn 0.000000 0.000000 1.000000
f 2182//728 2183//728 2184//728
v -3.018482 3.446518 2.460000
v -2.985982 3.390226 2.460000
v -2.985982 3.390226 2.640000
vn -0.866025 -0.500000 0.000000
f 2185//729 2186//729 2187//729
v -3.018482 3.446518 2.460000
v -2.985982 3.390226 2.640000
v -3.018482 3.446518 2.640000
vn -0.866025 -0.500000 0.000000
f 2188//730 2189//730 2190//730
v -2.953482 3.446518 2.460000
v -2.985982 3.390226 2.460000
v -3.018482 3.446518 2.460000
vn -0.000000 0.000000 -1.000000
f 2191//731 2192//731 2193//731
v -2.953482 3.446518 2.640000
v -3.018482 3.446518 2.640000
v -2.985982 3.390226 2.640000
vn 0.000000 0.000000 1.000000
f 2194//732 2195//732 2196//732
v -2.985982 3.390226 2.460000
v -2.920982 3.390226 2.460000
v -2.920982 3.390226 2.640000
vn 0.000000 -1.000000 0.000000
f 2197//733 2198//733 2199//733
v -2.985982 3.390226 2.460000
v -2.920982 3.390226 2.640000
v -2.985982 3.390226 2.640000
vn 0.000000 -1.000000 0.000000
f 2200//734 2201//734 2202//734
v -2.953482 3.446518 2.460000
v -2.920982 3.390226 2.460000
v -2.985982 3.390226 2.460000
vn 0.000000 -0.000000 -1.000000
f 2203//735 2204//735 2205//735
v -2.953482 3.446518 2.640000
v -2.985982 3.390226 2.640000
v -2.920982 3.390226 2.640000
vn 0.000000 0.000000 1.000000
f 2206//736 2207//736 2208//736
v -2.920982 3.390226 2.460000
v -2.888482 3.446518 2.460000
v -2.888482 3.446518 2.640000
vn 0.866025 -0.500000 0.000000
f 2209//737 2210//737 2211//737
v -2.920982 3.390226 2.460000
v -2.888482 3.446518 2.640000
v -2.920982 3.390226 2.640000
vn 0.866025 -0.500000 0.000000
f 2212//738 2213//738 2214//738
v -2.953482 3.446518 2.460000
v -2.888482 3.446518 2.460000
v -2.920982 3.390226 2.460000
vn 0.000000 0.000000 -1.000000
f 2215//739 2216//739 2217//739
v -2.953482 3.446518 2.640000
v -2.920982 3.390226 2.640000
v -2.888482 3.446518 2.640000
vn -0.000000 0.000000 1.000000
f 2218//740 2219//740 2220//740
v -2.888482 3.446518 2.460000
v -2.920982 3.502810 2.460000
v -2.920982 3.502810 2.640000
vn 0.866025 0.500000 0.000000
f 2221//741 2222//741 2223//741
v -2.888482 3.446518 2.460000
v -2.920982 3.502810 2.640000
v -2.888482 3.446518 2.640000
vn 0.866025 0.500000 -0.000000
f 2224//742 2225//742 2226//742
v -2.953482 3.446518 2.460000
v -2.920982 3.502810 2.460000
v -2.888482 3.446518 2.460000
vn 0.000000 0.000000 -1.000000
f 2227//743 2228//743 2229//743
v -2.953482 3.446518 2.640000
v -2.888482 3.446518 2.640000
v -2.920982 3.502810 2.640000
vn 0.000000 0.000000 1.000000
f 2230//744 2231//744 2232//744
v -2.920982 3.502810 2.460000
v -2.985982 3.502810 2.460000
v -2.985982 3.502810 2.640000
vn 0.000000 1.000000 0.000000
f 2233//745 2234//745 2235//745
v -2.920982 3.502810 2.460000
v -2.985982 3.502810 2.640000
v -2.920982 3.502810 2.640000
vn 0.000000 1.000000 -0.000000
f 2236//746 2237//746 2238//746
v -2.953482 3.446518 2.460000
v -2.985982 3.502810 2.460000
v -2.920982 3.502810 2.460000
vn 0.000000 0.000000 -1.000000
f 2239//747 2240//747 2241//747
v -2.953482 3.446518 2.640000
v -2.920982 3.502810 2.640000
v -2.985982 3.502810 2.640000
vn 0.000000 -0.000000 1.000000
f 2242//748 2243//748 2244//748
v -2.985982 3.502810 2.460000
v -3.018482 3.446518 2.460000
v -3.018482 3.446518 2.640000
vn -0.866025 0.500000 0.000000
f 2245//749 2246//749 2247//749
v -2.985982 3.502810 2.460000
v -3.018482 3.446518 2.640000
v -2.985982 3.502810 2.640000
vn -0.866025 0.500000 0.000000
f 2248//750 2249//750 2250//750
v -2.953482 3.446518 2.460000
v -3.018482 3.446518 2.460000
v -2.985982 3.502810 2.460000
vn 0.000000 0.000000 -1.000000
f 2251//751 2252//751 2253//751
v -2.953482 3.446518 2.640000
v -2.985982 3.502810 2.640000
v -3.018482 3.446518 2.640000
vn 0.000000 0.000000 1.000000
f 2254//752 2255//752 2256//752
v -4.065000 3.880000 2.460000
v -4.032500 3.823708 2.460000
v -4.032500 3.823708 2.640000
vn -0.866025 -0.500000 0.000000
f 2257//753 2258//753 2259//753
v -4.065000 3.880000 2.460000
v -4.032500 3.823708 2.640000
v -4.065000 3.880000 2.640000
vn -0.866025 -0.500000 0.000000
f 2260//754 2261//754 2262//754
v -4.000000 3.880000 2.460000
v -4.032500 3.823708 2.460000
v -4.065000 3.880000 2.460000
vn -0.000000 0.000000 -1.000000
f 2263//755 2264//755 2265//755
v -4.000000 3.880000 2.640000
v -4.065000 3.880000 2.640000
v -4.032500 3.823708 2.640000
vn 0.000000 0.000000 1.000000
f 2266//756 2267//756 2268//756
v -4.032500 3.823708 2.460000
v -3.967500 3.823708 2.460000
v -3.967500 3.823708 2.640000
vn 0.000000 -1.000000 0.000000
f 2269//757 2270//757 2271//757
v -4.032500 3.823708 2.460000
v -3.967500 3.823708 2.640000
v -4.032500 3.823708 2.640000
vn 0.000000 -1.000000 0.000000
f 2272//758 2273//758 2274//758
v -4.000000 3.880000 2.460000
v -3.967500 3.823708 2.460000
v -4.032500 3.823708 2.460000
vn 0.000000 -0.000000 -1.000000
f 2275//759 2276//759 2277//759
v -4.000000 3.880000 2.640000
v -4.032500 3.823708 2.640000
v -3.967500 3.823708 2.640000
vn 0.000000 0.000000 1.000000
f 2278//760 2279//760 2280//760
v -3.967500 3.823708 2.460000
v -3.935000 3.880000 2.460000
v -3.935000 3.880000 2.640000
vn 0.866025 -0.500000 0.000000
f 2281//761 2282//761 2283//761
v -3.967500 3.823708 2.460000
v -3.935000 3.880000 2.640000
v -3.967500 3.823708 2.640000
vn 0.866025 -0.500000 0.000000
f 2284//762 2285//762 2286//762
v -4.000000 3.880000 2.460000
v -3.935000 3.880000 2.460000
v -3.967500 3.823708 2.460000
vn 0.000000 0.000000 -1.000000
f 2287//763 2288//763 2289//763
v -4.000000 3.880000 2.640000
v -3.967500 3.823708 2.640000
v -3.935000 3.880000 2.640000
vn -0.000000 0.000000 1.000000
f 2290//764 2291//764 2292//764
v -3.935000 3.880000 2.460000
v -3.967500 3.936292 2.460000
v -3.967500 3.936292 2.640000
vn 0.866025 0.500000 0.000000
f 2293//765 2294//765 2295//765
v -3.935000 3.880000 2.460000
v -3.967500 3.936292 2.640000
v -3.935000 3.880000 2.640000
vn 0.866025 0.500000 -0.000000
f 2296//766 2297//766 2298//766
v -4.000000 3.880000 2.460000
v -3.967500 3.936292 2.460000
v -3.935000 3.880000 2.460000
vn 0.000000 0.000000 -1.000000
f 2299//767 2300//767 2301//767
v -4.000000 3.880000 2.640000
v -3.935000 3.880000 2.640000
v -3.967500 3.936292 2.640000
vn 0.000000 0.000000 1.000000
f 2302//768 2303//768 2304//768
v -3.967500 3.936292 2.460000
v -4.032500 3.936292 2.460000
v -4.032500 3.936292 2.640000
vn 0.000000 1.000000 0.000000
f 2305//769 2306//769 2307//769
v -3.967500 3.936292 2.460000
v -4.032500 3.936292 2.640000
v -3.967500 3.936292 2.640000
vn 0.000000 1.000000 -0.000000
f 2308//770 2309//770 2310//770
v -4.000000 3.880000 2.460000
v -4.032500 3.936292 2.460000
v -3.967500 3.936292 2.460000
vn 0.000000 0.000000 -1.000000
f 2311//771 2312//771 2313//771
v -4.000000 3.880000 2.640000
v -3.967500 3.936292 2.640000
v -4.032500 3.936292 2.640000
vn 0.000000 -0.000000 1.000000
f 2314//772 2315//772 2316//772
v -4.032500 3.936292 2.460000
v -4.065000 3.880000 2.460000
v -4.065000 3.880000 2.640000
vn -0.866025 0.500000 0.000000
f 2317//773 2318//773 2319//773
v -4.032500 3.936292 2.460000
v -4.065000 3.880000 2.640000
v -4.032500 3.936292 2.640000
vn -0.866025 0.500000 0.000000
f 2320//774 2321//774 2322//774
v -4.000000 3.880000 2.460000
v -4.065000 3.880000 2.460000
v -4.032500 3.936292 2.460000
vn 0.000000 0.000000 -1.000000
f 2323//775 2324//775 2325//775
v -4.000000 3.880000 2.640000
v -4.032500 3.936292 2.640000
v -4.065000 3.880000 2.640000
vn 0.000000 0.000000 1.000000
f 2326//776 2327//776 2328//776
v -5.111518 3.446518 2.460000
v -5.079018 3.390226 2.460000
v -5.079018 3.390226 2.640000
vn -0.866025 -0.500000 0.000000
f 2329//777 2330//777 2331//777
v -5.111518 3.446518 2.460000
v -5.079018 3.390226 2.640000
v -5.111518 3.446518 2.640000
vn -0.866025 -0.500000 0.000000
f 2332//778 2333//778 2334//778
v -5.046518 3.446518 2.460000
v -5.079018 3.390226 2.460000
v -5.111518 3.446518 2.460000
vn -0.000000 0.000000 -1.000000
f 2335//779 2336//779 2337//779
v -5.046518 3.446518 2.640000
v -5.111518 3.446518 2.640000
v -5.079018 3.390226 2.640000
vn 0.000000 0.000000 1.000000
f 2338//780 2339//780 2340//780
v -5.079018 3.390226 2.460000
v -5.014018 3.390226 2.460000
v -5.014018 3.390226 2.640000
vn 0.000000 -1.000000 0.000000
f 2341//781 2342//781 2343//781
v -5.079018 3.390226 2.460000
v -5.014018 3.390226 2.640000
v -5.079018 3.390226 2.640000
vn 0.000000 -1.000000 0.000000
f 2344//782 2345//782 2346//782
v -5.046518 3.446518 2.460000
v -5.014018 3.390226 2.460000
v -5.079018 3.390226 2.460000
vn 0.000000 -0.000000 -1.000000
f 2347//783 2348//783 2349//783
v -5.046518 3.446518 2.640000
v -5.079018 3.390226 2.640000
v -5.014018 3.390226 2.640000
vn 0.000000 0.000000 1.000000
f 2350//784 2351//784 2352//784
v -5.014018 3.390226 2.460000
v -4.981518 3.446518 2.460000
v -4.981518 3.446518 2.640000
vn 0.866025 -0.500000 0.000000
f 2353//785 2354//785 2355//785
v -5.014018 3.390226 2.460000
v -4.981518 3.446518 2.640000
v -5.014018 3.390226 2.640000
vn 0.866025 -0.500000 0.000000
f 2356//786 2357//786 2358//786
v -5.046518 3.446518 2.460000
v -4.981518 3.446518 2.460000
v -5.014018 3.390226 2.460000
vn 0.000000 0.000000 -1.000000
f 2359//787 2360//787 2361//787
v -5.046518 3.446518 2.640000
v -5.014018 3.390226 2.640000
v -4.981518 3.446518 2.640000
vn -0.000000 0.000000 1.000000
f 2362//788 2363//788 2364//788
v -4.981518 3.446518 2.460000
v -5.014018 3.502810 2.460000
v -5.014018 3.502810 2.640000
vn 0.866025 0.500000 0.000000
f 2365//789 2366//789 2367//789
v -4.981518 3.446518 2.460000
v -5.014018 3.502810 2.640000
v -4.981518 3.446518 2.640000
vn 0.866025 0.500000 -0.000000
f 2368//790 2369//790 2370//790
v -5.046518 3.446518 2.460000
v -5.014018 3.502810 2.460000
v -4.981518 3.446518 2.460000
vn 0.000000 0.000000 -1.000000
f 2371//791 2372//791 2373//791
v -5.046518 3.446518 2.640000
v -4.981518 3.446518 2.640000
v -5.014018 3.502810 2.640000
vn 0.000000 0.000000 1.000000
f 2374//792 2375//792 2376//792
v -5.014018 3.502810 2.460000
v -5.079018 3.502810 2.460000
v -5.079018 3.502810 2.640000
vn 0.000000 1.000000 0.000000
f 2377//793 2378//793 2379//793
v -5.014018 3.502810 2.460000
v -5.079018 3.502810 2.640000
v -5.014018 3.502810 2.640000
vn 0.000000 1.000000 -0.000000
f 2380//794 2381//794 2382//794
v -5.046518 3.446518 2.460000
v -5.079018 3.502810 2.460000
v -5.014018 3.502810 2.460000
vn 0.000000 0.000000 -1.000000
f 2383//795 2384//795 2385//795
v -5.046518 3.446518 2.640000
v -5.014018 3.502810 2.640000
v -5.079018 3.502810 2.640000
vn 0.000000 -0.000000 1.000000
f 2386//796 2387//796 2388//796
v -5.079018 3.502810 2.460000
v -5.111518 3.446518 2.460000
v -5.111518 3.446518 2.640000
vn -0.866025 0.500000 0.000000
f 2389//797 2390//797 2391//797
v -5.079018 3.502810 2.460000
v -5.111518 3.446518 2.640000
v -5.079018 3.502810 2.640000
vn -0.866025 0.500000 0.000000
f 2392//798 2393//798 2394//798
v -5.046518 3.446518 2.460000
v -5.111518 3.446518 2.460000
v -5.079018 3.502810 2.460000
vn 0.000000 0.000000 -1.000000
f 2395//799 2396//799 2397//799
v -5.046518 3.446518 2.640000
v -5.079018 3.502810 2.640000
v -5.111518 3.446518 2.640000
vn 0.000000 0.000000 1.000000
f 2398//800 2399//800 2400//800
v -5.545000 2.400000 2.460000
v -5.512500 2.343708 2.460000
v -5.512500 2.343708 2.640000
vn -0.866025 -0.500000 0.000000
f 2401//801 2402//801 2403//801
v -5.545000 2.400000 2.460000
v -5.512500 2.343708 2.640000
v -5.545000 2.400000 2.640000
vn -0.866025 -0.500000 0.000000
f 2404//802 2405//802 2406//802
v -5.480000 2.400000 2.460000
v -5.512500 2.343708 2.460000
v -5.545000 2.400000 2.460000
vn -0.000000 0.000000 -1.000000
f 2407//803 2408//803 2409//803
v -5.480000 2.400000 2.640000
v -5.545000 2.400000 2.640000
v -5.512500 2.343708 2.640000
vn 0.000000 0.000000 1.000000
f 2410//804 2411//804 2412//804
v -5.512500 2.343708 2.460000
v -5.447500 2.343708 2.460000
v -5.447500 2.343708 2.640000
vn 0.000000 -1.000000 0.000000
f 2413//805 2414//805 2415//805
v -5.512500 2.343708 2.460000
v -5.447500 2.343708 2.640000
v -5.512500 2.343708 2.640000
vn 0.000000 -1.000000 0.000000
f 2416//806 2417//806 2418//806
v -5.480000 2.400000 2.460000
v -5.447500 2.343708 2.460000
v -5.512500 2.343708 2.460000
vn 0.000000 -0.000000 -1.000000
f 2419//807 2420//807 2421//807
v -5.480000 2.400000 2.640000
v -5.512500 2.343708 2.640000
v -5.447500 2.343708 2.640000
vn 0.000000 0.000000 1.000000
f 2422//808 2423//808 2424//808
v -5.447500 2.343708 2.460000
v -5.415000 2.400000 2.460000
v -5.415000 2.400000 2.640000
vn 0.866025 -0.500000 0.000000
f 2425//809 2426//809 2427//809
v -5.447500 2.343708 2.460000
v -5.415000 2.400000 2.640000
v -5.447500 2.343708 2.640000
vn 0.866025 -0.500000 0.000000
f 2428//810 2429//810 2430//810
v -5.480000 2.400000 2.460000
v -5.415000 2.400000 2.460000
v -5.447500 2.343708 2.460000
vn 0.000000 0.000000 -1.000000
f 2431//811 2432//811 2433//811
v -5.480000 2.400000 2.640000
v -5.447500 2.343708 2.640000
v -5.415000 2.400000 2.640000
vn -0.000000 0.000000 1.000000
f 2434//812 2435//812 2436//812
v -5.415000 2.400000 2.460000
v -5.447500 2.456292 2.460000
v -5.447500 2.456292 2.640000
vn 0.866025 0.500000 0.000000
f 2437//813 2438//813 2439//813
v -5.415000 2.400000 2.460000
v -5.447500 2.456292 2.640000
v -5.415000 2.400000 2.640000
vn 0.866025 0.500000 -0.000000
f 2440//814 2441//814 2442//814
v -5.480000 2.400000 2.460000
v -5.447500 2.456292 2.460000
v -5.415000 2.400000 2.460000
vn 0.000000 0.000000 -1.000000
f 2443//815 2444//815 2445//815
v -5.480000 2.400000 2.640000
v -5.415000 2.400000 2.640000
v -5.447500 2.456292 2.640000
vn 0.000000 0.000000 1.000000
f 2446//816 2447//816 2448//816
v -5.447500 2.456292 2.460000
v -5.512500 2.456292 2.460000
v -5.512500 2.456292 2.640000
vn 0.000000 1.000000 0.000000
f 2449//817 2450//817 2451//817
v -5.447500 2.456292 2.460000
v -5.512500 2.456292 2.640000
v -5.447500 2.456292 2.640000
vn 0.000000 1.000000 -0.000000
f 2452//818 2453//818 2454//818
v -5.480000 2.400000 2.460000
v -5.512500 2.456292 2.460000
v -5.447500 2.456292 2.460000
vn 0.000000 0.000000 -1.000000
f 2455//819 2456//819 2457//819
v -5.480000 2.400000 2.640000
v -5.447500 2.456292 2.640000
v -5.512500 2.456292 2.640000
vn 0.000000 -0.000000 1.000000
f 2458//820 2459//820 2460//820
v -5.512500 2.456292 2.460000
v -5.545000 2.400000 2.460000
v -5.545000 2.400000 2.640000
vn -0.866025 0.500000 0.000000
f 2461//821 2462//821 2463//821
v -5.512500 2.456292 2.460000
v -5.545000 2.400000 2.640000
v -5.512500 2.456292 2.640000
vn -0.866025 0.500000 0.000000
f 2464//822 2465//822 2466//822
v -5.480000 2.400000 2.460000
v -5.545000 2.400000 2.460000
v -5.512500 2.456292 2.460000
vn 0.000000 0.000000 -1.000000
f 2467//823 2468//823 2469//823
v -5.480000 2.400000 2.640000
v -5.512500 2.456292 2.640000
v -5.545000 2.400000 2.640000
vn 0.000000 0.000000 1.000000
f 2470//824 2471//824 2472//824
v -5.111518 1.353482 2.460000
v -5.079018 1.297190 2.460000
v -5.079018 1.297190 2.640000
vn -0.866025 -0.500000 0.000000
f 2473//825 2474//825 2475//825
v -5.111518 1.353482 2.460000
v -5.079018 1.297190 2.640000
v -5.111518 1.353482 2.640000
vn -0.866025 -0.500000 0.000000
f 2476//826 2477//826 2478//826
v -5.046518 1.353482 2.460000
v -5.079018 1.297190 2.460000
v -5.111518 1.353482 2.460000
vn -0.000000 0.000000 -1.000000
f 2479//827 2480//827 2481//827
v -5.046518 1.353482 2.640000
v -5.111518 1.353482 2.640000
v -5.079018 1.297190 2.640000
vn 0.000000 0.000000 1.000000
f 2482//828 2483//828 2484//828
v -5.079018 1.297190 2.460000
v -5.014018 1.297190 2.460000
v -5.014018 1.297190 2.640000
vn 0.000000 -1.000000 0.000000
f 2485//829 2486//829 2487//829
v -5.079018 1.297190 2.460000
v -5.014018 1.297190 2.640000
v -5.079018 1.297190 2.640000
vn 0.000000 -1.000000 0.000000
f 2488//830 2489//830 2490//830
v -5.046518 1.353482 2.460000
v -5.014018 1.297190 2.460000
v -5.079018 1.297190 2.460000
vn 0.000000 -0.000000 -1.000000
f 2491//831 2492//831 2493//831
v -5.046518 1.353482 2.640000
v -5.079018 1.297190 2.640000
v -5.014018 1.297190 2.640000
vn 0.000000 0.000000 1.000000
f 2494//832 2495//832 2496//832
v -5.014018 1.297190 2.460000
v -4.981518 1.353482 2.460000
v -4.981518 1.353482 2.640000
vn 0.866025 -0.500000 0.000000
f 2497//833 2498//833 2499//833
v -5.014018 1.297190 2.460000
v -4.981518 1.353482 2.640000
v -5.014018 1.297190 2.640000
vn 0.866025 -0.500000 0.000000
f 2500//834 2501//834 2502//834
v -5.046518 1.353482 2.460000
v -4.981518 1.353482 2.460000
v -5.014018 1.297190 2.460000
vn 0.000000 0.000000 -1.000000
f 2503//835 2504//835 2505//835
v -5.046518 1.353482 2.640000
v -5.014018 1.297190 2.640000
v -4.981518 1.353482 2.640000
vn -0.000000 0.000000 1.000000
f 2506//836 2507//836 2508//836
v -4.981518 1.353482 2.460000
v -5.014018 1.409774 2.460000
v -5.014018 1.409774 2.640000
vn 0.866025 0.500000 0.000000
f 2509//837 2510//837 2511//837
v -4.981518 1.353482 2.460000
v -5.014018 1.409774 2.640000
v -4.981518 1.353482 2.640000
vn 0.866025 0.500000 -0.000000
f 2512//838 2513//838 2514//838
v -5.046518 1.353482 2.460000
v -5.014018 1.409774 2.460000
v -4.981518 1.353482 2.460000
vn 0.000000 0.000000 -1.000000
f 2515//839 2516//839 2517//839
v -5.046518 1.353482 2.640000
v -4.981518 1.353482 2.640000
v -5.014018 1.409774 2.640000
vn 0.000000 0.000000 1.000000
f 2518//840 2519//840 2520//840
v -5.014018 1.409774 2.460000
v -5.079018 1.409774 2.460000
v -5.079018 1.409774 2.640000
vn 0.000000 1.000000 0.000000
f 2521//841 2522//841 2523//841
v -5.014018 1.409774 2.460000
v -5.079018 1.409774 2.640000
v -5.014018 1.409774 2.640000
vn 0.000000 1.000000 -0.000000
f 2524//842 2525//842 2526//842
v -5.046518 1.353482 2.460000
v -5.079018 1.409774 2.460000
v -5.014018 1.409774 2.460000
vn 0.000000 0.000000 -1.000000
f 2527//843 2528//843 2529//843
v -5.046518 1.353482 2.640000
v -5.014018 1.409774 2.640000
v -5.079018 1.409774 2.640000
vn 0.000000 -0.000000 1.000000
f 2530//844 2531//844 2532//844
v -5.079018 1.409774 2.460000
v -5.111518 1.353482 2.460000
v -5.111518 1.353482 2.640000
vn -0.866025 0.500000 0.000000
f 2533//845 2534//845 2535//845
v -5.079018 1.409774 2.460000
v -5.111518 1.353482 2.640000
v -5.079018 1.409774 2.640000
vn -0.866025 0.500000 0.000000
f 2536//846 2537//846 2538//846
v -5.046518 1.353482 2.460000
v -5.111518 1.353482 2.460000
v -5.079018 1.409774 2.460000
vn 0.000000 0.000000 -1.000000
f 2539//847 2540//847 2541//847
v -5.046518 1.353482 2.640000
v -5.079018 1.409774 2.640000
v -5.111518 1.353482 2.640000
vn 0.000000 0.000000 1.000000
f 2542//848 2543//848 2544//848
v -4.065000 0.920000 2.460000
v -4.032500 0.863708 2.460000
v -4.032500 0.863708 2.640000
vn -0.866025 -0.500000 0.000000
f 2545//849 2546//849 2547//849
v -4.065000 0.920000 2.460000
v -4.032500 0.863708 2.640000
v -4.065000 0.920000 2.640000
vn -0.866025 -0.500000 0.000000
f 2548//850 2549//850 2550//850
v -4.000000 0.920000 2.460000
v -4.032500 0.863708 2.460000
v -4.065000 0.920000 2.460000
vn -0.000000 0.000000 -1.000000
f 2551//851 2552//851 2553//851
v -4.000000 0.920000 2.640000
v -4.065000 0.920000 2.640000
v -4.032500 0.863708 2.640000
vn 0.000000 0.000000 1.000000
f 2554//852 2555//852 2556//852
v -4.032500 0.863708 2.460000
v -3.967500 0.863708 2.460000
v -3.967500 0.863708 2.640000
vn 0.000000 -1.000000 0.000000
f 2557//853 2558//853 2559//853
v -4.032500 0.863708 2.460000
v -3.967500 0.863708 2.640000
v -4.032500 0.863708 2.640000
vn 0.000000 -1.000000 0.000000
f 2560//854 2561//854 2562//854
v -4.000000 0.920000 2.460000
v -3.967500 0.863708 2.460000
v -4.032500 0.863708 2.460000
vn 0.000000 -0.000000 -1.000000
f 2563//855 2564//855 2565//855
v -4.000000 0.920000 2.640000
v -4.032500 0.863708 2.640000
v -3.967500 0.863708 2.640000
vn 0.000000 0.000000 1.000000
f 2566//856 2567//856 2568//856
v -3.967500 0.863708 2.460000
v -3.935000 0.920000 2.460000
v -3.935000 0.920000 2.640000
vn 0.866025 -0.500000 0.000000
f 2569//857 2570//857 2571//857
v -3.967500 0.863708 2.460000
v -3.935000 0.920000 2.640000
v -3.967500 0.863708 2.640000
vn 0.866025 -0.500000 0.000000
f 2572//858 2573//858 2574//858
v -4.000000 0.920000 2.460000
v -3.935000 0.920000 2.460000
v -3.967500 0.863708 2.460000
vn 0.000000 0.000000 -1.000000
f 2575//859 2576//859 2577//859
v -4.000000 0.920000 2.640000
v -3.967500 0.863708 2.640000
v -3.935000 0.920000 2.640000
vn -0.000000 0.000000 1.000000
f 2578//860 2579//860 2580//860
v -3.935000 0.920000 2.460000
v -3.967500 0.976292 2.460000
v -3.967500 0.976292 2.640000
vn 0.866025 0.500000 0.000000
f 2581//861 2582//861 2583//861
v -3.935000 0.920000 2.460000
v -3.967500 0.976292 2.640000
v -3.935000 0.920000 2.640000
vn 0.866025 0.500000 -0.000000
f 2584//862 2585//862 2586//862
v -4.000000 0.920000 2.460000
v -3.967500 0.976292 2.460000
v -3.935000 0.920000 2.460000
vn 0.000000 0.000000 -1.000000
f 2587//863 2588//863 2589//863
v -4.000000 0.920000 2.640000
v -3.935000 0.920000 2.640000
v -3.967500 0.976292 2.640000
vn 0.000000 0.000000 1.000000
f 2590//864 2591//864 2592//864
v -3.967500 0.976292 2.460000
v -4.032500 0.976292 2.460000
v -4.032500 0.976292 2.640000
vn 0.000000 1.000000 0.000000
f 2593//865 2594//865 2595//865
v -3.967500 0.976292 2.460000
v -4.032500 0.976292 2.640000
v -3.967500 0.976292 2.640000
vn 0.000000 1.000000 -0.000000
f 2596//866 2597//866 2598//866
v -4.000000 0.920000 2.460000
v -4.032500 0.976292 2.460000
v -3.967500 0.976292 2.460000
vn 0.000000 0.000000 -1.000000
f 2599//867 2600//867 2601//867
v -4.000000 0.920000 2.640000
v -3.967500 0.976292 2.640000
v -4.032500 0.976292 2.640000
vn 0.000000 -0.000000 1.000000
f 2602//868 2603//868 2604//868
v -4.032500 0.976292 2.460000
v -4.065000 0.920000 2.460000
v -4.065000 0.920000 2.640000
vn -0.866025 0.500000 0.000000
f 2605//869 2606//869 2607//869
v -4.032500 0.976292 2.460000
v -4.065000 0.920000 2.640000
v -4.032500 0.976292 2.640000
vn -0.866025 0.500000 0.000000
f 2608//870 2609//870 2610//870
v -4.000000 0.920000 2.460000
v -4.065000 0.920000 2.460000
v -4.032500 0.976292 2.460000
vn 0.000000 0.000000 -1.000000
f 2611//871 2612//871 2613//871
v -4.000000 0.920000 2.640000
v -4.032500 0.976292 2.640000
v -4.065000 0.920000 2.640000
vn 0.000000 0.000000 1.000000
f 2614//872 2615//872 2616//872
v -3.018482 1.353482 2.460000
v -2.985982 1.297190 2.460000
v -2.985982 1.297190 2.640000
vn -0.866025 -0.500000 0.000000
f 2617//873 2618//873 2619//873
v -3.018482 1.353482 2.460000
v -2.985982 1.297190 2.640000
v -3.018482 1.353482 2.640000
vn -0.866025 -0.500000 0.000000
f 2620//874 2621//874 2622//874
v -2.953482 1.353482 2.460000
v -2.985982 1.297190 2.460000
v -3.018482 1.353482 2.460000
vn -0.000000 0.000000 -1.000000
f 2623//875 2624//875 2625//875
v -2.953482 1.353482 2.640000
v -3.018482 1.353482 2.640000
v -2.985982 1.297190 2.640000
vn 0.000000 0.000000 1.000000
f 2626//876 2627//876 2628//876
v -2.985982 1.297190 2.460000
v -2.920982 1.297190 2.460000
v -2.920982 1.297190 2.640000
vn 0.000000 -1.000000 0.000000
f 2629//877 2630//877 2631//877
v -2.985982 1.297190 2.460000
v -2.920982 1.297190 2.640000
v -2.985982 1.297190 2.640000
vn 0.000000 -1.000000 0.000000
f 2632//878 2633//878 2634//878
v -2.953482 1.353482 2.460000
v -2.920982 1.297190 2.460000
v -2.985982 1.297190 2.460000
vn 0.000000 -0.000000 -1.000000
f 2635//879 2636//879 2637//879
v -2.953482 1.353482 2.640000
v -2.985982 1.297190 2.640000
v -2.920982 1.297190 2.640000
vn 0.000000 0.000000 1.000000
f 2638//880 2639//880 2640//880
v -2.920982 1.297190 2.460000
v -2.888482 1.353482 2.460000
v -2.888482 1.353482 2.640000
vn 0.866025 -0.500000 0.000000
f 2641//881 2642//881 2643//881
v -2.920982 1.297190 2.460000
v -2.888482 1.353482 2.640000
v -2.920982 1.297190 2.640000
vn 0.866025 -0.500000 0.000000
f 2644//882 2645//882 2646//882
v -2.953482 1.353482 2.460000
v -2.888482 1.353482 2.460000
v -2.920982 1.297190 2.460000
vn 0.000000 0.000000 -1.000000
f 2647//883 2648//883 2649//883
v -2.953482 1.353482 2.640000
v -2.920982 1.297190 2.640000
v -2.888482 1.353482 2.640000
vn -0.000000 0.000000 1.000000
f 2650//884 2651//884 2652//884
v -2.888482 1.353482 2.460000
v -2.920982 1.409774 2.460000
v -2.920982 1.409774 2.640000
vn 0.866025 0.500000 0.000000
f 2653//885 2654//885 2655//885
v -2.888482 1.353482 2.460000
v -2.920982 1.409774 2.640000
v -2.888482 1.353482 2.640000
vn 0.866025 0.500000 -0.000000
f 2656//886 2657//886 2658//886
v -2.953482 1.353482 2.460000
v -2.920982 1.409774 2.460000
v -2.888482 1.353482 2.460000
vn 0.000000 0.000000 -1.000000
f 2659//887 2660//887 2661//887
v -2.953482 1.353482 2.640000
v -2.888482 1.353482 2.640000
v -2.920982 1.409774 2.640000
vn 0.000000 0.000000 1.000000
f 2662//888 2663//888 2664//888
v -2.920982 1.409774 2.460000
v -2.985982 1.409774 2.460000
v -2.985982 1.409774 2.640000
vn 0.000000 1.000000 0.000000
f 2665//889 2666//889 2667//889
v -2.920982 1.409774 2.460000
v -2.985982 1.409774 2.640000
v -2.920982 1.409774 2.640000
vn 0.000000 1.000000 -0.000000
f 2668//890 2669//890 2670//890
v -2.953482 1.353482 2.460000
v -2.985982 1.409774 2.460000
v -2.920982 1.409774 2.460000
vn 0.000000 0.000000 -1.000000
f 2671//891 2672//891 2673//891
v -2.953482 1.353482 2.640000
v -2.920982 1.409774 2.640000
v -2.985982 1.409774 2.640000
vn 0.000000 -0.000000 1.000000
f 2674//892 2675//892 2676//892
v -2.985982 1.409774 2.460000
v -3.018482 1.353482 2.460000
v -3.018482 1.353482 2.640000
vn -0.866025 0.500000 0.000000
f 2677//893 2678//893 2679//893
v -2.985982 1.409774 2.460000
v -3.018482 1.353482 2.640000
v -2.985982 1.409774 2.640000
vn -0.866025 0.500000 0.000000
f 2680//894 2681//894 2682//894
v -2.953482 1.353482 2.460000
v -3.018482 1.353482 2.460000
v -2.985982 1.409774 2.460000
vn 0.000000 0.000000 -1.000000
f 2683//895 2684//895 2685//895
v -2.953482 1.353482 2.640000
v -2.985982 1.409774 2.640000
v -3.018482 1.353482 2.640000
vn 0.000000 0.000000 1.000000
f 2686//896 2687//896 2688//896
v -4.000000 4.440000 -1.980000
v -4.148328 4.440000 -1.956507
v -4.148328 4.560000 -1.956507
vn -0.156434 0.000000 -0.987688
f 2689//897 2690//897 2691//897
v -4.000000 4.440000 -1.980000
v -4.148328 4.560000 -1.956507
v -4.000000 4.560000 -1.980000
vn -0.156434 0.000000 -0.987688
f 2692//898 2693//898 2694//898
v -4.000000 4.440000 -1.860000
v -4.000000 4.560000 -1.860000
v -4.111246 4.560000 -1.842380
vn 0.156434 -0.000000 0.987688
f 2695//899 2696//899 2697//899
v -4.000000 4.440000 -1.860000
v -4.111246 4.560000 -1.842380
v -4.111246 4.440000 -1.842380
vn 0.156434 0.000000 0.987688
f 2698//900 2699//900 2700//900
v -4.148328 4.440000 -1.956507
v -4.000000 4.440000 -1.980000
v -4.000000 4.440000 -1.860000
vn 0.000000 -1.000000 0.000000
f 2701//901 2702//901 2703//901
v -4.148328 4.440000 -1.956507
v -4.000000 4.440000 -1.860000
v -4.111246 4.440000 -1.842380
vn 0.000000 -1.000000 0.000000
f 2704//902 2705//902 2706//902
v -4.000000 4.560000 -1.980000
v -4.148328 4.560000 -1.956507
v -4.111246 4.560000 -1.842380
vn 0.000000 1.000000 0.000000
f 2707//903 2708//903 2709//903
v -4.000000 4.560000 -1.980000
v -4.111246 4.560000 -1.842380
v -4.000000 4.560000 -1.860000
vn 0.000000 1.000000 -0.000000
f 2710//904 2711//904 2712//904
v -4.148328 4.440000 -1.956507
v -4.282137 4.440000 -1.888328
v -4.282137 4.560000 -1.888328
vn -0.453990 0.000000 -0.891007
f 2713//905 2714//905 2715//905
v -4.148328 4.440000 -1.956507
v -4.282137 4.560000 -1.888328
v -4.148328 4.560000 -1.956507
vn -0.453990 0.000000 -0.891007
f 2716//906 2717//906 2718//906
v -4.111246 4.440000 -1.842380
v -4.111246 4.560000 -1.842380
v -4.211603 4.560000 -1.791246
vn 0.453990 -0.000000 0.891007
f 2719//907 2720//907 2721//907
v -4.111246 4.440000 -1.842380
v -4.211603 4.560000 -1.791246
v -4.211603 4.440000 -1.791246
vn 0.453990 0.000000 0.891007
f 2722//908 2723//908 2724//908
v -4.282137 4.440000 -1.888328
v -4.148328 4.440000 -1.956507
v -4.111246 4.440000 -1.842380
vn 0.000000 -1.000000 0.000000
f 2725//909 2726//909 2727//909
v -4.282137 4.440000 -1.888328
v -4.111246 4.440000 -1.842380
v -4.211603 4.440000 -1.791246
vn 0.000000 -1.000000 0.000000
f 2728//910 2729//910 2730//910
v -4.148328 4.560000 -1.956507
v -4.282137 4.560000 -1.888328
v -4.211603 4.560000 -1.791246
vn 0.000000 1.000000 0.000000
f 2731//911 2732//911 2733//911
v -4.148328 4.560000 -1.956507
v -4.211603 4.560000 -1.791246
v -4.111246 4.560000 -1.842380
vn 0.000000 1.000000 -0.000000
f 2734//912 2735//912 2736//912
v -4.282137 4.440000 -1.888328
v -4.388328 4.440000 -1.782137
v -4.388328 4.560000 -1.782137
vn -0.707107 0.000000 -0.707107
f 2737//913 2738//913 2739//913
v -4.282137 4.440000 -1.888328
v -4.388328 4.560000 -1.782137
v -4.282137 4.560000 -1.888328
vn -0.707107 0.000000 -0.707107
f 2740//914 2741//914 2742//914
v -4.211603 4.440000 -1.791246
v -4.211603 4.560000 -1.791246
v -4.291246 4.560000 -1.711603
vn 0.707107 -0.000000 0.707107
f 2743//915 2744//915 2745//915
v -4.211603 4.440000 -1.791246
v -4.291246 4.560000 -1.711603
v -4.291246 4.440000 -1.711603
vn 0.707107 0.000000 0.707107
f 2746//916 2747//916 2748//916
v -4.388328 4.440000 -1.782137
v -4.282137 4.440000 -1.888328
v -4.211603 4.440000 -1.791246
vn 0.000000 -1.000000 0.000000
f 2749//917 2750//917 2751//917
v -4.388328 4.440000 -1.782137
v -4.211603 4.440000 -1.791246
v -4.291246 4.440000 -1.711603
vn 0.000000 -1.000000 0.000000
f 2752//918 2753//918 2754//918
v -4.282137 4.560000 -1.888328
v -4.388328 4.560000 -1.782137
v -4.291246 4.560000 -1.711603
vn 0.000000 1.000000 0.000000
f 2755//919 2756//919 2757//919
v -4.282137 4.560000 -1.888328
v -4.291246 4.560000 -1.711603
v -4.211603 4.560000 -1.791246
vn 0.000000 1.000000 -0.000000
f 2758//920 2759//920 2760//920
v -4.388328 4.440000 -1.782137
v -4.456507 4.440000 -1.648328
v -4.456507 4.560000 -1.648328
vn -0.891007 0.000000 -0.453990
f 2761//921 2762//921 2763//921
v -4.388328 4.440000 -1.782137
v -4.456507 4.560000 -1.648328
v -4.388328 4.560000 -1.782137
vn -0.891007 0.000000 -0.453990
f 2764//922 2765//922 2766//922
v -4.291246 4.440000 -1.711603
v -4.291246 4.560000 -1.711603
v -4.342380 4.560000 -1.611246
vn 0.891007 -0.000000 0.453990
f 2767//923 2768//923 2769//923
v -4.291246 4.440000 -1.711603
v -4.342380 4.560000 -1.611246
v -4.342380 4.440000 -1.611246
vn 0.891007 0.000000 0.453990
f 2770//924 2771//924 2772//924
v -4.456507 4.440000 -1.648328
v -4.388328 4.440000 -1.782137
v -4.291246 4.440000 -1.711603
vn 0.000000 -1.000000 0.000000
f 2773//925 2774//925 2775//925
v -4.456507 4.440000 -1.648328
v -4.291246 4.440000 -1.711603
v -4.342380 4.440000 -1.611246
vn 0.000000 -1.000000 0.000000
f 2776//926 2777//926 2778//926
v -4.388328 4.560000 -1.782137
v -4.456507 4.560000 -1.648328
v -4.342380 4.560000 -1.611246
vn 0.000000 1.000000 -0.000000
f 2779//927 2780//927 2781//927
v -4.388328 4.560000 -1.782137
v -4.342380 4.560000 -1.611246
v -4.291246 4.560000 -1.711603
vn 0.000000 1.000000 0.000000
f 2782//928 2783//928 2784//928
v -4.456507 4.440000 -1.648328
v -4.480000 4.440000 -1.500000
v -4.480000 4.560000 -1.500000
vn -0.987688 0.000000 -0.156434
f 2785//929 2786//929 2787//929
v -4.456507 4.440000 -1.648328
v -4.480000 4.560000 -1.500000
v -4.456507 4.560000 -1.648328
vn -0.987688 0.000000 -0.156434
f 2788//930 2789//930 2790//930
v -4.342380 4.440000 -1.611246
v -4.342380 4.560000 -1.611246
v -4.360000 4.560000 -1.500000
vn 0.987688 -0.000000 0.156434
f 2791//931 2792//931 2793//931
v -4.342380 4.440000 -1.611246
v -4.360000 4.560000 -1.500000
v -4.360000 4.440000 -1.500000
vn 0.987688 0.000000 0.156434
f 2794//932 2795//932 2796//932
v -4.480000 4.440000 -1.500000
v -4.456507 4.440000 -1.648328
v -4.342380 4.440000 -1.611246
vn 0.000000 -1.000000 0.000000
f 2797//933 2798//933 2799//933
v -4.480000 4.440000 -1.500000
v -4.342380 4.440000 -1.611246
v -4.360000 4.440000 -1.500000
vn 0.000000 -1.000000 0.000000
f 2800//934 2801//934 2802//934
v -4.456507 4.560000 -1.648328
v -4.480000 4.560000 -1.500000
v -4.360000 4.560000 -1.500000
vn 0.000000 1.000000 -0.000000
f 2803//935 2804//935 2805//935
v -4.456507 4.560000 -1.648328
v -4.360000 4.560000 -1.500000
v -4.342380 4.560000 -1.611246
vn 0.000000 1.000000 0.000000
f 2806//936 2807//936 2808//936
v -4.480000 4.440000 -1.500000
v -4.456507 4.440000 -1.351672
v -4.456507 4.560000 -1.351672
vn -0.987688 0.000000 0.156434
f 2809//937 2810//937 2811//937
v -4.480000 4.440000 -1.500000
v -4.456507 4.560000 -1.351672
v -4.480000 4.560000 -1.500000
vn -0.987688 0.000000 0.156434
f 2812//938 2813//938 2814//938
v -4.360000 4.440000 -1.500000
v -4.360000 4.560000 -1.500000
v -4.342380 4.560000 -1.388754
vn 0.987688 0.000000 -0.156434
f 2815//939 2816//939 2817//939
v -4.360000 4.440000 -1.500000
v -4.342380 4.560000 -1.388754
v -4.342380 4.440000 -1.388754
vn 0.987688 0.000000 -0.156434
f 2818//940 2819//940 2820//940
v -4.456507 4.440000 -1.351672
v -4.480000 4.440000 -1.500000
v -4.360000 4.440000 -1.500000
vn 0.000000 -1.000000 -0.000000
f 2821//941 2822//941 2823//941
v -4.456507 4.440000 -1.351672
v -4.360000 4.440000 -1.500000
v -4.342380 4.440000 -1.388754
vn 0.000000 -1.000000 0.000000
f 2824//942 2825//942 2826//942
v -4.480000 4.560000 -1.500000
v -4.456507 4.560000 -1.351672
v -4.342380 4.560000 -1.388754
vn 0.000000 1.000000 0.000000
f 2827//943 2828//943 2829//943
v -4.480000 4.560000 -1.500000
v -4.342380 4.560000 -1.388754
v -4.360000 4.560000 -1.500000
vn 0.000000 1.000000 0.000000
f 2830//944 2831//944 2832//944
v -4.456507 4.440000 -1.351672
v -4.388328 4.440000 -1.217863
v -4.388328 4.560000 -1.217863
vn -0.891007 0.000000 0.453990
f 2833//945 2834//945 2835//945
v -4.456507 4.440000 -1.351672
v -4.388328 4.560000 -1.217863
v -4.456507 4.560000 -1.351672
vn -0.891007 0.000000 0.453990
f 2836//946 2837//946 2838//946
v -4.342380 4.440000 -1.388754
v -4.342380 4.560000 -1.388754
v -4.291246 4.560000 -1.288397
vn 0.891007 0.000000 -0.453990
f 2839//947 2840//947 2841//947
v -4.342380 4.440000 -1.388754
v -4.291246 4.560000 -1.288397
v -4.291246 4.440000 -1.288397
vn 0.891007 0.000000 -0.453990
f 2842//948 2843//948 2844//948
v -4.388328 4.440000 -1.217863
v -4.456507 4.440000 -1.351672
v -4.342380 4.440000 -1.388754
vn 0.000000 -1.000000 -0.000000
f 2845//949 2846//949 2847//949
v -4.388328 4.440000 -1.217863
v -4.342380 4.440000 -1.388754
v -4.291246 4.440000 -1.288397
vn 0.000000 -1.000000 0.000000
f 2848//950 2849//950 2850//950
v -4.456507 4.560000 -1.351672
v -4.388328 4.560000 -1.217863
v -4.291246 4.560000 -1.288397
vn 0.000000 1.000000 0.000000
f 2851//951 2852//951 2853//951
v -4.456507 4.560000 -1.351672
v -4.291246 4.560000 -1.288397
v -4.342380 4.560000 -1.388754
vn -0.000000 1.000000 0.000000
f 2854//952 2855//952 2856//952
v -4.388328 4.440000 -1.217863
v -4.282137 4.440000 -1.111672
v -4.282137 4.560000 -1.111672
vn -0.707107 0.000000 0.707107
f 2857//953 2858//953 2859//953
v -4.388328 4.440000 -1.217863
v -4.282137 4.560000 -1.111672
v -4.388328 4.560000 -1.217863
vn -0.707107 0.000000 0.707107
f 2860//954 2861//954 2862//954
v -4.291246 4.440000 -1.288397
v -4.291246 4.560000 -1.288397
v -4.211603 4.560000 -1.208754
vn 0.707107 0.000000 -0.707107
f 2863//955 2864//955 2865//955
v -4.291246 4.440000 -1.288397
v -4.211603 4.560000 -1.208754
v -4.211603 4.440000 -1.208754
vn 0.707107 0.000000 -0.707107
f 2866//956 2867//956 2868//956
v -4.282137 4.440000 -1.111672
v -4.388328 4.440000 -1.217863
v -4.291246 4.440000 -1.288397
vn 0.000000 -1.000000 0.000000
f 2869//957 2870//957 2871//957
v -4.282137 4.440000 -1.111672
v -4.291246 4.440000 -1.288397
v -4.211603 4.440000 -1.208754
vn 0.000000 -1.000000 -0.000000
f 2872//958 2873//958 2874//958
v -4.388328 4.560000 -1.217863
v -4.282137 4.560000 -1.111672
v -4.211603 4.560000 -1.208754
vn 0.000000 1.000000 0.000000
f 2875//959 2876//959 2877//959
v -4.388328 4.560000 -1.217863
v -4.211603 4.560000 -1.208754
v -4.291246 4.560000 -1.288397
vn -0.000000 1.000000 0.000000
f 2878//960 2879//960 2880//960
v -4.282137 4.440000 -1.111672
v -4.148328 4.440000 -1.043493
v -4.148328 4.560000 -1.043493
vn -0.453990 0.000000 0.891007
f 2881//961 2882//961 2883//961
v -4.282137 4.440000 -1.111672
v -4.148328 4.560000 -1.043493
v -4.282137 4.560000 -1.111672
vn -0.453990 0.000000 0.891007
f 2884//962 2885//962 2886//962
v -4.211603 4.440000 -1.208754
v -4.211603 4.560000 -1.208754
v -4.111246 4.560000 -1.157620
vn 0.453990 0.000000 -0.891007
f 2887//963 2888//963 2889//963
v -4.211603 4.440000 -1.208754
v -4.111246 4.560000 -1.157620
v -4.111246 4.440000 -1.157620
vn 0.453990 0.000000 -0.891007
f 2890//964 2891//964 2892//964
v -4.148328 4.440000 -1.043493
v -4.282137 4.440000 -1.111672
v -4.211603 4.440000 -1.208754
vn 0.000000 -1.000000 0.000000
f 2893//965 2894//965 2895//965
v -4.148328 4.440000 -1.043493
v -4.211603 4.440000 -1.208754
v -4.111246 4.440000 -1.157620
vn 0.000000 -1.000000 -0.000000
f 2896//966 2897//966 2898//966
v -4.282137 4.560000 -1.111672
v -4.148328 4.560000 -1.043493
v -4.111246 4.560000 -1.157620
vn -0.000000 1.000000 0.000000
f 2899//967 2900//967 2901//967
v -4.282137 4.560000 -1.111672
v -4.111246 4.560000 -1.157620
v -4.211603 4.560000 -1.208754
vn 0.000000 1.000000 0.000000
f 2902//968 2903//968 2904//968
v -4.148328 4.440000 -1.043493
v -4.000000 4.440000 -1.020000
v -4.000000 4.560000 -1.020000
vn -0.156434 0.000000 0.987688
f 2905//969 2906//969 2907//969
v -4.148328 4.440000 -1.043493
v -4.000000 4.560000 -1.020000
v -4.148328 4.560000 -1.043493
vn -0.156434 0.000000 0.987688
f 2908//970 2909//970 2910//970
v -4.111246 4.440000 -1.157620
v -4.111246 4.560000 -1.157620
v -4.000000 4.560000 -1.140000
vn 0.156434 0.000000 -0.987688
f 2911//971 2912//971 2913//971
v -4.111246 4.440000 -1.157620
v -4.000000 4.560000 -1.140000
v -4.000000 4.440000 -1.140000
vn 0.156434 0.000000 -0.987688
f 2914//972 2915//972 2916//972
v -4.000000 4.440000 -1.020000
v -4.148328 4.440000 -1.043493
v -4.111246 4.440000 -1.157620
vn 0.000000 -1.000000 0.000000
f 2917//973 2918//973 2919//973
v -4.000000 4.440000 -1.020000
v -4.111246 4.440000 -1.157620
v -4.000000 4.440000 -1.140000
vn 0.000000 -1.000000 -0.000000
f 2920//974 2921//974 2922//974
v -4.148328 4.560000 -1.043493
v -4.000000 4.560000 -1.020000
v -4.000000 4.560000 -1.140000
vn -0.000000 1.000000 0.000000
f 2923//975 2924//975 2925//975
v -4.148328 4.560000 -1.043493
v -4.000000 4.560000 -1.140000
v -4.111246 4.560000 -1.157620
vn 0.000000 1.000000 0.000000
f 2926//976 2927//976 2928//976
v -4.000000 4.440000 -1.020000
v -3.851672 4.440000 -1.043493
v -3.851672 4.560000 -1.043493
vn 0.156434 0.000000 0.987688
f 2929//977 2930//977 2931//977
v -4.000000 4.440000 -1.020000
v -3.851672 4.560000 -1.043493
v -4.000000 4.560000 -1.020000
vn 0.156434 -0.000000 0.987688
f 2932//978 2933//978 2934//978
v -4.000000 4.440000 -1.140000
v -4.000000 4.560000 -1.140000
v -3.888754 4.560000 -1.157620
vn -0.156434 0.000000 -0.987688
f 2935//979 2936//979 2937//979
v -4.000000 4.440000 -1.140000
v -3.888754 4.560000 -1.157620
v -3.888754 4.440000 -1.157620
vn -0.156434 0.000000 -0.987688
f 2938//980 2939//980 2940//980
v -3.851672 4.440000 -1.043493
v -4.000000 4.440000 -1.020000
v -4.000000 4.440000 -1.140000
vn -0.000000 -1.000000 0.000000
f 2941//981 2942//981 2943//981
v -3.851672 4.440000 -1.043493
v -4.000000 4.440000 -1.140000
v -3.888754 4.440000 -1.157620
vn 0.000000 -1.000000 0.000000
f 2944//982 2945//982 2946//982
v -4.000000 4.560000 -1.020000
v -3.851672 4.560000 -1.043493
v -3.888754 4.560000 -1.157620
vn 0.000000 1.000000 0.000000
f 2947//983 2948//983 2949//983
v -4.000000 4.560000 -1.020000
v -3.888754 4.560000 -1.157620
v -4.000000 4.560000 -1.140000
vn 0.000000 1.000000 0.000000
f 2950//984 2951//984 2952//984
v -3.851672 4.440000 -1.043493
v -3.717863 4.440000 -1.111672
v -3.717863 4.560000 -1.111672
vn 0.453990 0.000000 0.891007
f 2953//985 2954//985 2955//985
v -3.851672 4.440000 -1.043493
v -3.717863 4.560000 -1.111672
v -3.851672 4.560000 -1.043493
vn 0.453990 -0.000000 0.891007
f 2956//986 2957//986 2958//986
v -3.888754 4.440000 -1.157620
v -3.888754 4.560000 -1.157620
v -3.788397 4.560000 -1.208754
vn -0.453990 0.000000 -0.891007
f 2959//987 2960//987 2961//987
v -3.888754 4.440000 -1.157620
v -3.788397 4.560000 -1.208754
v -3.788397 4.440000 -1.208754
vn -0.453990 0.000000 -0.891007
f 2962//988 2963//988 2964//988
v -3.717863 4.440000 -1.111672
v -3.851672 4.440000 -1.043493
v -3.888754 4.440000 -1.157620
vn -0.000000 -1.000000 0.000000
f 2965//989 2966//989 2967//989
v -3.717863 4.440000 -1.111672
v -3.888754 4.440000 -1.157620
v -3.788397 4.440000 -1.208754
vn 0.000000 -1.000000 0.000000
f 2968//990 2969//990 2970//990
v -3.851672 4.560000 -1.043493
v -3.717863 4.560000 -1.111672
v -3.788397 4.560000 -1.208754
vn 0.000000 1.000000 0.000000
f 2971//991 2972//991 2973//991
v -3.851672 4.560000 -1.043493
v -3.788397 4.560000 -1.208754
v -3.888754 4.560000 -1.157620
vn 0.000000 1.000000 0.000000
f 2974//992 2975//992 2976//992
v -3.717863 4.440000 -1.111672
v -3.611672 4.440000 -1.217863
v -3.611672 4.560000 -1.217863
vn 0.707107 0.000000 0.707107
f 2977//993 2978//993 2979//993
v -3.717863 4.440000 -1.111672
v -3.611672 4.560000 -1.217863
v -3.717863 4.560000 -1.111672
vn 0.707107 -0.000000 0.707107
f 2980//994 2981//994 2982//994
v -3.788397 4.440000 -1.208754
v -3.788397 4.560000 -1.208754
v -3.708754 4.560000 -1.288397
vn -0.707107 0.000000 -0.707107
f 2983//995 2984//995 2985//995
v -3.788397 4.440000 -1.208754
v -3.708754 4.560000 -1.288397
v -3.708754 4.440000 -1.288397
vn -0.707107 0.000000 -0.707107
f 2986//996 2987//996 2988//996
v -3.611672 4.440000 -1.217863
v -3.717863 4.440000 -1.111672
v -3.788397 4.440000 -1.208754
vn 0.000000 -1.000000 0.000000
f 2989//997 2990//997 2991//997
v -3.611672 4.440000 -1.217863
v -3.788397 4.440000 -1.208754
v -3.708754 4.440000 -1.288397
vn -0.000000 -1.000000 0.000000
f 2992//998 2993//998 2994//998
v -3.717863 4.560000 -1.111672
v -3.611672 4.560000 -1.217863
v -3.708754 4.560000 -1.288397
vn 0.000000 1.000000 0.000000
f 2995//999 2996//999 2997//999
v -3.717863 4.560000 -1.111672
v -3.708754 4.560000 -1.288397
v -3.788397 4.560000 -1.208754
vn 0.000000 1.000000 0.000000
f 2998//1000 2999//1000 3000//1000
v -3.611672 4.440000 -1.217863
v -3.543493 4.440000 -1.351672
v -3.543493 4.560000 -1.351672
vn 0.891007 0.000000 0.453990
f 3001//1001 3002//1001 3003//1001
v -3.611672 4.440000 -1.217863
v -3.543493 4.560000 -1.351672
v -3.611672 4.560000 -1.217863
vn 0.891007 -0.000000 0.453990
f 3004//1002 3005//1002 3006//1002
v -3.708754 4.440000 -1.288397
v -3.708754 4.560000 -1.288397
v -3.657620 4.560000 -1.388754
vn -0.891007 0.000000 -0.453990
f 3007//1003 3008//1003 3009//1003
v -3.708754 4.440000 -1.288397
v -3.657620 4.560000 -1.388754
v -3.657620 4.440000 -1.388754
vn -0.891007 0.000000 -0.453990
f 3010//1004 3011//1004 3012//1004
v -3.543493 4.440000 -1.351672
v -3.611672 4.440000 -1.217863
v -3.708754 4.440000 -1.288397
vn 0.000000 -1.000000 0.000000
f 3013//1005 3014//1005 3015//1005
v -3.543493 4.440000 -1.351672
v -3.708754 4.440000 -1.288397
v -3.657620 4.440000 -1.388754
vn -0.000000 -1.000000 0.000000
f 3016//1006 3017//1006 3018//1006
v -3.611672 4.560000 -1.217863
v -3.543493 4.560000 -1.351672
v -3.657620 4.560000 -1.388754
vn 0.000000 1.000000 0.000000
f 3019//1007 3020//1007 3021//1007
v -3.611672 4.560000 -1.217863
v -3.657620 4.560000 -1.388754
v -3.708754 4.560000 -1.288397
vn 0.000000 1.000000 0.000000
f 3022//1008 3023//1008 3024//1008
v -3.543493 4.440000 -1.351672
v -3.520000 4.440000 -1.500000
v -3.520000 4.560000 -1.500000
vn 0.987688 0.000000 0.156434
f 3025//1009 3026//1009 3027//1009
v -3.543493 4.440000 -1.351672
v -3.520000 4.560000 -1.500000
v -3.543493 4.560000 -1.351672
vn 0.987688 -0.000000 0.156434
f 3028//1010 3029//1010 3030//1010
v -3.657620 4.440000 -1.388754
v -3.657620 4.560000 -1.388754
v -3.640000 4.560000 -1.500000
vn -0.987688 0.000000 -0.156434
f 3031//1011 3032//1011 3033//1011
v -3.657620 4.440000 -1.388754
v -3.640000 4.560000 -1.500000
v -3.640000 4.440000 -1.500000
vn -0.987688 0.000000 -0.156434
f 3034//1012 3035//1012 3036//1012
v -3.520000 4.440000 -1.500000
v -3.543493 4.440000 -1.351672
v -3.657620 4.440000 -1.388754
vn 0.000000 -1.000000 0.000000
f 3037//1013 3038//1013 3039//1013
v -3.520000 4.440000 -1.500000
v -3.657620 4.440000 -1.388754
v -3.640000 4.440000 -1.500000
vn 0.000000 -1.000000 0.000000
f 3040//1014 3041//1014 3042//1014
v -3.543493 4.560000 -1.351672
v -3.520000 4.560000 -1.500000
v -3.640000 4.560000 -1.500000
vn 0.000000 1.000000 0.000000
f 3043//1015 3044//1015 3045//1015
v -3.543493 4.560000 -1.351672
v -3.640000 4.560000 -1.500000
v -3.657620 4.560000 -1.388754
vn 0.000000 1.000000 0.000000
f 3046//1016 3047//1016 3048//1016
v -3.520000 4.440000 -1.500000
v -3.543493 4.440000 -1.648328
v -3.543493 4.560000 -1.648328
vn 0.987688 0.000000 -0.156434
f 3049//1017 3050//1017 3051//1017
v -3.520000 4.440000 -1.500000
v -3.543493 4.560000 -1.648328
v -3.520000 4.560000 -1.500000
vn 0.987688 0.000000 -0.156434
f 3052//1018 3053//1018 3054//1018
v -3.640000 4.440000 -1.500000
v -3.640000 4.560000 -1.500000
v -3.657620 4.560000 -1.611246
vn -0.987688 0.000000 0.156434
f 3055//1019 3056//1019 3057//1019
v -3.640000 4.440000 -1.500000
v -3.657620 4.560000 -1.611246
v -3.657620 4.440000 -1.611246
vn -0.987688 0.000000 0.156434
f 3058//1020 3059//1020 3060//1020
v -3.543493 4.440000 -1.648328
v -3.520000 4.440000 -1.500000
v -3.640000 4.440000 -1.500000
vn 0.000000 -1.000000 0.000000
f 3061//1021 3062//1021 3063//1021
v -3.543493 4.440000 -1.648328
v -3.640000 4.440000 -1.500000
v -3.657620 4.440000 -1.611246
vn 0.000000 -1.000000 0.000000
f 3064//1022 3065//1022 3066//1022
v -3.520000 4.560000 -1.500000
v -3.543493 4.560000 -1.648328
v -3.657620 4.560000 -1.611246
vn 0.000000 1.000000 0.000000
f 3067//1023 3068//1023 3069//1023
v -3.520000 4.560000 -1.500000
v -3.657620 4.560000 -1.611246
v -3.640000 4.560000 -1.500000
vn 0.000000 1.000000 0.000000
f 3070//1024 3071//1024 3072//1024
v -3.543493 4.440000 -1.648328
v -3.611672 4.440000 -1.782137
v -3.611672 4.560000 -1.782137
vn 0.891007 0.000000 -0.453990
f 3073//1025 3074//1025 3075//1025
v -3.543493 4.440000 -1.648328
v -3.611672 4.560000 -1.782137
v -3.543493 4.560000 -1.648328
vn 0.891007 0.000000 -0.453990
f 3076//1026 3077//1026 3078//1026
v -3.657620 4.440000 -1.611246
v -3.657620 4.560000 -1.611246
v -3.708754 4.560000 -1.711603
vn -0.891007 0.000000 0.453990
f 3079//1027 3080//1027 3081//1027
v -3.657620 4.440000 -1.611246
v -3.708754 4.560000 -1.711603
v -3.708754 4.440000 -1.711603
vn -0.891007 0.000000 0.453990
f 3082//1028 3083//1028 3084//1028
v -3.611672 4.440000 -1.782137
v -3.543493 4.440000 -1.648328
v -3.657620 4.440000 -1.611246
vn 0.000000 -1.000000 0.000000
f 3085//1029 3086//1029 3087//1029
v -3.611672 4.440000 -1.782137
v -3.657620 4.440000 -1.611246
v -3.708754 4.440000 -1.711603
vn 0.000000 -1.000000 0.000000
f 3088//1030 3089//1030 3090//1030
v -3.543493 4.560000 -1.648328
v -3.611672 4.560000 -1.782137
v -3.708754 4.560000 -1.711603
vn 0.000000 1.000000 0.000000
f 3091//1031 3092//1031 3093//1031
v -3.543493 4.560000 -1.648328
v -3.708754 4.560000 -1.711603
v -3.657620 4.560000 -1.611246
vn 0.000000 1.000000 0.000000
f 3094//1032 3095//1032 3096//1032
v -3.611672 4.440000 -1.782137
v -3.717863 4.440000 -1.888328
v -3.717863 4.560000 -1.888328
vn 0.707107 0.000000 -0.707107
f 3097//1033 3098//1033 3099//1033
v -3.611672 4.440000 -1.782137
v -3.717863 4.560000 -1.888328
v -3.611672 4.560000 -1.782137
vn 0.707107 0.000000 -0.707107
f 3100//1034 3101//1034 3102//1034
v -3.708754 4.440000 -1.711603
v -3.708754 4.560000 -1.711603
v -3.788397 4.560000 -1.791246
vn -0.707107 0.000000 0.707107
f 3103//1035 3104//1035 3105//1035
v -3.708754 4.440000 -1.711603
v -3.788397 4.560000 -1.791246
v -3.788397 4.440000 -1.791246
vn -0.707107 0.000000 0.707107
f 3106//1036 3107//1036 3108//1036
v -3.717863 4.440000 -1.888328
v -3.611672 4.440000 -1.782137
v -3.708754 4.440000 -1.711603
vn 0.000000 -1.000000 0.000000
f 3109//1037 3110//1037 3111//1037
v -3.717863 4.440000 -1.888328
v -3.708754 4.440000 -1.711603
v -3.788397 4.440000 -1.791246
vn 0.000000 -1.000000 0.000000
f 3112//1038 3113//1038 3114//1038
v -3.611672 4.560000 -1.782137
v -3.717863 4.560000 -1.888328
v -3.788397 4.560000 -1.791246
vn 0.000000 1.000000 0.000000
f 3115//1039 3116//1039 3117//1039
v -3.611672 4.560000 -1.782137
v -3.788397 4.560000 -1.791246
v -3.708754 4.560000 -1.711603
vn 0.000000 1.000000 0.000000
f 3118//1040 3119//1040 3120//1040
v -3.717863 4.440000 -1.888328
v -3.851672 4.440000 -1.956507
v -3.851672 4.560000 -1.956507
vn 0.453990 0.000000 -0.891007
f 3121//1041 3122//1041 3123//1041
v -3.717863 4.440000 -1.888328
v -3.851672 4.560000 -1.956507
v -3.717863 4.560000 -1.888328
vn 0.453990 0.000000 -0.891007
f 3124//1042 3125//1042 3126//1042
v -3.788397 4.440000 -1.791246
v -3.788397 4.560000 -1.791246
v -3.888754 4.560000 -1.842380
vn -0.453990 0.000000 0.891007
f 3127//1043 3128//1043 3129//1043
v -3.788397 4.440000 -1.791246
v -3.888754 4.560000 -1.842380
v -3.888754 4.440000 -1.842380
vn -0.453990 0.000000 0.891007
f 3130//1044 3131//1044 3132//1044
v -3.851672 4.440000 -1.956507
v -3.717863 4.440000 -1.888328
v -3.788397 4.440000 -1.791246
vn 0.000000 -1.000000 0.000000
f 3133//1045 3134//1045 3135//1045
v -3.851672 4.440000 -1.956507
v -3.788397 4.440000 -1.791246
v -3.888754 4.440000 -1.842380
vn 0.000000 -1.000000 0.000000
f 3136//1046 3137//1046 3138//1046
v -3.717863 4.560000 -1.888328
v -3.851672 4.560000 -1.956507
v -3.888754 4.560000 -1.842380
vn 0.000000 1.000000 0.000000
f 3139//1047 3140//1047 3141//1047
v -3.717863 4.560000 -1.888328
v -3.888754 4.560000 -1.842380
v -3.788397 4.560000 -1.791246
vn 0.000000 1.000000 0.000000
f 3142//1048 3143//1048 3144//1048
v -3.851672 4.440000 -1.956507
v -4.000000 4.440000 -1.980000
v -4.000000 4.560000 -1.980000
vn 0.156434 0.000000 -0.987688
f 3145//1049 3146//1049 3147//1049
v -3.851672 4.440000 -1.956507
v -4.000000 4.560000 -1.980000
v -3.851672 4.560000 -1.956507
vn 0.156434 0.000000 -0.987688
f 3148//1050 3149//1050 3150//1050
v -3.888754 4.440000 -1.842380
v -3.888754 4.560000 -1.842380
v -4.000000 4.560000 -1.860000
vn -0.156434 0.000000 0.987688
f 3151//1051 3152//1051 3153//1051
v -3.888754 4.440000 -1.842380
v -4.000000 4.560000 -1.860000
v -4.000000 4.440000 -1.860000
vn -0.156434 0.000000 0.987688
f 3154//1052 3155//1052 3156//1052
v -4.000000 4.440000 -1.980000
v -3.851672 4.440000 -1.956507
v -3.888754 4.440000 -1.842380
vn 0.000000 -1.000000 0.000000
f 3157//1053 3158//1053 3159//1053
v -4.000000 4.440000 -1.980000
v -3.888754 4.440000 -1.842380
v -4.000000 4.440000 -1.860000
vn 0.000000 -1.000000 0.000000
f 3160//1054 3161//1054 3162//1054
v -3.851672 4.560000 -1.956507
v -4.000000 4.560000 -1.980000
v -4.000000 4.560000 -1.860000
vn 0.000000 1.000000 0.000000
f 3163//1055 3164//1055 3165//1055
v -3.851672 4.560000 -1.956507
v -4.000000 4.560000 -1.860000
v -3.888754 4.560000 -1.842380
vn 0.000000 1.000000 0.000000
f 3166//1056 3167//1056 3168//1056
v -4.000000 6.340000 -1.980000
v -4.148328 6.340000 -1.956507
v -4.148328 6.460000 -1.956507
vn -0.156434 0.000000 -0.987688
f 3169//1057 3170//1057 3171//1057
v -4.000000 6.340000 -1.980000
v -4.148328 6.460000 -1.956507
v -4.000000 6.460000 -1.980000
vn -0.156434 0.000000 -0.987688
f 3172//1058 3173//1058 3174//1058
v -4.000000 6.340000 -1.860000
v -4.000000 6.460000 -1.860000
v -4.111246 6.460000 -1.842380
vn 0.156434 -0.000000 0.987688
f 3175//1059 3176//1059 3177//1059
v -4.000000 6.340000 -1.860000
v -4.111246 6.460000 -1.842380
v -4.111246 6.340000 -1.842380
vn 0.156434 0.000000 0.987688
f 3178//1060 3179//1060 3180//1060
v -4.148328 6.340000 -1.956507
v -4.000000 6.340000 -1.980000
v -4.000000 6.340000 -1.860000
vn 0.000000 -1.000000 0.000000
f 3181//1061 3182//1061 3183//1061
v -4.148328 6.340000 -1.956507
v -4.000000 6.340000 -1.860000
v -4.111246 6.340000 -1.842380
vn 0.000000 -1.000000 0.000000
f 3184//1062 3185//1062 3186//1062
v -4.000000 6.460000 -1.980000
v -4.148328 6.460000 -1.956507
v -4.111246 6.460000 -1.842380
vn 0.000000 1.000000 0.000000
f 3187//1063 3188//1063 3189//1063
v -4.000000 6.460000 -1.980000
v -4.111246 6.460000 -1.842380
v -4.000000 6.460000 -1.860000
vn 0.000000 1.000000 -0.000000
f 3190//1064 3191//1064 3192//1064
v -4.148328 6.340000 -1.956507
v -4.282137 6.340000 -1.888328
v -4.282137 6.460000 -1.888328
vn -0.453990 0.000000 -0.891007
f 3193//1065 3194//1065 3195//1065
v -4.148328 6.340000 -1.956507
v -4.282137 6.460000 -1.888328
v -4.148328 6.460000 -1.956507
vn -0.453990 0.000000 -0.891007
f 3196//1066 3197//1066 3198//1066
v -4.111246 6.340000 -1.842380
v -4.111246 6.460000 -1.842380
v -4.211603 6.460000 -1.791246
vn 0.453990 -0.000000 0.891007
f 3199//1067 3200//1067 3201//1067
v -4.111246 6.340000 -1.842380
v -4.211603 6.460000 -1.791246
v -4.211603 6.340000 -1.791246
vn 0.453990 0.000000 0.891007
f 3202//1068 3203//1068 3204//1068
v -4.282137 6.340000 -1.888328
v -4.148328 6.340000 -1.956507
v -4.111246 6.340000 -1.842380
vn 0.000000 -1.000000 0.000000
f 3205//1069 3206//1069 3207//1069
v -4.282137 6.340000 -1.888328
v -4.111246 6.340000 -1.842380
v -4.211603 6.340000 -1.791246
vn 0.000000 -1.000000 0.000000
f 3208//1070 3209//1070 3210//1070
v -4.148328 6.460000 -1.956507
v -4.282137 6.460000 -1.888328
v -4.211603 6.460000 -1.791246
vn 0.000000 1.000000 0.000000
f 3211//1071 3212//1071 3213//1071
v -4.148328 6.460000 -1.956507
v -4.211603 6.460000 -1.791246
v -4.111246 6.460000 -1.842380
vn 0.000000 1.000000 -0.000000
f 3214//1072 3215//1072 3216//1072
v -4.282137 6.340000 -1.888328
v -4.388328 6.340000 -1.782137
v -4.388328 6.460000 -1.782137
vn -0.707107 0.000000 -0.707107
f 3217//1073 3218//1073 3219//1073
v -4.282137 6.340000 -1.888328
v -4.388328 6.460000 -1.782137
v -4.282137 6.460000 -1.888328
vn -0.707107 0.000000 -0.707107
f 3220//1074 3221//1074 3222//1074
v -4.211603 6.340000 -1.791246
v -4.211603 6.460000 -1.791246
v -4.291246 6.460000 -1.711603
vn 0.707107 -0.000000 0.707107
f 3223//1075 3224//1075 3225//1075
v -4.211603 6.340000 -1.791246
v -4.291246 6.460000 -1.711603
v -4.291246 6.340000 -1.711603
vn 0.707107 0.000000 0.707107
f 3226//1076 3227//1076 3228//1076
v -4.388328 6.340000 -1.782137
v -4.282137 6.340000 -1.888328
v -4.211603 6.340000 -1.791246
vn 0.000000 -1.000000 0.000000
f 3229//1077 3230//1077 3231//1077
v -4.388328 6.340000 -1.782137
v -4.211603 6.340000 -1.791246
v -4.291246 6.340000 -1.711603
vn 0.000000 -1.000000 0.000000
f 3232//1078 3233//1078 3234//1078
v -4.282137 6.460000 -1.888328
v -4.388328 6.460000 -1.782137
v -4.291246 6.460000 -1.711603
vn 0.000000 1.000000 0.000000
f 3235//1079 3236//1079 3237//1079
v -4.282137 6.460000 -1.888328
v -4.291246 6.460000 -1.711603
v -4.211603 6.460000 -1.791246
vn 0.000000 1.000000 -0.000000
f 3238//1080 3239//1080 3240//1080
v -4.388328 6.340000 -1.782137
v -4.456507 6.340000 -1.648328
v -4.456507 6.460000 -1.648328
vn -0.891007 0.000000 -0.453990
f 3241//1081 3242//1081 3243//1081
v -4.388328 6.340000 -1.782137
v -4.456507 6.460000 -1.648328
v -4.388328 6.460000 -1.782137
vn -0.891007 0.000000 -0.453990
f 3244//1082 3245//1082 3246//1082
v -4.291246 6.340000 -1.711603
v -4.291246 6.460000 -1.711603
v -4.342380 6.460000 -1.611246
vn 0.891007 -0.000000 0.453990
f 3247//1083 3248//1083 3249//1083
v -4.291246 6.340000 -1.711603
v -4.342380 6.460000 -1.611246
v -4.342380 6.340000 -1.611246
vn 0.891007 0.000000 0.453990
f 3250//1084 3251//1084 3252//1084
v -4.456507 6.340000 -1.648328
v -4.388328 6.340000 -1.782137
v -4.291246 6.340000 -1.711603
vn 0.000000 -1.000000 0.000000
f 3253//1085 3254//1085 3255//1085
v -4.456507 6.340000 -1.648328
v -4.291246 6.340000 -1.711603
v -4.342380 6.340000 -1.611246
vn 0.000000 -1.000000 0.000000
f 3256//1086 3257//1086 3258//1086
v -4.388328 6.460000 -1.782137
v -4.456507 6.460000 -1.648328
v -4.342380 6.460000 -1.611246
vn 0.000000 1.000000 -0.000000
f 3259//1087 3260//1087 3261//1087
v -4.388328 6.460000 -1.782137
v -4.342380 6.460000 -1.611246
v -4.291246 6.460000 -1.711603
vn 0.000000 1.000000 0.000000
f 3262//1088 3263//1088 3264//1088
v -4.456507 6.340000 -1.648328
v -4.480000 6.340000 -1.500000
v -4.480000 6.460000 -1.500000
vn -0.987688 0.000000 -0.156434
f 3265//1089 3266//1089 3267//1089
v -4.456507 6.340000 -1.648328
v -4.480000 6.460000 -1.500000
v -4.456507 6.460000 -1.648328
vn -0.987688 0.000000 -0.156434
f 3268//1090 3269//1090 3270//1090
v -4.342380 6.340000 -1.611246
v -4.342380 6.460000 -1.611246
v -4.360000 6.460000 -1.500000
vn 0.987688 -0.000000 0.156434
f 3271//1091 3272//1091 3273//1091
v -4.342380 6.340000 -1.611246
v -4.360000 6.460000 -1.500000
v -4.360000 6.340000 -1.500000
vn 0.987688 0.000000 0.156434
f 3274//1092 3275//1092 3276//1092
v -4.480000 6.340000 -1.500000
v -4.456507 6.340000 -1.648328
v -4.342380 6.340000 -1.611246
vn 0.000000 -1.000000 0.000000
f 3277//1093 3278//1093 3279//1093
v -4.480000 6.340000 -1.500000
v -4.342380 6.340000 -1.611246
v -4.360000 6.340000 -1.500000
vn 0.000000 -1.000000 0.000000
f 3280//1094 3281//1094 3282//1094
v -4.456507 6.460000 -1.648328
v -4.480000 6.460000 -1.500000
v -4.360000 6.460000 -1.500000
vn 0.000000 1.000000 -0.000000
f 3283//1095 3284//1095 3285//1095
v -4.456507 6.460000 -1.648328
v -4.360000 6.460000 -1.500000
v -4.342380 6.460000 -1.611246
vn 0.000000 1.000000 0.000000
f 3286//1096 3287//1096 3288//1096
v -4.480000 6.340000 -1.500000
v -4.456507 6.340000 -1.351672
v -4.456507 6.460000 -1.351672
vn -0.987688 0.000000 0.156434
f 3289//1097 3290//1097 3291//1097
v -4.480000 6.340000 -1.500000
v -4.456507 6.460000 -1.351672
v -4.480000 6.460000 -1.500000
vn -0.987688 0.000000 0.156434
f 3292//1098 3293//1098 3294//1098
v -4.360000 6.340000 -1.500000
v -4.360000 6.460000 -1.500000
v -4.342380 6.460000 -1.388754
vn 0.987688 0.000000 -0.156434
f 3295//1099 3296//1099 3297//1099
v -4.360000 6.340000 -1.500000
v -4.342380 6.460000 -1.388754
v -4.342380 6.340000 -1.388754
vn 0.987688 0.000000 -0.156434
f 3298//1100 3299//1100 3300//1100
v -4.456507 6.340000 -1.351672
v -4.480000 6.340000 -1.500000
v -4.360000 6.340000 -1.500000
vn 0.000000 -1.000000 -0.000000
f 3301//1101 3302//1101 3303//1101
v -4.456507 6.340000 -1.351672
v -4.360000 6.340000 -1.500000
v -4.342380 6.340000 -1.388754
vn 0.000000 -1.000000 0.000000
f 3304//1102 3305//1102 3306//1102
v -4.480000 6.460000 -1.500000
v -4.456507 6.460000 -1.351672
v -4.342380 6.460000 -1.388754
vn 0.000000 1.000000 0.000000
f 3307//1103 3308//1103 3309//1103
v -4.480000 6.460000 -1.500000
v -4.342380 6.460000 -1.388754
v -4.360000 6.460000 -1.500000
vn 0.000000 1.000000 0.000000
f 3310//1104 3311//1104 3312//1104
v -4.456507 6.340000 -1.351672
v -4.388328 6.340000 -1.217863
v -4.388328 6.460000 -1.217863
vn -0.891007 0.000000 0.453990
f 3313//1105 3314//1105 3315//1105
v -4.456507 6.340000 -1.351672
v -4.388328 6.460000 -1.217863
v -4.456507 6.460000 -1.351672
vn -0.891007 0.000000 0.453990
f 3316//1106 3317//1106 3318//1106
v -4.342380 6.340000 -1.388754
v -4.342380 6.460000 -1.388754
v -4.291246 6.460000 -1.288397
vn 0.891007 0.000000 -0.453990
f 3319//1107 3320//1107 3321//1107
v -4.342380 6.340000 -1.388754
v -4.291246 6.460000 -1.288397
v -4.291246 6.340000 -1.288397
vn 0.891007 0.000000 -0.453990
f 3322//1108 3323//1108 3324//1108
v -4.388328 6.340000 -1.217863
v -4.456507 6.340000 -1.351672
v -4.342380 6.340000 -1.388754
vn 0.000000 -1.000000 -0.000000
f 3325//1109 3326//1109 3327//1109
v -4.388328 6.340000 -1.217863
v -4.342380 6.340000 -1.388754
v -4.291246 6.340000 -1.288397
vn 0.000000 -1.000000 0.000000
f 3328//1110 3329//1110 3330//1110
v -4.456507 6.460000 -1.351672
v -4.388328 6.460000 -1.217863
v -4.291246 6.460000 -1.288397
vn 0.000000 1.000000 0.000000
f 3331//1111 3332//1111 3333//1111
v -4.456507 6.460000 -1.351672
v -4.291246 6.460000 -1.288397
v -4.342380 6.460000 -1.388754
vn -0.000000 1.000000 0.000000
f 3334//1112 3335//1112 3336//1112
v -4.388328 6.340000 -1.217863
v -4.282137 6.340000 -1.111672
v -4.282137 6.460000 -1.111672
vn -0.707107 0.000000 0.707107
f 3337//1113 3338//1113 3339//1113
v -4.388328 6.340000 -1.217863
v -4.282137 6.460000 -1.111672
v -4.388328 6.460000 -1.217863
vn -0.707107 0.000000 0.707107
f 3340//1114 3341//1114 3342//1114
v -4.291246 6.340000 -1.288397
v -4.291246 6.460000 -1.288397
v -4.211603 6.460000 -1.208754
vn 0.707107 0.000000 -0.707107
f 3343//1115 3344//1115 3345//1115
v -4.291246 6.340000 -1.288397
v -4.211603 6.460000 -1.208754
v -4.211603 6.340000 -1.208754
vn 0.707107 0.000000 -0.707107
f 3346//1116 3347//1116 3348//1116
v -4.282137 6.340000 -1.111672
v -4.388328 6.340000 -1.217863
v -4.291246 6.340000 -1.288397
vn 0.000000 -1.000000 0.000000
f 3349//1117 3350//1117 3351//1117
v -4.282137 6.340000 -1.111672
v -4.291246 6.340000 -1.288397
v -4.211603 6.340000 -1.208754
vn 0.000000 -1.000000 -0.000000
f 3352//1118 3353//1118 3354//1118
v -4.388328 6.460000 -1.217863
v -4.282137 6.460000 -1.111672
v -4.211603 6.460000 -1.208754
vn 0.000000 1.000000 0.000000
f 3355//1119 3356//1119 3357//1119
v -4.388328 6.460000 -1.217863
v -4.211603 6.460000 -1.208754
v -4.291246 6.460000 -1.288397
vn -0.000000 1.000000 0.000000
f 3358//1120 3359//1120 3360//1120
v -4.282137 6.340000 -1.111672
v -4.148328 6.340000 -1.043493
v -4.148328 6.460000 -1.043493
vn -0.453990 0.000000 0.891007
f 3361//1121 3362//1121 3363//1121
v -4.282137 6.340000 -1.111672
v -4.148328 6.460000 -1.043493
v -4.282137 6.460000 -1.111672
vn -0.453990 0.000000 0.891007
f 3364//1122 3365//1122 3366//1122
v -4.211603 6.340000 -1.208754
v -4.211603 6.460000 -1.208754
v -4.111246 6.460000 -1.157620
vn 0.453990 0.000000 -0.891007
f 3367//1123 3368//1123 3369//1123
v -4.211603 6.340000 -1.208754
v -4.111246 6.460000 -1.157620
v -4.111246 6.340000 -1.157620
vn 0.453990 0.000000 -0.891007
f 3370//1124 3371//1124 3372//1124
v -4.148328 6.340000 -1.043493
v -4.282137 6.340000 -1.111672
v -4.211603 6.340000 -1.208754
vn 0.000000 -1.000000 0.000000
f 3373//1125 3374//1125 3375//1125
v -4.148328 6.340000 -1.043493
v -4.211603 6.340000 -1.208754
v -4.111246 6.340000 -1.157620
vn 0.000000 -1.000000 -0.000000
f 3376//1126 3377//1126 3378//1126
v -4.282137 6.460000 -1.111672
v -4.148328 6.460000 -1.043493
v -4.111246 6.460000 -1.157620
vn -0.000000 1.000000 0.000000
f 3379//1127 3380//1127 3381//1127
v -4.282137 6.460000 -1.111672
v -4.111246 6.460000 -1.157620
v -4.211603 6.460000 -1.208754
vn 0.000000 1.000000 0.000000
f 3382//1128 3383//1128 3384//1128
v -4.148328 6.340000 -1.043493
v -4.000000 6.340000 -1.020000
v -4.000000 6.460000 -1.020000
vn -0.156434 0.000000 0.987688
f 3385//1129 3386//1129 3387//1129
v -4.148328 6.340000 -1.043493
v -4.000000 6.460000 -1.020000
v -4.148328 6.460000 -1.043493
vn -0.156434 0.000000 0.987688
f 3388//1130 3389//1130 3390//1130
v -4.111246 6.340000 -1.157620
v -4.111246 6.460000 -1.157620
v -4.000000 6.460000 -1.140000
vn 0.156434 0.000000 -0.987688
f 3391//1131 3392//1131 3393//1131
v -4.111246 6.340000 -1.157620
v -4.000000 6.460000 -1.140000
v -4.000000 6.340000 -1.140000
vn 0.156434 0.000000 -0.987688
f 3394//1132 3395//1132 3396//1132
v -4.000000 6.340000 -1.020000
v -4.148328 6.340000 -1.043493
v -4.111246 6.340000 -1.157620
vn 0.000000 -1.000000 0.000000
f 3397//1133 3398//1133 3399//1133
v -4.000000 6.340000 -1.020000
v -4.111246 6.340000 -1.157620
v -4.000000 6.340000 -1.140000
vn 0.000000 -1.000000 -0.000000
f 3400//1134 3401//1134 3402//1134
v -4.148328 6.460000 -1.043493
v -4.000000 6.460000 -1.020000
v -4.000000 6.460000 -1.140000
vn -0.000000 1.000000 0.000000
f 3403//1135 3404//1135 3405//1135
v -4.148328 6.460000 -1.043493
v -4.000000 6.460000 -1.140000
v -4.111246 6.460000 -1.157620
vn 0.000000 1.000000 0.000000
f 3406//1136 3407//1136 3408//1136
v -4.000000 6.340000 -1.020000
v -3.851672 6.340000 -1.043493
v -3.851672 6.460000 -1.043493
vn 0.156434 0.000000 0.987688
f 3409//1137 3410//1137 3411//1137
v -4.000000 6.340000 -1.020000
v -3.851672 6.460000 -1.043493
v -4.000000 6.460000 -1.020000
vn 0.156434 -0.000000 0.987688
f 3412//1138 3413//1138 3414//1138
v -4.000000 6.340000 -1.140000
v -4.000000 6.460000 -1.140000
v -3.888754 6.460000 -1.157620
vn -0.156434 0.000000 -0.987688
f 3415//1139 3416//1139 3417//1139
v -4.000000 6.340000 -1.140000
v -3.888754 6.460000 -1.157620
v -3.888754 6.340000 -1.157620
vn -0.156434 0.000000 -0.987688
f 3418//1140 3419//1140 3420//1140
v -3.851672 6.340000 -1.043493
v -4.000000 6.340000 -1.020000
v -4.000000 6.340000 -1.140000
vn -0.000000 -1.000000 0.000000
f 3421//1141 3422//1141 3423//1141
v -3.851672 6.340000 -1.043493
v -4.000000 6.340000 -1.140000
v -3.888754 6.340000 -1.157620
vn 0.000000 -1.000000 0.000000
f 3424//1142 3425//1142 3426//1142
v -4.000000 6.460000 -1.020000
v -3.851672 6.460000 -1.043493
v -3.888754 6.460000 -1.157620
vn 0.000000 1.000000 0.000000
f 3427//1143 3428//1143 3429//1143
v -4.000000 6.460000 -1.020000
v -3.888754 6.460000 -1.157620
v -4.000000 6.460000 -1.140000
vn 0.000000 1.000000 0.000000
f 3430//1144 3431//1144 3432//1144
v -3.851672 6.340000 -1.043493
v -3.717863 6.340000 -1.111672
v -3.717863 6.460000 -1.111672
vn 0.453990 0.000000 0.891007
f 3433//1145 3434//1145 3435//1145
v -3.851672 6.340000 -1.043493
v -3.717863 6.460000 -1.111672
v -3.851672 6.460000 -1.043493
vn 0.453990 -0.000000 0.891007
f 3436//1146 3437//1146 3438//1146
v -3.888754 6.340000 -1.157620
v -3.888754 6.460000 -1.157620
v -3.788397 6.460000 -1.208754
vn -0.453990 0.000000 -0.891007
f 3439//1147 3440//1147 3441//1147
v -3.888754 6.340000 -1.157620
v -3.788397 6.460000 -1.208754
v -3.788397 6.340000 -1.208754
vn -0.453990 0.000000 -0.891007
f 3442//1148 3443//1148 3444//1148
v -3.717863 6.340000 -1.111672
v -3.851672 6.340000 -1.043493
v -3.888754 6.340000 -1.157620
vn -0.000000 -1.000000 0.000000
f 3445//1149 3446//1149 3447//1149
v -3.717863 6.340000 -1.111672
v -3.888754 6.340000 -1.157620
v -3.788397 6.340000 -1.208754
vn 0.000000 -1.000000 0.000000
f 3448//1150 3449//1150 3450//1150
v -3.851672 6.460000 -1.043493
v -3.717863 6.460000 -1.111672
v -3.788397 6.460000 -1.208754
vn 0.000000 1.000000 0.000000
f 3451//1151 3452//1151 3453//1151
v -3.851672 6.460000 -1.043493
v -3.788397 6.460000 -1.208754
v -3.888754 6.460000 -1.157620
vn 0.000000 1.000000 0.000000
f 3454//1152 3455//1152 3456//1152
v -3.717863 6.340000 -1.111672
v -3.611672 6.340000 -1.217863
v -3.611672 6.460000 -1.217863
vn 0.707107 0.000000 0.707107
f 3457//1153 3458//1153 3459//1153
v -3.717863 6.340000 -1.111672
v -3.611672 6.460000 -1.217863
v -3.717863 6.460000 -1.111672
vn 0.707107 -0.000000 0.707107
f 3460//1154 3461//1154 3462//1154
v -3.788397 6.340000 -1.208754
v -3.788397 6.460000 -1.208754
v -3.708754 6.460000 -1.288397
vn -0.707107 0.000000 -0.707107
f 3463//1155 3464//1155 3465//1155
v -3.788397 6.340000 -1.208754
v -3.708754 6.460000 -1.288397
v -3.708754 6.340000 -1.288397
vn -0.707107 0.000000 -0.707107
f 3466//1156 3467//1156 3468//1156
v -3.611672 6.340000 -1.217863
v -3.717863 6.340000 -1.111672
v -3.788397 6.340000 -1.208754
vn 0.000000 -1.000000 0.000000
f 3469//1157 3470//1157 3471//1157
v -3.611672 6.340000 -1.217863
v -3.788397 6.340000 -1.208754
v -3.708754 6.340000 -1.288397
vn -0.000000 -1.000000 0.000000
f 3472//1158 3473//1158 3474//1158
v -3.717863 6.460000 -1.111672
v -3.611672 6.460000 -1.217863
v -3.708754 6.460000 -1.288397
vn 0.000000 1.000000 0.000000
f 3475//1159 3476//1159 3477//1159
v -3.717863 6.460000 -1.111672
v -3.708754 6.460000 -1.288397
v -3.788397 6.460000 -1.208754
vn 0.000000 1.000000 0.000000
f 3478//1160 3479//1160 3480//1160
v -3.611672 6.340000 -1.217863
v -3.543493 6.340000 -1.351672
v -3.543493 6.460000 -1.351672
vn 0.891007 0.000000 0.453990
f 3481//1161 3482//1161 3483//1161
v -3.611672 6.340000 -1.217863
v -3.543493 6.460000 -1.351672
v -3.611672 6.460000 -1.217863
vn 0.891007 -0.000000 0.453990
f 3484//1162 3485//1162 3486//1162
v -3.708754 6.340000 -1.288397
v -3.708754 6.460000 -1.288397
v -3.657620 6.460000 -1.388754
vn -0.891007 0.000000 -0.453990
f 3487//1163 3488//1163 3489//1163
v -3.708754 6.340000 -1.288397
v -3.657620 6.460000 -1.388754
v -3.657620 6.340000 -1.388754
vn -0.891007 0.000000 -0.453990
f 3490//1164 3491//1164 3492//1164
v -3.543493 6.340000 -1.351672
v -3.611672 6.340000 -1.217863
v -3.708754 6.340000 -1.288397
vn 0.000000 -1.000000 0.000000
f 3493//1165 3494//1165 3495//1165
v -3.543493 6.340000 -1.351672
v -3.708754 6.340000 -1.288397
v -3.657620 6.340000 -1.388754
vn -0.000000 -1.000000 0.000000
f 3496//1166 3497//1166 3498//1166
v -3.611672 6.460000 -1.217863
v -3.543493 6.460000 -1.351672
v -3.657620 6.460000 -1.388754
vn 0.000000 1.000000 0.000000
f 3499//1167 3500//1167 3501//1167
v -3.611672 6.460000 -1.217863
v -3.657620 6.460000 -1.388754
v -3.708754 6.460000 -1.288397
vn 0.000000 1.000000 0.000000
f 3502//1168 3503//1168 3504//1168
v -3.543493 6.340000 -1.351672
v -3.520000 6.340000 -1.500000
v -3.520000 6.460000 -1.500000
vn 0.987688 0.000000 0.156434
f 3505//1169 3506//1169 3507//1169
v -3.543493 6.340000 -1.351672
v -3.520000 6.460000 -1.500000
v -3.543493 6.460000 -1.351672
vn 0.987688 -0.000000 0.156434
f 3508//1170 3509//1170 3510//1170
v -3.657620 6.340000 -1.388754
v -3.657620 6.460000 -1.388754
v -3.640000 6.460000 -1.500000
vn -0.987688 0.000000 -0.156434
f 3511//1171 3512//1171 3513//1171
v -3.657620 6.340000 -1.388754
v -3.640000 6.460000 -1.500000
v -3.640000 6.340000 -1.500000
vn -0.987688 0.000000 -0.156434
f 3514//1172 3515//1172 3516//1172
v -3.520000 6.340000 -1.500000
v -3.543493 6.340000 -1.351672
v -3.657620 6.340000 -1.388754
vn 0.000000 -1.000000 0.000000
f 3517//1173 3518//1173 3519//1173
v -3.520000 6.340000 -1.500000
v -3.657620 6.340000 -1.388754
v -3.640000 6.340000 -1.500000
vn 0.000000 -1.000000 0.000000
f 3520//1174 3521//1174 3522//1174
v -3.543493 6.460000 -1.351672
v -3.520000 6.460000 -1.500000
v -3.640000 6.460000 -1.500000
vn 0.000000 1.000000 0.000000
f 3523//1175 3524//1175 3525//1175
v -3.543493 6.460000 -1.351672
v -3.640000 6.460000 -1.500000
v -3.657620 6.460000 -1.388754
vn 0.000000 1.000000 0.000000
f 3526//1176 3527//1176 3528//1176
v -3.520000 6.340000 -1.500000
v -3.543493 6.340000 -1.648328
v -3.543493 6.460000 -1.648328
vn 0.987688 0.000000 -0.156434
f 3529//1177 3530//1177 3531//1177
v -3.520000 6.340000 -1.500000
v -3.543493 6.460000 -1.648328
v -3.520000 6.460000 -1.500000
vn 0.987688 0.000000 -0.156434
f 3532//1178 3533//1178 3534//1178
v -3.640000 6.340000 -1.500000
v -3.640000 6.460000 -1.500000
v -3.657620 6.460000 -1.611246
vn -0.987688 0.000000 0.156434
f 3535//1179 3536//1179 3537//1179
v -3.640000 6.340000 -1.500000
v -3.657620 6.460000 -1.611246
v -3.657620 6.340000 -1.611246
vn -0.987688 0.000000 0.156434
f 3538//1180 3539//1180 3540//1180
v -3.543493 6.340000 -1.648328
v -3.520000 6.340000 -1.500000
v -3.640000 6.340000 -1.500000
vn 0.000000 -1.000000 0.000000
f 3541//1181 3542//1181 3543//1181
v -3.543493 6.340000 -1.648328
v -3.640000 6.340000 -1.500000
v -3.657620 6.340000 -1.611246
vn 0.000000 -1.000000 0.000000
f 3544//1182 3545//1182 3546//1182
v -3.520000 6.460000 -1.500000
v -3.543493 6.460000 -1.648328
v -3.657620 6.460000 -1.611246
vn 0.000000 1.000000 0.000000
f 3547//1183 3548//1183 3549//1183
v -3.520000 6.460000 -1.500000
v -3.657620 6.460000 -1.611246
v -3.640000 6.460000 -1.500000
vn 0.000000 1.000000 0.000000
f 3550//1184 3551//1184 3552//1184
v -3.543493 6.340000 -1.648328
v -3.611672 6.340000 -1.782137
v -3.611672 6.460000 -1.782137
vn 0.891007 0.000000 -0.453990
f 3553//1185 3554//1185 3555//1185
v -3.543493 6.340000 -1.648328
v -3.611672 6.460000 -1.782137
v -3.543493 6.460000 -1.648328
vn 0.891007 0.000000 -0.453990
f 3556//1186 3557//1186 3558//1186
v -3.657620 6.340000 -1.611246
v -3.657620 6.460000 -1.611246
v -3.708754 6.460000 -1.711603
vn -0.891007 0.000000 0.453990
f 3559//1187 3560//1187 3561//1187
v -3.657620 6.340000 -1.611246
v -3.708754 6.460000 -1.711603
v -3.708754 6.340000 -1.711603
vn -0.891007 0.000000 0.453990
f 3562//1188 3563//1188 3564//1188
v -3.611672 6.340000 -1.782137
v -3.543493 6.340000 -1.648328
v -3.657620 6.340000 -1.611246
vn 0.000000 -1.000000 0.000000
f 3565//1189 3566//1189 3567//1189
v -3.611672 6.340000 -1.782137
v -3.657620 6.340000 -1.611246
v -3.708754 6.340000 -1.711603
vn 0.000000 -1.000000 0.000000
f 3568//1190 3569//1190 3570//1190
v -3.543493 6.460000 -1.648328
v -3.611672 6.460000 -1.782137
v -3.708754 6.460000 -1.711603
vn 0.000000 1.000000 0.000000
f 3571//1191 3572//1191 3573//1191
v -3.543493 6.460000 -1.648328
v -3.708754 6.460000 -1.711603
v -3.657620 6.460000 -1.611246
vn 0.000000 1.000000 0.000000
f 3574//1192 3575//1192 3576//1192
v -3.611672 6.340000 -1.782137
v -3.717863 6.340000 -1.888328
v -3.717863 6.460000 -1.888328
vn 0.707107 0.000000 -0.707107
f 3577//1193 3578//1193 3579//1193
v -3.611672 6.340000 -1.782137
v -3.717863 6.460000 -1.888328
v -3.611672 6.460000 -1.782137
vn 0.707107 0.000000 -0.707107
f 3580//1194 3581//1194 3582//1194
v -3.708754 6.340000 -1.711603
v -3.708754 6.460000 -1.711603
v -3.788397 6.460000 -1.791246
vn -0.707107 0.000000 0.707107
f 3583//1195 3584//1195 3585//1195
v -3.708754 6.340000 -1.711603
v -3.788397 6.460000 -1.791246
v -3.788397 6.340000 -1.791246
vn -0.707107 0.000000 0.707107
f 3586//1196 3587//1196 3588//1196
v -3.717863 6.340000 -1.888328
v -3.611672 6.340000 -1.782137
v -3.708754 6.340000 -1.711603
vn 0.000000 -1.000000 0.000000
f 3589//1197 3590//1197 3591//1197
v -3.717863 6.340000 -1.888328
v -3.708754 6.340000 -1.711603
v -3.788397 6.340000 -1.791246
vn 0.000000 -1.000000 0.000000
f 3592//1198 3593//1198 3594//1198
v -3.611672 6.460000 -1.782137
v -3.717863 6.460000 -1.888328
v -3.788397 6.460000 -1.791246
vn 0.000000 1.000000 0.000000
f 3595//1199 3596//1199 3597//1199
v -3.611672 6.460000 -1.782137
v -3.788397 6.460000 -1.791246
v -3.708754 6.460000 -1.711603
vn 0.000000 1.000000 0.000000
f 3598//1200 3599//1200 3600//1200
v -3.717863 6.340000 -1.888328
v -3.851672 6.340000 -1.956507
v -3.851672 6.460000 -1.956507
vn 0.453990 0.000000 -0.891007
f 3601//1201 3602//1201 3603//1201
v -3.717863 6.340000 -1.888328
v -3.851672 6.460000 -1.956507
v -3.717863 6.460000 -1.888328
vn 0.453990 0.000000 -0.891007
f 3604//1202 3605//1202 3606//1202
v -3.788397 6.340000 -1.791246
v -3.788397 6.460000 -1.791246
v -3.888754 6.460000 -1.842380
vn -0.453990 0.000000 0.891007
f 3607//1203 3608//1203 3609//1203
v -3.788397 6.340000 -1.791246
v -3.888754 6.460000 -1.842380
v -3.888754 6.340000 -1.842380
vn -0.453990 0.000000 0.891007
f 3610//1204 3611//1204 3612//1204
v -3.851672 6.340000 -1.956507
v -3.717863 6.340000 -1.888328
v -3.788397 6.340000 -1.791246
vn 0.000000 -1.000000 0.000000
f 3613//1205 3614//1205 3615//1205
v -3.851672 6.340000 -1.956507
v -3.788397 6.340000 -1.791246
v -3.888754 6.340000 -1.842380
vn 0.000000 -1.000000 0.000000
f 3616//1206 3617//1206 3618//1206
v -3.717863 6.460000 -1.888328
v -3.851672 6.460000 -1.956507
v -3.888754 6.460000 -1.842380
vn 0.000000 1.000000 0.000000
f 3619//1207 3620//1207 3621//1207
v -3.717863 6.460000 -1.888328
v -3.888754 6.460000 -1.842380
v -3.788397 6.460000 -1.791246
vn 0.000000 1.000000 0.000000
f 3622//1208 3623//1208 3624//1208
v -3.851672 6.340000 -1.956507
v -4.000000 6.340000 -1.980000
v -4.000000 6.460000 -1.980000
vn 0.156434 0.000000 -0.987688
f 3625//1209 3626//1209 3627//1209
v -3.851672 6.340000 -1.956507
v -4.000000 6.460000 -1.980000
v -3.851672 6.460000 -1.956507
vn 0.156434 0.000000 -0.987688
f 3628//1210 3629//1210 3630//1210
v -3.888754 6.340000 -1.842380
v -3.888754 6.460000 -1.842380
v -4.000000 6.460000 -1.860000
vn -0.156434 0.000000 0.987688
f 3631//1211 3632//1211 3633//1211
v -3.888754 6.340000 -1.842380
v -4.000000 6.460000 -1.860000
v -4.000000 6.340000 -1.860000
vn -0.156434 0.000000 0.987688
f 3634//1212 3635//1212 3636//1212
v -4.000000 6.340000 -1.980000
v -3.851672 6.340000 -1.956507
v -3.888754 6.340000 -1.842380
vn 0.000000 -1.000000 0.000000
f 3637//1213 3638//1213 3639//1213
v -4.000000 6.340000 -1.980000
v -3.888754 6.340000 -1.842380
v -4.000000 6.340000 -1.860000
vn 0.000000 -1.000000 0.000000
f 3640//1214 3641//1214 3642//1214
v -3.851672 6.460000 -1.956507
v -4.000000 6.460000 -1.980000
v -4.000000 6.460000 -1.860000
vn 0.000000 1.000000 0.000000
f 3643//1215 3644//1215 3645//1215
v -3.851672 6.460000 -1.956507
v -4.000000 6.460000 -1.860000
v -3.888754 6.460000 -1.842380
vn 0.000000 1.000000 0.000000
f 3646//1216 3647//1216 3648//1216
v 2.700000 2.400000 -2.605000
v 2.724979 2.146383 -2.605000
v 2.724979 2.146383 -2.495000
vn -0.995185 -0.098017 0.000000
f 3649//1217 3650//1217 3651//1217
v 2.700000 2.400000 -2.605000
v 2.724979 2.146383 -2.495000
v 2.700000 2.400000 -2.495000
vn -0.995185 -0.098017 0.000000
f 3652//1218 3653//1218 3654//1218
v 2.860000 2.400000 -2.605000
v 2.860000 2.400000 -2.495000
v 2.881905 2.177597 -2.495000
vn 0.995185 0.098017 -0.000000
f 3655//1219 3656//1219 3657//1219
v 2.860000 2.400000 -2.605000
v 2.881905 2.177597 -2.495000
v 2.881905 2.177597 -2.605000
vn 0.995185 0.098017 0.000000
f 3658//1220 3659//1220 3660//1220
v 2.724979 2.146383 -2.605000
v 2.700000 2.400000 -2.605000
v 2.860000 2.400000 -2.605000
vn 0.000000 0.000000 -1.000000
f 3661//1221 3662//1221 3663//1221
v 2.724979 2.146383 -2.605000
v 2.860000 2.400000 -2.605000
v 2.881905 2.177597 -2.605000
vn 0.000000 0.000000 -1.000000
f 3664//1222 3665//1222 3666//1222
v 2.700000 2.400000 -2.495000
v 2.724979 2.146383 -2.495000
v 2.881905 2.177597 -2.495000
vn 0.000000 0.000000 1.000000
f 3667//1223 3668//1223 3669//1223
v 2.700000 2.400000 -2.495000
v 2.881905 2.177597 -2.495000
v 2.860000 2.400000 -2.495000
vn -0.000000 0.000000 1.000000
f 3670//1224 3671//1224 3672//1224
v 2.724979 2.146383 -2.605000
v 2.798957 1.902512 -2.605000
v 2.798957 1.902512 -2.495000
vn -0.956940 -0.290285 0.000000
f 3673//1225 3674//1225 3675//1225
v 2.724979 2.146383 -2.605000
v 2.798957 1.902512 -2.495000
v 2.724979 2.146383 -2.495000
vn -0.956940 -0.290285 0.000000
f 3676//1226 3677//1226 3678//1226
v 2.881905 2.177597 -2.605000
v 2.881905 2.177597 -2.495000
v 2.946777 1.963741 -2.495000
vn 0.956940 0.290285 -0.000000
f 3679//1227 3680//1227 3681//1227
v 2.881905 2.177597 -2.605000
v 2.946777 1.963741 -2.495000
v 2.946777 1.963741 -2.605000
vn 0.956940 0.290285 0.000000
f 3682//1228 3683//1228 3684//1228
v 2.798957 1.902512 -2.605000
v 2.724979 2.146383 -2.605000
v 2.881905 2.177597 -2.605000
vn 0.000000 0.000000 -1.000000
f 3685//1229 3686//1229 3687//1229
v 2.798957 1.902512 -2.605000
v 2.881905 2.177597 -2.605000
v 2.946777 1.963741 -2.605000
vn 0.000000 0.000000 -1.000000
f 3688//1230 3689//1230 3690//1230
v 2.724979 2.146383 -2.495000
v 2.798957 1.902512 -2.495000
v 2.946777 1.963741 -2.495000
vn 0.000000 0.000000 1.000000
f 3691//1231 3692//1231 3693//1231
v 2.724979 2.146383 -2.495000
v 2.946777 1.963741 -2.495000
v 2.881905 2.177597 -2.495000
vn -0.000000 0.000000 1.000000
f 3694//1232 3695//1232 3696//1232
v 2.798957 1.902512 -2.605000
v 2.919090 1.677759 -2.605000
v 2.919090 1.677759 -2.495000
vn -0.881921 -0.471397 0.000000
f 3697//1233 3698//1233 3699//1233
v 2.798957 1.902512 -2.605000
v 2.919090 1.677759 -2.495000
v 2.798957 1.902512 -2.495000
vn -0.881921 -0.471397 0.000000
f 3700//1234 3701//1234 3702//1234
v 2.946777 1.963741 -2.605000
v 2.946777 1.963741 -2.495000
v 3.052125 1.766650 -2.495000
vn 0.881921 0.471397 -0.000000
f 3703//1235 3704//1235 3705//1235
v 2.946777 1.963741 -2.605000
v 3.052125 1.766650 -2.495000
v 3.052125 1.766650 -2.605000
vn 0.881921 0.471397 0.000000
f 3706//1236 3707//1236 3708//1236
v 2.919090 1.677759 -2.605000
v 2.798957 1.902512 -2.605000
v 2.946777 1.963741 -2.605000
vn 0.000000 0.000000 -1.000000
f 3709//1237 3710//1237 3711//1237
v 2.919090 1.677759 -2.605000
v 2.946777 1.963741 -2.605000
v 3.052125 1.766650 -2.605000
vn 0.000000 0.000000 -1.000000
f 3712//1238 3713//1238 3714//1238
v 2.798957 1.902512 -2.495000
v 2.919090 1.677759 -2.495000
v 3.052125 1.766650 -2.495000
vn 0.000000 0.000000 1.000000
f 3715//1239 3716//1239 3717//1239
v 2.798957 1.902512 -2.495000
v 3.052125 1.766650 -2.495000
v 2.946777 1.963741 -2.495000
vn -0.000000 0.000000 1.000000
f 3718//1240 3719//1240 3720//1240
v 2.919090 1.677759 -2.605000
v 3.080761 1.480761 -2.605000
v 3.080761 1.480761 -2.495000
vn -0.773010 -0.634393 0.000000
f 3721//1241 3722//1241 3723//1241
v 2.919090 1.677759 -2.605000
v 3.080761 1.480761 -2.495000
v 2.919090 1.677759 -2.495000
vn -0.773010 -0.634393 0.000000
f 3724//1242 3725//1242 3726//1242
v 3.052125 1.766650 -2.605000
v 3.052125 1.766650 -2.495000
v 3.193898 1.593898 -2.495000
vn 0.773010 0.634393 -0.000000
f 3727//1243 3728//1243 3729//1243
v 3.052125 1.766650 -2.605000
v 3.193898 1.593898 -2.495000
v 3.193898 1.593898 -2.605000
vn 0.773010 0.634393 0.000000
f 3730//1244 3731//1244 3732//1244
v 3.080761 1.480761 -2.605000
v 2.919090 1.677759 -2.605000
v 3.052125 1.766650 -2.605000
vn 0.000000 0.000000 -1.000000
f 3733//1245 3734//1245 3735//1245
v 3.080761 1.480761 -2.605000
v 3.052125 1.766650 -2.605000
v 3.193898 1.593898 -2.605000
vn 0.000000 0.000000 -1.000000
f 3736//1246 3737//1246 3738//1246
v 2.919090 1.677759 -2.495000
v 3.080761 1.480761 -2.495000
v 3.193898 1.593898 -2.495000
vn 0.000000 0.000000 1.000000
f 3739//1247 3740//1247 3741//1247
v 2.919090 1.677759 -2.495000
v 3.193898 1.593898 -2.495000
v 3.052125 1.766650 -2.495000
vn -0.000000 0.000000 1.000000
f 3742//1248 3743//1248 3744//1248
v 3.080761 1.480761 -2.605000
v 3.277759 1.319090 -2.605000
v 3.277759 1.319090 -2.495000
vn -0.634393 -0.773010 0.000000
f 3745//1249 3746//1249 3747//1249
v 3.080761 1.480761 -2.605000
v 3.277759 1.319090 -2.495000
v 3.080761 1.480761 -2.495000
vn -0.634393 -0.773010 0.000000
f 3748//1250 3749//1250 3750//1250
v 3.193898 1.593898 -2.605000
v 3.193898 1.593898 -2.495000
v 3.366650 1.452125 -2.495000
vn 0.634393 0.773010 -0.000000
f 3751//1251 3752//1251 3753//1251
v 3.193898 1.593898 -2.605000
v 3.366650 1.452125 -2.495000
v 3.366650 1.452125 -2.605000
vn 0.634393 0.773010 0.000000
f 3754//1252 3755//1252 3756//1252
v 3.277759 1.319090 -2.605000
v 3.080761 1.480761 -2.605000
v 3.193898 1.593898 -2.605000
vn 0.000000 0.000000 -1.000000
f 3757//1253 3758//1253 3759//1253
v 3.277759 1.319090 -2.605000
v 3.193898 1.593898 -2.605000
v 3.366650 1.452125 -2.605000
vn 0.000000 0.000000 -1.000000
f 3760//1254 3761//1254 3762//1254
v 3.080761 1.480761 -2.495000
v 3.277759 1.319090 -2.495000
v 3.366650 1.452125 -2.495000
vn 0.000000 0.000000 1.000000
f 3763//1255 3764//1255 3765//1255
v 3.080761 1.480761 -2.495000
v 3.366650 1.452125 -2.495000
v 3.193898 1.593898 -2.495000
vn -0.000000 0.000000 1.000000
f 3766//1256 3767//1256 3768//1256
v 3.277759 1.319090 -2.605000
v 3.502512 1.198957 -2.605000
v 3.502512 1.198957 -2.495000
vn -0.471397 -0.881921 0.000000
f 3769//1257 3770//1257 3771//1257
v 3.277759 1.319090 -2.605000
v 3.502512 1.198957 -2.495000
v 3.277759 1.319090 -2.495000
vn -0.471397 -0.881921 0.000000
f 3772//1258 3773//1258 3774//1258
v 3.366650 1.452125 -2.605000
v 3.366650 1.452125 -2.495000
v 3.563741 1.346777 -2.495000
vn 0.471397 0.881921 -0.000000
f 3775//1259 3776//1259 3777//1259
v 3.366650 1.452125 -2.605000
v 3.563741 1.346777 -2.495000
v 3.563741 1.346777 -2.605000
vn 0.471397 0.881921 0.000000
f 3778//1260 3779//1260 3780//1260
v 3.502512 1.198957 -2.605000
v 3.277759 1.319090 -2.605000
v 3.366650 1.452125 -2.605000
vn 0.000000 0.000000 -1.000000
f 3781//1261 3782//1261 3783//1261
v 3.502512 1.198957 -2.605000
v 3.366650 1.452125 -2.605000
v 3.563741 1.346777 -2.605000
vn 0.000000 0.000000 -1.000000
f 3784//1262 3785//1262 3786//1262
v 3.277759 1.319090 -2.495000
v 3.502512 1.198957 -2.495000
v 3.563741 1.346777 -2.495000
vn -0.000000 0.000000 1.000000
f 3787//1263 3788//1263 3789//1263
v 3.277759 1.319090 -2.495000
v 3.563741 1.346777 -2.495000
v 3.366650 1.452125 -2.495000
vn 0.000000 0.000000 1.000000
f 3790//1264 3791//1264 3792//1264
v 3.502512 1.198957 -2.605000
v 3.746383 1.124979 -2.605000
v 3.746383 1.124979 -2.495000
vn -0.290285 -0.956940 0.000000
f 3793//1265 3794//1265 3795//1265
v 3.502512 1.198957 -2.605000
v 3.746383 1.124979 -2.495000
v 3.502512 1.198957 -2.495000
vn -0.290285 -0.956940 0.000000
f 3796//1266 3797//1266 3798//1266
v 3.563741 1.346777 -2.605000
v 3.563741 1.346777 -2.495000
v 3.777597 1.281905 -2.495000
vn 0.290285 0.956940 -0.000000
f 3799//1267 3800//1267 3801//1267
v 3.563741 1.346777 -2.605000
v 3.777597 1.281905 -2.495000
v 3.777597 1.281905 -2.605000
vn 0.290285 0.956940 0.000000
f 3802//1268 3803//1268 3804//1268
v 3.746383 1.124979 -2.605000
v 3.502512 1.198957 -2.605000
v 3.563741 1.346777 -2.605000
vn 0.000000 0.000000 -1.000000
f 3805//1269 3806//1269 3807//1269
v 3.746383 1.124979 -2.605000
v 3.563741 1.346777 -2.605000
v 3.777597 1.281905 -2.605000
vn 0.000000 0.000000 -1.000000
f 3808//1270 3809//1270 3810//1270
v 3.502512 1.198957 -2.495000
v 3.746383 1.124979 -2.495000
v 3.777597 1.281905 -2.495000
vn -0.000000 0.000000 1.000000
f 3811//1271 3812//1271 3813//1271
v 3.502512 1.198957 -2.495000
v 3.777597 1.281905 -2.495000
v 3.563741 1.346777 -2.495000
vn 0.000000 0.000000 1.000000
f 3814//1272 3815//1272 3816//1272
v 3.746383 1.124979 -2.605000
v 4.000000 1.100000 -2.605000
v 4.000000 1.100000 -2.495000
vn -0.098017 -0.995185 0.000000
f 3817//1273 3818//1273 3819//1273
v 3.746383 1.124979 -2.605000
v 4.000000 1.100000 -2.495000
v 3.746383 1.124979 -2.495000
vn -0.098017 -0.995185 0.000000
f 3820//1274 3821//1274 3822//1274
v 3.777597 1.281905 -2.605000
v 3.777597 1.281905 -2.495000
v 4.000000 1.260000 -2.495000
vn 0.098017 0.995185 -0.000000
f 3823//1275 3824//1275 3825//1275
v 3.777597 1.281905 -2.605000
v 4.000000 1.260000 -2.495000
v 4.000000 1.260000 -2.605000
vn 0.098017 0.995185 0.000000
f 3826//1276 3827//1276 3828//1276
v 4.000000 1.100000 -2.605000
v 3.746383 1.124979 -2.605000
v 3.777597 1.281905 -2.605000
vn 0.000000 0.000000 -1.000000
f 3829//1277 3830//1277 3831//1277
v 4.000000 1.100000 -2.605000
v 3.777597 1.281905 -2.605000
v 4.000000 1.260000 -2.605000
vn 0.000000 0.000000 -1.000000
f 3832//1278 3833//1278 3834//1278
v 3.746383 1.124979 -2.495000
v 4.000000 1.100000 -2.495000
v 4.000000 1.260000 -2.495000
vn -0.000000 0.000000 1.000000
f 3835//1279 3836//1279 3837//1279
v 3.746383 1.124979 -2.495000
v 4.000000 1.260000 -2.495000
v 3.777597 1.281905 -2.495000
vn 0.000000 0.000000 1.000000
f 3838//1280 3839//1280 3840//1280
v 4.000000 1.100000 -2.605000
v 4.253617 1.124979 -2.605000
v 4.253617 1.124979 -2.495000
vn 0.098017 -0.995185 0.000000
f 3841//1281 3842//1281 3843//1281
v 4.000000 1.100000 -2.605000
v 4.253617 1.124979 -2.495000
v 4.000000 1.100000 -2.495000
vn 0.098017 -0.995185 0.000000
f 3844//1282 3845//1282 3846//1282
v 4.000000 1.260000 -2.605000
v 4.000000 1.260000 -2.495000
v 4.222403 1.281905 -2.495000
vn -0.098017 0.995185 0.000000
f 3847//1283 3848//1283 3849//1283
v 4.000000 1.260000 -2.605000
v 4.222403 1.281905 -2.495000
v 4.222403 1.281905 -2.605000
vn -0.098017 0.995185 0.000000
f 3850//1284 3851//1284 3852//1284
v 4.253617 1.124979 -2.605000
v 4.000000 1.100000 -2.605000
v 4.000000 1.260000 -2.605000
vn -0.000000 0.000000 -1.000000
f 3853//1285 3854//1285 3855//1285
v 4.253617 1.124979 -2.605000
v 4.000000 1.260000 -2.605000
v 4.222403 1.281905 -2.605000
vn 0.000000 0.000000 -1.000000
f 3856//1286 3857//1286 3858//1286
v 4.000000 1.100000 -2.495000
v 4.253617 1.124979 -2.495000
v 4.222403 1.281905 -2.495000
vn 0.000000 0.000000 1.000000
f 3859//1287 3860//1287 3861//1287
v 4.000000 1.100000 -2.495000
v 4.222403 1.281905 -2.495000
v 4.000000 1.260000 -2.495000
vn 0.000000 0.000000 1.000000
f 3862//1288 3863//1288 3864//1288
v 4.253617 1.124979 -2.605000
v 4.497488 1.198957 -2.605000
v 4.497488 1.198957 -2.495000
vn 0.290285 -0.956940 0.000000
f 3865//1289 3866//1289 3867//1289
v 4.253617 1.124979 -2.605000
v 4.497488 1.198957 -2.495000
v 4.253617 1.124979 -2.495000
vn 0.290285 -0.956940 0.000000
f 3868//1290 3869//1290 3870//1290
v 4.222403 1.281905 -2.605000
v 4.222403 1.281905 -2.495000
v 4.436259 1.346777 -2.495000
vn -0.290285 0.956940 0.000000
f 3871//1291 3872//1291 3873//1291
v 4.222403 1.281905 -2.605000
v 4.436259 1.346777 -2.495000
v 4.436259 1.346777 -2.605000
vn -0.290285 0.956940 0.000000
f 3874//1292 3875//1292 3876//1292
v 4.497488 1.198957 -2.605000
v 4.253617 1.124979 -2.605000
v 4.222403 1.281905 -2.605000
vn -0.000000 0.000000 -1.000000
f 3877//1293 3878//1293 3879//1293
v 4.497488 1.198957 -2.605000
v 4.222403 1.281905 -2.605000
v 4.436259 1.346777 -2.605000
vn 0.000000 0.000000 -1.000000
f 3880//1294 3881//1294 3882//1294
v 4.253617 1.124979 -2.495000
v 4.497488 1.198957 -2.495000
v 4.436259 1.346777 -2.495000
vn 0.000000 0.000000 1.000000
f 3883//1295 3884//1295 3885//1295
v 4.253617 1.124979 -2.495000
v 4.436259 1.346777 -2.495000
v 4.222403 1.281905 -2.495000
vn 0.000000 -0.000000 1.000000
f 3886//1296 3887//1296 3888//1296
v 4.497488 1.198957 -2.605000
v 4.722241 1.319090 -2.605000
v 4.722241 1.319090 -2.495000
vn 0.471397 -0.881921 0.000000
f 3889//1297 3890//1297 3891//1297
v 4.497488 1.198957 -2.605000
v 4.722241 1.319090 -2.495000
v 4.497488 1.198957 -2.495000
vn 0.471397 -0.881921 0.000000
f 3892//1298 3893//1298 3894//1298
v 4.436259 1.346777 -2.605000
v 4.436259 1.346777 -2.495000
v 4.633350 1.452125 -2.495000
vn -0.471397 0.881921 0.000000
f 3895//1299 3896//1299 3897//1299
v 4.436259 1.346777 -2.605000
v 4.633350 1.452125 -2.495000
v 4.633350 1.452125 -2.605000
vn -0.471397 0.881921 0.000000
f 3898//1300 3899//1300 3900//1300
v 4.722241 1.319090 -2.605000
v 4.497488 1.198957 -2.605000
v 4.436259 1.346777 -2.605000
vn -0.000000 0.000000 -1.000000
f 3901//1301 3902//1301 3903//1301
v 4.722241 1.319090 -2.605000
v 4.436259 1.346777 -2.605000
v 4.633350 1.452125 -2.605000
vn 0.000000 0.000000 -1.000000
f 3904//1302 3905//1302 3906//1302
v 4.497488 1.198957 -2.495000
v 4.722241 1.319090 -2.495000
v 4.633350 1.452125 -2.495000
vn 0.000000 0.000000 1.000000
f 3907//1303 3908//1303 3909//1303
v 4.497488 1.198957 -2.495000
v 4.633350 1.452125 -2.495000
v 4.436259 1.346777 -2.495000
vn 0.000000 -0.000000 1.000000
f 3910//1304 3911//1304 3912//1304
v 4.722241 1.319090 -2.605000
v 4.919239 1.480761 -2.605000
v 4.919239 1.480761 -2.495000
vn 0.634393 -0.773010 0.000000
f 3913//1305 3914//1305 3915//1305
v 4.722241 1.319090 -2.605000
v 4.919239 1.480761 -2.495000
v 4.722241 1.319090 -2.495000
vn 0.634393 -0.773010 0.000000
f 3916//1306 3917//1306 3918//1306
v 4.633350 1.452125 -2.605000
v 4.633350 1.452125 -2.495000
v 4.806102 1.593898 -2.495000
vn -0.634393 0.773010 0.000000
f 3919//1307 3920//1307 3921//1307
v 4.633350 1.452125 -2.605000
v 4.806102 1.593898 -2.495000
v 4.806102 1.593898 -2.605000
vn -0.634393 0.773010 0.000000
f 3922//1308 3923//1308 3924//1308
v 4.919239 1.480761 -2.605000
v 4.722241 1.319090 -2.605000
v 4.633350 1.452125 -2.605000
vn 0.000000 0.000000 -1.000000
f 3925//1309 3926//1309 3927//1309
v 4.919239 1.480761 -2.605000
v 4.633350 1.452125 -2.605000
v 4.806102 1.593898 -2.605000
vn -0.000000 0.000000 -1.000000
f 3928//1310 3929//1310 3930//1310
v 4.722241 1.319090 -2.495000
v 4.919239 1.480761 -2.495000
v 4.806102 1.593898 -2.495000
vn 0.000000 0.000000 1.000000
f 3931//1311 3932//1311 3933//1311
v 4.722241 1.319090 -2.495000
v 4.806102 1.593898 -2.495000
v 4.633350 1.452125 -2.495000
vn 0.000000 -0.000000 1.000000
f 3934//1312 3935//1312 3936//1312
v 4.919239 1.480761 -2.605000
v 5.080910 1.677759 -2.605000
v 5.080910 1.677759 -2.495000
vn 0.773010 -0.634393 0.000000
f 3937//1313 3938//1313 3939//1313
v 4.919239 1.480761 -2.605000
v 5.080910 1.677759 -2.495000
v 4.919239 1.480761 -2.495000
vn 0.773010 -0.634393 0.000000
f 3940//1314 3941//1314 3942//1314
v 4.806102 1.593898 -2.605000
v 4.806102 1.593898 -2.495000
v 4.947875 1.766650 -2.495000
vn -0.773010 0.634393 0.000000
f 3943//1315 3944//1315 3945//1315
v 4.806102 1.593898 -2.605000
v 4.947875 1.766650 -2.495000
v 4.947875 1.766650 -2.605000
vn -0.773010 0.634393 0.000000
f 3946//1316 3947//1316 3948//1316
v 5.080910 1.677759 -2.605000
v 4.919239 1.480761 -2.605000
v 4.806102 1.593898 -2.605000
vn 0.000000 0.000000 -1.000000
f 3949//1317 3950//1317 3951//1317
v 5.080910 1.677759 -2.605000
v 4.806102 1.593898 -2.605000
v 4.947875 1.766650 -2.605000
vn -0.000000 0.000000 -1.000000
f 3952//1318 3953//1318 3954//1318
v 4.919239 1.480761 -2.495000
v 5.080910 1.677759 -2.495000
v 4.947875 1.766650 -2.495000
vn 0.000000 0.000000 1.000000
f 3955//1319 3956//1319 3957//1319
v 4.919239 1.480761 -2.495000
v 4.947875 1.766650 -2.495000
v 4.806102 1.593898 -2.495000
vn 0.000000 -0.000000 1.000000
f 3958//1320 3959//1320 3960//1320
v 5.080910 1.677759 -2.605000
v 5.201043 1.902512 -2.605000
v 5.201043 1.902512 -2.495000
vn 0.881921 -0.471397 0.000000
f 3961//1321 3962//1321 3963//1321
v 5.080910 1.677759 -2.605000
v 5.201043 1.902512 -2.495000
v 5.080910 1.677759 -2.495000
vn 0.881921 -0.471397 0.000000
f 3964//1322 3965//1322 3966//1322
v 4.947875 1.766650 -2.605000
v 4.947875 1.766650 -2.495000
v 5.053223 1.963741 -2.495000
vn -0.881921 0.471397 0.000000
f 3967//1323 3968//1323 3969//1323
v 4.947875 1.766650 -2.605000
v 5.053223 1.963741 -2.495000
v 5.053223 1.963741 -2.605000
vn -0.881921 0.471397 0.000000
f 3970//1324 3971//1324 3972//1324
v 5.201043 1.902512 -2.605000
v 5.080910 1.677759 -2.605000
v 4.947875 1.766650 -2.605000
vn 0.000000 0.000000 -1.000000
f 3973//1325 3974//1325 3975//1325
v 5.201043 1.902512 -2.605000
v 4.947875 1.766650 -2.605000
v 5.053223 1.963741 -2.605000
vn -0.000000 0.000000 -1.000000
f 3976//1326 3977//1326 3978//1326
v 5.080910 1.677759 -2.495000
v 5.201043 1.902512 -2.495000
v 5.053223 1.963741 -2.495000
vn 0.000000 -0.000000 1.000000
f 3979//1327 3980//1327 3981//1327
v 5.080910 1.677759 -2.495000
v 5.053223 1.963741 -2.495000
v 4.947875 1.766650 -2.495000
vn 0.000000 0.000000 1.000000
f 3982//1328 3983//1328 3984//1328
v 5.201043 1.902512 -2.605000
v 5.275021 2.146383 -2.605000
v 5.275021 2.146383 -2.495000
vn 0.956940 -0.290285 0.000000
f 3985//1329 3986//1329 3987//1329
v 5.201043 1.902512 -2.605000
v 5.275021 2.146383 -2.495000
v 5.201043 1.902512 -2.495000
vn 0.956940 -0.290285 0.000000
f 3988//1330 3989//1330 3990//1330
v 5.053223 1.963741 -2.605000
v 5.053223 1.963741 -2.495000
v 5.118095 2.177597 -2.495000
vn -0.956940 0.290285 0.000000
f 3991//1331 3992//1331 3993//1331
v 5.053223 1.963741 -2.605000
v 5.118095 2.177597 -2.495000
v 5.118095 2.177597 -2.605000
vn -0.956940 0.290285 0.000000
f 3994//1332 3995//1332 3996//1332
v 5.275021 2.146383 -2.605000
v 5.201043 1.902512 -2.605000
v 5.053223 1.963741 -2.605000
vn 0.000000 0.000000 -1.000000
f 3997//1333 3998//1333 3999//1333
v 5.275021 2.146383 -2.605000
v 5.053223 1.963741 -2.605000
v 5.118095 2.177597 -2.605000
vn -0.000000 0.000000 -1.000000
f 4000//1334 4001//1334 4002//1334
v 5.201043 1.902512 -2.495000
v 5.275021 2.146383 -2.495000
v 5.118095 2.177597 -2.495000
vn 0.000000 -0.000000 1.000000
f 4003//1335 4004//1335 4005//1335
v 5.201043 1.902512 -2.495000
v 5.118095 2.177597 -2.495000
v 5.053223 1.963741 -2.495000
vn 0.000000 0.000000 1.000000
f 4006//1336 4007//1336 4008//1336
v 5.275021 2.146383 -2.605000
v 5.300000 2.400000 -2.605000
v 5.300000 2.400000 -2.495000
vn 0.995185 -0.098017 0.000000
f 4009//1337 4010//1337 4011//1337
v 5.275021 2.146383 -2.605000
v 5.300000 2.400000 -2.495000
v 5.275021 2.146383 -2.495000
vn 0.995185 -0.098017 0.000000
f 4012//1338 4013//1338 4014//1338
v 5.118095 2.177597 -2.605000
v 5.118095 2.177597 -2.495000
v 5.140000 2.400000 -2.495000
vn -0.995185 0.098017 0.000000
f 4015//1339 4016//1339 4017//1339
v 5.118095 2.177597 -2.605000
v 5.140000 2.400000 -2.495000
v 5.140000 2.400000 -2.605000
vn -0.995185 0.098017 0.000000
f 4018//1340 4019//1340 4020//1340
v 5.300000 2.400000 -2.605000
v 5.275021 2.146383 -2.605000
v 5.118095 2.177597 -2.605000
vn 0.000000 0.000000 -1.000000
f 4021//1341 4022//1341 4023//1341
v 5.300000 2.400000 -2.605000
v 5.118095 2.177597 -2.605000
v 5.140000 2.400000 -2.605000
vn -0.000000 0.000000 -1.000000
f 4024//1342 4025//1342 4026//1342
v 5.275021 2.146383 -2.495000
v 5.300000 2.400000 -2.495000
v 5.140000 2.400000 -2.495000
vn 0.000000 -0.000000 1.000000
f 4027//1343 4028//1343 4029//1343
v 5.275021 2.146383 -2.495000
v 5.140000 2.400000 -2.495000
v 5.118095 2.177597 -2.495000
vn 0.000000 0.000000 1.000000
f 4030//1344 4031//1344 4032//1344
v 5.300000 2.400000 -2.605000
v 5.275021 2.653617 -2.605000
v 5.275021 2.653617 -2.495000
vn 0.995185 0.098017 0.000000
f 4033//1345 4034//1345 4035//1345
v 5.300000 2.400000 -2.605000
v 5.275021 2.653617 -2.495000
v 5.300000 2.400000 -2.495000
vn 0.995185 0.098017 -0.000000
f 4036//1346 4037//1346 4038//1346
v 5.140000 2.400000 -2.605000
v 5.140000 2.400000 -2.495000
v 5.118095 2.622403 -2.495000
vn -0.995185 -0.098017 0.000000
f 4039//1347 4040//1347 4041//1347
v 5.140000 2.400000 -2.605000
v 5.118095 2.622403 -2.495000
v 5.118095 2.622403 -2.605000
vn -0.995185 -0.098017 0.000000
f 4042//1348 4043//1348 4044//1348
v 5.275021 2.653617 -2.605000
v 5.300000 2.400000 -2.605000
v 5.140000 2.400000 -2.605000
vn 0.000000 -0.000000 -1.000000
f 4045//1349 4046//1349 4047//1349
v 5.275021 2.653617 -2.605000
v 5.140000 2.400000 -2.605000
v 5.118095 2.622403 -2.605000
vn 0.000000 0.000000 -1.000000
f 4048//1350 4049//1350 4050//1350
v 5.300000 2.400000 -2.495000
v 5.275021 2.653617 -2.495000
v 5.118095 2.622403 -2.495000
vn 0.000000 0.000000 1.000000
f 4051//1351 4052//1351 4053//1351
v 5.300000 2.400000 -2.495000
v 5.118095 2.622403 -2.495000
v 5.140000 2.400000 -2.495000
vn 0.000000 0.000000 1.000000
f 4054//1352 4055//1352 4056//1352
v 5.275021 2.653617 -2.605000
v 5.201043 2.897488 -2.605000
v 5.201043 2.897488 -2.495000
vn 0.956940 0.290285 0.000000
f 4057//1353 4058//1353 4059//1353
v 5.275021 2.653617 -2.605000
v 5.201043 2.897488 -2.495000
v 5.275021 2.653617 -2.495000
vn 0.956940 0.290285 -0.000000
f 4060//1354 4061//1354 4062//1354
v 5.118095 2.622403 -2.605000
v 5.118095 2.622403 -2.495000
v 5.053223 2.836259 -2.495000
vn -0.956940 -0.290285 0.000000
f 4063//1355 4064//1355 4065//1355
v 5.118095 2.622403 -2.605000
v 5.053223 2.836259 -2.495000
v 5.053223 2.836259 -2.605000
vn -0.956940 -0.290285 0.000000
f 4066//1356 4067//1356 4068//1356
v 5.201043 2.897488 -2.605000
v 5.275021 2.653617 -2.605000
v 5.118095 2.622403 -2.605000
vn 0.000000 -0.000000 -1.000000
f 4069//1357 4070//1357 4071//1357
v 5.201043 2.897488 -2.605000
v 5.118095 2.622403 -2.605000
v 5.053223 2.836259 -2.605000
vn 0.000000 0.000000 -1.000000
f 4072//1358 4073//1358 4074//1358
v 5.275021 2.653617 -2.495000
v 5.201043 2.897488 -2.495000
v 5.053223 2.836259 -2.495000
vn 0.000000 0.000000 1.000000
f 4075//1359 4076//1359 4077//1359
v 5.275021 2.653617 -2.495000
v 5.053223 2.836259 -2.495000
v 5.118095 2.622403 -2.495000
vn 0.000000 0.000000 1.000000
f 4078//1360 4079//1360 4080//1360
v 5.201043 2.897488 -2.605000
v 5.080910 3.122241 -2.605000
v 5.080910 3.122241 -2.495000
vn 0.881921 0.471397 0.000000
f 4081//1361 4082//1361 4083//1361
v 5.201043 2.897488 -2.605000
v 5.080910 3.122241 -2.495000
v 5.201043 2.897488 -2.495000
vn 0.881921 0.471397 -0.000000
f 4084//1362 4085//1362 4086//1362
v 5.053223 2.836259 -2.605000
v 5.053223 2.836259 -2.495000
v 4.947875 3.033350 -2.495000
vn -0.881921 -0.471397 0.000000
f 4087//1363 4088//1363 4089//1363
v 5.053223 2.836259 -2.605000
v 4.947875 3.033350 -2.495000
v 4.947875 3.033350 -2.605000
vn -0.881921 -0.471397 0.000000
f 4090//1364 4091//1364 4092//1364
v 5.080910 3.122241 -2.605000
v 5.201043 2.897488 -2.605000
v 5.053223 2.836259 -2.605000
vn 0.000000 -0.000000 -1.000000
f 4093//1365 4094//1365 4095//1365
v 5.080910 3.122241 -2.605000
v 5.053223 2.836259 -2.605000
v 4.947875 3.033350 -2.605000
vn 0.000000 0.000000 -1.000000
f 4096//1366 4097//1366 4098//1366
v 5.201043 2.897488 -2.495000
v 5.080910 3.122241 -2.495000
v 4.947875 3.033350 -2.495000
vn 0.000000 0.000000 1.000000
f 4099//1367 4100//1367 4101//1367
v 5.201043 2.897488 -2.495000
v 4.947875 3.033350 -2.495000
v 5.053223 2.836259 -2.495000
vn 0.000000 0.000000 1.000000
f 4102//1368 4103//1368 4104//1368
v 5.080910 3.122241 -2.605000
v 4.919239 3.319239 -2.605000
v 4.919239 3.319239 -2.495000
vn 0.773010 0.634393 0.000000
f 4105//1369 4106//1369 4107//1369
v 5.080910 3.122241 -2.605000
v 4.919239 3.319239 -2.495000
v 5.080910 3.122241 -2.495000
vn 0.773010 0.634393 -0.000000
f 4108//1370 4109//1370 4110//1370
v 4.947875 3.033350 -2.605000
v 4.947875 3.033350 -2.495000
v 4.806102 3.206102 -2.495000
vn -0.773010 -0.634393 0.000000
f 4111//1371 4112//1371 4113//1371
v 4.947875 3.033350 -2.605000
v 4.806102 3.206102 -2.495000
v 4.806102 3.206102 -2.605000
vn -0.773010 -0.634393 0.000000
f 4114//1372 4115//1372 4116//1372
v 4.919239 3.319239 -2.605000
v 5.080910 3.122241 -2.605000
v 4.947875 3.033350 -2.605000
vn 0.000000 0.000000 -1.000000
f 4117//1373 4118//1373 4119//1373
v 4.919239 3.319239 -2.605000
v 4.947875 3.033350 -2.605000
v 4.806102 3.206102 -2.605000
vn 0.000000 -0.000000 -1.000000
f 4120//1374 4121//1374 4122//1374
v 5.080910 3.122241 -2.495000
v 4.919239 3.319239 -2.495000
v 4.806102 3.206102 -2.495000
vn 0.000000 0.000000 1.000000
f 4123//1375 4124//1375 4125//1375
v 5.080910 3.122241 -2.495000
v 4.806102 3.206102 -2.495000
v 4.947875 3.033350 -2.495000
vn 0.000000 0.000000 1.000000
f 4126//1376 4127//1376 4128//1376
v 4.919239 3.319239 -2.605000
v 4.722241 3.480910 -2.605000
v 4.722241 3.480910 -2.495000
vn 0.634393 0.773010 0.000000
f 4129//1377 4130//1377 4131//1377
v 4.919239 3.319239 -2.605000
v 4.722241 3.480910 -2.495000
v 4.919239 3.319239 -2.495000
vn 0.634393 0.773010 -0.000000
f 4132//1378 4133//1378 4134//1378
v 4.806102 3.206102 -2.605000
v 4.806102 3.206102 -2.495000
v 4.633350 3.347875 -2.495000
vn -0.634393 -0.773010 0.000000
f 4135//1379 4136//1379 4137//1379
v 4.806102 3.206102 -2.605000
v 4.633350 3.347875 -2.495000
v 4.633350 3.347875 -2.605000
vn -0.634393 -0.773010 0.000000
f 4138//1380 4139//1380 4140//1380
v 4.722241 3.480910 -2.605000
v 4.919239 3.319239 -2.605000
v 4.806102 3.206102 -2.605000
vn 0.000000 0.000000 -1.000000
f 4141//1381 4142//1381 4143//1381
v 4.722241 3.480910 -2.605000
v 4.806102 3.206102 -2.605000
v 4.633350 3.347875 -2.605000
vn 0.000000 -0.000000 -1.000000
f 4144//1382 4145//1382 4146//1382
v 4.919239 3.319239 -2.495000
v 4.722241 3.480910 -2.495000
v 4.633350 3.347875 -2.495000
vn 0.000000 0.000000 1.000000
f 4147//1383 4148//1383 4149//1383
v 4.919239 3.319239 -2.495000
v 4.633350 3.347875 -2.495000
v 4.806102 3.206102 -2.495000
vn 0.000000 0.000000 1.000000
f 4150//1384 4151//1384 4152//1384
v 4.722241 3.480910 -2.605000
v 4.497488 3.601043 -2.605000
v 4.497488 3.601043 -2.495000
vn 0.471397 0.881921 0.000000
f 4153//1385 4154//1385 4155//1385
v 4.722241 3.480910 -2.605000
v 4.497488 3.601043 -2.495000
v 4.722241 3.480910 -2.495000
vn 0.471397 0.881921 -0.000000
f 4156//1386 4157//1386 4158//1386
v 4.633350 3.347875 -2.605000
v 4.633350 3.347875 -2.495000
v 4.436259 3.453223 -2.495000
vn -0.471397 -0.881921 0.000000
f 4159//1387 4160//1387 4161//1387
v 4.633350 3.347875 -2.605000
v 4.436259 3.453223 -2.495000
v 4.436259 3.453223 -2.605000
vn -0.471397 -0.881921 0.000000
f 4162//1388 4163//1388 4164//1388
v 4.497488 3.601043 -2.605000
v 4.722241 3.480910 -2.605000
v 4.633350 3.347875 -2.605000
vn 0.000000 0.000000 -1.000000
f 4165//1389 4166//1389 4167//1389
v 4.497488 3.601043 -2.605000
v 4.633350 3.347875 -2.605000
v 4.436259 3.453223 -2.605000
vn 0.000000 -0.000000 -1.000000
f 4168//1390 4169//1390 4170//1390
v 4.722241 3.480910 -2.495000
v 4.497488 3.601043 -2.495000
v 4.436259 3.453223 -2.495000
vn 0.000000 0.000000 1.000000
f 4171//1391 4172//1391 4173//1391
v 4.722241 3.480910 -2.495000
v 4.436259 3.453223 -2.495000
v 4.633350 3.347875 -2.495000
vn 0.000000 0.000000 1.000000
f 4174//1392 4175//1392 4176//1392
v 4.497488 3.601043 -2.605000
v 4.253617 3.675021 -2.605000
v 4.253617 3.675021 -2.495000
vn 0.290285 0.956940 0.000000
f 4177//1393 4178//1393 4179//1393
v 4.497488 3.601043 -2.605000
v 4.253617 3.675021 -2.495000
v 4.497488 3.601043 -2.495000
vn 0.290285 0.956940 -0.000000
f 4180//1394 4181//1394 4182//1394
v 4.436259 3.453223 -2.605000
v 4.436259 3.453223 -2.495000
v 4.222403 3.518095 -2.495000
vn -0.290285 -0.956940 0.000000
f 4183//1395 4184//1395 4185//1395
v 4.436259 3.453223 -2.605000
v 4.222403 3.518095 -2.495000
v 4.222403 3.518095 -2.605000
vn -0.290285 -0.956940 0.000000
f 4186//1396 4187//1396 4188//1396
v 4.253617 3.675021 -2.605000
v 4.497488 3.601043 -2.605000
v 4.436259 3.453223 -2.605000
vn 0.000000 0.000000 -1.000000
f 4189//1397 4190//1397 4191//1397
v 4.253617 3.675021 -2.605000
v 4.436259 3.453223 -2.605000
v 4.222403 3.518095 -2.605000
vn 0.000000 -0.000000 -1.000000
f 4192//1398 4193//1398 4194//1398
v 4.497488 3.601043 -2.495000
v 4.253617 3.675021 -2.495000
v 4.222403 3.518095 -2.495000
vn 0.000000 0.000000 1.000000
f 4195//1399 4196//1399 4197//1399
v 4.497488 3.601043 -2.495000
v 4.222403 3.518095 -2.495000
v 4.436259 3.453223 -2.495000
vn 0.000000 0.000000 1.000000
f 4198//1400 4199//1400 4200//1400
v 4.253617 3.675021 -2.605000
v 4.000000 3.700000 -2.605000
v 4.000000 3.700000 -2.495000
vn 0.098017 0.995185 0.000000
f 4201//1401 4202//1401 4203//1401
v 4.253617 3.675021 -2.605000
v 4.000000 3.700000 -2.495000
v 4.253617 3.675021 -2.495000
vn 0.098017 0.995185 -0.000000
f 4204//1402 4205//1402 4206//1402
v 4.222403 3.518095 -2.605000
v 4.222403 3.518095 -2.495000
v 4.000000 3.540000 -2.495000
vn -0.098017 -0.995185 0.000000
f 4207//1403 4208//1403 4209//1403
v 4.222403 3.518095 -2.605000
v 4.000000 3.540000 -2.495000
v 4.000000 3.540000 -2.605000
vn -0.098017 -0.995185 0.000000
f 4210//1404 4211//1404 4212//1404
v 4.000000 3.700000 -2.605000
v 4.253617 3.675021 -2.605000
v 4.222403 3.518095 -2.605000
vn 0.000000 0.000000 -1.000000
f 4213//1405 4214//1405 4215//1405
v 4.000000 3.700000 -2.605000
v 4.222403 3.518095 -2.605000
v 4.000000 3.540000 -2.605000
vn 0.000000 0.000000 -1.000000
f 4216//1406 4217//1406 4218//1406
v 4.253617 3.675021 -2.495000
v 4.000000 3.700000 -2.495000
v 4.000000 3.540000 -2.495000
vn 0.000000 0.000000 1.000000
f 4219//1407 4220//1407 4221//1407
v 4.253617 3.675021 -2.495000
v 4.000000 3.540000 -2.495000
v 4.222403 3.518095 -2.495000
vn 0.000000 0.000000 1.000000
f 4222//1408 4223//1408 4224//1408
v 4.000000 3.700000 -2.605000
v 3.746383 3.675021 -2.605000
v 3.746383 3.675021 -2.495000
vn -0.098017 0.995185 0.000000
f 4225//1409 4226//1409 4227//1409
v 4.000000 3.700000 -2.605000
v 3.746383 3.675021 -2.495000
v 4.000000 3.700000 -2.495000
vn -0.098017 0.995185 0.000000
f 4228//1410 4229//1410 4230//1410
v 4.000000 3.540000 -2.605000
v 4.000000 3.540000 -2.495000
v 3.777597 3.518095 -2.495000
vn 0.098017 -0.995185 0.000000
f 4231//1411 4232//1411 4233//1411
v 4.000000 3.540000 -2.605000
v 3.777597 3.518095 -2.495000
v 3.777597 3.518095 -2.605000
vn 0.098017 -0.995185 0.000000
f 4234//1412 4235//1412 4236//1412
v 3.746383 3.675021 -2.605000
v 4.000000 3.700000 -2.605000
v 4.000000 3.540000 -2.605000
vn 0.000000 0.000000 -1.000000
f 4237//1413 4238//1413 4239//1413
v 3.746383 3.675021 -2.605000
v 4.000000 3.540000 -2.605000
v 3.777597 3.518095 -2.605000
vn 0.000000 0.000000 -1.000000
f 4240//1414 4241//1414 4242//1414
v 4.000000 3.700000 -2.495000
v 3.746383 3.675021 -2.495000
v 3.777597 3.518095 -2.495000
vn 0.000000 0.000000 1.000000
f 4243//1415 4244//1415 4245//1415
v 4.000000 3.700000 -2.495000
v 3.777597 3.518095 -2.495000
v 4.000000 3.540000 -2.495000
vn 0.000000 0.000000 1.000000
f 4246//1416 4247//1416 4248//1416
v 3.746383 3.675021 -2.605000
v 3.502512 3.601043 -2.605000
v 3.502512 3.601043 -2.495000
vn -0.290285 0.956940 0.000000
f 4249//1417 4250//1417 4251//1417
v 3.746383 3.675021 -2.605000
v 3.502512 3.601043 -2.495000
v 3.746383 3.675021 -2.495000
vn -0.290285 0.956940 0.000000
f 4252//1418 4253//1418 4254//1418
v 3.777597 3.518095 -2.605000
v 3.777597 3.518095 -2.495000
v 3.563741 3.453223 -2.495000
vn 0.290285 -0.956940 0.000000
f 4255//1419 4256//1419 4257//1419
v 3.777597 3.518095 -2.605000
v 3.563741 3.453223 -2.495000
v 3.563741 3.453223 -2.605000
vn 0.290285 -0.956940 0.000000
f 4258//1420 4259//1420 4260//1420
v 3.502512 3.601043 -2.605000
v 3.746383 3.675021 -2.605000
v 3.777597 3.518095 -2.605000
vn 0.000000 0.000000 -1.000000
f 4261//1421 4262//1421 4263//1421
v 3.502512 3.601043 -2.605000
v 3.777597 3.518095 -2.605000
v 3.563741 3.453223 -2.605000
vn 0.000000 0.000000 -1.000000
f 4264//1422 4265//1422 4266//1422
v 3.746383 3.675021 -2.495000
v 3.502512 3.601043 -2.495000
v 3.563741 3.453223 -2.495000
vn 0.000000 0.000000 1.000000
f 4267//1423 4268//1423 4269//1423
v 3.746383 3.675021 -2.495000
v 3.563741 3.453223 -2.495000
v 3.777597 3.518095 -2.495000
vn 0.000000 0.000000 1.000000
f 4270//1424 4271//1424 4272//1424
v 3.502512 3.601043 -2.605000
v 3.277759 3.480910 -2.605000
v 3.277759 3.480910 -2.495000
vn -0.471397 0.881921 0.000000
f 4273//1425 4274//1425 4275//1425
v 3.502512 3.601043 -2.605000
v 3.277759 3.480910 -2.495000
v 3.502512 3.601043 -2.495000
vn -0.471397 0.881921 0.000000
f 4276//1426 4277//1426 4278//1426
v 3.563741 3.453223 -2.605000
v 3.563741 3.453223 -2.495000
v 3.366650 3.347875 -2.495000
vn 0.471397 -0.881921 0.000000
f 4279//1427 4280//1427 4281//1427
v 3.563741 3.453223 -2.605000
v 3.366650 3.347875 -2.495000
v 3.366650 3.347875 -2.605000
vn 0.471397 -0.881921 0.000000
f 4282//1428 4283//1428 4284//1428
v 3.277759 3.480910 -2.605000
v 3.502512 3.601043 -2.605000
v 3.563741 3.453223 -2.605000
vn 0.000000 0.000000 -1.000000
f 4285//1429 4286//1429 4287//1429
v 3.277759 3.480910 -2.605000
v 3.563741 3.453223 -2.605000
v 3.366650 3.347875 -2.605000
vn 0.000000 0.000000 -1.000000
f 4288//1430 4289//1430 4290//1430
v 3.502512 3.601043 -2.495000
v 3.277759 3.480910 -2.495000
v 3.366650 3.347875 -2.495000
vn 0.000000 0.000000 1.000000
f 4291//1431 4292//1431 4293//1431
v 3.502512 3.601043 -2.495000
v 3.366650 3.347875 -2.495000
v 3.563741 3.453223 -2.495000
vn 0.000000 0.000000 1.000000
f 4294//1432 4295//1432 4296//1432
v 3.277759 3.480910 -2.605000
v 3.080761 3.319239 -2.605000
v 3.080761 3.319239 -2.495000
vn -0.634393 0.773010 0.000000
f 4297//1433 4298//1433 4299//1433
v 3.277759 3.480910 -2.605000
v 3.080761 3.319239 -2.495000
v 3.277759 3.480910 -2.495000
vn -0.634393 0.773010 0.000000
f 4300//1434 4301//1434 4302//1434
v 3.366650 3.347875 -2.605000
v 3.366650 3.347875 -2.495000
v 3.193898 3.206102 -2.495000
vn 0.634393 -0.773010 0.000000
f 4303//1435 4304//1435 4305//1435
v 3.366650 3.347875 -2.605000
v 3.193898 3.206102 -2.495000
v 3.193898 3.206102 -2.605000
vn 0.634393 -0.773010 0.000000
f 4306//1436 4307//1436 4308//1436
v 3.080761 3.319239 -2.605000
v 3.277759 3.480910 -2.605000
v 3.366650 3.347875 -2.605000
vn 0.000000 0.000000 -1.000000
f 4309//1437 4310//1437 4311//1437
v 3.080761 3.319239 -2.605000
v 3.366650 3.347875 -2.605000
v 3.193898 3.206102 -2.605000
vn 0.000000 0.000000 -1.000000
f 4312//1438 4313//1438 4314//1438
v 3.277759 3.480910 -2.495000
v 3.080761 3.319239 -2.495000
v 3.193898 3.206102 -2.495000
vn 0.000000 0.000000 1.000000
f 4315//1439 4316//1439 4317//1439
v 3.277759 3.480910 -2.495000
v 3.193898 3.206102 -2.495000
v 3.366650 3.347875 -2.495000
vn 0.000000 0.000000 1.000000
f 4318//1440 4319//1440 4320//1440
v 3.080761 3.319239 -2.605000
v 2.919090 3.122241 -2.605000
v 2.919090 3.122241 -2.495000
vn -0.773010 0.634393 0.000000
f 4321//1441 4322//1441 4323//1441
v 3.080761 3.319239 -2.605000
v 2.919090 3.122241 -2.495000
v 3.080761 3.319239 -2.495000
vn -0.773010 0.634393 0.000000
f 4324//1442 4325//1442 4326//1442
v 3.193898 3.206102 -2.605000
v 3.193898 3.206102 -2.495000
v 3.052125 3.033350 -2.495000
vn 0.773010 -0.634393 0.000000
f 4327//1443 4328//1443 4329//1443
v 3.193898 3.206102 -2.605000
v 3.052125 3.033350 -2.495000
v 3.052125 3.033350 -2.605000
vn 0.773010 -0.634393 0.000000
f 4330//1444 4331//1444 4332//1444
v 2.919090 3.122241 -2.605000
v 3.080761 3.319239 -2.605000
v 3.193898 3.206102 -2.605000
vn 0.000000 0.000000 -1.000000
f 4333//1445 4334//1445 4335//1445
v 2.919090 3.122241 -2.605000
v 3.193898 3.206102 -2.605000
v 3.052125 3.033350 -2.605000
vn 0.000000 0.000000 -1.000000
f 4336//1446 4337//1446 4338//1446
v 3.080761 3.319239 -2.495000
v 2.919090 3.122241 -2.495000
v 3.052125 3.033350 -2.495000
vn 0.000000 0.000000 1.000000
f 4339//1447 4340//1447 4341//1447
v 3.080761 3.319239 -2.495000
v 3.052125 3.033350 -2.495000
v 3.193898 3.206102 -2.495000
vn 0.000000 0.000000 1.000000
f 4342//1448 4343//1448 4344//1448
v 2.919090 3.122241 -2.605000
v 2.798957 2.897488 -2.605000
v 2.798957 2.897488 -2.495000
vn -0.881921 0.471397 0.000000
f 4345//1449 4346//1449 4347//1449
v 2.919090 3.122241 -2.605000
v 2.798957 2.897488 -2.495000
v 2.919090 3.122241 -2.495000
vn -0.881921 0.471397 0.000000
f 4348//1450 4349//1450 4350//1450
v 3.052125 3.033350 -2.605000
v 3.052125 3.033350 -2.495000
v 2.946777 2.836259 -2.495000
vn 0.881921 -0.471397 0.000000
f 4351//1451 4352//1451 4353//1451
v 3.052125 3.033350 -2.605000
v 2.946777 2.836259 -2.495000
v 2.946777 2.836259 -2.605000
vn 0.881921 -0.471397 0.000000
f 4354//1452 4355//1452 4356//1452
v 2.798957 2.897488 -2.605000
v 2.919090 3.122241 -2.605000
v 3.052125 3.033350 -2.605000
vn 0.000000 0.000000 -1.000000
f 4357//1453 4358//1453 4359//1453
v 2.798957 2.897488 -2.605000
v 3.052125 3.033350 -2.605000
v 2.946777 2.836259 -2.605000
vn 0.000000 0.000000 -1.000000
f 4360//1454 4361//1454 4362//1454
v 2.919090 3.122241 -2.495000
v 2.798957 2.897488 -2.495000
v 2.946777 2.836259 -2.495000
vn 0.000000 0.000000 1.000000
f 4363//1455 4364//1455 4365//1455
v 2.919090 3.122241 -2.495000
v 2.946777 2.836259 -2.495000
v 3.052125 3.033350 -2.495000
vn 0.000000 0.000000 1.000000
f 4366//1456 4367//1456 4368//1456
v 2.798957 2.897488 -2.605000
v 2.724979 2.653617 -2.605000
v 2.724979 2.653617 -2.495000
vn -0.956940 0.290285 0.000000
f 4369//1457 4370//1457 4371//1457
v 2.798957 2.897488 -2.605000
v 2.724979 2.653617 -2.495000
v 2.798957 2.897488 -2.495000
vn -0.956940 0.290285 0.000000
f 4372//1458 4373//1458 4374//1458
v 2.946777 2.836259 -2.605000
v 2.946777 2.836259 -2.495000
v 2.881905 2.622403 -2.495000
vn 0.956940 -0.290285 0.000000
f 4375//1459 4376//1459 4377//1459
v 2.946777 2.836259 -2.605000
v 2.881905 2.622403 -2.495000
v 2.881905 2.622403 -2.605000
vn 0.956940 -0.290285 0.000000
f 4378//1460 4379//1460 4380//1460
v 2.724979 2.653617 -2.605000
v 2.798957 2.897488 -2.605000
v 2.946777 2.836259 -2.605000
vn 0.000000 0.000000 -1.000000
f 4381//1461 4382//1461 4383//1461
v 2.724979 2.653617 -2.605000
v 2.946777 2.836259 -2.605000
v 2.881905 2.622403 -2.605000
vn 0.000000 0.000000 -1.000000
f 4384//1462 4385//1462 4386//1462
v 2.798957 2.897488 -2.495000
v 2.724979 2.653617 -2.495000
v 2.881905 2.622403 -2.495000
vn 0.000000 0.000000 1.000000
f 4387//1463 4388//1463 4389//1463
v 2.798957 2.897488 -2.495000
v 2.881905 2.622403 -2.495000
v 2.946777 2.836259 -2.495000
vn 0.000000 0.000000 1.000000
f 4390//1464 4391//1464 4392//1464
v 2.724979 2.653617 -2.605000
v 2.700000 2.400000 -2.605000
v 2.700000 2.400000 -2.495000
vn -0.995185 0.098017 0.000000
f 4393//1465 4394//1465 4395//1465
v 2.724979 2.653617 -2.605000
v 2.700000 2.400000 -2.495000
v 2.724979 2.653617 -2.495000
vn -0.995185 0.098017 0.000000
f 4396//1466 4397//1466 4398//1466
v 2.881905 2.622403 -2.605000
v 2.881905 2.622403 -2.495000
v 2.860000 2.400000 -2.495000
vn 0.995185 -0.098017 0.000000
f 4399//1467 4400//1467 4401//1467
v 2.881905 2.622403 -2.605000
v 2.860000 2.400000 -2.495000
v 2.860000 2.400000 -2.605000
vn 0.995185 -0.098017 0.000000
f 4402//1468 4403//1468 4404//1468
v 2.700000 2.400000 -2.605000
v 2.724979 2.653617 -2.605000
v 2.881905 2.622403 -2.605000
vn 0.000000 0.000000 -1.000000
f 4405//1469 4406//1469 4407//1469
v 2.700000 2.400000 -2.605000
v 2.881905 2.622403 -2.605000
v 2.860000 2.400000 -2.605000
vn 0.000000 0.000000 -1.000000
f 4408//1470 4409//1470 4410//1470
v 2.724979 2.653617 -2.495000
v 2.700000 2.400000 -2.495000
v 2.860000 2.400000 -2.495000
vn 0.000000 0.000000 1.000000
f 4411//1471 4412//1471 4413//1471
v 2.724979 2.653617 -2.495000
v 2.860000 2.400000 -2.495000
v 2.881905 2.622403 -2.495000
vn 0.000000 0.000000 1.000000
f 4414//1472 4415//1472 4416//1472
v 5.415000 2.400000 -2.640000
v 5.447500 2.343708 -2.640000
v 5.447500 2.343708 -2.460000
vn -0.866025 -0.500000 0.000000
f 4417//1473 4418//1473 4419//1473
v 5.415000 2.400000 -2.640000
v 5.447500 2.343708 -2.460000
v 5.415000 2.400000 -2.460000
vn -0.866025 -0.500000 0.000000
f 4420//1474 4421//1474 4422//1474
v 5.480000 2.400000 -2.640000
v 5.447500 2.343708 -2.640000
v 5.415000 2.400000 -2.640000
vn -0.000000 0.000000 -1.000000
f 4423//1475 4424//1475 4425//1475
v 5.480000 2.400000 -2.460000
v 5.415000 2.400000 -2.460000
v 5.447500 2.343708 -2.460000
vn 0.000000 0.000000 1.000000
f 4426//1476 4427//1476 4428//1476
v 5.447500 2.343708 -2.640000
v 5.512500 2.343708 -2.640000
v 5.512500 2.343708 -2.460000
vn 0.000000 -1.000000 0.000000
f 4429//1477 4430//1477 4431//1477
v 5.447500 2.343708 -2.640000
v 5.512500 2.343708 -2.460000
v 5.447500 2.343708 -2.460000
vn 0.000000 -1.000000 0.000000
f 4432//1478 4433//1478 4434//1478
v 5.480000 2.400000 -2.640000
v 5.512500 2.343708 -2.640000
v 5.447500 2.343708 -2.640000
vn 0.000000 -0.000000 -1.000000
f 4435//1479 4436//1479 4437//1479
v 5.480000 2.400000 -2.460000
v 5.447500 2.343708 -2.460000
v 5.512500 2.343708 -2.460000
vn 0.000000 0.000000 1.000000
f 4438//1480 4439//1480 4440//1480
v 5.512500 2.343708 -2.640000
v 5.545000 2.400000 -2.640000
v 5.545000 2.400000 -2.460000
vn 0.866025 -0.500000 0.000000
f 4441//1481 4442//1481 4443//1481
v 5.512500 2.343708 -2.640000
v 5.545000 2.400000 -2.460000
v 5.512500 2.343708 -2.460000
vn 0.866025 -0.500000 0.000000
f 4444//1482 4445//1482 4446//1482
v 5.480000 2.400000 -2.640000
v 5.545000 2.400000 -2.640000
v 5.512500 2.343708 -2.640000
vn 0.000000 0.000000 -1.000000
f 4447//1483 4448//1483 4449//1483
v 5.480000 2.400000 -2.460000
v 5.512500 2.343708 -2.460000
v 5.545000 2.400000 -2.460000
vn -0.000000 0.000000 1.000000
f 4450//1484 4451//1484 4452//1484
v 5.545000 2.400000 -2.640000
v 5.512500 2.456292 -2.640000
v 5.512500 2.456292 -2.460000
vn 0.866025 0.500000 0.000000
f 4453//1485 4454//1485 4455//1485
v 5.545000 2.400000 -2.640000
v 5.512500 2.456292 -2.460000
v 5.545000 2.400000 -2.460000
vn 0.866025 0.500000 -0.000000
f 4456//1486 4457//1486 4458//1486
v 5.480000 2.400000 -2.640000
v 5.512500 2.456292 -2.640000
v 5.545000 2.400000 -2.640000
vn 0.000000 0.000000 -1.000000
f 4459//1487 4460//1487 4461//1487
v 5.480000 2.400000 -2.460000
v 5.545000 2.400000 -2.460000
v 5.512500 2.456292 -2.460000
vn 0.000000 0.000000 1.000000
f 4462//1488 4463//1488 4464//1488
v 5.512500 2.456292 -2.640000
v 5.447500 2.456292 -2.640000
v 5.447500 2.456292 -2.460000
vn 0.000000 1.000000 0.000000
f 4465//1489 4466//1489 4467//1489
v 5.512500 2.456292 -2.640000
v 5.447500 2.456292 -2.460000
v 5.512500 2.456292 -2.460000
vn 0.000000 1.000000 -0.000000
f 4468//1490 4469//1490 4470//1490
v 5.480000 2.400000 -2.640000
v 5.447500 2.456292 -2.640000
v 5.512500 2.456292 -2.640000
vn 0.000000 0.000000 -1.000000
f 4471//1491 4472//1491 4473//1491
v 5.480000 2.400000 -2.460000
v 5.512500 2.456292 -2.460000
v 5.447500 2.456292 -2.460000
vn 0.000000 -0.000000 1.000000
f 4474//1492 4475//1492 4476//1492
v 5.447500 2.456292 -2.640000
v 5.415000 2.400000 -2.640000
v 5.415000 2.400000 -2.460000
vn -0.866025 0.500000 0.000000
f 4477//1493 4478//1493 4479//1493
v 5.447500 2.456292 -2.640000
v 5.415000 2.400000 -2.460000
v 5.447500 2.456292 -2.460000
vn -0.866025 0.500000 0.000000
f 4480//1494 4481//1494 4482//1494
v 5.480000 2.400000 -2.640000
v 5.415000 2.400000 -2.640000
v 5.447500 2.456292 -2.640000
vn 0.000000 0.000000 -1.000000
f 4483//1495 4484//1495 4485//1495
v 5.480000 2.400000 -2.460000
v 5.447500 2.456292 -2.460000
v 5.415000 2.400000 -2.460000
vn 0.000000 0.000000 1.000000
f 4486//1496 4487//1496 4488//1496
v 4.981518 3.446518 -2.640000
v 5.014018 3.390226 -2.640000
v 5.014018 3.390226 -2.460000
vn -0.866025 -0.500000 0.000000
f 4489//1497 4490//1497 4491//1497
v 4.981518 3.446518 -2.640000
v 5.014018 3.390226 -2.460000
v 4.981518 3.446518 -2.460000
vn -0.866025 -0.500000 0.000000
f 4492//1498 4493//1498 4494//1498
v 5.046518 3.446518 -2.640000
v 5.014018 3.390226 -2.640000
v 4.981518 3.446518 -2.640000
vn -0.000000 0.000000 -1.000000
f 4495//1499 4496//1499 4497//1499
v 5.046518 3.446518 -2.460000
v 4.981518 3.446518 -2.460000
v 5.014018 3.390226 -2.460000
vn 0.000000 0.000000 1.000000
f 4498//1500 4499//1500 4500//1500
v 5.014018 3.390226 -2.640000
v 5.079018 3.390226 -2.640000
v 5.079018 3.390226 -2.460000
vn 0.000000 -1.000000 0.000000
f 4501//1501 4502//1501 4503//1501
v 5.014018 3.390226 -2.640000
v 5.079018 3.390226 -2.460000
v 5.014018 3.390226 -2.460000
vn 0.000000 -1.000000 0.000000
f 4504//1502 4505//1502 4506//1502
v 5.046518 3.446518 -2.640000
v 5.079018 3.390226 -2.640000
v 5.014018 3.390226 -2.640000
vn 0.000000 -0.000000 -1.000000
f 4507//1503 4508//1503 4509//1503
v 5.046518 3.446518 -2.460000
v 5.014018 3.390226 -2.460000
v 5.079018 3.390226 -2.460000
vn 0.000000 0.000000 1.000000
f 4510//1504 4511//1504 4512//1504
v 5.079018 3.390226 -2.640000
v 5.111518 3.446518 -2.640000
v 5.111518 3.446518 -2.460000
vn 0.866025 -0.500000 0.000000
f 4513//1505 4514//1505 4515//1505
v 5.079018 3.390226 -2.640000
v 5.111518 3.446518 -2.460000
v 5.079018 3.390226 -2.460000
vn 0.866025 -0.500000 0.000000
f 4516//1506 4517//1506 4518//1506
v 5.046518 3.446518 -2.640000
v 5.111518 3.446518 -2.640000
v 5.079018 3.390226 -2.640000
vn 0.000000 0.000000 -1.000000
f 4519//1507 4520//1507 4521//1507
v 5.046518 3.446518 -2.460000
v 5.079018 3.390226 -2.460000
v 5.111518 3.446518 -2.460000
vn -0.000000 0.000000 1.000000
f 4522//1508 4523//1508 4524//1508
v 5.111518 3.446518 -2.640000
v 5.079018 3.502810 -2.640000
v 5.079018 3.502810 -2.460000
vn 0.866025 0.500000 0.000000
f 4525//1509 4526//1509 4527//1509
v 5.111518 3.446518 -2.640000
v 5.079018 3.502810 -2.460000
v 5.111518 3.446518 -2.460000
vn 0.866025 0.500000 -0.000000
f 4528//1510 4529//1510 4530//1510
v 5.046518 3.446518 -2.640000
v 5.079018 3.502810 -2.640000
v 5.111518 3.446518 -2.640000
vn 0.000000 0.000000 -1.000000
f 4531//1511 4532//1511 4533//1511
v 5.046518 3.446518 -2.460000
v 5.111518 3.446518 -2.460000
v 5.079018 3.502810 -2.460000
vn 0.000000 0.000000 1.000000
f 4534//1512 4535//1512 4536//1512
v 5.079018 3.502810 -2.640000
v 5.014018 3.502810 -2.640000
v 5.014018 3.502810 -2.460000
vn 0.000000 1.000000 0.000000
f 4537//1513 4538//1513 4539//1513
v 5.079018 3.502810 -2.640000
v 5.014018 3.502810 -2.460000
v 5.079018 3.502810 -2.460000
vn 0.000000 1.000000 -0.000000
f 4540//1514 4541//1514 4542//1514
v 5.046518 3.446518 -2.640000
v 5.014018 3.502810 -2.640000
v 5.079018 3.502810 -2.640000
vn 0.000000 0.000000 -1.000000
f 4543//1515 4544//1515 4545//1515
v 5.046518 3.446518 -2.460000
v 5.079018 3.502810 -2.460000
v 5.014018 3.502810 -2.460000
vn 0.000000 -0.000000 1.000000
f 4546//1516 4547//1516 4548//1516
v 5.014018 3.502810 -2.640000
v 4.981518 3.446518 -2.640000
v 4.981518 3.446518 -2.460000
vn -0.866025 0.500000 0.000000
f 4549//1517 4550//1517 4551//1517
v 5.014018 3.502810 -2.640000
v 4.981518 3.446518 -2.460000
v 5.014018 3.502810 -2.460000
vn -0.866025 0.500000 0.000000
f 4552//1518 4553//1518 4554//1518
v 5.046518 3.446518 -2.640000
v 4.981518 3.446518 -2.640000
v 5.014018 3.502810 -2.640000
vn 0.000000 0.000000 -1.000000
f 4555//1519 4556//1519 4557//1519
v 5.046518 3.446518 -2.460000
v 5.014018 3.502810 -2.460000
v 4.981518 3.446518 -2.460000
vn 0.000000 0.000000 1.000000
f 4558//1520 4559//1520 4560//1520
v 3.935000 3.880000 -2.640000
v 3.967500 3.823708 -2.640000
v 3.967500 3.823708 -2.460000
vn -0.866025 -0.500000 0.000000
f 4561//1521 4562//1521 4563//1521
v 3.935000 3.880000 -2.640000
v 3.967500 3.823708 -2.460000
v 3.935000 3.880000 -2.460000
vn -0.866025 -0.500000 0.000000
f 4564//1522 4565//1522 4566//1522
v 4.000000 3.880000 -2.640000
v 3.967500 3.823708 -2.640000
v 3.935000 3.880000 -2.640000
vn -0.000000 0.000000 -1.000000
f 4567//1523 4568//1523 4569//1523
v 4.000000 3.880000 -2.460000
v 3.935000 3.880000 -2.460000
v 3.967500 3.823708 -2.460000
vn 0.000000 0.000000 1.000000
f 4570//1524 4571//1524 4572//1524
v 3.967500 3.823708 -2.640000
v 4.032500 3.823708 -2.640000
v 4.032500 3.823708 -2.460000
vn 0.000000 -1.000000 0.000000
f 4573//1525 4574//1525 4575//1525
v 3.967500 3.823708 -2.640000
v 4.032500 3.823708 -2.460000
v 3.967500 3.823708 -2.460000
vn 0.000000 -1.000000 0.000000
f 4576//1526 4577//1526 4578//1526
v 4.000000 3.880000 -2.640000
v 4.032500 3.823708 -2.640000
v 3.967500 3.823708 -2.640000
vn 0.000000 -0.000000 -1.000000
f 4579//1527 4580//1527 4581//1527
v 4.000000 3.880000 -2.460000
v 3.967500 3.823708 -2.460000
v 4.032500 3.823708 -2.460000
vn 0.000000 0.000000 1.000000
f 4582//1528 4583//1528 4584//1528
v 4.032500 3.823708 -2.640000
v 4.065000 3.880000 -2.640000
v 4.065000 3.880000 -2.460000
vn 0.866025 -0.500000 0.000000
f 4585//1529 4586//1529 4587//1529
v 4.032500 3.823708 -2.640000
v 4.065000 3.880000 -2.460000
v 4.032500 3.823708 -2.460000
vn 0.866025 -0.500000 0.000000
f 4588//1530 4589//1530 4590//1530
v 4.000000 3.880000 -2.640000
v 4.065000 3.880000 -2.640000
v 4.032500 3.823708 -2.640000
vn 0.000000 0.000000 -1.000000
f 4591//1531 4592//1531 4593//1531
v 4.000000 3.880000 -2.460000
v 4.032500 3.823708 -2.460000
v 4.065000 3.880000 -2.460000
vn -0.000000 0.000000 1.000000
f 4594//1532 4595//1532 4596//1532
v 4.065000 3.880000 -2.640000
v 4.032500 3.936292 -2.640000
v 4.032500 3.936292 -2.460000
vn 0.866025 0.500000 0.000000
f 4597//1533 4598//1533 4599//1533
v 4.065000 3.880000 -2.640000
v 4.032500 3.936292 -2.460000
v 4.065000 3.880000 -2.460000
vn 0.866025 0.500000 -0.000000
f 4600//1534 4601//1534 4602//1534
v 4.000000 3.880000 -2.640000
v 4.032500 3.936292 -2.640000
v 4.065000 3.880000 -2.640000
vn 0.000000 0.000000 -1.000000
f 4603//1535 4604//1535 4605//1535
v 4.000000 3.880000 -2.460000
v 4.065000 3.880000 -2.460000
v 4.032500 3.936292 -2.460000
vn 0.000000 0.000000 1.000000
f 4606//1536 4607//1536 4608//1536
v 4.032500 3.936292 -2.640000
v 3.967500 3.936292 -2.640000
v 3.967500 3.936292 -2.460000
vn 0.000000 1.000000 0.000000
f 4609//1537 4610//1537 4611//1537
v 4.032500 3.936292 -2.640000
v 3.967500 3.936292 -2.460000
v 4.032500 3.936292 -2.460000
vn 0.000000 1.000000 -0.000000
f 4612//1538 4613//1538 4614//1538
v 4.000000 3.880000 -2.640000
v 3.967500 3.936292 -2.640000
v 4.032500 3.936292 -2.640000
vn 0.000000 0.000000 -1.000000
f 4615//1539 4616//1539 4617//1539
v 4.000000 3.880000 -2.460000
v 4.032500 3.936292 -2.460000
v 3.967500 3.936292 -2.460000
vn 0.000000 -0.000000 1.000000
f 4618//1540 4619//1540 4620//1540
v 3.967500 3.936292 -2.640000
v 3.935000 3.880000 -2.640000
v 3.935000 3.880000 -2.460000
vn -0.866025 0.500000 0.000000
f 4621//1541 4622//1541 4623//1541
v 3.967500 3.936292 -2.640000
v 3.935000 3.880000 -2.460000
v 3.967500 3.936292 -2.460000
vn -0.866025 0.500000 0.000000
f 4624//1542 4625//1542 4626//1542
v 4.000000 3.880000 -2.640000
v 3.935000 3.880000 -2.640000
v 3.967500 3.936292 -2.640000
vn 0.000000 0.000000 -1.000000
f 4627//1543 4628//1543 4629//1543
v 4.000000 3.880000 -2.460000
v 3.967500 3.936292 -2.460000
v 3.935000 3.880000 -2.460000
vn 0.000000 0.000000 1.000000
f 4630//1544 4631//1544 4632//1544
v 2.888482 3.446518 -2.640000
v 2.920982 3.390226 -2.640000
v 2.920982 3.390226 -2.460000
vn -0.866025 -0.500000 0.000000
f 4633//1545 4634//1545 4635//1545
v 2.888482 3.446518 -2.640000
v 2.920982 3.390226 -2.460000
v 2.888482 3.446518 -2.460000
vn -0.866025 -0.500000 0.000000
f 4636//1546 4637//1546 4638//1546
v 2.953482 3.446518 -2.640000
v 2.920982 3.390226 -2.640000
v 2.888482 3.446518 -2.640000
vn -0.000000 0.000000 -1.000000
f 4639//1547 4640//1547 4641//1547
v 2.953482 3.446518 -2.460000
v 2.888482 3.446518 -2.460000
v 2.920982 3.390226 -2.460000
vn 0.000000 0.000000 1.000000
f 4642//1548 4643//1548 4644//1548
v 2.920982 3.390226 -2.640000
v 2.985982 3.390226 -2.640000
v 2.985982 3.390226 -2.460000
vn 0.000000 -1.000000 0.000000
f 4645//1549 4646//1549 4647//1549
v 2.920982 3.390226 -2.640000
v 2.985982 3.390226 -2.460000
v 2.920982 3.390226 -2.460000
vn 0.000000 -1.000000 0.000000
f 4648//1550 4649//1550 4650//1550
v 2.953482 3.446518 -2.640000
v 2.985982 3.390226 -2.640000
v 2.920982 3.390226 -2.640000
vn 0.000000 -0.000000 -1.000000
f 4651//1551 4652//1551 4653//1551
v 2.953482 3.446518 -2.460000
v 2.920982 3.390226 -2.460000
v 2.985982 3.390226 -2.460000
vn 0.000000 0.000000 1.000000
f 4654//1552 4655//1552 4656//1552
v 2.985982 3.390226 -2.640000
v 3.018482 3.446518 -2.640000
v 3.018482 3.446518 -2.460000
vn 0.866025 -0.500000 0.000000
f 4657//1553 4658//1553 4659//1553
v 2.985982 3.390226 -2.640000
v 3.018482 3.446518 -2.460000
v 2.985982 3.390226 -2.460000
vn 0.866025 -0.500000 0.000000
f 4660//1554 4661//1554 4662//1554
v 2.953482 3.446518 -2.640000
v 3.018482 3.446518 -2.640000
v 2.985982 3.390226 -2.640000
vn 0.000000 0.000000 -1.000000
f 4663//1555 4664//1555 4665//1555
v 2.953482 3.446518 -2.460000
v 2.985982 3.390226 -2.460000
v 3.018482 3.446518 -2.460000
vn -0.000000 0.000000 1.000000
f 4666//1556 4667//1556 4668//1556
v 3.018482 3.446518 -2.640000
v 2.985982 3.502810 -2.640000
v 2.985982 3.502810 -2.460000
vn 0.866025 0.500000 0.000000
f 4669//1557 4670//1557 4671//1557
v 3.018482 3.446518 -2.640000
v 2.985982 3.502810 -2.460000
v 3.018482 3.446518 -2.460000
vn 0.866025 0.500000 -0.000000
f 4672//1558 4673//1558 4674//1558
v 2.953482 3.446518 -2.640000
v 2.985982 3.502810 -2.640000
v 3.018482 3.446518 -2.640000
vn 0.000000 0.000000 -1.000000
f 4675//1559 4676//1559 4677//1559
v 2.953482 3.446518 -2.460000
v 3.018482 3.446518 -2.460000
v 2.985982 3.502810 -2.460000
vn 0.000000 0.000000 1.000000
f 4678//1560 4679//1560 4680//1560
v 2.985982 3.502810 -2.640000
v 2.920982 3.502810 -2.640000
v 2.920982 3.502810 -2.460000
vn 0.000000 1.000000 0.000000
f 4681//1561 4682//1561 4683//1561
v 2.985982 3.502810 -2.640000
v 2.920982 3.502810 -2.460000
v 2.985982 3.502810 -2.460000
vn 0.000000 1.000000 -0.000000
f 4684//1562 4685//1562 4686//1562
v 2.953482 3.446518 -2.640000
v 2.920982 3.502810 -2.640000
v 2.985982 3.502810 -2.640000
vn 0.000000 0.000000 -1.000000
f 4687//1563 4688//1563 4689//1563
v 2.953482 3.446518 -2.460000
v 2.985982 3.502810 -2.460000
v 2.920982 3.502810 -2.460000
vn 0.000000 -0.000000 1.000000
f 4690//1564 4691//1564 4692//1564
v 2.920982 3.502810 -2.640000
v 2.888482 3.446518 -2.640000
v 2.888482 3.446518 -2.460000
vn -0.866025 0.500000 0.000000
f 4693//1565 4694//1565 4695//1565
v 2.920982 3.502810 -2.640000
v 2.888482 3.446518 -2.460000
v 2.920982 3.502810 -2.460000
vn -0.866025 0.500000 0.000000
f 4696//1566 4697//1566 4698//1566
v 2.953482 3.446518 -2.640000
v 2.888482 3.446518 -2.640000
v 2.920982 3.502810 -2.640000
vn 0.000000 0.000000 -1.000000
f 4699//1567 4700//1567 4701//1567
v 2.953482 3.446518 -2.460000
v 2.920982 3.502810 -2.460000
v 2.888482 3.446518 -2.460000
vn 0.000000 0.000000 1.000000
f 4702//1568 4703//1568 4704//1568
v 2.455000 2.400000 -2.640000
v 2.487500 2.343708 -2.640000
v 2.487500 2.343708 -2.460000
vn -0.866025 -0.500000 0.000000
f 4705//1569 4706//1569 4707//1569
v 2.455000 2.400000 -2.640000
v 2.487500 2.343708 -2.460000
v 2.455000 2.400000 -2.460000
vn -0.866025 -0.500000 0.000000
f 4708//1570 4709//1570 4710//1570
v 2.520000 2.400000 -2.640000
v 2.487500 2.343708 -2.640000
v 2.455000 2.400000 -2.640000
vn -0.000000 0.000000 -1.000000
f 4711//1571 4712//1571 4713//1571
v 2.520000 2.400000 -2.460000
v 2.455000 2.400000 -2.460000
v 2.487500 2.343708 -2.460000
vn 0.000000 0.000000 1.000000
f 4714//1572 4715//1572 4716//1572
v 2.487500 2.343708 -2.640000
v 2.552500 2.343708 -2.640000
v 2.552500 2.343708 -2.460000
vn 0.000000 -1.000000 0.000000
f 4717//1573 4718//1573 4719//1573
v 2.487500 2.343708 -2.640000
v 2.552500 2.343708 -2.460000
v 2.487500 2.343708 -2.460000
vn 0.000000 -1.000000 0.000000
f 4720//1574 4721//1574 4722//1574
v 2.520000 2.400000 -2.640000
v 2.552500 2.343708 -2.640000
v 2.487500 2.343708 -2.640000
vn 0.000000 -0.000000 -1.000000
f 4723//1575 4724//1575 4725//1575
v 2.520000 2.400000 -2.460000
v 2.487500 2.343708 -2.460000
v 2.552500 2.343708 -2.460000
vn 0.000000 0.000000 1.000000
f 4726//1576 4727//1576 4728//1576
v 2.552500 2.343708 -2.640000
v 2.585000 2.400000 -2.640000
v 2.585000 2.400000 -2.460000
vn 0.866025 -0.500000 0.000000
f 4729//1577 4730//1577 4731//1577
v 2.552500 2.343708 -2.640000
v 2.585000 2.400000 -2.460000
v 2.552500 2.343708 -2.460000
vn 0.866025 -0.500000 0.000000
f 4732//1578 4733//1578 4734//1578
v 2.520000 2.400000 -2.640000
v 2.585000 2.400000 -2.640000
v 2.552500 2.343708 -2.640000
vn 0.000000 0.000000 -1.000000
f 4735//1579 4736//1579 4737//1579
v 2.520000 2.400000 -2.460000
v 2.552500 2.343708 -2.460000
v 2.585000 2.400000 -2.460000
vn -0.000000 0.000000 1.000000
f 4738//1580 4739//1580 4740//1580
v 2.585000 2.400000 -2.640000
v 2.552500 2.456292 -2.640000
v 2.552500 2.456292 -2.460000
vn 0.866025 0.500000 0.000000
f 4741//1581 4742//1581 4743//1581
v 2.585000 2.400000 -2.640000
v 2.552500 2.456292 -2.460000
v 2.585000 2.400000 -2.460000
vn 0.866025 0.500000 -0.000000
f 4744//1582 4745//1582 4746//1582
v 2.520000 2.400000 -2.640000
v 2.552500 2.456292 -2.640000
v 2.585000 2.400000 -2.640000
vn 0.000000 0.000000 -1.000000
f 4747//1583 4748//1583 4749//1583
v 2.520000 2.400000 -2.460000
v 2.585000 2.400000 -2.460000
v 2.552500 2.456292 -2.460000
vn 0.000000 0.000000 1.000000
f 4750//1584 4751//1584 4752//1584
v 2.552500 2.456292 -2.640000
v 2.487500 2.456292 -2.640000
v 2.487500 2.456292 -2.460000
vn 0.000000 1.000000 0.000000
f 4753//1585 4754//1585 4755//1585
v 2.552500 2.456292 -2.640000
v 2.487500 2.456292 -2.460000
v 2.552500 2.456292 -2.460000
vn 0.000000 1.000000 -0.000000
f 4756//1586 4757//1586 4758//1586
v 2.520000 2.400000 -2.640000
v 2.487500 2.456292 -2.640000
v 2.552500 2.456292 -2.640000
vn 0.000000 0.000000 -1.000000
f 4759//1587 4760//1587 4761//1587
v 2.520000 2.400000 -2.460000
v 2.552500 2.456292 -2.460000
v 2.487500 2.456292 -2.460000
vn 0.000000 -0.000000 1.000000
f 4762//1588 4763//1588 4764//1588
v 2.487500 2.456292 -2.640000
v 2.455000 2.400000 -2.640000
v 2.455000 2.400000 -2.460000
vn -0.866025 0.500000 0.000000
f 4765//1589 4766//1589 4767//1589
v 2.487500 2.456292 -2.640000
v 2.455000 2.400000 -2.460000
v 2.487500 2.456292 -2.460000
vn -0.866025 0.500000 0.000000
f 4768//1590 4769//1590 4770//1590
v 2.520000 2.400000 -2.640000
v 2.455000 2.400000 -2.640000
v 2.487500 2.456292 -2.640000
vn 0.000000 0.000000 -1.000000
f 4771//1591 4772//1591 4773//1591
v 2.520000 2.400000 -2.460000
v 2.487500 2.456292 -2.460000
v 2.455000 2.400000 -2.460000
vn 0.000000 0.000000 1.000000
f 4774//1592 4775//1592 4776//1592
v 2.888482 1.353482 -2.640000
v 2.920982 1.297190 -2.640000
v 2.920982 1.297190 -2.460000
vn -0.866025 -0.500000 0.000000
f 4777//1593 4778//1593 4779//1593
v 2.888482 1.353482 -2.640000
v 2.920982 1.297190 -2.460000
v 2.888482 1.353482 -2.460000
vn -0.866025 -0.500000 0.000000
f 4780//1594 4781//1594 4782//1594
v 2.953482 1.353482 -2.640000
v 2.920982 1.297190 -2.640000
v 2.888482 1.353482 -2.640000
vn -0.000000 0.000000 -1.000000
f 4783//1595 4784//1595 4785//1595
v 2.953482 1.353482 -2.460000
v 2.888482 1.353482 -2.460000
v 2.920982 1.297190 -2.460000
vn 0.000000 0.000000 1.000000
f 4786//1596 4787//1596 4788//1596
v 2.920982 1.297190 -2.640000
v 2.985982 1.297190 -2.640000
v 2.985982 1.297190 -2.460000
vn 0.000000 -1.000000 0.000000
f 4789//1597 4790//1597 4791//1597
v 2.920982 1.297190 -2.640000
v 2.985982 1.297190 -2.460000
v 2.920982 1.297190 -2.460000
vn 0.000000 -1.000000 0.000000
f 4792//1598 4793//1598 4794//1598
v 2.953482 1.353482 -2.640000
v 2.985982 1.297190 -2.640000
v 2.920982 1.297190 -2.640000
vn 0.000000 -0.000000 -1.000000
f 4795//1599 4796//1599 4797//1599
v 2.953482 1.353482 -2.460000
v 2.920982 1.297190 -2.460000
v 2.985982 1.297190 -2.460000
vn 0.000000 0.000000 1.000000
f 4798//1600 4799//1600 4800//1600
v 2.985982 1.297190 -2.640000
v 3.018482 1.353482 -2.640000
v 3.018482 1.353482 -2.460000
vn 0.866025 -0.500000 0.000000
f 4801//1601 4802//1601 4803//1601
v 2.985982 1.297190 -2.640000
v 3.018482 1.353482 -2.460000
v 2.985982 1.297190 -2.460000
vn 0.866025 -0.500000 0.000000
f 4804//1602 4805//1602 4806//1602
v 2.953482 1.353482 -2.640000
v 3.018482 1.353482 -2.640000
v 2.985982 1.297190 -2.640000
vn 0.000000 0.000000 -1.000000
f 4807//1603 4808//1603 4809//1603
v 2.953482 1.353482 -2.460000
v 2.985982 1.297190 -2.460000
v 3.018482 1.353482 -2.460000
vn -0.000000 0.000000 1.000000
f 4810//1604 4811//1604 4812//1604
v 3.018482 1.353482 -2.640000
v 2.985982 1.409774 -2.640000
v 2.985982 1.409774 -2.460000
vn 0.866025 0.500000 0.000000
f 4813//1605 4814//1605 4815//1605
v 3.018482 1.353482 -2.640000
v 2.985982 1.409774 -2.460000
v 3.018482 1.353482 -2.460000
vn 0.866025 0.500000 -0.000000
f 4816//1606 4817//1606 4818//1606
v 2.953482 1.353482 -2.640000
v 2.985982 1.409774 -2.640000
v 3.018482 1.353482 -2.640000
vn 0.000000 0.000000 -1.000000
f 4819//1607 4820//1607 4821//1607
v 2.953482 1.353482 -2.460000
v 3.018482 1.353482 -2.460000
v 2.985982 1.409774 -2.460000
vn 0.000000 0.000000 1.000000
f 4822//1608 4823//1608 4824//1608
v 2.985982 1.409774 -2.640000
v 2.920982 1.409774 -2.640000
v 2.920982 1.409774 -2.460000
vn 0.000000 1.000000 0.000000
f 4825//1609 4826//1609 4827//1609
v 2.985982 1.409774 -2.640000
v 2.920982 1.409774 -2.460000
v 2.985982 1.409774 -2.460000
vn 0.000000 1.000000 -0.000000
f 4828//1610 4829//1610 4830//1610
v 2.953482 1.353482 -2.640000
v 2.920982 1.409774 -2.640000
v 2.985982 1.409774 -2.640000
vn 0.000000 0.000000 -1.000000
f 4831//1611 4832//1611 4833//1611
v 2.953482 1.353482 -2.460000
v 2.985982 1.409774 -2.460000
v 2.920982 1.409774 -2.460000
vn 0.000000 -0.000000 1.000000
f 4834//1612 4835//1612 4836//1612
v 2.920982 1.409774 -2.640000
v 2.888482 1.353482 -2.640000
v 2.888482 1.353482 -2.460000
vn -0.866025 0.500000 0.000000
f 4837//1613 4838//1613 4839//1613
v 2.920982 1.409774 -2.640000
v 2.888482 1.353482 -2.460000
v 2.920982 1.409774 -2.460000
vn -0.866025 0.500000 0.000000
f 4840//1614 4841//1614 4842//1614
v 2.953482 1.353482 -2.640000
v 2.888482 1.353482 -2.640000
v 2.920982 1.409774 -2.640000
vn 0.000000 0.000000 -1.000000
f 4843//1615 4844//1615 4845//1615
v 2.953482 1.353482 -2.460000
v 2.920982 1.409774 -2.460000
v 2.888482 1.353482 -2.460000
vn 0.000000 0.000000 1.000000
f 4846//1616 4847//1616 4848//1616
v 3.935000 0.920000 -2.640000
v 3.967500 0.863708 -2.640000
v 3.967500 0.863708 -2.460000
vn -0.866025 -0.500000 0.000000
f 4849//1617 4850//1617 4851//1617
v 3.935000 0.920000 -2.640000
v 3.967500 0.863708 -2.460000
v 3.935000 0.920000 -2.460000
vn -0.866025 -0.500000 0.000000
f 4852//1618 4853//1618 4854//1618
v 4.000000 0.920000 -2.640000
v 3.967500 0.863708 -2.640000
v 3.935000 0.920000 -2.640000
vn -0.000000 0.000000 -1.000000
f 4855//1619 4856//1619 4857//1619
v 4.000000 0.920000 -2.460000
v 3.935000 0.920000 -2.460000
v 3.967500 0.863708 -2.460000
vn 0.000000 0.000000 1.000000
f 4858//1620 4859//1620 4860//1620
v 3.967500 0.863708 -2.640000
v 4.032500 0.863708 -2.640000
v 4.032500 0.863708 -2.460000
vn 0.000000 -1.000000 0.000000
f 4861//1621 4862//1621 4863//1621
v 3.967500 0.863708 -2.640000
v 4.032500 0.863708 -2.460000
v 3.967500 0.863708 -2.460000
vn 0.000000 -1.000000 0.000000
f 4864//1622 4865//1622 4866//1622
v 4.000000 0.920000 -2.640000
v 4.032500 0.863708 -2.640000
v 3.967500 0.863708 -2.640000
vn 0.000000 -0.000000 -1.000000
f 4867//1623 4868//1623 4869//1623
v 4.000000 0.920000 -2.460000
v 3.967500 0.863708 -2.460000
v 4.032500 0.863708 -2.460000
vn 0.000000 0.000000 1.000000
f 4870//1624 4871//1624 4872//1624
v 4.032500 0.863708 -2.640000
v 4.065000 0.920000 -2.640000
v 4.065000 0.920000 -2.460000
vn 0.866025 -0.500000 0.000000
f 4873//1625 4874//1625 4875//1625
v 4.032500 0.863708 -2.640000
v 4.065000 0.920000 -2.460000
v 4.032500 0.863708 -2.460000
vn 0.866025 -0.500000 0.000000
f 4876//1626 4877//1626 4878//1626
v 4.000000 0.920000 -2.640000
v 4.065000 0.920000 -2.640000
v 4.032500 0.863708 -2.640000
vn 0.000000 0.000000 -1.000000
f 4879//1627 4880//1627 4881//1627
v 4.000000 0.920000 -2.460000
v 4.032500 0.863708 -2.460000
v 4.065000 0.920000 -2.460000
vn -0.000000 0.000000 1.000000
f 4882//1628 4883//1628 4884//1628
v 4.065000 0.920000 -2.640000
v 4.032500 0.976292 -2.640000
v 4.032500 0.976292 -2.460000
vn 0.866025 0.500000 0.000000
f 4885//1629 4886//1629 4887//1629
v 4.065000 0.920000 -2.640000
v 4.032500 0.976292 -2.460000
v 4.065000 0.920000 -2.460000
vn 0.866025 0.500000 -0.000000
f 4888//1630 4889//1630 4890//1630
v 4.000000 0.920000 -2.640000
v 4.032500 0.976292 -2.640000
v 4.065000 0.920000 -2.640000
vn 0.000000 0.000000 -1.000000
f 4891//1631 4892//1631 4893//1631
v 4.000000 0.920000 -2.460000
v 4.065000 0.920000 -2.460000
v 4.032500 0.976292 -2.460000
vn 0.000000 0.000000 1.000000
f 4894//1632 4895//1632 4896//1632
v 4.032500 0.976292 -2.640000
v 3.967500 0.976292 -2.640000
v 3.967500 0.976292 -2.460000
vn 0.000000 1.000000 0.000000
f 4897//1633 4898//1633 4899//1633
v 4.032500 0.976292 -2.640000
v 3.967500 0.976292 -2.460000
v 4.032500 0.976292 -2.460000
vn 0.000000 1.000000 -0.000000
f 4900//1634 4901//1634 4902//1634
v 4.000000 0.920000 -2.640000
v 3.967500 0.976292 -2.640000
v 4.032500 0.976292 -2.640000
vn 0.000000 0.000000 -1.000000
f 4903//1635 4904//1635 4905//1635
v 4.000000 0.920000 -2.460000
v 4.032500 0.976292 -2.460000
v 3.967500 0.976292 -2.460000
vn 0.000000 -0.000000 1.000000
f 4906//1636 4907//1636 4908//1636
v 3.967500 0.976292 -2.640000
v 3.935000 0.920000 -2.640000
v 3.935000 0.920000 -2.460000
vn -0.866025 0.500000 0.000000
f 4909//1637 4910//1637 4911//1637
v 3.967500 0.976292 -2.640000
v 3.935000 0.920000 -2.460000
v 3.967500 0.976292 -2.460000
vn -0.866025 0.500000 0.000000
f 4912//1638 4913//1638 4914//1638
v 4.000000 0.920000 -2.640000
v 3.935000 0.920000 -2.640000
v 3.967500 0.976292 -2.640000
vn 0.000000 0.000000 -1.000000
f 4915//1639 4916//1639 4917//1639
v 4.000000 0.920000 -2.460000
v 3.967500 0.976292 -2.460000
v 3.935000 0.920000 -2.460000
vn 0.000000 0.000000 1.000000
f 4918//1640 4919//1640 4920//1640
v 4.981518 1.353482 -2.640000
v 5.014018 1.297190 -2.640000
v 5.014018 1.297190 -2.460000
vn -0.866025 -0.500000 0.000000
f 4921//1641 4922//1641 4923//1641
v 4.981518 1.353482 -2.640000
v 5.014018 1.297190 -2.460000
v 4.981518 1.353482 -2.460000
vn -0.866025 -0.500000 0.000000
f 4924//1642 4925//1642 4926//1642
v 5.046518 1.353482 -2.640000
v 5.014018 1.297190 -2.640000
v 4.981518 1.353482 -2.640000
vn -0.000000 0.000000 -1.000000
f 4927//1643 4928//1643 4929//1643
v 5.046518 1.353482 -2.460000
v 4.981518 1.353482 -2.460000
v 5.014018 1.297190 -2.460000
vn 0.000000 0.000000 1.000000
f 4930//1644 4931//1644 4932//1644
v 5.014018 1.297190 -2.640000
v 5.079018 1.297190 -2.640000
v 5.079018 1.297190 -2.460000
vn 0.000000 -1.000000 0.000000
f 4933//1645 4934//1645 4935//1645
v 5.014018 1.297190 -2.640000
v 5.079018 1.297190 -2.460000
v 5.014018 1.297190 -2.460000
vn 0.000000 -1.000000 0.000000
f 4936//1646 4937//1646 4938//1646
v 5.046518 1.353482 -2.640000
v 5.079018 1.297190 -2.640000
v 5.014018 1.297190 -2.640000
vn 0.000000 -0.000000 -1.000000
f 4939//1647 4940//1647 4941//1647
v 5.046518 1.353482 -2.460000
v 5.014018 1.297190 -2.460000
v 5.079018 1.297190 -2.460000
vn 0.000000 0.000000 1.000000
f 4942//1648 4943//1648 4944//1648
v 5.079018 1.297190 -2.640000
v 5.111518 1.353482 -2.640000
v 5.111518 1.353482 -2.460000
vn 0.866025 -0.500000 0.000000
f 4945//1649 4946//1649 4947//1649
v 5.079018 1.297190 -2.640000
v 5.111518 1.353482 -2.460000
v 5.079018 1.297190 -2.460000
vn 0.866025 -0.500000 0.000000
f 4948//1650 4949//1650 4950//1650
v 5.046518 1.353482 -2.640000
v 5.111518 1.353482 -2.640000
v 5.079018 1.297190 -2.640000
vn 0.000000 0.000000 -1.000000
f 4951//1651 4952//1651 4953//1651
v 5.046518 1.353482 -2.460000
v 5.079018 1.297190 -2.460000
v 5.111518 1.353482 -2.460000
vn -0.000000 0.000000 1.000000
f 4954//1652 4955//1652 4956//1652
v 5.111518 1.353482 -2.640000
v 5.079018 1.409774 -2.640000
v 5.079018 1.409774 -2.460000
vn 0.866025 0.500000 0.000000
f 4957//1653 4958//1653 4959//1653
v 5.111518 1.353482 -2.640000
v 5.079018 1.409774 -2.460000
v 5.111518 1.353482 -2.460000
vn 0.866025 0.500000 -0.000000
f 4960//1654 4961//1654 4962//1654
v 5.046518 1.353482 -2.640000
v 5.079018 1.409774 -2.640000
v 5.111518 1.353482 -2.640000
vn 0.000000 0.000000 -1.000000
f 4963//1655 4964//1655 4965//1655
v 5.046518 1.353482 -2.460000
v 5.111518 1.353482 -2.460000
v 5.079018 1.409774 -2.460000
vn 0.000000 0.000000 1.000000
f 4966//1656 4967//1656 4968//1656
v 5.079018 1.409774 -2.640000
v 5.014018 1.409774 -2.640000
v 5.014018 1.409774 -2.460000
vn 0.000000 1.000000 0.000000
f 4969//1657 4970//1657 4971//1657
v 5.079018 1.409774 -2.640000
v 5.014018 1.409774 -2.460000
v 5.079018 1.409774 -2.460000
vn 0.000000 1.000000 -0.000000
f 4972//1658 4973//1658 4974//1658
v 5.046518 1.353482 -2.640000
v 5.014018 1.409774 -2.640000
v 5.079018 1.409774 -2.640000
vn 0.000000 0.000000 -1.000000
f 4975//1659 4976//1659 4977//1659
v 5.046518 1.353482 -2.460000
v 5.079018 1.409774 -2.460000
v 5.014018 1.409774 -2.460000
vn 0.000000 -0.000000 1.000000
f 4978//1660 4979//1660 4980//1660
v 5.014018 1.409774 -2.640000
v 4.981518 1.353482 -2.640000
v 4.981518 1.353482 -2.460000
vn -0.866025 0.500000 0.000000
f 4981//1661 4982//1661 4983//1661
v 5.014018 1.409774 -2.640000
v 4.981518 1.353482 -2.460000
v 5.014018 1.409774 -2.460000
vn -0.866025 0.500000 0.000000
f 4984//1662 4985//1662 4986//1662
v 5.046518 1.353482 -2.640000
v 4.981518 1.353482 -2.640000
v 5.014018 1.409774 -2.640000
vn 0.000000 0.000000 -1.000000
f 4987//1663 4988//1663 4989//1663
v 5.046518 1.353482 -2.460000
v 5.014018 1.409774 -2.460000
v 4.981518 1.353482 -2.460000
vn 0.000000 0.000000 1.000000
f 4990//1664 4991//1664 4992//1664
v 2.700000 2.400000 2.495000
v 2.724979 2.146383 2.495000
v 2.724979 2.146383 2.605000
vn -0.995185 -0.098017 0.000000
f 4993//1665 4994//1665 4995//1665
v 2.700000 2.400000 2.495000
v 2.724979 2.146383 2.605000
v 2.700000 2.400000 2.605000
vn -0.995185 -0.098017 0.000000
f 4996//1666 4997//1666 4998//1666
v 2.860000 2.400000 2.495000
v 2.860000 2.400000 2.605000
v 2.881905 2.177597 2.605000
vn 0.995185 0.098017 -0.000000
f 4999//1667 5000//1667 5001//1667
v 2.860000 2.400000 2.495000
v 2.881905 2.177597 2.605000
v 2.881905 2.177597 2.495000
vn 0.995185 0.098017 0.000000
f 5002//1668 5003//1668 5004//1668
v 2.724979 2.146383 2.495000
v 2.700000 2.400000 2.495000
v 2.860000 2.400000 2.495000
vn 0.000000 0.000000 -1.000000
f 5005//1669 5006//1669 5007//1669
v 2.724979 2.146383 2.495000
v 2.860000 2.400000 2.495000
v 2.881905 2.177597 2.495000
vn 0.000000 0.000000 -1.000000
f 5008//1670 5009//1670 5010//1670
v 2.700000 2.400000 2.605000
v 2.724979 2.146383 2.605000
v 2.881905 2.177597 2.605000
vn 0.000000 0.000000 1.000000
f 5011//1671 5012//1671 5013//1671
v 2.700000 2.400000 2.605000
v 2.881905 2.177597 2.605000
v 2.860000 2.400000 2.605000
vn -0.000000 0.000000 1.000000
f 5014//1672 5015//1672 5016//1672
v 2.724979 2.146383 2.495000
v 2.798957 1.902512 2.495000
v 2.798957 1.902512 2.605000
vn -0.956940 -0.290285 0.000000
f 5017//1673 5018//1673 5019//1673
v 2.724979 2.146383 2.495000
v 2.798957 1.902512 2.605000
v 2.724979 2.146383 2.605000
vn -0.956940 -0.290285 0.000000
f 5020//1674 5021//1674 5022//1674
v 2.881905 2.177597 2.495000
v 2.881905 2.177597 2.605000
v 2.946777 1.963741 2.605000
vn 0.956940 0.290285 -0.000000
f 5023//1675 5024//1675 5025//1675
v 2.881905 2.177597 2.495000
v 2.946777 1.963741 2.605000
v 2.946777 1.963741 2.495000
vn 0.956940 0.290285 0.000000
f 5026//1676 5027//1676 5028//1676
v 2.798957 1.902512 2.495000
v 2.724979 2.146383 2.495000
v 2.881905 2.177597 2.495000
vn 0.000000 0.000000 -1.000000
f 5029//1677 5030//1677 5031//1677
v 2.798957 1.902512 2.495000
v 2.881905 2.177597 2.495000
v 2.946777 1.963741 2.495000
vn 0.000000 0.000000 -1.000000
f 5032//1678 5033//1678 5034//1678
v 2.724979 2.146383 2.605000
v 2.798957 1.902512 2.605000
v 2.946777 1.963741 2.605000
vn 0.000000 0.000000 1.000000
f 5035//1679 5036//1679 5037//1679
v 2.724979 2.146383 2.605000
v 2.946777 1.963741 2.605000
v 2.881905 2.177597 2.605000
vn -0.000000 0.000000 1.000000
f 5038//1680 5039//1680 5040//1680
v 2.798957 1.902512 2.495000
v 2.919090 1.677759 2.495000
v 2.919090 1.677759 2.605000
vn -0.881921 -0.471397 0.000000
f 5041//1681 5042//1681 5043//1681
v 2.798957 1.902512 2.495000
v 2.919090 1.677759 2.605000
v 2.798957 1.902512 2.605000
vn -0.881921 -0.471397 0.000000
f 5044//1682 5045//1682 5046//1682
v 2.946777 1.963741 2.495000
v 2.946777 1.963741 2.605000
v 3.052125 1.766650 2.605000
vn 0.881921 0.471397 -0.000000
f 5047//1683 5048//1683 5049//1683
v 2.946777 1.963741 2.495000
v 3.052125 1.766650 2.605000
v 3.052125 1.766650 2.495000
vn 0.881921 0.471397 0.000000
f 5050//1684 5051//1684 5052//1684
v 2.919090 1.677759 2.495000
v 2.798957 1.902512 2.495000
v 2.946777 1.963741 2.495000
vn 0.000000 0.000000 -1.000000
f 5053//1685 5054//1685 5055//1685
v 2.919090 1.677759 2.495000
v 2.946777 1.963741 2.495000
v 3.052125 1.766650 2.495000
vn 0.000000 0.000000 -1.000000
f 5056//1686 5057//1686 5058//1686
v 2.798957 1.902512 2.605000
v 2.919090 1.677759 2.605000
v 3.052125 1.766650 2.605000
vn 0.000000 0.000000 1.000000
f 5059//1687 5060//1687 5061//1687
v 2.798957 1.902512 2.605000
v 3.052125 1.766650 2.605000
v 2.946777 1.963741 2.605000
vn -0.000000 0.000000 1.000000
f 5062//1688 5063//1688 5064//1688
v 2.919090 1.677759 2.495000
v 3.080761 1.480761 2.495000
v 3.080761 1.480761 2.605000
vn -0.773010 -0.634393 0.000000
f 5065//1689 5066//1689 5067//1689
v 2.919090 1.677759 2.495000
v 3.080761 1.480761 2.605000
v 2.919090 1.677759 2.605000
vn -0.773010 -0.634393 0.000000
f 5068//1690 5069//1690 5070//1690
v 3.052125 1.766650 2.495000
v 3.052125 1.766650 2.605000
v 3.193898 1.593898 2.605000
vn 0.773010 0.634393 -0.000000
f 5071//1691 5072//1691 5073//1691
v 3.052125 1.766650 2.495000
v 3.193898 1.593898 2.605000
v 3.193898 1.593898 2.495000
vn 0.773010 0.634393 0.000000
f 5074//1692 5075//1692 5076//1692
v 3.080761 1.480761 2.495000
v 2.919090 1.677759 2.495000
v 3.052125 1.766650 2.495000
vn 0.000000 0.000000 -1.000000
f 5077//1693 5078//1693 5079//1693
v 3.080761 1.480761 2.495000
v 3.052125 1.766650 2.495000
v 3.193898 1.593898 2.495000
vn 0.000000 0.000000 -1.000000
f 5080//1694 5081//1694 5082//1694
v 2.919090 1.677759 2.605000
v 3.080761 1.480761 2.605000
v 3.193898 1.593898 2.605000
vn 0.000000 0.000000 1.000000
f 5083//1695 5084//1695 5085//1695
v 2.919090 1.677759 2.605000
v 3.193898 1.593898 2.605000
v 3.052125 1.766650 2.605000
vn -0.000000 0.000000 1.000000
f 5086//1696 5087//1696 5088//1696
v 3.080761 1.480761 2.495000
v 3.277759 1.319090 2.495000
v 3.277759 1.319090 2.605000
vn -0.634393 -0.773010 0.000000
f 5089//1697 5090//1697 5091//1697
v 3.080761 1.480761 2.495000
v 3.277759 1.319090 2.605000
v 3.080761 1.480761 2.605000
vn -0.634393 -0.773010 0.000000
f 5092//1698 5093//1698 5094//1698
v 3.193898 1.593898 2.495000
v 3.193898 1.593898 2.605000
v 3.366650 1.452125 2.605000
vn 0.634393 0.773010 -0.000000
f 5095//1699 5096//1699 5097//1699
v 3.193898 1.593898 2.495000
v 3.366650 1.452125 2.605000
v 3.366650 1.452125 2.495000
vn 0.634393 0.773010 0.000000
f 5098//1700 5099//1700 5100//1700
v 3.277759 1.319090 2.495000
v 3.080761 1.480761 2.495000
v 3.193898 1.593898 2.495000
vn 0.000000 0.000000 -1.000000
f 5101//1701 5102//1701 5103//1701
v 3.277759 1.319090 2.495000
v 3.193898 1.593898 2.495000
v 3.366650 1.452125 2.495000
vn 0.000000 0.000000 -1.000000
f 5104//1702 5105//1702 5106//1702
v 3.080761 1.480761 2.605000
v 3.277759 1.319090 2.605000
v 3.366650 1.452125 2.605000
vn 0.000000 0.000000 1.000000
f 5107//1703 5108//1703 5109//1703
v 3.080761 1.480761 2.605000
v 3.366650 1.452125 2.605000
v 3.193898 1.593898 2.605000
vn -0.000000 0.000000 1.000000
f 5110//1704 5111//1704 5112//1704
v 3.277759 1.319090 2.495000
v 3.502512 1.198957 2.495000
v 3.502512 1.198957 2.605000
vn -0.471397 -0.881921 0.000000
f 5113//1705 5114//1705 5115//1705
v 3.277759 1.319090 2.495000
v 3.502512 1.198957 2.605000
v 3.277759 1.319090 2.605000
vn -0.471397 -0.881921 0.000000
f 5116//1706 5117//1706 5118//1706
v 3.366650 1.452125 2.495000
v 3.366650 1.452125 2.605000
v 3.563741 1.346777 2.605000
vn 0.471397 0.881921 -0.000000
f 5119//1707 5120//1707 5121//1707
v 3.366650 1.452125 2.495000
v 3.563741 1.346777 2.605000
v 3.563741 1.346777 2.495000
vn 0.471397 0.881921 0.000000
f 5122//1708 5123//1708 5124//1708
v 3.502512 1.198957 2.495000
v 3.277759 1.319090 2.495000
v 3.366650 1.452125 2.495000
vn 0.000000 0.000000 -1.000000
f 5125//1709 5126//1709 5127//1709
v 3.502512 1.198957 2.495000
v 3.366650 1.452125 2.495000
v 3.563741 1.346777 2.495000
vn 0.000000 0.000000 -1.000000
f 5128//1710 5129//1710 5130//1710
v 3.277759 1.319090 2.605000
v 3.502512 1.198957 2.605000
v 3.563741 1.346777 2.605000
vn -0.000000 0.000000 1.000000
f 5131//1711 5132//1711 5133//1711
v 3.277759 1.319090 2.605000
v 3.563741 1.346777 2.605000
v 3.366650 1.452125 2.605000
vn 0.000000 0.000000 1.000000
f 5134//1712 5135//1712 5136//1712
v 3.502512 1.198957 2.495000
v 3.746383 1.124979 2.495000
v 3.746383 1.124979 2.605000
vn -0.290285 -0.956940 0.000000
f 5137//1713 5138//1713 5139//1713
v 3.502512 1.198957 2.495000
v 3.746383 1.124979 2.605000
v 3.502512 1.198957 2.605000
vn -0.290285 -0.956940 0.000000
f 5140//1714 5141//1714 5142//1714
v 3.563741 1.346777 2.495000
v 3.563741 1.346777 2.605000
v 3.777597 1.281905 2.605000
vn 0.290285 0.956940 -0.000000
f 5143//1715 5144//1715 5145//1715
v 3.563741 1.346777 2.495000
v 3.777597 1.281905 2.605000
v 3.777597 1.281905 2.495000
vn 0.290285 0.956940 0.000000
f 5146//1716 5147//1716 5148//1716
v 3.746383 1.124979 2.495000
v 3.502512 1.198957 2.495000
v 3.563741 1.346777 2.495000
vn 0.000000 0.000000 -1.000000
f 5149//1717 5150//1717 5151//1717
v 3.746383 1.124979 2.495000
v 3.563741 1.346777 2.495000
v 3.777597 1.281905 2.495000
vn 0.000000 0.000000 -1.000000
f 5152//1718 5153//1718 5154//1718
v 3.502512 1.198957 2.605000
v 3.746383 1.124979 2.605000
v 3.777597 1.281905 2.605000
vn -0.000000 0.000000 1.000000
f 5155//1719 5156//1719 5157//1719
v 3.502512 1.198957 2.605000
v 3.777597 1.281905 2.605000
v 3.563741 1.346777 2.605000
vn 0.000000 0.000000 1.000000
f 5158//1720 5159//1720 5160//1720
v 3.746383 1.124979 2.495000
v 4.000000 1.100000 2.495000
v 4.000000 1.100000 2.605000
vn -0.098017 -0.995185 0.000000
f 5161//1721 5162//1721 5163//1721
v 3.746383 1.124979 2.495000
v 4.000000 1.100000 2.605000
v 3.746383 1.124979 2.605000
vn -0.098017 -0.995185 0.000000
f 5164//1722 5165//1722 5166//1722
v 3.777597 1.281905 2.495000
v 3.777597 1.281905 2.605000
v 4.000000 1.260000 2.605000
vn 0.098017 0.995185 -0.000000
f 5167//1723 5168//1723 5169//1723
v 3.777597 1.281905 2.495000
v 4.000000 1.260000 2.605000
v 4.000000 1.260000 2.495000
vn 0.098017 0.995185 0.000000
f 5170//1724 5171//1724 5172//1724
v 4.000000 1.100000 2.495000
v 3.746383 1.124979 2.495000
v 3.777597 1.281905 2.495000
vn 0.000000 0.000000 -1.000000
f 5173//1725 5174//1725 5175//1725
v 4.000000 1.100000 2.495000
v 3.777597 1.281905 2.495000
v 4.000000 1.260000 2.495000
vn 0.000000 0.000000 -1.000000
f 5176//1726 5177//1726 5178//1726
v 3.746383 1.124979 2.605000
v 4.000000 1.100000 2.605000
v 4.000000 1.260000 2.605000
vn -0.000000 0.000000 1.000000
f 5179//1727 5180//1727 5181//1727
v 3.746383 1.124979 2.605000
v 4.000000 1.260000 2.605000
v 3.777597 1.281905 2.605000
vn 0.000000 0.000000 1.000000
f 5182//1728 5183//1728 5184//1728
v 4.000000 1.100000 2.495000
v 4.253617 1.124979 2.495000
v 4.253617 1.124979 2.605000
vn 0.098017 -0.995185 0.000000
f 5185//1729 5186//1729 5187//1729
v 4.000000 1.100000 2.495000
v 4.253617 1.124979 2.605000
v 4.000000 1.100000 2.605000
vn 0.098017 -0.995185 0.000000
f 5188//1730 5189//1730 5190//1730
v 4.000000 1.260000 2.495000
v 4.000000 1.260000 2.605000
v 4.222403 1.281905 2.605000
vn -0.098017 0.995185 0.000000
f 5191//1731 5192//1731 5193//1731
v 4.000000 1.260000 2.495000
v 4.222403 1.281905 2.605000
v 4.222403 1.281905 2.495000
vn -0.098017 0.995185 0.000000
f 5194//1732 5195//1732 5196//1732
v 4.253617 1.124979 2.495000
v 4.000000 1.100000 2.495000
v 4.000000 1.260000 2.495000
vn -0.000000 0.000000 -1.000000
f 5197//1733 5198//1733 5199//1733
v 4.253617 1.124979 2.495000
v 4.000000 1.260000 2.495000
v 4.222403 1.281905 2.495000
vn 0.000000 0.000000 -1.000000
f 5200//1734 5201//1734 5202//1734
v 4.000000 1.100000 2.605000
v 4.253617 1.124979 2.605000
v 4.222403 1.281905 2.605000
vn 0.000000 0.000000 1.000000
f 5203//1735 5204//1735 5205//1735
v 4.000000 1.100000 2.605000
v 4.222403 1.281905 2.605000
v 4.000000 1.260000 2.605000
vn 0.000000 0.000000 1.000000
f 5206//1736 5207//1736 5208//1736
v 4.253617 1.124979 2.495000
v 4.497488 1.198957 2.495000
v 4.497488 1.198957 2.605000
vn 0.290285 -0.956940 0.000000
f 5209//1737 5210//1737 5211//1737
v 4.253617 1.124979 2.495000
v 4.497488 1.198957 2.605000
v 4.253617 1.124979 2.605000
vn 0.290285 -0.956940 0.000000
f 5212//1738 5213//1738 5214//1738
v 4.222403 1.281905 2.495000
v 4.222403 1.281905 2.605000
v 4.436259 1.346777 2.605000
vn -0.290285 0.956940 0.000000
f 5215//1739 5216//1739 5217//1739
v 4.222403 1.281905 2.495000
v 4.436259 1.346777 2.605000
v 4.436259 1.346777 2.495000
vn -0.290285 0.956940 0.000000
f 5218//1740 5219//1740 5220//1740
v 4.497488 1.198957 2.495000
v 4.253617 1.124979 2.495000
v 4.222403 1.281905 2.495000
vn -0.000000 0.000000 -1.000000
f 5221//1741 5222//1741 5223//1741
v 4.497488 1.198957 2.495000
v 4.222403 1.281905 2.495000
v 4.436259 1.346777 2.495000
vn 0.000000 0.000000 -1.000000
f 5224//1742 5225//1742 5226//1742
v 4.253617 1.124979 2.605000
v 4.497488 1.198957 2.605000
v 4.436259 1.346777 2.605000
vn 0.000000 0.000000 1.000000
f 5227//1743 5228//1743 5229//1743
v 4.253617 1.124979 2.605000
v 4.436259 1.346777 2.605000
v 4.222403 1.281905 2.605000
vn 0.000000 -0.000000 1.000000
f 5230//1744 5231//1744 5232//1744
v 4.497488 1.198957 2.495000
v 4.722241 1.319090 2.495000
v 4.722241 1.319090 2.605000
vn 0.471397 -0.881921 0.000000
f 5233//1745 5234//1745 5235//1745
v 4.497488 1.198957 2.495000
v 4.722241 1.319090 2.605000
v 4.497488 1.198957 2.605000
vn 0.471397 -0.881921 0.000000
f 5236//1746 5237//1746 5238//1746
v 4.436259 1.346777 2.495000
v 4.436259 1.346777 2.605000
v 4.633350 1.452125 2.605000
vn -0.471397 0.881921 0.000000
f 5239//1747 5240//1747 5241//1747
v 4.436259 1.346777 2.495000
v 4.633350 1.452125 2.605000
v 4.633350 1.452125 2.495000
vn -0.471397 0.881921 0.000000
f 5242//1748 5243//1748 5244//1748
v 4.722241 1.319090 2.495000
v 4.497488 1.198957 2.495000
v 4.436259 1.346777 2.495000
vn -0.000000 0.000000 -1.000000
f 5245//1749 5246//1749 5247//1749
v 4.722241 1.319090 2.495000
v 4.436259 1.346777 2.495000
v 4.633350 1.452125 2.495000
vn 0.000000 0.000000 -1.000000
f 5248//1750 5249//1750 5250//1750
v 4.497488 1.198957 2.605000
v 4.722241 1.319090 2.605000
v 4.633350 1.452125 2.605000
vn 0.000000 0.000000 1.000000
f 5251//1751 5252//1751 5253//1751
v 4.497488 1.198957 2.605000
v 4.633350 1.452125 2.605000
v 4.436259 1.346777 2.605000
vn 0.000000 -0.000000 1.000000
f 5254//1752 5255//1752 5256//1752
v 4.722241 1.319090 2.495000
v 4.919239 1.480761 2.495000
v 4.919239 1.480761 2.605000
vn 0.634393 -0.773010 0.000000
f 5257//1753 5258//1753 5259//1753
v 4.722241 1.319090 2.495000
v 4.919239 1.480761 2.605000
v 4.722241 1.319090 2.605000
vn 0.634393 -0.773010 0.000000
f 5260//1754 5261//1754 5262//1754
v 4.633350 1.452125 2.495000
v 4.633350 1.452125 2.605000
v 4.806102 1.593898 2.605000
vn -0.634393 0.773010 0.000000
f 5263//1755 5264//1755 5265//1755
v 4.633350 1.452125 2.495000
v 4.806102 1.593898 2.605000
v 4.806102 1.593898 2.495000
vn -0.634393 0.773010 0.000000
f 5266//1756 5267//1756 5268//1756
v 4.919239 1.480761 2.495000
v 4.722241 1.319090 2.495000
v 4.633350 1.452125 2.495000
vn 0.000000 0.000000 -1.000000
f 5269//1757 5270//1757 5271//1757
v 4.919239 1.480761 2.495000
v 4.633350 1.452125 2.495000
v 4.806102 1.593898 2.495000
vn -0.000000 0.000000 -1.000000
f 5272//1758 5273//1758 5274//1758
v 4.722241 1.319090 2.605000
v 4.919239 1.480761 2.605000
v 4.806102 1.593898 2.605000
vn 0.000000 0.000000 1.000000
f 5275//1759 5276//1759 5277//1759
v 4.722241 1.319090 2.605000
v 4.806102 1.593898 2.605000
v 4.633350 1.452125 2.605000
vn 0.000000 -0.000000 1.000000
f 5278//1760 5279//1760 5280//1760
v 4.919239 1.480761 2.495000
v 5.080910 1.677759 2.495000
v 5.080910 1.677759 2.605000
vn 0.773010 -0.634393 0.000000
f 5281//1761 5282//1761 5283//1761
v 4.919239 1.480761 2.495000
v 5.080910 1.677759 2.605000
v 4.919239 1.480761 2.605000
vn 0.773010 -0.634393 0.000000
f 5284//1762 5285//1762 5286//1762
v 4.806102 1.593898 2.495000
v 4.806102 1.593898 2.605000
v 4.947875 1.766650 2.605000
vn -0.773010 0.634393 0.000000
f 5287//1763 5288//1763 5289//1763
v 4.806102 1.593898 2.495000
v 4.947875 1.766650 2.605000
v 4.947875 1.766650 2.495000
vn -0.773010 0.634393 0.000000
f 5290//1764 5291//1764 5292//1764
v 5.080910 1.677759 2.495000
v 4.919239 1.480761 2.495000
v 4.806102 1.593898 2.495000
vn 0.000000 0.000000 -1.000000
f 5293//1765 5294//1765 5295//1765
v 5.080910 1.677759 2.495000
v 4.806102 1.593898 2.495000
v 4.947875 1.766650 2.495000
vn -0.000000 0.000000 -1.000000
f 5296//1766 5297//1766 5298//1766
v 4.919239 1.480761 2.605000
v 5.080910 1.677759 2.605000
v 4.947875 1.766650 2.605000
vn 0.000000 0.000000 1.000000
f 5299//1767 5300//1767 5301//1767
v 4.919239 1.480761 2.605000
v 4.947875 1.766650 2.605000
v 4.806102 1.593898 2.605000
vn 0.000000 -0.000000 1.000000
f 5302//1768 5303//1768 5304//1768
v 5.080910 1.677759 2.495000
v 5.201043 1.902512 2.495000
v 5.201043 1.902512 2.605000
vn 0.881921 -0.471397 0.000000
f 5305//1769 5306//1769 5307//1769
v 5.080910 1.677759 2.495000
v 5.201043 1.902512 2.605000
v 5.080910 1.677759 2.605000
vn 0.881921 -0.471397 0.000000
f 5308//1770 5309//1770 5310//1770
v 4.947875 1.766650 2.495000
v 4.947875 1.766650 2.605000
v 5.053223 1.963741 2.605000
vn -0.881921 0.471397 0.000000
f 5311//1771 5312//1771 5313//1771
v 4.947875 1.766650 2.495000
v 5.053223 1.963741 2.605000
v 5.053223 1.963741 2.495000
vn -0.881921 0.471397 0.000000
f 5314//1772 5315//1772 5316//1772
v 5.201043 1.902512 2.495000
v 5.080910 1.677759 2.495000
v 4.947875 1.766650 2.495000
vn 0.000000 0.000000 -1.000000
f 5317//1773 5318//1773 5319//1773
v 5.201043 1.902512 2.495000
v 4.947875 1.766650 2.495000
v 5.053223 1.963741 2.495000
vn -0.000000 0.000000 -1.000000
f 5320//1774 5321//1774 5322//1774
v 5.080910 1.677759 2.605000
v 5.201043 1.902512 2.605000
v 5.053223 1.963741 2.605000
vn 0.000000 -0.000000 1.000000
f 5323//1775 5324//1775 5325//1775
v 5.080910 1.677759 2.605000
v 5.053223 1.963741 2.605000
v 4.947875 1.766650 2.605000
vn 0.000000 0.000000 1.000000
f 5326//1776 5327//1776 5328//1776
v 5.201043 1.902512 2.495000
v 5.275021 2.146383 2.495000
v 5.275021 2.146383 2.605000
vn 0.956940 -0.290285 0.000000
f 5329//1777 5330//1777 5331//1777
v 5.201043 1.902512 2.495000
v 5.275021 2.146383 2.605000
v 5.201043 1.902512 2.605000
vn 0.956940 -0.290285 0.000000
f 5332//1778 5333//1778 5334//1778
v 5.053223 1.963741 2.495000
v 5.053223 1.963741 2.605000
v 5.118095 2.177597 2.605000
vn -0.956940 0.290285 0.000000
f 5335//1779 5336//1779 5337//1779
v 5.053223 1.963741 2.495000
v 5.118095 2.177597 2.605000
v 5.118095 2.177597 2.495000
vn -0.956940 0.290285 0.000000
f 5338//1780 5339//1780 5340//1780
v 5.275021 2.146383 2.495000
v 5.201043 1.902512 2.495000
v 5.053223 1.963741 2.495000
vn 0.000000 0.000000 -1.000000
f 5341//1781 5342//1781 5343//1781
v 5.275021 2.146383 2.495000
v 5.053223 1.963741 2.495000
v 5.118095 2.177597 2.495000
vn -0.000000 0.000000 -1.000000
f 5344//1782 5345//1782 5346//1782
v 5.201043 1.902512 2.605000
v 5.275021 2.146383 2.605000
v 5.118095 2.177597 2.605000
vn 0.000000 -0.000000 1.000000
f 5347//1783 5348//1783 5349//1783
v 5.201043 1.902512 2.605000
v 5.118095 2.177597 2.605000
v 5.053223 1.963741 2.605000
vn 0.000000 0.000000 1.000000
f 5350//1784 5351//1784 5352//1784
v 5.275021 2.146383 2.495000
v 5.300000 2.400000 2.495000
v 5.300000 2.400000 2.605000
vn 0.995185 -0.098017 0.000000
f 5353//1785 5354//1785 5355//1785
v 5.275021 2.146383 2.495000
v 5.300000 2.400000 2.605000
v 5.275021 2.146383 2.605000
vn 0.995185 -0.098017 0.000000
f 5356//1786 5357//1786 5358//1786
v 5.118095 2.177597 2.495000
v 5.118095 2.177597 2.605000
v 5.140000 2.400000 2.605000
vn -0.995185 0.098017 0.000000
f 5359//1787 5360//1787 5361//1787
v 5.118095 2.177597 2.495000
v 5.140000 2.400000 2.605000
v 5.140000 2.400000 2.495000
vn -0.995185 0.098017 0.000000
f 5362//1788 5363//1788 5364//1788
v 5.300000 2.400000 2.495000
v 5.275021 2.146383 2.495000
v 5.118095 2.177597 2.495000
vn 0.000000 0.000000 -1.000000
f 5365//1789 5366//1789 5367//1789
v 5.300000 2.400000 2.495000
v 5.118095 2.177597 2.495000
v 5.140000 2.400000 2.495000
vn -0.000000 0.000000 -1.000000
f 5368//1790 5369//1790 5370//1790
v 5.275021 2.146383 2.605000
v 5.300000 2.400000 2.605000
v 5.140000 2.400000 2.605000
vn 0.000000 -0.000000 1.000000
f 5371//1791 5372//1791 5373//1791
v 5.275021 2.146383 2.605000
v 5.140000 2.400000 2.605000
v 5.118095 2.177597 2.605000
vn 0.000000 0.000000 1.000000
f 5374//1792 5375//1792 5376//1792
v 5.300000 2.400000 2.495000
v 5.275021 2.653617 2.495000
v 5.275021 2.653617 2.605000
vn 0.995185 0.098017 0.000000
f 5377//1793 5378//1793 5379//1793
v 5.300000 2.400000 2.495000
v 5.275021 2.653617 2.605000
v 5.300000 2.400000 2.605000
vn 0.995185 0.098017 -0.000000
f 5380//1794 5381//1794 5382//1794
v 5.140000 2.400000 2.495000
v 5.140000 2.400000 2.605000
v 5.118095 2.622403 2.605000
vn -0.995185 -0.098017 0.000000
f 5383//1795 5384//1795 5385//1795
v 5.140000 2.400000 2.495000
v 5.118095 2.622403 2.605000
v 5.118095 2.622403 2.495000
vn -0.995185 -0.098017 0.000000
f 5386//1796 5387//1796 5388//1796
v 5.275021 2.653617 2.495000
v 5.300000 2.400000 2.495000
v 5.140000 2.400000 2.495000
vn 0.000000 -0.000000 -1.000000
f 5389//1797 5390//1797 5391//1797
v 5.275021 2.653617 2.495000
v 5.140000 2.400000 2.495000
v 5.118095 2.622403 2.495000
vn 0.000000 0.000000 -1.000000
f 5392//1798 5393//1798 5394//1798
v 5.300000 2.400000 2.605000
v 5.275021 2.653617 2.605000
v 5.118095 2.622403 2.605000
vn 0.000000 0.000000 1.000000
f 5395//1799 5396//1799 5397//1799
v 5.300000 2.400000 2.605000
v 5.118095 2.622403 2.605000
v 5.140000 2.400000 2.605000
vn 0.000000 0.000000 1.000000
f 5398//1800 5399//1800 5400//1800
v 5.275021 2.653617 2.495000
v 5.201043 2.897488 2.495000
v 5.201043 2.897488 2.605000
vn 0.956940 0.290285 0.000000
f 5401//1801 5402//1801 5403//1801
v 5.275021 2.653617 2.495000
v 5.201043 2.897488 2.605000
v 5.275021 2.653617 2.605000
vn 0.956940 0.290285 -0.000000
f 5404//1802 5405//1802 5406//1802
v 5.118095 2.622403 2.495000
v 5.118095 2.622403 2.605000
v 5.053223 2.836259 2.605000
vn -0.956940 -0.290285 0.000000
f 5407//1803 5408//1803 5409//1803
v 5.118095 2.622403 2.495000
v 5.053223 2.836259 2.605000
v 5.053223 2.836259 2.495000
vn -0.956940 -0.290285 0.000000
f 5410//1804 5411//1804 5412//1804
v 5.201043 2.897488 2.495000
v 5.275021 2.653617 2.495000
v 5.118095 2.622403 2.495000
vn 0.000000 -0.000000 -1.000000
f 5413//1805 5414//1805 5415//1805
v 5.201043 2.897488 2.495000
v 5.118095 2.622403 2.495000
v 5.053223 2.836259 2.495000
vn 0.000000 0.000000 -1.000000
f 5416//1806 5417//1806 5418//1806
v 5.275021 2.653617 2.605000
v 5.201043 2.897488 2.605000
v 5.053223 2.836259 2.605000
vn 0.000000 0.000000 1.000000
f 5419//1807 5420//1807 5421//1807
v 5.275021 2.653617 2.605000
v 5.053223 2.836259 2.605000
v 5.118095 2.622403 2.605000
vn 0.000000 0.000000 1.000000
f 5422//1808 5423//1808 5424//1808
v 5.201043 2.897488 2.495000
v 5.080910 3.122241 2.495000
v 5.080910 3.122241 2.605000
vn 0.881921 0.471397 0.000000
f 5425//1809 5426//1809 5427//1809
v 5.201043 2.897488 2.495000
v 5.080910 3.122241 2.605000
v 5.201043 2.897488 2.605000
vn 0.881921 0.471397 -0.000000
f 5428//1810 5429//1810 5430//1810
v 5.053223 2.836259 2.495000
v 5.053223 2.836259 2.605000
v 4.947875 3.033350 2.605000
vn -0.881921 -0.471397 0.000000
f 5431//1811 5432//1811 5433//1811
v 5.053223 2.836259 2.495000
v 4.947875 3.033350 2.605000
v 4.947875 3.033350 2.495000
vn -0.881921 -0.471397 0.000000
f 5434//1812 5435//1812 5436//1812
v 5.080910 3.122241 2.495000
v 5.201043 2.897488 2.495000
v 5.053223 2.836259 2.495000
vn 0.000000 -0.000000 -1.000000
f 5437//1813 5438//1813 5439//1813
v 5.080910 3.122241 2.495000
v 5.053223 2.836259 2.495000
v 4.947875 3.033350 2.495000
vn 0.000000 0.000000 -1.000000
f 5440//1814 5441//1814 5442//1814
v 5.201043 2.897488 2.605000
v 5.080910 3.122241 2.605000
v 4.947875 3.033350 2.605000
vn 0.000000 0.000000 1.000000
f 5443//1815 5444//1815 5445//1815
v 5.201043 2.897488 2.605000
v 4.947875 3.033350 2.605000
v 5.053223 2.836259 2.605000
vn 0.000000 0.000000 1.000000
f 5446//1816 5447//1816 5448//1816
v 5.080910 3.122241 2.495000
v 4.919239 3.319239 2.495000
v 4.919239 3.319239 2.605000
vn 0.773010 0.634393 0.000000
f 5449//1817 5450//1817 5451//1817
v 5.080910 3.122241 2.495000
v 4.919239 3.319239 2.605000
v 5.080910 3.122241 2.605000
vn 0.773010 0.634393 -0.000000
f 5452//1818 5453//1818 5454//1818
v 4.947875 3.033350 2.495000
v 4.947875 3.033350 2.605000
v 4.806102 3.206102 2.605000
vn -0.773010 -0.634393 0.000000
f 5455//1819 5456//1819 5457//1819
v 4.947875 3.033350 2.495000
v 4.806102 3.206102 2.605000
v 4.806102 3.206102 2.495000
vn -0.773010 -0.634393 0.000000
f 5458//1820 5459//1820 5460//1820
v 4.919239 3.319239 2.495000
v 5.080910 3.122241 2.495000
v 4.947875 3.033350 2.495000
vn 0.000000 0.000000 -1.000000
f 5461//1821 5462//1821 5463//1821
v 4.919239 3.319239 2.495000
v 4.947875 3.033350 2.495000
v 4.806102 3.206102 2.495000
vn 0.000000 -0.000000 -1.000000
f 5464//1822 5465//1822 5466//1822
v 5.080910 3.122241 2.605000
v 4.919239 3.319239 2.605000
v 4.806102 3.206102 2.605000
vn 0.000000 0.000000 1.000000
f 5467//1823 5468//1823 5469//1823
v 5.080910 3.122241 2.605000
v 4.806102 3.206102 2.605000
v 4.947875 3.033350 2.605000
vn 0.000000 0.000000 1.000000
f 5470//1824 5471//1824 5472//1824
v 4.919239 3.319239 2.495000
v 4.722241 3.480910 2.495000
v 4.722241 3.480910 2.605000
vn 0.634393 0.773010 0.000000
f 5473//1825 5474//1825 5475//1825
v 4.919239 3.319239 2.495000
v 4.722241 3.480910 2.605000
v 4.919239 3.319239 2.605000
vn 0.634393 0.773010 -0.000000
f 5476//1826 5477//1826 5478//1826
v 4.806102 3.206102 2.495000
v 4.806102 3.206102 2.605000
v 4.633350 3.347875 2.605000
vn -0.634393 -0.773010 0.000000
f 5479//1827 5480//1827 5481//1827
v 4.806102 3.206102 2.495000
v 4.633350 3.347875 2.605000
v 4.633350 3.347875 2.495000
vn -0.634393 -0.773010 0.000000
f 5482//1828 5483//1828 5484//1828
v 4.722241 3.480910 2.495000
v 4.919239 3.319239 2.495000
v 4.806102 3.206102 2.495000
vn 0.000000 0.000000 -1.000000
f 5485//1829 5486//1829 5487//1829
v 4.722241 3.480910 2.495000
v 4.806102 3.206102 2.495000
v 4.633350 3.347875 2.495000
vn 0.000000 -0.000000 -1.000000
f 5488//1830 5489//1830 5490//1830
v 4.919239 3.319239 2.605000
v 4.722241 3.480910 2.605000
v 4.633350 3.347875 2.605000
vn 0.000000 0.000000 1.000000
f 5491//1831 5492//1831 5493//1831
v 4.919239 3.319239 2.605000
v 4.633350 3.347875 2.605000
v 4.806102 3.206102 2.605000
vn 0.000000 0.000000 1.000000
f 5494//1832 5495//1832 5496//1832
v 4.722241 3.480910 2.495000
v 4.497488 3.601043 2.495000
v 4.497488 3.601043 2.605000
vn 0.471397 0.881921 0.000000
f 5497//1833 5498//1833 5499//1833
v 4.722241 3.480910 2.495000
v 4.497488 3.601043 2.605000
v 4.722241 3.480910 2.605000
vn 0.471397 0.881921 -0.000000
f 5500//1834 5501//1834 5502//1834
v 4.633350 3.347875 2.495000
v 4.633350 3.347875 2.605000
v 4.436259 3.453223 2.605000
vn -0.471397 -0.881921 0.000000
f 5503//1835 5504//1835 5505//1835
v 4.633350 3.347875 2.495000
v 4.436259 3.453223 2.605000
v 4.436259 3.453223 2.495000
vn -0.471397 -0.881921 0.000000
f 5506//1836 5507//1836 5508//1836
v 4.497488 3.601043 2.495000
v 4.722241 3.480910 2.495000
v 4.633350 3.347875 2.495000
vn 0.000000 0.000000 -1.000000
f 5509//1837 5510//1837 5511//1837
v 4.497488 3.601043 2.495000
v 4.633350 3.347875 2.495000
v 4.436259 3.453223 2.495000
vn 0.000000 -0.000000 -1.000000
f 5512//1838 5513//1838 5514//1838
v 4.722241 3.480910 2.605000
v 4.497488 3.601043 2.605000
v 4.436259 3.453223 2.605000
vn 0.000000 0.000000 1.000000
f 5515//1839 5516//1839 5517//1839
v 4.722241 3.480910 2.605000
v 4.436259 3.453223 2.605000
v 4.633350 3.347875 2.605000
vn 0.000000 0.000000 1.000000
f 5518//1840 5519//1840 5520//1840
v 4.497488 3.601043 2.495000
v 4.253617 3.675021 2.495000
v 4.253617 3.675021 2.605000
vn 0.290285 0.956940 0.000000
f 5521//1841 5522//1841 5523//1841
v 4.497488 3.601043 2.495000
v 4.253617 3.675021 2.605000
v 4.497488 3.601043 2.605000
vn 0.290285 0.956940 -0.000000
f 5524//1842 5525//1842 5526//1842
v 4.436259 3.453223 2.495000
v 4.436259 3.453223 2.605000
v 4.222403 3.518095 2.605000
vn -0.290285 -0.956940 0.000000
f 5527//1843 5528//1843 5529//1843
v 4.436259 3.453223 2.495000
v 4.222403 3.518095 2.605000
v 4.222403 3.518095 2.495000
vn -0.290285 -0.956940 0.000000
f 5530//1844 5531//1844 5532//1844
v 4.253617 3.675021 2.495000
v 4.497488 3.601043 2.495000
v 4.436259 3.453223 2.495000
vn 0.000000 0.000000 -1.000000
f 5533//1845 5534//1845 5535//1845
v 4.253617 3.675021 2.495000
v 4.436259 3.453223 2.495000
v 4.222403 3.518095 2.495000
vn 0.000000 -0.000000 -1.000000
f 5536//1846 5537//1846 5538//1846
v 4.497488 3.601043 2.605000
v 4.253617 3.675021 2.605000
v 4.222403 3.518095 2.605000
vn 0.000000 0.000000 1.000000
f 5539//1847 5540//1847 5541//1847
v 4.497488 3.601043 2.605000
v 4.222403 3.518095 2.605000
v 4.436259 3.453223 2.605000
vn 0.000000 0.000000 1.000000
f 5542//1848 5543//1848 5544//1848
v 4.253617 3.675021 2.495000
v 4.000000 3.700000 2.495000
v 4.000000 3.700000 2.605000
vn 0.098017 0.995185 0.000000
f 5545//1849 5546//1849 5547//1849
v 4.253617 3.675021 2.495000
v 4.000000 3.700000 2.605000
v 4.253617 3.675021 2.605000
vn 0.098017 0.995185 -0.000000
f 5548//1850 5549//1850 5550//1850
v 4.222403 3.518095 2.495000
v 4.222403 3.518095 2.605000
v 4.000000 3.540000 2.605000
vn -0.098017 -0.995185 0.000000
f 5551//1851 5552//1851 5553//1851
v 4.222403 3.518095 2.495000
v 4.000000 3.540000 2.605000
v 4.000000 3.540000 2.495000
vn -0.098017 -0.995185 0.000000
f 5554//1852 5555//1852 5556//1852
v 4.000000 3.700000 2.495000
v 4.253617 3.675021 2.495000
v 4.222403 3.518095 2.495000
vn 0.000000 0.000000 -1.000000
f 5557//1853 5558//1853 5559//1853
v 4.000000 3.700000 2.495000
v 4.222403 3.518095 2.495000
v 4.000000 3.540000 2.495000
vn 0.000000 0.000000 -1.000000
f 5560//1854 5561//1854 5562//1854
v 4.253617 3.675021 2.605000
v 4.000000 3.700000 2.605000
v 4.000000 3.540000 2.605000
vn 0.000000 0.000000 1.000000
f 5563//1855 5564//1855 5565//1855
v 4.253617 3.675021 2.605000
v 4.000000 3.540000 2.605000
v 4.222403 3.518095 2.605000
vn 0.000000 0.000000 1.000000
f 5566//1856 5567//1856 5568//1856
v 4.000000 3.700000 2.495000
v 3.746383 3.675021 2.495000
v 3.746383 3.675021 2.605000
vn -0.098017 0.995185 0.000000
f 5569//1857 5570//1857 5571//1857
v 4.000000 3.700000 2.495000
v 3.746383 3.675021 2.605000
v 4.000000 3.700000 2.605000
vn -0.098017 0.995185 0.000000
f 5572//1858 5573//1858 5574//1858
v 4.000000 3.540000 2.495000
v 4.000000 3.540000 2.605000
v 3.777597 3.518095 2.605000
vn 0.098017 -0.995185 0.000000
f 5575//1859 5576//1859 5577//1859
v 4.000000 3.540000 2.495000
v 3.777597 3.518095 2.605000
v 3.777597 3.518095 2.495000
vn 0.098017 -0.995185 0.000000
f 5578//1860 5579//1860 5580//1860
v 3.746383 3.675021 2.495000
v 4.000000 3.700000 2.495000
v 4.000000 3.540000 2.495000
vn 0.000000 0.000000 -1.000000
f 5581//1861 5582//1861 5583//1861
v 3.746383 3.675021 2.495000
v 4.000000 3.540000 2.495000
v 3.777597 3.518095 2.495000
vn 0.000000 0.000000 -1.000000
f 5584//1862 5585//1862 5586//1862
v 4.000000 3.700000 2.605000
v 3.746383 3.675021 2.605000
v 3.777597 3.518095 2.605000
vn 0.000000 0.000000 1.000000
f 5587//1863 5588//1863 5589//1863
v 4.000000 3.700000 2.605000
v 3.777597 3.518095 2.605000
v 4.000000 3.540000 2.605000
vn 0.000000 0.000000 1.000000
f 5590//1864 5591//1864 5592//1864
v 3.746383 3.675021 2.495000
v 3.502512 3.601043 2.495000
v 3.502512 3.601043 2.605000
vn -0.290285 0.956940 0.000000
f 5593//1865 5594//1865 5595//1865
v 3.746383 3.675021 2.495000
v 3.502512 3.601043 2.605000
v 3.746383 3.675021 2.605000
vn -0.290285 0.956940 0.000000
f 5596//1866 5597//1866 5598//1866
v 3.777597 3.518095 2.495000
v 3.777597 3.518095 2.605000
v 3.563741 3.453223 2.605000
vn 0.290285 -0.956940 0.000000
f 5599//1867 5600//1867 5601//1867
v 3.777597 3.518095 2.495000
v 3.563741 3.453223 2.605000
v 3.563741 3.453223 2.495000
vn 0.290285 -0.956940 0.000000
f 5602//1868 5603//1868 5604//1868
v 3.502512 3.601043 2.495000
v 3.746383 3.675021 2.495000
v 3.777597 3.518095 2.495000
vn 0.000000 0.000000 -1.000000
f 5605//1869 5606//1869 5607//1869
v 3.502512 3.601043 2.495000
v 3.777597 3.518095 2.495000
v 3.563741 3.453223 2.495000
vn 0.000000 0.000000 -1.000000
f 5608//1870 5609//1870 5610//1870
v 3.746383 3.675021 2.605000
v 3.502512 3.601043 2.605000
v 3.563741 3.453223 2.605000
vn 0.000000 0.000000 1.000000
f 5611//1871 5612//1871 5613//1871
v 3.746383 3.675021 2.605000
v 3.563741 3.453223 2.605000
v 3.777597 3.518095 2.605000
vn 0.000000 0.000000 1.000000
f 5614//1872 5615//1872 5616//1872
v 3.502512 3.601043 2.495000
v 3.277759 3.480910 2.495000
v 3.277759 3.480910 2.605000
vn -0.471397 0.881921 0.000000
f 5617//1873 5618//1873 5619//1873
v 3.502512 3.601043 2.495000
v 3.277759 3.480910 2.605000
v 3.502512 3.601043 2.605000
vn -0.471397 0.881921 0.000000
f 5620//1874 5621//1874 5622//1874
v 3.563741 3.453223 2.495000
v 3.563741 3.453223 2.605000
v 3.366650 3.347875 2.605000
vn 0.471397 -0.881921 0.000000
f 5623//1875 5624//1875 5625//1875
v 3.563741 3.453223 2.495000
v 3.366650 3.347875 2.605000
v 3.366650 3.347875 2.495000
vn 0.471397 -0.881921 0.000000
f 5626//1876 5627//1876 5628//1876
v 3.277759 3.480910 2.495000
v 3.502512 3.601043 2.495000
v 3.563741 3.453223 2.495000
vn 0.000000 0.000000 -1.000000
f 5629//1877 5630//1877 5631//1877
v 3.277759 3.480910 2.495000
v 3.563741 3.453223 2.495000
v 3.366650 3.347875 2.495000
vn 0.000000 0.000000 -1.000000
f 5632//1878 5633//1878 5634//1878
v 3.502512 3.601043 2.605000
v 3.277759 3.480910 2.605000
v 3.366650 3.347875 2.605000
vn 0.000000 0.000000 1.000000
f 5635//1879 5636//1879 5637//1879
v 3.502512 3.601043 2.605000
v 3.366650 3.347875 2.605000
v 3.563741 3.453223 2.605000
vn 0.000000 0.000000 1.000000
f 5638//1880 5639//1880 5640//1880
v 3.277759 3.480910 2.495000
v 3.080761 3.319239 2.495000
v 3.080761 3.319239 2.605000
vn -0.634393 0.773010 0.000000
f 5641//1881 5642//1881 5643//1881
v 3.277759 3.480910 2.495000
v 3.080761 3.319239 2.605000
v 3.277759 3.480910 2.605000
vn -0.634393 0.773010 0.000000
f 5644//1882 5645//1882 5646//1882
v 3.366650 3.347875 2.495000
v 3.366650 3.347875 2.605000
v 3.193898 3.206102 2.605000
vn 0.634393 -0.773010 0.000000
f 5647//1883 5648//1883 5649//1883
v 3.366650 3.347875 2.495000
v 3.193898 3.206102 2.605000
v 3.193898 3.206102 2.495000
vn 0.634393 -0.773010 0.000000
f 5650//1884 5651//1884 5652//1884
v 3.080761 3.319239 2.495000
v 3.277759 3.480910 2.495000
v 3.366650 3.347875 2.495000
vn 0.000000 0.000000 -1.000000
f 5653//1885 5654//1885 5655//1885
v 3.080761 3.319239 2.495000
v 3.366650 3.347875 2.495000
v 3.193898 3.206102 2.495000
vn 0.000000 0.000000 -1.000000
f 5656//1886 5657//1886 5658//1886
v 3.277759 3.480910 2.605000
v 3.080761 3.319239 2.605000
v 3.193898 3.206102 2.605000
vn 0.000000 0.000000 1.000000
f 5659//1887 5660//1887 5661//1887
v 3.277759 3.480910 2.605000
v 3.193898 3.206102 2.605000
v 3.366650 3.347875 2.605000
vn 0.000000 0.000000 1.000000
f 5662//1888 5663//1888 5664//1888
v 3.080761 3.319239 2.495000
v 2.919090 3.122241 2.495000
v 2.919090 3.122241 2.605000
vn -0.773010 0.634393 0.000000
f 5665//1889 5666//1889 5667//1889
v 3.080761 3.319239 2.495000
v 2.919090 3.122241 2.605000
v 3.080761 3.319239 2.605000
vn -0.773010 0.634393 0.000000
f 5668//1890 5669//1890 5670//1890
v 3.193898 3.206102 2.495000
v 3.193898 3.206102 2.605000
v 3.052125 3.033350 2.605000
vn 0.773010 -0.634393 0.000000
f 5671//1891 5672//1891 5673//1891
v 3.193898 3.206102 2.495000
v 3.052125 3.033350 2.605000
v 3.052125 3.033350 2.495000
vn 0.773010 -0.634393 0.000000
f 5674//1892 5675//1892 5676//1892
v 2.919090 3.122241 2.495000
v 3.080761 3.319239 2.495000
v 3.193898 3.206102 2.495000
vn 0.000000 0.000000 -1.000000
f 5677//1893 5678//1893 5679//1893
v 2.919090 3.122241 2.495000
v 3.193898 3.206102 2.495000
v 3.052125 3.033350 2.495000
vn 0.000000 0.000000 -1.000000
f 5680//1894 5681//1894 5682//1894
v 3.080761 3.319239 2.605000
v 2.919090 3.122241 2.605000
v 3.052125 3.033350 2.605000
vn 0.000000 0.000000 1.000000
f 5683//1895 5684//1895 5685//1895
v 3.080761 3.319239 2.605000
v 3.052125 3.033350 2.605000
v 3.193898 3.206102 2.605000
vn 0.000000 0.000000 1.000000
f 5686//1896 5687//1896 5688//1896
v 2.919090 3.122241 2.495000
v 2.798957 2.897488 2.495000
v 2.798957 2.897488 2.605000
vn -0.881921 0.471397 0.000000
f 5689//1897 5690//1897 5691//1897
v 2.919090 3.122241 2.495000
v 2.798957 2.897488 2.605000
v 2.919090 3.122241 2.605000
vn -0.881921 0.471397 0.000000
f 5692//1898 5693//1898 5694//1898
v 3.052125 3.033350 2.495000
v 3.052125 3.033350 2.605000
v 2.946777 2.836259 2.605000
vn 0.881921 -0.471397 0.000000
f 5695//1899 5696//1899 5697//1899
v 3.052125 3.033350 2.495000
v 2.946777 2.836259 2.605000
v 2.946777 2.836259 2.495000
vn 0.881921 -0.471397 0.000000
f 5698//1900 5699//1900 5700//1900
v 2.798957 2.897488 2.495000
v 2.919090 3.122241 2.495000
v 3.052125 3.033350 2.495000
vn 0.000000 0.000000 -1.000000
f 5701//1901 5702//1901 5703//1901
v 2.798957 2.897488 2.495000
v 3.052125 3.033350 2.495000
v 2.946777 2.836259 2.495000
vn 0.000000 0.000000 -1.000000
f 5704//1902 5705//1902 5706//1902
v 2.919090 3.122241 2.605000
v 2.798957 2.897488 2.605000
v 2.946777 2.836259 2.605000
vn 0.000000 0.000000 1.000000
f 5707//1903 5708//1903 5709//1903
v 2.919090 3.122241 2.605000
v 2.946777 2.836259 2.605000
v 3.052125 3.033350 2.605000
vn 0.000000 0.000000 1.000000
f 5710//1904 5711//1904 5712//1904
v 2.798957 2.897488 2.495000
v 2.724979 2.653617 2.495000
v 2.724979 2.653617 2.605000
vn -0.956940 0.290285 0.000000
f 5713//1905 5714//1905 5715//1905
v 2.798957 2.897488 2.495000
v 2.724979 2.653617 2.605000
v 2.798957 2.897488 2.605000
vn -0.956940 0.290285 0.000000
f 5716//1906 5717//1906 5718//1906
v 2.946777 2.836259 2.495000
v 2.946777 2.836259 2.605000
v 2.881905 2.622403 2.605000
vn 0.956940 -0.290285 0.000000
f 5719//1907 5720//1907 5721//1907
v 2.946777 2.836259 2.495000
v 2.881905 2.622403 2.605000
v 2.881905 2.622403 2.495000
vn 0.956940 -0.290285 0.000000
f 5722//1908 5723//1908 5724//1908
v 2.724979 2.653617 2.495000
v 2.798957 2.897488 2.495000
v 2.946777 2.836259 2.495000
vn 0.000000 0.000000 -1.000000
f 5725//1909 5726//1909 5727//1909
v 2.724979 2.653617 2.495000
v 2.946777 2.836259 2.495000
v 2.881905 2.622403 2.495000
vn 0.000000 0.000000 -1.000000
f 5728//1910 5729//1910 5730//1910
v 2.798957 2.897488 2.605000
v 2.724979 2.653617 2.605000
v 2.881905 2.622403 2.605000
vn 0.000000 0.000000 1.000000
f 5731//1911 5732//1911 5733//1911
v 2.798957 2.897488 2.605000
v 2.881905 2.622403 2.605000
v 2.946777 2.836259 2.605000
vn 0.000000 0.000000 1.000000
f 5734//1912 5735//1912 5736//1912
v 2.724979 2.653617 2.495000
v 2.700000 2.400000 2.495000
v 2.700000 2.400000 2.605000
vn -0.995185 0.098017 0.000000
f 5737//1913 5738//1913 5739//1913
v 2.724979 2.653617 2.495000
v 2.700000 2.400000 2.605000
v 2.724979 2.653617 2.605000
vn -0.995185 0.098017 0.000000
f 5740//1914 5741//1914 5742//1914
v 2.881905 2.622403 2.495000
v 2.881905 2.622403 2.605000
v 2.860000 2.400000 2.605000
vn 0.995185 -0.098017 0.000000
f 5743//1915 5744//1915 5745//1915
v 2.881905 2.622403 2.495000
v 2.860000 2.400000 2.605000
v 2.860000 2.400000 2.495000
vn 0.995185 -0.098017 0.000000
f 5746//1916 5747//1916 5748//1916
v 2.700000 2.400000 2.495000
v 2.724979 2.653617 2.495000
v 2.881905 2.622403 2.495000
vn 0.000000 0.000000 -1.000000
f 5749//1917 5750//1917 5751//1917
v 2.700000 2.400000 2.495000
v 2.881905 2.622403 2.495000
v 2.860000 2.400000 2.495000
vn 0.000000 0.000000 -1.000000
f 5752//1918 5753//1918 5754//1918
v 2.724979 2.653617 2.605000
v 2.700000 2.400000 2.605000
v 2.860000 2.400000 2.605000
vn 0.000000 0.000000 1.000000
f 5755//1919 5756//1919 5757//1919
v 2.724979 2.653617 2.605000
v 2.860000 2.400000 2.605000
v 2.881905 2.622403 2.605000
vn 0.000000 0.000000 1.000000
f 5758//1920 5759//1920 5760//1920
v 5.415000 2.400000 2.460000
v 5.447500 2.343708 2.460000
v 5.447500 2.343708 2.640000
vn -0.866025 -0.500000 0.000000
f 5761//1921 5762//1921 5763//1921
v 5.415000 2.400000 2.460000
v 5.447500 2.343708 2.640000
v 5.415000 2.400000 2.640000
vn -0.866025 -0.500000 0.000000
f 5764//1922 5765//1922 5766//1922
v 5.480000 2.400000 2.460000
v 5.447500 2.343708 2.460000
v 5.415000 2.400000 2.460000
vn -0.000000 0.000000 -1.000000
f 5767//1923 5768//1923 5769//1923
v 5.480000 2.400000 2.640000
v 5.415000 2.400000 2.640000
v 5.447500 2.343708 2.640000
vn 0.000000 0.000000 1.000000
f 5770//1924 5771//1924 5772//1924
v 5.447500 2.343708 2.460000
v 5.512500 2.343708 2.460000
v 5.512500 2.343708 2.640000
vn 0.000000 -1.000000 0.000000
f 5773//1925 5774//1925 5775//1925
v 5.447500 2.343708 2.460000
v 5.512500 2.343708 2.640000
v 5.447500 2.343708 2.640000
vn 0.000000 -1.000000 0.000000
f 5776//1926 5777//1926 5778//1926
v 5.480000 2.400000 2.460000
v 5.512500 2.343708 2.460000
v 5.447500 2.343708 2.460000
vn 0.000000 -0.000000 -1.000000
f 5779//1927 5780//1927 5781//1927
v 5.480000 2.400000 2.640000
v 5.447500 2.343708 2.640000
v 5.512500 2.343708 2.640000
vn 0.000000 0.000000 1.000000
f 5782//1928 5783//1928 5784//1928
v 5.512500 2.343708 2.460000
v 5.545000 2.400000 2.460000
v 5.545000 2.400000 2.640000
vn 0.866025 -0.500000 0.000000
f 5785//1929 5786//1929 5787//1929
v 5.512500 2.343708 2.460000
v 5.545000 2.400000 2.640000
v 5.512500 2.343708 2.640000
vn 0.866025 -0.500000 0.000000
f 5788//1930 5789//1930 5790//1930
v 5.480000 2.400000 2.460000
v 5.545000 2.400000 2.460000
v 5.512500 2.343708 2.460000
vn 0.000000 0.000000 -1.000000
f 5791//1931 5792//1931 5793//1931
v 5.480000 2.400000 2.640000
v 5.512500 2.343708 2.640000
v 5.545000 2.400000 2.640000
vn -0.000000 0.000000 1.000000
f 5794//1932 5795//1932 5796//1932
v 5.545000 2.400000 2.460000
v 5.512500 2.456292 2.460000
v 5.512500 2.456292 2.640000
vn 0.866025 0.500000 0.000000
f 5797//1933 5798//1933 5799//1933
v 5.545000 2.400000 2.460000
v 5.512500 2.456292 2.640000
v 5.545000 2.400000 2.640000
vn 0.866025 0.500000 -0.000000
f 5800//1934 5801//1934 5802//1934
v 5.480000 2.400000 2.460000
v 5.512500 2.456292 2.460000
v 5.545000 2.400000 2.460000
vn 0.000000 0.000000 -1.000000
f 5803//1935 5804//1935 5805//1935
v 5.480000 2.400000 2.640000
v 5.545000 2.400000 2.640000
v 5.512500 2.456292 2.640000
vn 0.000000 0.000000 1.000000
f 5806//1936 5807//1936 5808//1936
v 5.512500 2.456292 2.460000
v 5.447500 2.456292 2.460000
v 5.447500 2.456292 2.640000
vn 0.000000 1.000000 0.000000
f 5809//1937 5810//1937 5811//1937
v 5.512500 2.456292 2.460000
v 5.447500 2.456292 2.640000
v 5.512500 2.456292 2.640000
vn 0.000000 1.000000 -0.000000
f 5812//1938 5813//1938 5814//1938
v 5.480000 2.400000 2.460000
v 5.447500 2.456292 2.460000
v 5.512500 2.456292 2.460000
vn 0.000000 0.000000 -1.000000
f 5815//1939 5816//1939 5817//1939
v 5.480000 2.400000 2.640000
v 5.512500 2.456292 2.640000
v 5.447500 2.456292 2.640000
vn 0.000000 -0.000000 1.000000
f 5818//1940 5819//1940 5820//1940
v 5.447500 2.456292 2.460000
v 5.415000 2.400000 2.460000
v 5.415000 2.400000 2.640000
vn -0.866025 0.500000 0.000000
f 5821//1941 5822//1941 5823//1941
v 5.447500 2.456292 2.460000
v 5.415000 2.400000 2.640000
v 5.447500 2.456292 2.640000
vn -0.866025 0.500000 0.000000
f 5824//1942 5825//1942 5826//1942
v 5.480000 2.400000 2.460000
v 5.415000 2.400000 2.460000
v 5.447500 2.456292 2.460000
vn 0.000000 0.000000 -1.000000
f 5827//1943 5828//1943 5829//1943
v 5.480000 2.400000 2.640000
v 5.447500 2.456292 2.640000
v 5.415000 2.400000 2.640000
vn 0.000000 0.000000 1.000000
f 5830//1944 5831//1944 5832//1944
v 4.981518 3.446518 2.460000
v 5.014018 3.390226 2.460000
v 5.014018 3.390226 2.640000
vn -0.866025 -0.500000 0.000000
f 5833//1945 5834//1945 5835//1945
v 4.981518 3.446518 2.460000
v 5.014018 3.390226 2.640000
v 4.981518 3.446518 2.640000
vn -0.866025 -0.500000 0.000000
f 5836//1946 5837//1946 5838//1946
v 5.046518 3.446518 2.460000
v 5.014018 3.390226 2.460000
v 4.981518 3.446518 2.460000
vn -0.000000 0.000000 -1.000000
f 5839//1947 5840//1947 5841//1947
v 5.046518 3.446518 2.640000
v 4.981518 3.446518 2.640000
v 5.014018 3.390226 2.640000
vn 0.000000 0.000000 1.000000
f 5842//1948 5843//1948 5844//1948
v 5.014018 3.390226 2.460000
v 5.079018 3.390226 2.460000
v 5.079018 3.390226 2.640000
vn 0.000000 -1.000000 0.000000
f 5845//1949 5846//1949 5847//1949
v 5.014018 3.390226 2.460000
v 5.079018 3.390226 2.640000
v 5.014018 3.390226 2.640000
vn 0.000000 -1.000000 0.000000
f 5848//1950 5849//1950 5850//1950
v 5.046518 3.446518 2.460000
v 5.079018 3.390226 2.460000
v 5.014018 3.390226 2.460000
vn 0.000000 -0.000000 -1.000000
f 5851//1951 5852//1951 5853//1951
v 5.046518 3.446518 2.640000
v 5.014018 3.390226 2.640000
v 5.079018 3.390226 2.640000
vn 0.000000 0.000000 1.000000
f 5854//1952 5855//1952 5856//1952
v 5.079018 3.390226 2.460000
v 5.111518 3.446518 2.460000
v 5.111518 3.446518 2.640000
vn 0.866025 -0.500000 0.000000
f 5857//1953 5858//1953 5859//1953
v 5.079018 3.390226 2.460000
v 5.111518 3.446518 2.640000
v 5.079018 3.390226 2.640000
vn 0.866025 -0.500000 0.000000
f 5860//1954 5861//1954 5862//1954
v 5.046518 3.446518 2.460000
v 5.111518 3.446518 2.460000
v 5.079018 3.390226 2.460000
vn 0.000000 0.000000 -1.000000
f 5863//1955 5864//1955 5865//1955
v 5.046518 3.446518 2.640000
v 5.079018 3.390226 2.640000
v 5.111518 3.446518 2.640000
vn -0.000000 0.000000 1.000000
f 5866//1956 5867//1956 5868//1956
v 5.111518 3.446518 2.460000
v 5.079018 3.502810 2.460000
v 5.079018 3.502810 2.640000
vn 0.866025 0.500000 0.000000
f 5869//1957 5870//1957 5871//1957
v 5.111518 3.446518 2.460000
v 5.079018 3.502810 2.640000
v 5.111518 3.446518 2.640000
vn 0.866025 0.500000 -0.000000
f 5872//1958 5873//1958 5874//1958
v 5.046518 3.446518 2.460000
v 5.079018 3.502810 2.460000
v 5.111518 3.446518 2.460000
vn 0.000000 0.000000 -1.000000
f 5875//1959 5876//1959 5877//1959
v 5.046518 3.446518 2.640000
v 5.111518 3.446518 2.640000
v 5.079018 3.502810 2.640000
vn 0.000000 0.000000 1.000000
f 5878//1960 5879//1960 5880//1960
v 5.079018 3.502810 2.460000
v 5.014018 3.502810 2.460000
v 5.014018 3.502810 2.640000
vn 0.000000 1.000000 0.000000
f 5881//1961 5882//1961 5883//1961
v 5.079018 3.502810 2.460000
v 5.014018 3.502810 2.640000
v 5.079018 3.502810 2.640000
vn 0.000000 1.000000 -0.000000
f 5884//1962 5885//1962 5886//1962
v 5.046518 3.446518 2.460000
v 5.014018 3.502810 2.460000
v 5.079018 3.502810 2.460000
vn 0.000000 0.000000 -1.000000
f 5887//1963 5888//1963 5889//1963
v 5.046518 3.446518 2.640000
v 5.079018 3.502810 2.640000
v 5.014018 3.502810 2.640000
vn 0.000000 -0.000000 1.000000
f 5890//1964 5891//1964 5892//1964
v 5.014018 3.502810 2.460000
v 4.981518 3.446518 2.460000
v 4.981518 3.446518 2.640000
vn -0.866025 0.500000 0.000000
f 5893//1965 5894//1965 5895//1965
v 5.014018 3.502810 2.460000
v 4.981518 3.446518 2.640000
v 5.014018 3.502810 2.640000
vn -0.866025 0.500000 0.000000
f 5896//1966 5897//1966 5898//1966
v 5.046518 3.446518 2.460000
v 4.981518 3.446518 2.460000
v 5.014018 3.502810 2.460000
vn 0.000000 0.000000 -1.000000
f 5899//1967 5900//1967 5901//1967
v 5.046518 3.446518 2.640000
v 5.014018 3.502810 2.640000
v 4.981518 3.446518 2.640000
vn 0.000000 0.000000 1.000000
f 5902//1968 5903//1968 5904//1968
v 3.935000 3.880000 2.460000
v 3.967500 3.823708 2.460000
v 3.967500 3.823708 2.640000
vn -0.866025 -0.500000 0.000000
f 5905//1969 5906//1969 5907//1969
v 3.935000 3.880000 2.460000
v 3.967500 3.823708 2.640000
v 3.935000 3.880000 2.640000
vn -0.866025 -0.500000 0.000000
f 5908//1970 5909//1970 5910//1970
v 4.000000 3.880000 2.460000
v 3.967500 3.823708 2.460000
v 3.935000 3.880000 2.460000
vn -0.000000 0.000000 -1.000000
f 5911//1971 5912//1971 5913//1971
v 4.000000 3.880000 2.640000
v 3.935000 3.880000 2.640000
v 3.967500 3.823708 2.640000
vn 0.000000 0.000000 1.000000
f 5914//1972 5915//1972 5916//1972
v 3.967500 3.823708 2.460000
v 4.032500 3.823708 2.460000
v 4.032500 3.823708 2.640000
vn 0.000000 -1.000000 0.000000
f 5917//1973 5918//1973 5919//1973
v 3.967500 3.823708 2.460000
v 4.032500 3.823708 2.640000
v 3.967500 3.823708 2.640000
vn 0.000000 -1.000000 0.000000
f 5920//1974 5921//1974 5922//1974
v 4.000000 3.880000 2.460000
v 4.032500 3.823708 2.460000
v 3.967500 3.823708 2.460000
vn 0.000000 -0.000000 -1.000000
f 5923//1975 5924//1975 5925//1975
v 4.000000 3.880000 2.640000
v 3.967500 3.823708 2.640000
v 4.032500 3.823708 2.640000
vn 0.000000 0.000000 1.000000
f 5926//1976 5927//1976 5928//1976
v 4.032500 3.823708 2.460000
v 4.065000 3.880000 2.460000
v 4.065000 3.880000 2.640000
vn 0.866025 -0.500000 0.000000
f 5929//1977 5930//1977 5931//1977
v 4.032500 3.823708 2.460000
v 4.065000 3.880000 2.640000
v 4.032500 3.823708 2.640000
vn 0.866025 -0.500000 0.000000
f 5932//1978 5933//1978 5934//1978
v 4.000000 3.880000 2.460000
v 4.065000 3.880000 2.460000
v 4.032500 3.823708 2.460000
vn 0.000000 0.000000 -1.000000
f 5935//1979 5936//1979 5937//1979
v 4.000000 3.880000 2.640000
v 4.032500 3.823708 2.640000
v 4.065000 3.880000 2.640000
vn -0.000000 0.000000 1.000000
f 5938//1980 5939//1980 5940//1980
v 4.065000 3.880000 2.460000
v 4.032500 3.936292 2.460000
v 4.032500 3.936292 2.640000
vn 0.866025 0.500000 0.000000
f 5941//1981 5942//1981 5943//1981
v 4.065000 3.880000 2.460000
v 4.032500 3.936292 2.640000
v 4.065000 3.880000 2.640000
vn 0.866025 0.500000 -0.000000
f 5944//1982 5945//1982 5946//1982
v 4.000000 3.880000 2.460000
v 4.032500 3.936292 2.460000
v 4.065000 3.880000 2.460000
vn 0.000000 0.000000 -1.000000
f 5947//1983 5948//1983 5949//1983
v 4.000000 3.880000 2.640000
v 4.065000 3.880000 2.640000
v 4.032500 3.936292 2.640000
vn 0.000000 0.000000 1.000000
f 5950//1984 5951//1984 5952//1984
v 4.032500 3.936292 2.460000
v 3.967500 3.936292 2.460000
v 3.967500 3.936292 2.640000
vn 0.000000 1.000000 0.000000
f 5953//1985 5954//1985 5955//1985
v 4.032500 3.936292 2.460000
v 3.967500 3.936292 2.640000
v 4.032500 3.936292 2.640000
vn 0.000000 1.000000 -0.000000
f 5956//1986 5957//1986 5958//1986
v 4.000000 3.880000 2.460000
v 3.967500 3.936292 2.460000
v 4.032500 3.936292 2.460000
vn 0.000000 0.000000 -1.000000
f 5959//1987 5960//1987 5961//1987
v 4.000000 3.880000 2.640000
v 4.032500 3.936292 2.640000
v 3.967500 3.936292 2.640000
vn 0.000000 -0.000000 1.000000
f 5962//1988 5963//1988 5964//1988
v 3.967500 3.936292 2.460000
v 3.935000 3.880000 2.460000
v 3.935000 3.880000 2.640000
vn -0.866025 0.500000 0.000000
f 5965//1989 5966//1989 5967//1989
v 3.967500 3.936292 2.460000
v 3.935000 3.880000 2.640000
v 3.967500 3.936292 2.640000
vn -0.866025 0.500000 0.000000
f 5968//1990 5969//1990 5970//1990
v 4.000000 3.880000 2.460000
v 3.935000 3.880000 2.460000
v 3.967500 3.936292 2.460000
vn 0.000000 0.000000 -1.000000
f 5971//1991 5972//1991 5973//1991
v 4.000000 3.880000 2.640000
v 3.967500 3.936292 2.640000
v 3.935000 3.880000 2.640000
vn 0.000000 0.000000 1.000000
f 5974//1992 5975//1992 5976//1992
v 2.888482 3.446518 2.460000
v 2.920982 3.390226 2.460000
v 2.920982 3.390226 2.640000
vn -0.866025 -0.500000 0.000000
f 5977//1993 5978//1993 5979//1993
v 2.888482 3.446518 2.460000
v 2.920982 3.390226 2.640000
v 2.888482 3.446518 2.640000
vn -0.866025 -0.500000 0.000000
f 5980//1994 5981//1994 5982//1994
v 2.953482 3.446518 2.460000
v 2.920982 3.390226 2.460000
v 2.888482 3.446518 2.460000
vn -0.000000 0.000000 -1.000000
f 5983//1995 5984//1995 5985//1995
v 2.953482 3.446518 2.640000
v 2.888482 3.446518 2.640000
v 2.920982 3.390226 2.640000
vn 0.000000 0.000000 1.000000
f 5986//1996 5987//1996 5988//1996
v 2.920982 3.390226 2.460000
v 2.985982 3.390226 2.460000
v 2.985982 3.390226 2.640000
vn 0.000000 -1.000000 0.000000
f 5989//1997 5990//1997 5991//1997
v 2.920982 3.390226 2.460000
v 2.985982 3.390226 2.640000
v 2.920982 3.390226 2.640000
vn 0.000000 -1.000000 0.000000
f 5992//1998 5993//1998 5994//1998
v 2.953482 3.446518 2.460000
v 2.985982 3.390226 2.460000
v 2.920982 3.390226 2.460000
vn 0.000000 -0.000000 -1.000000
f 5995//1999 5996//1999 5997//1999
v 2.953482 3.446518 2.640000
v 2.920982 3.390226 2.640000
v 2.985982 3.390226 2.640000
vn 0.000000 0.000000 1.000000
f 5998//2000 5999//2000 6000//2000
v 2.985982 3.390226 2.460000
v 3.018482 3.446518 2.460000
v 3.018482 3.446518 2.640000
vn 0.866025 -0.500000 0.000000
f 6001//2001 6002//2001 6003//2001
v 2.985982 3.390226 2.460000
v 3.018482 3.446518 2.640000
v 2.985982 3.390226 2.640000
vn 0.866025 -0.500000 0.000000
f 6004//2002 6005//2002 6006//2002
v 2.953482 3.446518 2.460000
v 3.018482 3.446518 2.460000
v 2.985982 3.390226 2.460000
vn 0.000000 0.000000 -1.000000
f 6007//2003 6008//2003 6009//2003
v 2.953482 3.446518 2.640000
v 2.985982 3.390226 2.640000
v 3.018482 3.446518 2.640000
vn -0.000000 0.000000 1.000000
f 6010//2004 6011//2004 6012//2004
v 3.018482 3.446518 2.460000
v 2.985982 3.502810 2.460000
v 2.985982 3.502810 2.640000
vn 0.866025 0.500000 0.000000
f 6013//2005 6014//2005 6015//2005
v 3.018482 3.446518 2.460000
v 2.985982 3.502810 2.640000
v 3.018482 3.446518 2.640000
vn 0.866025 0.500000 -0.000000
f 6016//2006 6017//2006 6018//2006
v 2.953482 3.446518 2.460000
v 2.985982 3.502810 2.460000
v 3.018482 3.446518 2.460000
vn 0.000000 0.000000 -1.000000
f 6019//2007 6020//2007 6021//2007
v 2.953482 3.446518 2.640000
v 3.018482 3.446518 2.640000
v 2.985982 3.502810 2.640000
vn 0.000000 0.000000 1.000000
f 6022//2008 6023//2008 6024//2008
v 2.985982 3.502810 2.460000
v 2.920982 3.502810 2.460000
v 2.920982 3.502810 2.640000
vn 0.000000 1.000000 0.000000
f 6025//2009 6026//2009 6027//2009
v 2.985982 3.502810 2.460000
v 2.920982 3.502810 2.640000
v 2.985982 3.502810 2.640000
vn 0.000000 1.000000 -0.000000
f 6028//2010 6029//2010 6030//2010
v 2.953482 3.446518 2.460000
v 2.920982 3.502810 2.460000
v 2.985982 3.502810 2.460000
vn 0.000000 0.000000 -1.000000
f 6031//2011 6032//2011 6033//2011
v 2.953482 3.446518 2.640000
v 2.985982 3.502810 2.640000
v 2.920982 3.502810 2.640000
vn 0.000000 -0.000000 1.000000
f 6034//2012 6035//2012 6036//2012
v 2.920982 3.502810 2.460000
v 2.888482 3.446518 2.460000
v 2.888482 3.446518 2.640000
vn -0.866025 0.500000 0.000000
f 6037//2013 6038//2013 6039//2013
v 2.920982 3.502810 2.460000
v 2.888482 3.446518 2.640000
v 2.920982 3.502810 2.640000
vn -0.866025 0.500000 0.000000
f 6040//2014 6041//2014 6042//2014
v 2.953482 3.446518 2.460000
v 2.888482 3.446518 2.460000
v 2.920982 3.502810 2.460000
vn 0.000000 0.000000 -1.000000
f 6043//2015 6044//2015 6045//2015
v 2.953482 3.446518 2.640000
v 2.920982 3.502810 2.640000
v 2.888482 3.446518 2.640000
vn 0.000000 0.000000 1.000000
f 6046//2016 6047//2016 6048//2016
v 2.455000 2.400000 2.460000
v 2.487500 2.343708 2.460000
v 2.487500 2.343708 2.640000
vn -0.866025 -0.500000 0.000000
f 6049//2017 6050//2017 6051//2017
v 2.455000 2.400000 2.460000
v 2.487500 2.343708 2.640000
v 2.455000 2.400000 2.640000
vn -0.866025 -0.500000 0.000000
f 6052//2018 6053//2018 6054//2018
v 2.520000 2.400000 2.460000
v 2.487500 2.343708 2.460000
v 2.455000 2.400000 2.460000
vn -0.000000 0.000000 -1.000000
f 6055//2019 6056//2019 6057//2019
v 2.520000 2.400000 2.640000
v 2.455000 2.400000 2.640000
v 2.487500 2.343708 2.640000
vn 0.000000 0.000000 1.000000
f 6058//2020 6059//2020 6060//2020
v 2.487500 2.343708 2.460000
v 2.552500 2.343708 2.460000
v 2.552500 2.343708 2.640000
vn 0.000000 -1.000000 0.000000
f 6061//2021 6062//2021 6063//2021
v 2.487500 2.343708 2.460000
v 2.552500 2.343708 2.640000
v 2.487500 2.343708 2.640000
vn 0.000000 -1.000000 0.000000
f 6064//2022 6065//2022 6066//2022
v 2.520000 2.400000 2.460000
v 2.552500 2.343708 2.460000
v 2.487500 2.343708 2.460000
vn 0.000000 -0.000000 -1.000000
f 6067//2023 6068//2023 6069//2023
v 2.520000 2.400000 2.640000
v 2.487500 2.343708 2.640000
v 2.552500 2.343708 2.640000
vn 0.000000 0.000000 1.000000
f 6070//2024 6071//2024 6072//2024
v 2.552500 2.343708 2.460000
v 2.585000 2.400000 2.460000
v 2.585000 2.400000 2.640000
vn 0.866025 -0.500000 0.000000
f 6073//2025 6074//2025 6075//2025
v 2.552500 2.343708 2.460000
v 2.585000 2.400000 2.640000
v 2.552500 2.343708 2.640000
vn 0.866025 -0.500000 0.000000
f 6076//2026 6077//2026 6078//2026
v 2.520000 2.400000 2.460000
v 2.585000 2.400000 2.460000
v 2.552500 2.343708 2.460000
vn 0.000000 0.000000 -1.000000
f 6079//2027 6080//2027 6081//2027
v 2.520000 2.400000 2.640000
v 2.552500 2.343708 2.640000
v 2.585000 2.400000 2.640000
vn -0.000000 0.000000 1.000000
f 6082//2028 6083//2028 6084//2028
v 2.585000 2.400000 2.460000
v 2.552500 2.456292 2.460000
v 2.552500 2.456292 2.640000
vn 0.866025 0.500000 0.000000
f 6085//2029 6086//2029 6087//2029
v 2.585000 2.400000 2.460000
v 2.552500 2.456292 2.640000
v 2.585000 2.400000 2.640000
vn 0.866025 0.500000 -0.000000
f 6088//2030 6089//2030 6090//2030
v 2.520000 2.400000 2.460000
v 2.552500 2.456292 2.460000
v 2.585000 2.400000 2.460000
vn 0.000000 0.000000 -1.000000
f 6091//2031 6092//2031 6093//2031
v 2.520000 2.400000 2.640000
v 2.585000 2.400000 2.640000
v 2.552500 2.456292 2.640000
vn 0.000000 0.000000 1.000000
f 6094//2032 6095//2032 6096//2032
v 2.552500 2.456292 2.460000
v 2.487500 2.456292 2.460000
v 2.487500 2.456292 2.640000
vn 0.000000 1.000000 0.000000
f 6097//2033 6098//2033 6099//2033
v 2.552500 2.456292 2.460000
v 2.487500 2.456292 2.640000
v 2.552500 2.456292 2.640000
vn 0.000000 1.000000 -0.000000
f 6100//2034 6101//2034 6102//2034
v 2.520000 2.400000 2.460000
v 2.487500 2.456292 2.460000
v 2.552500 2.456292 2.460000
vn 0.000000 0.000000 -1.000000
f 6103//2035 6104//2035 6105//2035
v 2.520000 2.400000 2.640000
v 2.552500 2.456292 2.640000
v 2.487500 2.456292 2.640000
vn 0.000000 -0.000000 1.000000
f 6106//2036 6107//2036 6108//2036
v 2.487500 2.456292 2.460000
v 2.455000 2.400000 2.460000
v 2.455000 2.400000 2.640000
vn -0.866025 0.500000 0.000000
f 6109//2037 6110//2037 6111//2037
v 2.487500 2.456292 2.460000
v 2.455000 2.400000 2.640000
v 2.487500 2.456292 2.640000
vn -0.866025 0.500000 0.000000
f 6112//2038 6113//2038 6114//2038
v 2.520000 2.400000 2.460000
v 2.455000 2.400000 2.460000
v 2.487500 2.456292 2.460000
vn 0.000000 0.000000 -1.000000
f 6115//2039 6116//2039 6117//2039
v 2.520000 2.400000 2.640000
v 2.487500 2.456292 2.640000
v 2.455000 2.400000 2.640000
vn 0.000000 0.000000 1.000000
f 6118//2040 6119//2040 6120//2040
v 2.888482 1.353482 2.460000
v 2.920982 1.297190 2.460000
v 2.920982 1.297190 2.640000
vn -0.866025 -0.500000 0.000000
f 6121//2041 6122//2041 6123//2041
v 2.888482 1.353482 2.460000
v 2.920982 1.297190 2.640000
v 2.888482 1.353482 2.640000
vn -0.866025 -0.500000 0.000000
f 6124//2042 6125//2042 6126//2042
v 2.953482 1.353482 2.460000
v 2.920982 1.297190 2.460000
v 2.888482 1.353482 2.460000
vn -0.000000 0.000000 -1.000000
f 6127//2043 6128//2043 6129//2043
v 2.953482 1.353482 2.640000
v 2.888482 1.353482 2.640000
v 2.920982 1.297190 2.640000
vn 0.000000 0.000000 1.000000
f 6130//2044 6131//2044 6132//2044
v 2.920982 1.297190 2.460000
v 2.985982 1.297190 2.460000
v 2.985982 1.297190 2.640000
vn 0.000000 -1.000000 0.000000
f 6133//2045 6134//2045 6135//2045
v 2.920982 1.297190 2.460000
v 2.985982 1.297190 2.640000
v 2.920982 1.297190 2.640000
vn 0.000000 -1.000000 0.000000
f 6136//2046 6137//2046 6138//2046
v 2.953482 1.353482 2.460000
v 2.985982 1.297190 2.460000
v 2.920982 1.297190 2.460000
vn 0.000000 -0.000000 -1.000000
f 6139//2047 6140//2047 6141//2047
v 2.953482 1.353482 2.640000
v 2.920982 1.297190 2.640000
v 2.985982 1.297190 2.640000
vn 0.000000 0.000000 1.000000
f 6142//2048 6143//2048 6144//2048
v 2.985982 1.297190 2.460000
v 3.018482 1.353482 2.460000
v 3.018482 1.353482 2.640000
vn 0.866025 -0.500000 0.000000
f 6145//2049 6146//2049 6147//2049
v 2.985982 1.297190 2.460000
v 3.018482 1.353482 2.640000
v 2.985982 1.297190 2.640000
vn 0.866025 -0.500000 0.000000
f 6148//2050 6149//2050 6150//2050
v 2.953482 1.353482 2.460000
v 3.018482 1.353482 2.460000
v 2.985982 1.297190 2.460000
vn 0.000000 0.000000 -1.000000
f 6151//2051 6152//2051 6153//2051
v 2.953482 1.353482 2.640000
v 2.985982 1.297190 2.640000
v 3.018482 1.353482 2.640000
vn -0.000000 0.000000 1.000000
f 6154//2052 6155//2052 6156//2052
v 3.018482 1.353482 2.460000
v 2.985982 1.409774 2.460000
v 2.985982 1.409774 2.640000
vn 0.866025 0.500000 0.000000
f 6157//2053 6158//2053 6159//2053
v 3.018482 1.353482 2.460000
v 2.985982 1.409774 2.640000
v 3.018482 1.353482 2.640000
vn 0.866025 0.500000 -0.000000
f 6160//2054 6161//2054 6162//2054
v 2.953482 1.353482 2.460000
v 2.985982 1.409774 2.460000
v 3.018482 1.353482 2.460000
vn 0.000000 0.000000 -1.000000
f 6163//2055 6164//2055 6165//2055
v 2.953482 1.353482 2.640000
v 3.018482 1.353482 2.640000
v 2.985982 1.409774 2.640000
vn 0.000000 0.000000 1.000000
f 6166//2056 6167//2056 6168//2056
v 2.985982 1.409774 2.460000
v 2.920982 1.409774 2.460000
v 2.920982 1.409774 2.640000
vn 0.000000 1.000000 0.000000
f 6169//2057 6170//2057 6171//2057
v 2.985982 1.409774 2.460000
v 2.920982 1.409774 2.640000
v 2.985982 1.409774 2.640000
vn 0.000000 1.000000 -0.000000
f 6172//2058 6173//2058 6174//2058
v 2.953482 1.353482 2.460000
v 2.920982 1.409774 2.460000
v 2.985982 1.409774 2.460000
vn 0.000000 0.000000 -1.000000
f 6175//2059 6176//2059 6177//2059
v 2.953482 1.353482 2.640000
v 2.985982 1.409774 2.640000
v 2.920982 1.409774 2.640000
vn 0.000000 -0.000000 1.000000
f 6178//2060 6179//2060 6180//2060
v 2.920982 1.409774 2.460000
v 2.888482 1.353482 2.460000
v 2.888482 1.353482 2.640000
vn -0.866025 0.500000 0.000000
f 6181//2061 6182//2061 6183//2061
v 2.920982 1.409774 2.460000
v 2.888482 1.353482 2.640000
v 2.920982 1.409774 2.640000
vn -0.866025 0.500000 0.000000
f 6184//2062 6185//2062 6186//2062
v 2.953482 1.353482 2.460000
v 2.888482 1.353482 2.460000
v 2.920982 1.409774 2.460000
vn 0.000000 0.000000 -1.000000
f 6187//2063 6188//2063 6189//2063
v 2.953482 1.353482 2.640000
v 2.920982 1.409774 2.640000
v 2.888482 1.353482 2.640000
vn 0.000000 0.000000 1.000000
f 6190//2064 6191//2064 6192//2064
v 3.935000 0.920000 2.460000
v 3.967500 0.863708 2.460000
v 3.967500 0.863708 2.640000
vn -0.866025 -0.500000 0.000000
f 6193//2065 6194//2065 6195//2065
v 3.935000 0.920000 2.460000
v 3.967500 0.863708 2.640000
v 3.935000 0.920000 2.640000
vn -0.866025 -0.500000 0.000000
f 6196//2066 6197//2066 6198//2066
v 4.000000 0.920000 2.460000
v 3.967500 0.863708 2.460000
v 3.935000 0.920000 2.460000
vn -0.000000 0.000000 -1.000000
f 6199//2067 6200//2067 6201//2067
v 4.000000 0.920000 2.640000
v 3.935000 0.920000 2.640000
v 3.967500 0.863708 2.640000
vn 0.000000 0.000000 1.000000
f 6202//2068 6203//2068 6204//2068
v 3.967500 0.863708 2.460000
v 4.032500 0.863708 2.460000
v 4.032500 0.863708 2.640000
vn 0.000000 -1.000000 0.000000
f 6205//2069 6206//2069 6207//2069
v 3.967500 0.863708 2.460000
v 4.032500 0.863708 2.640000
v 3.967500 0.863708 2.640000
vn 0.000000 -1.000000 0.000000
f 6208//2070 6209//2070 6210//2070
v 4.000000 0.920000 2.460000
v 4.032500 0.863708 2.460000
v 3.967500 0.863708 2.460000
vn 0.000000 -0.000000 -1.000000
f 6211//2071 6212//2071 6213//2071
v 4.000000 0.920000 2.640000
v 3.967500 0.863708 2.640000
v 4.032500 0.863708 2.640000
vn 0.000000 0.000000 1.000000
f 6214//2072 6215//2072 6216//2072
v 4.032500 0.863708 2.460000
v 4.065000 0.920000 2.460000
v 4.065000 0.920000 2.640000
vn 0.866025 -0.500000 0.000000
f 6217//2073 6218//2073 6219//2073
v 4.032500 0.863708 2.460000
v 4.065000 0.920000 2.640000
v 4.032500 0.863708 2.640000
vn 0.866025 -0.500000 0.000000
f 6220//2074 6221//2074 6222//2074
v 4.000000 0.920000 2.460000
v 4.065000 0.920000 2.460000
v 4.032500 0.863708 2.460000
vn 0.000000 0.000000 -1.000000
f 6223//2075 6224//2075 6225//2075
v 4.000000 0.920000 2.640000
v 4.032500 0.863708 2.640000
v 4.065000 0.920000 2.640000
vn -0.000000 0.000000 1.000000
f 6226//2076 6227//2076 6228//2076
v 4.065000 0.920000 2.460000
v 4.032500 0.976292 2.460000
v 4.032500 0.976292 2.640000
vn 0.866025 0.500000 0.000000
f 6229//2077 6230//2077 6231//2077
v 4.065000 0.920000 2.460000
v 4.032500 0.976292 2.640000
v 4.065000 0.920000 2.640000
vn 0.866025 0.500000 -0.000000
f 6232//2078 6233//2078 6234//2078
v 4.000000 0.920000 2.460000
v 4.032500 0.976292 2.460000
v 4.065000 0.920000 2.460000
vn 0.000000 0.000000 -1.000000
f 6235//2079 6236//2079 6237//2079
v 4.000000 0.920000 2.640000
v 4.065000 0.920000 2.640000
v 4.032500 0.976292 2.640000
vn 0.000000 0.000000 1.000000
f 6238//2080 6239//2080 6240//2080
v 4.032500 0.976292 2.460000
v 3.967500 0.976292 2.460000
v 3.967500 0.976292 2.640000
vn 0.000000 1.000000 0.000000
f 6241//2081 6242//2081 6243//2081
v 4.032500 0.976292 2.460000
v 3.967500 0.976292 2.640000
v 4.032500 0.976292 2.640000
vn 0.000000 1.000000 -0.000000
f 6244//2082 6245//2082 6246//2082
v 4.000000 0.920000 2.460000
v 3.967500 0.976292 2.460000
v 4.032500 0.976292 2.460000
vn 0.000000 0.000000 -1.000000
f 6247//2083 6248//2083 6249//2083
v 4.000000 0.920000 2.640000
v 4.032500 0.976292 2.640000
v 3.967500 0.976292 2.640000
vn 0.000000 -0.000000 1.000000
f 6250//2084 6251//2084 6252//2084
v 3.967500 0.976292 2.460000
v 3.935000 0.920000 2.460000
v 3.935000 0.920000 2.640000
vn -0.866025 0.500000 0.000000
f 6253//2085 6254//2085 6255//2085
v 3.967500 0.976292 2.460000
v 3.935000 0.920000 2.640000
v 3.967500 0.976292 2.640000
vn -0.866025 0.500000 0.000000
f 6256//2086 6257//2086 6258//2086
v 4.000000 0.920000 2.460000
v 3.935000 0.920000 2.460000
v 3.967500 0.976292 2.460000
vn 0.000000 0.000000 -1.000000
f 6259//2087 6260//2087 6261//2087
v 4.000000 0.920000 2.640000
v 3.967500 0.976292 2.640000
v 3.935000 0.920000 2.640000
vn 0.000000 0.000000 1.000000
f 6262//2088 6263//2088 6264//2088
v 4.981518 1.353482 2.460000
v 5.014018 1.297190 2.460000
v 5.014018 1.297190 2.640000
vn -0.866025 -0.500000 0.000000
f 6265//2089 6266//2089 6267//2089
v 4.981518 1.353482 2.460000
v 5.014018 1.297190 2.640000
v 4.981518 1.353482 2.640000
vn -0.866025 -0.500000 0.000000
f 6268//2090 6269//2090 6270//2090
v 5.046518 1.353482 2.460000
v 5.014018 1.297190 2.460000
v 4.981518 1.353482 2.460000
vn -0.000000 0.000000 -1.000000
f 6271//2091 6272//2091 6273//2091
v 5.046518 1.353482 2.640000
v 4.981518 1.353482 2.640000
v 5.014018 1.297190 2.640000
vn 0.000000 0.000000 1.000000
f 6274//2092 6275//2092 6276//2092
v 5.014018 1.297190 2.460000
v 5.079018 1.297190 2.460000
v 5.079018 1.297190 2.640000
vn 0.000000 -1.000000 0.000000
f 6277//2093 6278//2093 6279//2093
v 5.014018 1.297190 2.460000
v 5.079018 1.297190 2.640000
v 5.014018 1.297190 2.640000
vn 0.000000 -1.000000 0.000000
f 6280//2094 6281//2094 6282//2094
v 5.046518 1.353482 2.460000
v 5.079018 1.297190 2.460000
v 5.014018 1.297190 2.460000
vn 0.000000 -0.000000 -1.000000
f 6283//2095 6284//2095 6285//2095
v 5.046518 1.353482 2.640000
v 5.014018 1.297190 2.640000
v 5.079018 1.297190 2.640000
vn 0.000000 0.000000 1.000000
f 6286//2096 6287//2096 6288//2096
v 5.079018 1.297190 2.460000
v 5.111518 1.353482 2.460000
v 5.111518 1.353482 2.640000
vn 0.866025 -0.500000 0.000000
f 6289//2097 6290//2097 6291//2097
v 5.079018 1.297190 2.460000
v 5.111518 1.353482 2.640000
v 5.079018 1.297190 2.640000
vn 0.866025 -0.500000 0.000000
f 6292//2098 6293//2098 6294//2098
v 5.046518 1.353482 2.460000
v 5.111518 1.353482 2.460000
v 5.079018 1.297190 2.460000
vn 0.000000 0.000000 -1.000000
f 6295//2099 6296//2099 6297//2099
v 5.046518 1.353482 2.640000
v 5.079018 1.297190 2.640000
v 5.111518 1.353482 2.640000
vn -0.000000 0.000000 1.000000
f 6298//2100 6299//2100 6300//2100
v 5.111518 1.353482 2.460000
v 5.079018 1.409774 2.460000
v 5.079018 1.409774 2.640000
vn 0.866025 0.500000 0.000000
f 6301//2101 6302//2101 6303//2101
v 5.111518 1.353482 2.460000
v 5.079018 1.409774 2.640000
v 5.111518 1.353482 2.640000
vn 0.866025 0.500000 -0.000000
f 6304//2102 6305//2102 6306//2102
v 5.046518 1.353482 2.460000
v 5.079018 1.409774 2.460000
v 5.111518 1.353482 2.460000
vn 0.000000 0.000000 -1.000000
f 6307//2103 6308//2103 6309//2103
v 5.046518 1.353482 2.640000
v 5.111518 1.353482 2.640000
v 5.079018 1.409774 2.640000
vn 0.000000 0.000000 1.000000
f 6310//2104 6311//2104 6312//2104
v 5.079018 1.409774 2.460000
v 5.014018 1.409774 2.460000
v 5.014018 1.409774 2.640000
vn 0.000000 1.000000 0.000000
f 6313//2105 6314//2105 6315//2105
v 5.079018 1.409774 2.460000
v 5.014018 1.409774 2.640000
v 5.079018 1.409774 2.640000
vn 0.000000 1.000000 -0.000000
f 6316//2106 6317//2106 6318//2106
v 5.046518 1.353482 2.460000
v 5.014018 1.409774 2.460000
v 5.079018 1.409774 2.460000
vn 0.000000 0.000000 -1.000000
f 6319//2107 6320//2107 6321//2107
v 5.046518 1.353482 2.640000
v 5.079018 1.409774 2.640000
v 5.014018 1.409774 2.640000
vn 0.000000 -0.000000 1.000000
f 6322//2108 6323//2108 6324//2108
v 5.014018 1.409774 2.460000
v 4.981518 1.353482 2.460000
v 4.981518 1.353482 2.640000
vn -0.866025 0.500000 0.000000
f 6325//2109 6326//2109 6327//2109
v 5.014018 1.409774 2.460000
v 4.981518 1.353482 2.640000
v 5.014018 1.409774 2.640000
vn -0.866025 0.500000 0.000000
f 6328//2110 6329//2110 6330//2110
v 5.046518 1.353482 2.460000
v 4.981518 1.353482 2.460000
v 5.014018 1.409774 2.460000
vn 0.000000 0.000000 -1.000000
f 6331//2111 6332//2111 6333//2111
v 5.046518 1.353482 2.640000
v 5.014018 1.409774 2.640000
v 4.981518 1.353482 2.640000
vn 0.000000 0.000000 1.000000
f 6334//2112 6335//2112 6336//2112
v 4.000000 4.440000 -1.980000
v 3.851672 4.440000 -1.956507
v 3.851672 4.560000 -1.956507
vn -0.156434 0.000000 -0.987688
f 6337//2113 6338//2113 6339//2113
v 4.000000 4.440000 -1.980000
v 3.851672 4.560000 -1.956507
v 4.000000 4.560000 -1.980000
vn -0.156434 0.000000 -0.987688
f 6340//2114 6341//2114 6342//2114
v 4.000000 4.440000 -1.860000
v 4.000000 4.560000 -1.860000
v 3.888754 4.560000 -1.842380
vn 0.156434 -0.000000 0.987688
f 6343//2115 6344//2115 6345//2115
v 4.000000 4.440000 -1.860000
v 3.888754 4.560000 -1.842380
v 3.888754 4.440000 -1.842380
vn 0.156434 0.000000 0.987688
f 6346//2116 6347//2116 6348//2116
v 3.851672 4.440000 -1.956507
v 4.000000 4.440000 -1.980000
v 4.000000 4.440000 -1.860000
vn 0.000000 -1.000000 0.000000
f 6349//2117 6350//2117 6351//2117
v 3.851672 4.440000 -1.956507
v 4.000000 4.440000 -1.860000
v 3.888754 4.440000 -1.842380
vn 0.000000 -1.000000 0.000000
f 6352//2118 6353//2118 6354//2118
v 4.000000 4.560000 -1.980000
v 3.851672 4.560000 -1.956507
v 3.888754 4.560000 -1.842380
vn 0.000000 1.000000 0.000000
f 6355//2119 6356//2119 6357//2119
v 4.000000 4.560000 -1.980000
v 3.888754 4.560000 -1.842380
v 4.000000 4.560000 -1.860000
vn 0.000000 1.000000 -0.000000
f 6358//2120 6359//2120 6360//2120
v 3.851672 4.440000 -1.956507
v 3.717863 4.440000 -1.888328
v 3.717863 4.560000 -1.888328
vn -0.453990 0.000000 -0.891007
f 6361//2121 6362//2121 6363//2121
v 3.851672 4.440000 -1.956507
v 3.717863 4.560000 -1.888328
v 3.851672 4.560000 -1.956507
vn -0.453990 0.000000 -0.891007
f 6364//2122 6365//2122 6366//2122
v 3.888754 4.440000 -1.842380
v 3.888754 4.560000 -1.842380
v 3.788397 4.560000 -1.791246
vn 0.453990 -0.000000 0.891007
f 6367//2123 6368//2123 6369//2123
v 3.888754 4.440000 -1.842380
v 3.788397 4.560000 -1.791246
v 3.788397 4.440000 -1.791246
vn 0.453990 0.000000 0.891007
f 6370//2124 6371//2124 6372//2124
v 3.717863 4.440000 -1.888328
v 3.851672 4.440000 -1.956507
v 3.888754 4.440000 -1.842380
vn 0.000000 -1.000000 0.000000
f 6373//2125 6374//2125 6375//2125
v 3.717863 4.440000 -1.888328
v 3.888754 4.440000 -1.842380
v 3.788397 4.440000 -1.791246
vn 0.000000 -1.000000 0.000000
f 6376//2126 6377//2126 6378//2126
v 3.851672 4.560000 -1.956507
v 3.717863 4.560000 -1.888328
v 3.788397 4.560000 -1.791246
vn 0.000000 1.000000 0.000000
f 6379//2127 6380//2127 6381//2127
v 3.851672 4.560000 -1.956507
v 3.788397 4.560000 -1.791246
v 3.888754 4.560000 -1.842380
vn 0.000000 1.000000 -0.000000
f 6382//2128 6383//2128 6384//2128
v 3.717863 4.440000 -1.888328
v 3.611672 4.440000 -1.782137
v 3.611672 4.560000 -1.782137
vn -0.707107 0.000000 -0.707107
f 6385//2129 6386//2129 6387//2129
v 3.717863 4.440000 -1.888328
v 3.611672 4.560000 -1.782137
v 3.717863 4.560000 -1.888328
vn -0.707107 0.000000 -0.707107
f 6388//2130 6389//2130 6390//2130
v 3.788397 4.440000 -1.791246
v 3.788397 4.560000 -1.791246
v 3.708754 4.560000 -1.711603
vn 0.707107 -0.000000 0.707107
f 6391//2131 6392//2131 6393//2131
v 3.788397 4.440000 -1.791246
v 3.708754 4.560000 -1.711603
v 3.708754 4.440000 -1.711603
vn 0.707107 0.000000 0.707107
f 6394//2132 6395//2132 6396//2132
v 3.611672 4.440000 -1.782137
v 3.717863 4.440000 -1.888328
v 3.788397 4.440000 -1.791246
vn 0.000000 -1.000000 0.000000
f 6397//2133 6398//2133 6399//2133
v 3.611672 4.440000 -1.782137
v 3.788397 4.440000 -1.791246
v 3.708754 4.440000 -1.711603
vn 0.000000 -1.000000 0.000000
f 6400//2134 6401//2134 6402//2134
v 3.717863 4.560000 -1.888328
v 3.611672 4.560000 -1.782137
v 3.708754 4.560000 -1.711603
vn 0.000000 1.000000 0.000000
f 6403//2135 6404//2135 6405//2135
v 3.717863 4.560000 -1.888328
v 3.708754 4.560000 -1.711603
v 3.788397 4.560000 -1.791246
vn 0.000000 1.000000 -0.000000
f 6406//2136 6407//2136 6408//2136
v 3.611672 4.440000 -1.782137
v 3.543493 4.440000 -1.648328
v 3.543493 4.560000 -1.648328
vn -0.891007 0.000000 -0.453990
f 6409//2137 6410//2137 6411//2137
v 3.611672 4.440000 -1.782137
v 3.543493 4.560000 -1.648328
v 3.611672 4.560000 -1.782137
vn -0.891007 0.000000 -0.453990
f 6412//2138 6413//2138 6414//2138
v 3.708754 4.440000 -1.711603
v 3.708754 4.560000 -1.711603
v 3.657620 4.560000 -1.611246
vn 0.891007 -0.000000 0.453990
f 6415//2139 6416//2139 6417//2139
v 3.708754 4.440000 -1.711603
v 3.657620 4.560000 -1.611246
v 3.657620 4.440000 -1.611246
vn 0.891007 0.000000 0.453990
f 6418//2140 6419//2140 6420//2140
v 3.543493 4.440000 -1.648328
v 3.611672 4.440000 -1.782137
v 3.708754 4.440000 -1.711603
vn 0.000000 -1.000000 0.000000
f 6421//2141 6422//2141 6423//2141
v 3.543493 4.440000 -1.648328
v 3.708754 4.440000 -1.711603
v 3.657620 4.440000 -1.611246
vn 0.000000 -1.000000 0.000000
f 6424//2142 6425//2142 6426//2142
v 3.611672 4.560000 -1.782137
v 3.543493 4.560000 -1.648328
v 3.657620 4.560000 -1.611246
vn 0.000000 1.000000 -0.000000
f 6427//2143 6428//2143 6429//2143
v 3.611672 4.560000 -1.782137
v 3.657620 4.560000 -1.611246
v 3.708754 4.560000 -1.711603
vn 0.000000 1.000000 0.000000
f 6430//2144 6431//2144 6432//2144
v 3.543493 4.440000 -1.648328
v 3.520000 4.440000 -1.500000
v 3.520000 4.560000 -1.500000
vn -0.987688 0.000000 -0.156434
f 6433//2145 6434//2145 6435//2145
v 3.543493 4.440000 -1.648328
v 3.520000 4.560000 -1.500000
v 3.543493 4.560000 -1.648328
vn -0.987688 0.000000 -0.156434
f 6436//2146 6437//2146 6438//2146
v 3.657620 4.440000 -1.611246
v 3.657620 4.560000 -1.611246
v 3.640000 4.560000 -1.500000
vn 0.987688 -0.000000 0.156434
f 6439//2147 6440//2147 6441//2147
v 3.657620 4.440000 -1.611246
v 3.640000 4.560000 -1.500000
v 3.640000 4.440000 -1.500000
vn 0.987688 0.000000 0.156434
f 6442//2148 6443//2148 6444//2148
v 3.520000 4.440000 -1.500000
v 3.543493 4.440000 -1.648328
v 3.657620 4.440000 -1.611246
vn 0.000000 -1.000000 0.000000
f 6445//2149 6446//2149 6447//2149
v 3.520000 4.440000 -1.500000
v 3.657620 4.440000 -1.611246
v 3.640000 4.440000 -1.500000
vn 0.000000 -1.000000 0.000000
f 6448//2150 6449//2150 6450//2150
v 3.543493 4.560000 -1.648328
v 3.520000 4.560000 -1.500000
v 3.640000 4.560000 -1.500000
vn 0.000000 1.000000 -0.000000
f 6451//2151 6452//2151 6453//2151
v 3.543493 4.560000 -1.648328
v 3.640000 4.560000 -1.500000
v 3.657620 4.560000 -1.611246
vn 0.000000 1.000000 0.000000
f 6454//2152 6455//2152 6456//2152
v 3.520000 4.440000 -1.500000
v 3.543493 4.440000 -1.351672
v 3.543493 4.560000 -1.351672
vn -0.987688 0.000000 0.156434
f 6457//2153 6458//2153 6459//2153
v 3.520000 4.440000 -1.500000
v 3.543493 4.560000 -1.351672
v 3.520000 4.560000 -1.500000
vn -0.987688 0.000000 0.156434
f 6460//2154 6461//2154 6462//2154
v 3.640000 4.440000 -1.500000
v 3.640000 4.560000 -1.500000
v 3.657620 4.560000 -1.388754
vn 0.987688 0.000000 -0.156434
f 6463//2155 6464//2155 6465//2155
v 3.640000 4.440000 -1.500000
v 3.657620 4.560000 -1.388754
v 3.657620 4.440000 -1.388754
vn 0.987688 0.000000 -0.156434
f 6466//2156 6467//2156 6468//2156
v 3.543493 4.440000 -1.351672
v 3.520000 4.440000 -1.500000
v 3.640000 4.440000 -1.500000
vn 0.000000 -1.000000 -0.000000
f 6469//2157 6470//2157 6471//2157
v 3.543493 4.440000 -1.351672
v 3.640000 4.440000 -1.500000
v 3.657620 4.440000 -1.388754
vn 0.000000 -1.000000 0.000000
f 6472//2158 6473//2158 6474//2158
v 3.520000 4.560000 -1.500000
v 3.543493 4.560000 -1.351672
v 3.657620 4.560000 -1.388754
vn 0.000000 1.000000 0.000000
f 6475//2159 6476//2159 6477//2159
v 3.520000 4.560000 -1.500000
v 3.657620 4.560000 -1.388754
v 3.640000 4.560000 -1.500000
vn 0.000000 1.000000 0.000000
f 6478//2160 6479//2160 6480//2160
v 3.543493 4.440000 -1.351672
v 3.611672 4.440000 -1.217863
v 3.611672 4.560000 -1.217863
vn -0.891007 0.000000 0.453990
f 6481//2161 6482//2161 6483//2161
v 3.543493 4.440000 -1.351672
v 3.611672 4.560000 -1.217863
v 3.543493 4.560000 -1.351672
vn -0.891007 0.000000 0.453990
f 6484//2162 6485//2162 6486//2162
v 3.657620 4.440000 -1.388754
v 3.657620 4.560000 -1.388754
v 3.708754 4.560000 -1.288397
vn 0.891007 0.000000 -0.453990
f 6487//2163 6488//2163 6489//2163
v 3.657620 4.440000 -1.388754
v 3.708754 4.560000 -1.288397
v 3.708754 4.440000 -1.288397
vn 0.891007 0.000000 -0.453990
f 6490//2164 6491//2164 6492//2164
v 3.611672 4.440000 -1.217863
v 3.543493 4.440000 -1.351672
v 3.657620 4.440000 -1.388754
vn 0.000000 -1.000000 -0.000000
f 6493//2165 6494//2165 6495//2165
v 3.611672 4.440000 -1.217863
v 3.657620 4.440000 -1.388754
v 3.708754 4.440000 -1.288397
vn 0.000000 -1.000000 0.000000
f 6496//2166 6497//2166 6498//2166
v 3.543493 4.560000 -1.351672
v 3.611672 4.560000 -1.217863
v 3.708754 4.560000 -1.288397
vn 0.000000 1.000000 0.000000
f 6499//2167 6500//2167 6501//2167
v 3.543493 4.560000 -1.351672
v 3.708754 4.560000 -1.288397
v 3.657620 4.560000 -1.388754
vn -0.000000 1.000000 0.000000
f 6502//2168 6503//2168 6504//2168
v 3.611672 4.440000 -1.217863
v 3.717863 4.440000 -1.111672
v 3.717863 4.560000 -1.111672
vn -0.707107 0.000000 0.707107
f 6505//2169 6506//2169 6507//2169
v 3.611672 4.440000 -1.217863
v 3.717863 4.560000 -1.111672
v 3.611672 4.560000 -1.217863
vn -0.707107 0.000000 0.707107
f 6508//2170 6509//2170 6510//2170
v 3.708754 4.440000 -1.288397
v 3.708754 4.560000 -1.288397
v 3.788397 4.560000 -1.208754
vn 0.707107 0.000000 -0.707107
f 6511//2171 6512//2171 6513//2171
v 3.708754 4.440000 -1.288397
v 3.788397 4.560000 -1.208754
v 3.788397 4.440000 -1.208754
vn 0.707107 0.000000 -0.707107
f 6514//2172 6515//2172 6516//2172
v 3.717863 4.440000 -1.111672
v 3.611672 4.440000 -1.217863
v 3.708754 4.440000 -1.288397
vn 0.000000 -1.000000 0.000000
f 6517//2173 6518//2173 6519//2173
v 3.717863 4.440000 -1.111672
v 3.708754 4.440000 -1.288397
v 3.788397 4.440000 -1.208754
vn 0.000000 -1.000000 -0.000000
f 6520//2174 6521//2174 6522//2174
v 3.611672 4.560000 -1.217863
v 3.717863 4.560000 -1.111672
v 3.788397 4.560000 -1.208754
vn 0.000000 1.000000 0.000000
f 6523//2175 6524//2175 6525//2175
v 3.611672 4.560000 -1.217863
v 3.788397 4.560000 -1.208754
v 3.708754 4.560000 -1.288397
vn -0.000000 1.000000 0.000000
f 6526//2176 6527//2176 6528//2176
v 3.717863 4.440000 -1.111672
v 3.851672 4.440000 -1.043493
v 3.851672 4.560000 -1.043493
vn -0.453990 0.000000 0.891007
f 6529//2177 6530//2177 6531//2177
v 3.717863 4.440000 -1.111672
v 3.851672 4.560000 -1.043493
v 3.717863 4.560000 -1.111672
vn -0.453990 0.000000 0.891007
f 6532//2178 6533//2178 6534//2178
v 3.788397 4.440000 -1.208754
v 3.788397 4.560000 -1.208754
v 3.888754 4.560000 -1.157620
vn 0.453990 0.000000 -0.891007
f 6535//2179 6536//2179 6537//2179
v 3.788397 4.440000 -1.208754
v 3.888754 4.560000 -1.157620
v 3.888754 4.440000 -1.157620
vn 0.453990 0.000000 -0.891007
f 6538//2180 6539//2180 6540//2180
v 3.851672 4.440000 -1.043493
v 3.717863 4.440000 -1.111672
v 3.788397 4.440000 -1.208754
vn 0.000000 -1.000000 0.000000
f 6541//2181 6542//2181 6543//2181
v 3.851672 4.440000 -1.043493
v 3.788397 4.440000 -1.208754
v 3.888754 4.440000 -1.157620
vn 0.000000 -1.000000 -0.000000
f 6544//2182 6545//2182 6546//2182
v 3.717863 4.560000 -1.111672
v 3.851672 4.560000 -1.043493
v 3.888754 4.560000 -1.157620
vn -0.000000 1.000000 0.000000
f 6547//2183 6548//2183 6549//2183
v 3.717863 4.560000 -1.111672
v 3.888754 4.560000 -1.157620
v 3.788397 4.560000 -1.208754
vn 0.000000 1.000000 0.000000
f 6550//2184 6551//2184 6552//2184
v 3.851672 4.440000 -1.043493
v 4.000000 4.440000 -1.020000
v 4.000000 4.560000 -1.020000
vn -0.156434 0.000000 0.987688
f 6553//2185 6554//2185 6555//2185
v 3.851672 4.440000 -1.043493
v 4.000000 4.560000 -1.020000
v 3.851672 4.560000 -1.043493
vn -0.156434 0.000000 0.987688
f 6556//2186 6557//2186 6558//2186
v 3.888754 4.440000 -1.157620
v 3.888754 4.560000 -1.157620
v 4.000000 4.560000 -1.140000
vn 0.156434 0.000000 -0.987688
f 6559//2187 6560//2187 6561//2187
v 3.888754 4.440000 -1.157620
v 4.000000 4.560000 -1.140000
v 4.000000 4.440000 -1.140000
vn 0.156434 0.000000 -0.987688
f 6562//2188 6563//2188 6564//2188
v 4.000000 4.440000 -1.020000
v 3.851672 4.440000 -1.043493
v 3.888754 4.440000 -1.157620
vn 0.000000 -1.000000 0.000000
f 6565//2189 6566//2189 6567//2189
v 4.000000 4.440000 -1.020000
v 3.888754 4.440000 -1.157620
v 4.000000 4.440000 -1.140000
vn 0.000000 -1.000000 -0.000000
f 6568//2190 6569//2190 6570//2190
v 3.851672 4.560000 -1.043493
v 4.000000 4.560000 -1.020000
v 4.000000 4.560000 -1.140000
vn -0.000000 1.000000 0.000000
f 6571//2191 6572//2191 6573//2191
v 3.851672 4.560000 -1.043493
v 4.000000 4.560000 -1.140000
v 3.888754 4.560000 -1.157620
vn 0.000000 1.000000 0.000000
f 6574//2192 6575//2192 6576//2192
v 4.000000 4.440000 -1.020000
v 4.148328 4.440000 -1.043493
v 4.148328 4.560000 -1.043493
vn 0.156434 0.000000 0.987688
f 6577//2193 6578//2193 6579//2193
v 4.000000 4.440000 -1.020000
v 4.148328 4.560000 -1.043493
v 4.000000 4.560000 -1.020000
vn 0.156434 -0.000000 0.987688
f 6580//2194 6581//2194 6582//2194
v 4.000000 4.440000 -1.140000
v 4.000000 4.560000 -1.140000
v 4.111246 4.560000 -1.157620
vn -0.156434 0.000000 -0.987688
f 6583//2195 6584//2195 6585//2195
v 4.000000 4.440000 -1.140000
v 4.111246 4.560000 -1.157620
v 4.111246 4.440000 -1.157620
vn -0.156434 0.000000 -0.987688
f 6586//2196 6587//2196 6588//2196
v 4.148328 4.440000 -1.043493
v 4.000000 4.440000 -1.020000
v 4.000000 4.440000 -1.140000
vn -0.000000 -1.000000 0.000000
f 6589//2197 6590//2197 6591//2197
v 4.148328 4.440000 -1.043493
v 4.000000 4.440000 -1.140000
v 4.111246 4.440000 -1.157620
vn 0.000000 -1.000000 0.000000
f 6592//2198 6593//2198 6594//2198
v 4.000000 4.560000 -1.020000
v 4.148328 4.560000 -1.043493
v 4.111246 4.560000 -1.157620
vn 0.000000 1.000000 0.000000
f 6595//2199 6596//2199 6597//2199
v 4.000000 4.560000 -1.020000
v 4.111246 4.560000 -1.157620
v 4.000000 4.560000 -1.140000
vn 0.000000 1.000000 0.000000
f 6598//2200 6599//2200 6600//2200
v 4.148328 4.440000 -1.043493
v 4.282137 4.440000 -1.111672
v 4.282137 4.560000 -1.111672
vn 0.453990 0.000000 0.891007
f 6601//2201 6602//2201 6603//2201
v 4.148328 4.440000 -1.043493
v 4.282137 4.560000 -1.111672
v 4.148328 4.560000 -1.043493
vn 0.453990 -0.000000 0.891007
f 6604//2202 6605//2202 6606//2202
v 4.111246 4.440000 -1.157620
v 4.111246 4.560000 -1.157620
v 4.211603 4.560000 -1.208754
vn -0.453990 0.000000 -0.891007
f 6607//2203 6608//2203 6609//2203
v 4.111246 4.440000 -1.157620
v 4.211603 4.560000 -1.208754
v 4.211603 4.440000 -1.208754
vn -0.453990 0.000000 -0.891007
f 6610//2204 6611//2204 6612//2204
v 4.282137 4.440000 -1.111672
v 4.148328 4.440000 -1.043493
v 4.111246 4.440000 -1.157620
vn -0.000000 -1.000000 0.000000
f 6613//2205 6614//2205 6615//2205
v 4.282137 4.440000 -1.111672
v 4.111246 4.440000 -1.157620
v 4.211603 4.440000 -1.208754
vn 0.000000 -1.000000 0.000000
f 6616//2206 6617//2206 6618//2206
v 4.148328 4.560000 -1.043493
v 4.282137 4.560000 -1.111672
v 4.211603 4.560000 -1.208754
vn 0.000000 1.000000 0.000000
f 6619//2207 6620//2207 6621//2207
v 4.148328 4.560000 -1.043493
v 4.211603 4.560000 -1.208754
v 4.111246 4.560000 -1.157620
vn 0.000000 1.000000 0.000000
f 6622//2208 6623//2208 6624//2208
v 4.282137 4.440000 -1.111672
v 4.388328 4.440000 -1.217863
v 4.388328 4.560000 -1.217863
vn 0.707107 0.000000 0.707107
f 6625//2209 6626//2209 6627//2209
v 4.282137 4.440000 -1.111672
v 4.388328 4.560000 -1.217863
v 4.282137 4.560000 -1.111672
vn 0.707107 -0.000000 0.707107
f 6628//2210 6629//2210 6630//2210
v 4.211603 4.440000 -1.208754
v 4.211603 4.560000 -1.208754
v 4.291246 4.560000 -1.288397
vn -0.707107 0.000000 -0.707107
f 6631//2211 6632//2211 6633//2211
v 4.211603 4.440000 -1.208754
v 4.291246 4.560000 -1.288397
v 4.291246 4.440000 -1.288397
vn -0.707107 0.000000 -0.707107
f 6634//2212 6635//2212 6636//2212
v 4.388328 4.440000 -1.217863
v 4.282137 4.440000 -1.111672
v 4.211603 4.440000 -1.208754
vn 0.000000 -1.000000 0.000000
f 6637//2213 6638//2213 6639//2213
v 4.388328 4.440000 -1.217863
v 4.211603 4.440000 -1.208754
v 4.291246 4.440000 -1.288397
vn -0.000000 -1.000000 0.000000
f 6640//2214 6641//2214 6642//2214
v 4.282137 4.560000 -1.111672
v 4.388328 4.560000 -1.217863
v 4.291246 4.560000 -1.288397
vn 0.000000 1.000000 0.000000
f 6643//2215 6644//2215 6645//2215
v 4.282137 4.560000 -1.111672
v 4.291246 4.560000 -1.288397
v 4.211603 4.560000 -1.208754
vn 0.000000 1.000000 0.000000
f 6646//2216 6647//2216 6648//2216
v 4.388328 4.440000 -1.217863
v 4.456507 4.440000 -1.351672
v 4.456507 4.560000 -1.351672
vn 0.891007 0.000000 0.453990
f 6649//2217 6650//2217 6651//2217
v 4.388328 4.440000 -1.217863
v 4.456507 4.560000 -1.351672
v 4.388328 4.560000 -1.217863
vn 0.891007 -0.000000 0.453990
f 6652//2218 6653//2218 6654//2218
v 4.291246 4.440000 -1.288397
v 4.291246 4.560000 -1.288397
v 4.342380 4.560000 -1.388754
vn -0.891007 0.000000 -0.453990
f 6655//2219 6656//2219 6657//2219
v 4.291246 4.440000 -1.288397
v 4.342380 4.560000 -1.388754
v 4.342380 4.440000 -1.388754
vn -0.891007 0.000000 -0.453990
f 6658//2220 6659//2220 6660//2220
v 4.456507 4.440000 -1.351672
v 4.388328 4.440000 -1.217863
v 4.291246 4.440000 -1.288397
vn 0.000000 -1.000000 0.000000
f 6661//2221 6662//2221 6663//2221
v 4.456507 4.440000 -1.351672
v 4.291246 4.440000 -1.288397
v 4.342380 4.440000 -1.388754
vn -0.000000 -1.000000 0.000000
f 6664//2222 6665//2222 6666//2222
v 4.388328 4.560000 -1.217863
v 4.456507 4.560000 -1.351672
v 4.342380 4.560000 -1.388754
vn 0.000000 1.000000 0.000000
f 6667//2223 6668//2223 6669//2223
v 4.388328 4.560000 -1.217863
v 4.342380 4.560000 -1.388754
v 4.291246 4.560000 -1.288397
vn 0.000000 1.000000 0.000000
f 6670//2224 6671//2224 6672//2224
v 4.456507 4.440000 -1.351672
v 4.480000 4.440000 -1.500000
v 4.480000 4.560000 -1.500000
vn 0.987688 0.000000 0.156434
f 6673//2225 6674//2225 6675//2225
v 4.456507 4.440000 -1.351672
v 4.480000 4.560000 -1.500000
v 4.456507 4.560000 -1.351672
vn 0.987688 -0.000000 0.156434
f 6676//2226 6677//2226 6678//2226
v 4.342380 4.440000 -1.388754
v 4.342380 4.560000 -1.388754
v 4.360000 4.560000 -1.500000
vn -0.987688 0.000000 -0.156434
f 6679//2227 6680//2227 6681//2227
v 4.342380 4.440000 -1.388754
v 4.360000 4.560000 -1.500000
v 4.360000 4.440000 -1.500000
vn -0.987688 0.000000 -0.156434
f 6682//2228 6683//2228 6684//2228
v 4.480000 4.440000 -1.500000
v 4.456507 4.440000 -1.351672
v 4.342380 4.440000 -1.388754
vn 0.000000 -1.000000 0.000000
f 6685//2229 6686//2229 6687//2229
v 4.480000 4.440000 -1.500000
v 4.342380 4.440000 -1.388754
v 4.360000 4.440000 -1.500000
vn 0.000000 -1.000000 0.000000
f 6688//2230 6689//2230 6690//2230
v 4.456507 4.560000 -1.351672
v 4.480000 4.560000 -1.500000
v 4.360000 4.560000 -1.500000
vn 0.000000 1.000000 0.000000
f 6691//2231 6692//2231 6693//2231
v 4.456507 4.560000 -1.351672
v 4.360000 4.560000 -1.500000
v 4.342380 4.560000 -1.388754
vn 0.000000 1.000000 0.000000
f 6694//2232 6695//2232 6696//2232
v 4.480000 4.440000 -1.500000
v 4.456507 4.440000 -1.648328
v 4.456507 4.560000 -1.648328
vn 0.987688 0.000000 -0.156434
f 6697//2233 6698//2233 6699//2233
v 4.480000 4.440000 -1.500000
v 4.456507 4.560000 -1.648328
v 4.480000 4.560000 -1.500000
vn 0.987688 0.000000 -0.156434
f 6700//2234 6701//2234 6702//2234
v 4.360000 4.440000 -1.500000
v 4.360000 4.560000 -1.500000
v 4.342380 4.560000 -1.611246
vn -0.987688 0.000000 0.156434
f 6703//2235 6704//2235 6705//2235
v 4.360000 4.440000 -1.500000
v 4.342380 4.560000 -1.611246
v 4.342380 4.440000 -1.611246
vn -0.987688 0.000000 0.156434
f 6706//2236 6707//2236 6708//2236
v 4.456507 4.440000 -1.648328
v 4.480000 4.440000 -1.500000
v 4.360000 4.440000 -1.500000
vn 0.000000 -1.000000 0.000000
f 6709//2237 6710//2237 6711//2237
v 4.456507 4.440000 -1.648328
v 4.360000 4.440000 -1.500000
v 4.342380 4.440000 -1.611246
vn 0.000000 -1.000000 0.000000
f 6712//2238 6713//2238 6714//2238
v 4.480000 4.560000 -1.500000
v 4.456507 4.560000 -1.648328
v 4.342380 4.560000 -1.611246
vn 0.000000 1.000000 0.000000
f 6715//2239 6716//2239 6717//2239
v 4.480000 4.560000 -1.500000
v 4.342380 4.560000 -1.611246
v 4.360000 4.560000 -1.500000
vn 0.000000 1.000000 0.000000
f 6718//2240 6719//2240 6720//2240
v 4.456507 4.440000 -1.648328
v 4.388328 4.440000 -1.782137
v 4.388328 4.560000 -1.782137
vn 0.891007 0.000000 -0.453990
f 6721//2241 6722//2241 6723//2241
v 4.456507 4.440000 -1.648328
v 4.388328 4.560000 -1.782137
v 4.456507 4.560000 -1.648328
vn 0.891007 0.000000 -0.453990
f 6724//2242 6725//2242 6726//2242
v 4.342380 4.440000 -1.611246
v 4.342380 4.560000 -1.611246
v 4.291246 4.560000 -1.711603
vn -0.891007 0.000000 0.453990
f 6727//2243 6728//2243 6729//2243
v 4.342380 4.440000 -1.611246
v 4.291246 4.560000 -1.711603
v 4.291246 4.440000 -1.711603
vn -0.891007 0.000000 0.453990
f 6730//2244 6731//2244 6732//2244
v 4.388328 4.440000 -1.782137
v 4.456507 4.440000 -1.648328
v 4.342380 4.440000 -1.611246
vn 0.000000 -1.000000 0.000000
f 6733//2245 6734//2245 6735//2245
v 4.388328 4.440000 -1.782137
v 4.342380 4.440000 -1.611246
v 4.291246 4.440000 -1.711603
vn 0.000000 -1.000000 0.000000
f 6736//2246 6737//2246 6738//2246
v 4.456507 4.560000 -1.648328
v 4.388328 4.560000 -1.782137
v 4.291246 4.560000 -1.711603
vn 0.000000 1.000000 0.000000
f 6739//2247 6740//2247 6741//2247
v 4.456507 4.560000 -1.648328
v 4.291246 4.560000 -1.711603
v 4.342380 4.560000 -1.611246
vn 0.000000 1.000000 0.000000
f 6742//2248 6743//2248 6744//2248
v 4.388328 4.440000 -1.782137
v 4.282137 4.440000 -1.888328
v 4.282137 4.560000 -1.888328
vn 0.707107 0.000000 -0.707107
f 6745//2249 6746//2249 6747//2249
v 4.388328 4.440000 -1.782137
v 4.282137 4.560000 -1.888328
v 4.388328 4.560000 -1.782137
vn 0.707107 0.000000 -0.707107
f 6748//2250 6749//2250 6750//2250
v 4.291246 4.440000 -1.711603
v 4.291246 4.560000 -1.711603
v 4.211603 4.560000 -1.791246
vn -0.707107 0.000000 0.707107
f 6751//2251 6752//2251 6753//2251
v 4.291246 4.440000 -1.711603
v 4.211603 4.560000 -1.791246
v 4.211603 4.440000 -1.791246
vn -0.707107 0.000000 0.707107
f 6754//2252 6755//2252 6756//2252
v 4.282137 4.440000 -1.888328
v 4.388328 4.440000 -1.782137
v 4.291246 4.440000 -1.711603
vn 0.000000 -1.000000 0.000000
f 6757//2253 6758//2253 6759//2253
v 4.282137 4.440000 -1.888328
v 4.291246 4.440000 -1.711603
v 4.211603 4.440000 -1.791246
vn 0.000000 -1.000000 0.000000
f 6760//2254 6761//2254 6762//2254
v 4.388328 4.560000 -1.782137
v 4.282137 4.560000 -1.888328
v 4.211603 4.560000 -1.791246
vn 0.000000 1.000000 0.000000
f 6763//2255 6764//2255 6765//2255
v 4.388328 4.560000 -1.782137
v 4.211603 4.560000 -1.791246
v 4.291246 4.560000 -1.711603
vn 0.000000 1.000000 0.000000
f 6766//2256 6767//2256 6768//2256
v 4.282137 4.440000 -1.888328
v 4.148328 4.440000 -1.956507
v 4.148328 4.560000 -1.956507
vn 0.453990 0.000000 -0.891007
f 6769//2257 6770//2257 6771//2257
v 4.282137 4.440000 -1.888328
v 4.148328 4.560000 -1.956507
v 4.282137 4.560000 -1.888328
vn 0.453990 0.000000 -0.891007
f 6772//2258 6773//2258 6774//2258
v 4.211603 4.440000 -1.791246
v 4.211603 4.560000 -1.791246
v 4.111246 4.560000 -1.842380
vn -0.453990 0.000000 0.891007
f 6775//2259 6776//2259 6777//2259
v 4.211603 4.440000 -1.791246
v 4.111246 4.560000 -1.842380
v 4.111246 4.440000 -1.842380
vn -0.453990 0.000000 0.891007
f 6778//2260 6779//2260 6780//2260
v 4.148328 4.440000 -1.956507
v 4.282137 4.440000 -1.888328
v 4.211603 4.440000 -1.791246
vn 0.000000 -1.000000 0.000000
f 6781//2261 6782//2261 6783//2261
v 4.148328 4.440000 -1.956507
v 4.211603 4.440000 -1.791246
v 4.111246 4.440000 -1.842380
vn 0.000000 -1.000000 0.000000
f 6784//2262 6785//2262 6786//2262
v 4.282137 4.560000 -1.888328
v 4.148328 4.560000 -1.956507
v 4.111246 4.560000 -1.842380
vn 0.000000 1.000000 0.000000
f 6787//2263 6788//2263 6789//2263
v 4.282137 4.560000 -1.888328
v 4.111246 4.560000 -1.842380
v 4.211603 4.560000 -1.791246
vn 0.000000 1.000000 0.000000
f 6790//2264 6791//2264 6792//2264
v 4.148328 4.440000 -1.956507
v 4.000000 4.440000 -1.980000
v 4.000000 4.560000 -1.980000
vn 0.156434 0.000000 -0.987688
f 6793//2265 6794//2265 6795//2265
v 4.148328 4.440000 -1.956507
v 4.000000 4.560000 -1.980000
v 4.148328 4.560000 -1.956507
vn 0.156434 0.000000 -0.987688
f 6796//2266 6797//2266 6798//2266
v 4.111246 4.440000 -1.842380
v 4.111246 4.560000 -1.842380
v 4.000000 4.560000 -1.860000
vn -0.156434 0.000000 0.987688
f 6799//2267 6800//2267 6801//2267
v 4.111246 4.440000 -1.842380
v 4.000000 4.560000 -1.860000
v 4.000000 4.440000 -1.860000
vn -0.156434 0.000000 0.987688
f 6802//2268 6803//2268 6804//2268
v 4.000000 4.440000 -1.980000
v 4.148328 4.440000 -1.956507
v 4.111246 4.440000 -1.842380
vn 0.000000 -1.000000 0.000000
f 6805//2269 6806//2269 6807//2269
v 4.000000 4.440000 -1.980000
v 4.111246 4.440000 -1.842380
v 4.000000 4.440000 -1.860000
vn 0.000000 -1.000000 0.000000
f 6808//2270 6809//2270 6810//2270
v 4.148328 4.560000 -1.956507
v 4.000000 4.560000 -1.980000
v 4.000000 4.560000 -1.860000
vn 0.000000 1.000000 0.000000
f 6811//2271 6812//2271 6813//2271
v 4.148328 4.560000 -1.956507
v 4.000000 4.560000 -1.860000
v 4.111246 4.560000 -1.842380
vn 0.000000 1.000000 0.000000
f 6814//2272 6815//2272 6816//2272
v 4.000000 6.340000 -1.980000
v 3.851672 6.340000 -1.956507
v 3.851672 6.460000 -1.956507
vn -0.156434 0.000000 -0.987688
f 6817//2273 6818//2273 6819//2273
v 4.000000 6.340000 -1.980000
v 3.851672 6.460000 -1.956507
v 4.000000 6.460000 -1.980000
vn -0.156434 0.000000 -0.987688
f 6820//2274 6821//2274 6822//2274
v 4.000000 6.340000 -1.860000
v 4.000000 6.460000 -1.860000
v 3.888754 6.460000 -1.842380
vn 0.156434 -0.000000 0.987688
f 6823//2275 6824//2275 6825//2275
v 4.000000 6.340000 -1.860000
v 3.888754 6.460000 -1.842380
v 3.888754 6.340000 -1.842380
vn 0.156434 0.000000 0.987688
f 6826//2276 6827//2276 6828//2276
v 3.851672 6.340000 -1.956507
v 4.000000 6.340000 -1.980000
v 4.000000 6.340000 -1.860000
vn 0.000000 -1.000000 0.000000
f 6829//2277 6830//2277 6831//2277
v 3.851672 6.340000 -1.956507
v 4.000000 6.340000 -1.860000
v 3.888754 6.340000 -1.842380
vn 0.000000 -1.000000 0.000000
f 6832//2278 6833//2278 6834//2278
v 4.000000 6.460000 -1.980000
v 3.851672 6.460000 -1.956507
v 3.888754 6.460000 -1.842380
vn 0.000000 1.000000 0.000000
f 6835//2279 6836//2279 6837//2279
v 4.000000 6.460000 -1.980000
v 3.888754 6.460000 -1.842380
v 4.000000 6.460000 -1.860000
vn 0.000000 1.000000 -0.000000
f 6838//2280 6839//2280 6840//2280
v 3.851672 6.340000 -1.956507
v 3.717863 6.340000 -1.888328
v 3.717863 6.460000 -1.888328
vn -0.453990 0.000000 -0.891007
f 6841//2281 6842//2281 6843//2281
v 3.851672 6.340000 -1.956507
v 3.717863 6.460000 -1.888328
v 3.851672 6.460000 -1.956507
vn -0.453990 0.000000 -0.891007
f 6844//2282 6845//2282 6846//2282
v 3.888754 6.340000 -1.842380
v 3.888754 6.460000 -1.842380
v 3.788397 6.460000 -1.791246
vn 0.453990 -0.000000 0.891007
f 6847//2283 6848//2283 6849//2283
v 3.888754 6.340000 -1.842380
v 3.788397 6.460000 -1.791246
v 3.788397 6.340000 -1.791246
vn 0.453990 0.000000 0.891007
f 6850//2284 6851//2284 6852//2284
v 3.717863 6.340000 -1.888328
v 3.851672 6.340000 -1.956507
v 3.888754 6.340000 -1.842380
vn 0.000000 -1.000000 0.000000
f 6853//2285 6854//2285 6855//2285
v 3.717863 6.340000 -1.888328
v 3.888754 6.340000 -1.842380
v 3.788397 6.340000 -1.791246
vn 0.000000 -1.000000 0.000000
f 6856//2286 6857//2286 6858//2286
v 3.851672 6.460000 -1.956507
v 3.717863 6.460000 -1.888328
v 3.788397 6.460000 -1.791246
vn 0.000000 1.000000 0.000000
f 6859//2287 6860//2287 6861//2287
v 3.851672 6.460000 -1.956507
v 3.788397 6.460000 -1.791246
v 3.888754 6.460000 -1.842380
vn 0.000000 1.000000 -0.000000
f 6862//2288 6863//2288 6864//2288
v 3.717863 6.340000 -1.888328
v 3.611672 6.340000 -1.782137
v 3.611672 6.460000 -1.782137
vn -0.707107 0.000000 -0.707107
f 6865//2289 6866//2289 6867//2289
v 3.717863 6.340000 -1.888328
v 3.611672 6.460000 -1.782137
v 3.717863 6.460000 -1.888328
vn -0.707107 0.000000 -0.707107
f 6868//2290 6869//2290 6870//2290
v 3.788397 6.340000 -1.791246
v 3.788397 6.460000 -1.791246
v 3.708754 6.460000 -1.711603
vn 0.707107 -0.000000 0.707107
f 6871//2291 6872//2291 6873//2291
v 3.788397 6.340000 -1.791246
v 3.708754 6.460000 -1.711603
v 3.708754 6.340000 -1.711603
vn 0.707107 0.000000 0.707107
f 6874//2292 6875//2292 6876//2292
v 3.611672 6.340000 -1.782137
v 3.717863 6.340000 -1.888328
v 3.788397 6.340000 -1.791246
vn 0.000000 -1.000000 0.000000
f 6877//2293 6878//2293 6879//2293
v 3.611672 6.340000 -1.782137
v 3.788397 6.340000 -1.791246
v 3.708754 6.340000 -1.711603
vn 0.000000 -1.000000 0.000000
f 6880//2294 6881//2294 6882//2294
v 3.717863 6.460000 -1.888328
v 3.611672 6.460000 -1.782137
v 3.708754 6.460000 -1.711603
vn 0.000000 1.000000 0.000000
f 6883//2295 6884//2295 6885//2295
v 3.717863 6.460000 -1.888328
v 3.708754 6.460000 -1.711603
v 3.788397 6.460000 -1.791246
vn 0.000000 1.000000 -0.000000
f 6886//2296 6887//2296 6888//2296
v 3.611672 6.340000 -1.782137
v 3.543493 6.340000 -1.648328
v 3.543493 6.460000 -1.648328
vn -0.891007 0.000000 -0.453990
f 6889//2297 6890//2297 6891//2297
v 3.611672 6.340000 -1.782137
v 3.543493 6.460000 -1.648328
v 3.611672 6.460000 -1.782137
vn -0.891007 0.000000 -0.453990
f 6892//2298 6893//2298 6894//2298
v 3.708754 6.340000 -1.711603
v 3.708754 6.460000 -1.711603
v 3.657620 6.460000 -1.611246
vn 0.891007 -0.000000 0.453990
f 6895//2299 6896//2299 6897//2299
v 3.708754 6.340000 -1.711603
v 3.657620 6.460000 -1.611246
v 3.657620 6.340000 -1.611246
vn 0.891007 0.000000 0.453990
f 6898//2300 6899//2300 6900//2300
v 3.543493 6.340000 -1.648328
v 3.611672 6.340000 -1.782137
v 3.708754 6.340000 -1.711603
vn 0.000000 -1.000000 0.000000
f 6901//2301 6902//2301 6903//2301
v 3.543493 6.340000 -1.648328
v 3.708754 6.340000 -1.711603
v 3.657620 6.340000 -1.611246
vn 0.000000 -1.000000 0.000000
f 6904//2302 6905//2302 6906//2302
v 3.611672 6.460000 -1.782137
v 3.543493 6.460000 -1.648328
v 3.657620 6.460000 -1.611246
vn 0.000000 1.000000 -0.000000
f 6907//2303 6908//2303 6909//2303
v 3.611672 6.460000 -1.782137
v 3.657620 6.460000 -1.611246
v 3.708754 6.460000 -1.711603
vn 0.000000 1.000000 0.000000
f 6910//2304 6911//2304 6912//2304
v 3.543493 6.340000 -1.648328
v 3.520000 6.340000 -1.500000
v 3.520000 6.460000 -1.500000
vn -0.987688 0.000000 -0.156434
f 6913//2305 6914//2305 6915//2305
v 3.543493 6.340000 -1.648328
v 3.520000 6.460000 -1.500000
v 3.543493 6.460000 -1.648328
vn -0.987688 0.000000 -0.156434
f 6916//2306 6917//2306 6918//2306
v 3.657620 6.340000 -1.611246
v 3.657620 6.460000 -1.611246
v 3.640000 6.460000 -1.500000
vn 0.987688 -0.000000 0.156434
f 6919//2307 6920//2307 6921//2307
v 3.657620 6.340000 -1.611246
v 3.640000 6.460000 -1.500000
v 3.640000 6.340000 -1.500000
vn 0.987688 0.000000 0.156434
f 6922//2308 6923//2308 6924//2308
v 3.520000 6.340000 -1.500000
v 3.543493 6.340000 -1.648328
v 3.657620 6.340000 -1.611246
vn 0.000000 -1.000000 0.000000
f 6925//2309 6926//2309 6927//2309
v 3.520000 6.340000 -1.500000
v 3.657620 6.340000 -1.611246
v 3.640000 6.340000 -1.500000
vn 0.000000 -1.000000 0.000000
f 6928//2310 6929//2310 6930//2310
v 3.543493 6.460000 -1.648328
v 3.520000 6.460000 -1.500000
v 3.640000 6.460000 -1.500000
vn 0.000000 1.000000 -0.000000
f 6931//2311 6932//2311 6933//2311
v 3.543493 6.460000 -1.648328
v 3.640000 6.460000 -1.500000
v 3.657620 6.460000 -1.611246
vn 0.000000 1.000000 0.000000
f 6934//2312 6935//2312 6936//2312
v 3.520000 6.340000 -1.500000
v 3.543493 6.340000 -1.351672
v 3.543493 6.460000 -1.351672
vn -0.987688 0.000000 0.156434
f 6937//2313 6938//2313 6939//2313
v 3.520000 6.340000 -1.500000
v 3.543493 6.460000 -1.351672
v 3.520000 6.460000 -1.500000
vn -0.987688 0.000000 0.156434
f 6940//2314 6941//2314 6942//2314
v 3.640000 6.340000 -1.500000
v 3.640000 6.460000 -1.500000
v 3.657620 6.460000 -1.388754
vn 0.987688 0.000000 -0.156434
f 6943//2315 6944//2315 6945//2315
v 3.640000 6.340000 -1.500000
v 3.657620 6.460000 -1.388754
v 3.657620 6.340000 -1.388754
vn 0.987688 0.000000 -0.156434
f 6946//2316 6947//2316 6948//2316
v 3.543493 6.340000 -1.351672
v 3.520000 6.340000 -1.500000
v 3.640000 6.340000 -1.500000
vn 0.000000 -1.000000 -0.000000
f 6949//2317 6950//2317 6951//2317
v 3.543493 6.340000 -1.351672
v 3.640000 6.340000 -1.500000
v 3.657620 6.340000 -1.388754
vn 0.000000 -1.000000 0.000000
f 6952//2318 6953//2318 6954//2318
v 3.520000 6.460000 -1.500000
v 3.543493 6.460000 -1.351672
v 3.657620 6.460000 -1.388754
vn 0.000000 1.000000 0.000000
f 6955//2319 6956//2319 6957//2319
v 3.520000 6.460000 -1.500000
v 3.657620 6.460000 -1.388754
v 3.640000 6.460000 -1.500000
vn 0.000000 1.000000 0.000000
f 6958//2320 6959//2320 6960//2320
v 3.543493 6.340000 -1.351672
v 3.611672 6.340000 -1.217863
v 3.611672 6.460000 -1.217863
vn -0.891007 0.000000 0.453990
f 6961//2321 6962//2321 6963//2321
v 3.543493 6.340000 -1.351672
v 3.611672 6.460000 -1.217863
v 3.543493 6.460000 -1.351672
vn -0.891007 0.000000 0.453990
f 6964//2322 6965//2322 6966//2322
v 3.657620 6.340000 -1.388754
v 3.657620 6.460000 -1.388754
v 3.708754 6.460000 -1.288397
vn 0.891007 0.000000 -0.453990
f 6967//2323 6968//2323 6969//2323
v 3.657620 6.340000 -1.388754
v 3.708754 6.460000 -1.288397
v 3.708754 6.340000 -1.288397
vn 0.891007 0.000000 -0.453990
f 6970//2324 6971//2324 6972//2324
v 3.611672 6.340000 -1.217863
v 3.543493 6.340000 -1.351672
v 3.657620 6.340000 -1.388754
vn 0.000000 -1.000000 -0.000000
f 6973//2325 6974//2325 6975//2325
v 3.611672 6.340000 -1.217863
v 3.657620 6.340000 -1.388754
v 3.708754 6.340000 -1.288397
vn 0.000000 -1.000000 0.000000
f 6976//2326 6977//2326 6978//2326
v 3.543493 6.460000 -1.351672
v 3.611672 6.460000 -1.217863
v 3.708754 6.460000 -1.288397
vn 0.000000 1.000000 0.000000
f 6979//2327 6980//2327 6981//2327
v 3.543493 6.460000 -1.351672
v 3.708754 6.460000 -1.288397
v 3.657620 6.460000 -1.388754
vn -0.000000 1.000000 0.000000
f 6982//2328 6983//2328 6984//2328
v 3.611672 6.340000 -1.217863
v 3.717863 6.340000 -1.111672
v 3.717863 6.460000 -1.111672
vn -0.707107 0.000000 0.707107
f 6985//2329 6986//2329 6987//2329
v 3.611672 6.340000 -1.217863
v 3.717863 6.460000 -1.111672
v 3.611672 6.460000 -1.217863
vn -0.707107 0.000000 0.707107
f 6988//2330 6989//2330 6990//2330
v 3.708754 6.340000 -1.288397
v 3.708754 6.460000 -1.288397
v 3.788397 6.460000 -1.208754
vn 0.707107 0.000000 -0.707107
f 6991//2331 6992//2331 6993//2331
v 3.708754 6.340000 -1.288397
v 3.788397 6.460000 -1.208754
v 3.788397 6.340000 -1.208754
vn 0.707107 0.000000 -0.707107
f 6994//2332 6995//2332 6996//2332
v 3.717863 6.340000 -1.111672
v 3.611672 6.340000 -1.217863
v 3.708754 6.340000 -1.288397
vn 0.000000 -1.000000 0.000000
f 6997//2333 6998//2333 6999//2333
v 3.717863 6.340000 -1.111672
v 3.708754 6.340000 -1.288397
v 3.788397 6.340000 -1.208754
vn 0.000000 -1.000000 -0.000000
f 7000//2334 7001//2334 7002//2334
v 3.611672 6.460000 -1.217863
v 3.717863 6.460000 -1.111672
v 3.788397 6.460000 -1.208754
vn 0.000000 1.000000 0.000000
f 7003//2335 7004//2335 7005//2335
v 3.611672 6.460000 -1.217863
v 3.788397 6.460000 -1.208754
v 3.708754 6.460000 -1.288397
vn -0.000000 1.000000 0.000000
f 7006//2336 7007//2336 7008//2336
v 3.717863 6.340000 -1.111672
v 3.851672 6.340000 -1.043493
v 3.851672 6.460000 -1.043493
vn -0.453990 0.000000 0.891007
f 7009//2337 7010//2337 7011//2337
v 3.717863 6.340000 -1.111672
v 3.851672 6.460000 -1.043493
v 3.717863 6.460000 -1.111672
vn -0.453990 0.000000 0.891007
f 7012//2338 7013//2338 7014//2338
v 3.788397 6.340000 -1.208754
v 3.788397 6.460000 -1.208754
v 3.888754 6.460000 -1.157620
vn 0.453990 0.000000 -0.891007
f 7015//2339 7016//2339 7017//2339
v 3.788397 6.340000 -1.208754
v 3.888754 6.460000 -1.157620
v 3.888754 6.340000 -1.157620
vn 0.453990 0.000000 -0.891007
f 7018//2340 7019//2340 7020//2340
v 3.851672 6.340000 -1.043493
v 3.717863 6.340000 -1.111672
v 3.788397 6.340000 -1.208754
vn 0.000000 -1.000000 0.000000
f 7021//2341 7022//2341 7023//2341
v 3.851672 6.340000 -1.043493
v 3.788397 6.340000 -1.208754
v 3.888754 6.340000 -1.157620
vn 0.000000 -1.000000 -0.000000
f 7024//2342 7025//2342 7026//2342
v 3.717863 6.460000 -1.111672
v 3.851672 6.460000 -1.043493
v 3.888754 6.460000 -1.157620
vn -0.000000 1.000000 0.000000
f 7027//2343 7028//2343 7029//2343
v 3.717863 6.460000 -1.111672
v 3.888754 6.460000 -1.157620
v 3.788397 6.460000 -1.208754
vn 0.000000 1.000000 0.000000
f 7030//2344 7031//2344 7032//2344
v 3.851672 6.340000 -1.043493
v 4.000000 6.340000 -1.020000
v 4.000000 6.460000 -1.020000
vn -0.156434 0.000000 0.987688
f 7033//2345 7034//2345 7035//2345
v 3.851672 6.340000 -1.043493
v 4.000000 6.460000 -1.020000
v 3.851672 6.460000 -1.043493
vn -0.156434 0.000000 0.987688
f 7036//2346 7037//2346 7038//2346
v 3.888754 6.340000 -1.157620
v 3.888754 6.460000 -1.157620
v 4.000000 6.460000 -1.140000
vn 0.156434 0.000000 -0.987688
f 7039//2347 7040//2347 7041//2347
v 3.888754 6.340000 -1.157620
v 4.000000 6.460000 -1.140000
v 4.000000 6.340000 -1.140000
vn 0.156434 0.000000 -0.987688
f 7042//2348 7043//2348 7044//2348
v 4.000000 6.340000 -1.020000
v 3.851672 6.340000 -1.043493
v 3.888754 6.340000 -1.157620
vn 0.000000 -1.000000 0.000000
f 7045//2349 7046//2349 7047//2349
v 4.000000 6.340000 -1.020000
v 3.888754 6.340000 -1.157620
v 4.000000 6.340000 -1.140000
vn 0.000000 -1.000000 -0.000000
f 7048//2350 7049//2350 7050//2350
v 3.851672 6.460000 -1.043493
v 4.000000 6.460000 -1.020000
v 4.000000 6.460000 -1.140000
vn -0.000000 1.000000 0.000000
f 7051//2351 7052//2351 7053//2351
v 3.851672 6.460000 -1.043493
v 4.000000 6.460000 -1.140000
v 3.888754 6.460000 -1.157620
vn 0.000000 1.000000 0.000000
f 7054//2352 7055//2352 7056//2352
v 4.000000 6.340000 -1.020000
v 4.148328 6.340000 -1.043493
v 4.148328 6.460000 -1.043493
vn 0.156434 0.000000 0.987688
f 7057//2353 7058//2353 7059//2353
v 4.000000 6.340000 -1.020000
v 4.148328 6.460000 -1.043493
v 4.000000 6.460000 -1.020000
vn 0.156434 -0.000000 0.987688
f 7060//2354 7061//2354 7062//2354
v 4.000000 6.340000 -1.140000
v 4.000000 6.460000 -1.140000
v 4.111246 6.460000 -1.157620
vn -0.156434 0.000000 -0.987688
f 7063//2355 7064//2355 7065//2355
v 4.000000 6.340000 -1.140000
v 4.111246 6.460000 -1.157620
v 4.111246 6.340000 -1.157620
vn -0.156434 0.000000 -0.987688
f 7066//2356 7067//2356 7068//2356
v 4.148328 6.340000 -1.043493
v 4.000000 6.340000 -1.020000
v 4.000000 6.340000 -1.140000
vn -0.000000 -1.000000 0.000000
f 7069//2357 7070//2357 7071//2357
v 4.148328 6.340000 -1.043493
v 4.000000 6.340000 -1.140000
v 4.111246 6.340000 -1.157620
vn 0.000000 -1.000000 0.000000
f 7072//2358 7073//2358 7074//2358
v 4.000000 6.460000 -1.020000
v 4.148328 6.460000 -1.043493
v 4.111246 6.460000 -1.157620
vn 0.000000 1.000000 0.000000
f 7075//2359 7076//2359 7077//2359
v 4.000000 6.460000 -1.020000
v 4.111246 6.460000 -1.157620
v 4.000000 6.460000 -1.140000
vn 0.000000 1.000000 0.000000
f 7078//2360 7079//2360 7080//2360
v 4.148328 6.340000 -1.043493
v 4.282137 6.340000 -1.111672
v 4.282137 6.460000 -1.111672
vn 0.453990 0.000000 0.891007
f 7081//2361 7082//2361 7083//2361
v 4.148328 6.340000 -1.043493
v 4.282137 6.460000 -1.111672
v 4.148328 6.460000 -1.043493
vn 0.453990 -0.000000 0.891007
f 7084//2362 7085//2362 7086//2362
v 4.111246 6.340000 -1.157620
v 4.111246 6.460000 -1.157620
v 4.211603 6.460000 -1.208754
vn -0.453990 0.000000 -0.891007
f 7087//2363 7088//2363 7089//2363
v 4.111246 6.340000 -1.157620
v 4.211603 6.460000 -1.208754
v 4.211603 6.340000 -1.208754
vn -0.453990 0.000000 -0.891007
f 7090//2364 7091//2364 7092//2364
v 4.282137 6.340000 -1.111672
v 4.148328 6.340000 -1.043493
v 4.111246 6.340000 -1.157620
vn -0.000000 -1.000000 0.000000
f 7093//2365 7094//2365 7095//2365
v 4.282137 6.340000 -1.111672
v 4.111246 6.340000 -1.157620
v 4.211603 6.340000 -1.208754
vn 0.000000 -1.000000 0.000000
f 7096//2366 7097//2366 7098//2366
v 4.148328 6.460000 -1.043493
v 4.282137 6.460000 -1.111672
v 4.211603 6.460000 -1.208754
vn 0.000000 1.000000 0.000000
f 7099//2367 7100//2367 7101//2367
v 4.148328 6.460000 -1.043493
v 4.211603 6.460000 -1.208754
v 4.111246 6.460000 -1.157620
vn 0.000000 1.000000 0.000000
f 7102//2368 7103//2368 7104//2368
v 4.282137 6.340000 -1.111672
v 4.388328 6.340000 -1.217863
v 4.388328 6.460000 -1.217863
vn 0.707107 0.000000 0.707107
f 7105//2369 7106//2369 7107//2369
v 4.282137 6.340000 -1.111672
v 4.388328 6.460000 -1.217863
v 4.282137 6.460000 -1.111672
vn 0.707107 -0.000000 0.707107
f 7108//2370 7109//2370 7110//2370
v 4.211603 6.340000 -1.208754
v 4.211603 6.460000 -1.208754
v 4.291246 6.460000 -1.288397
vn -0.707107 0.000000 -0.707107
f 7111//2371 7112//2371 7113//2371
v 4.211603 6.340000 -1.208754
v 4.291246 6.460000 -1.288397
v 4.291246 6.340000 -1.288397
vn -0.707107 0.000000 -0.707107
f 7114//2372 7115//2372 7116//2372
v 4.388328 6.340000 -1.217863
v 4.282137 6.340000 -1.111672
v 4.211603 6.340000 -1.208754
vn 0.000000 -1.000000 0.000000
f 7117//2373 7118//2373 7119//2373
v 4.388328 6.340000 -1.217863
v 4.211603 6.340000 -1.208754
v 4.291246 6.340000 -1.288397
vn -0.000000 -1.000000 0.000000
f 7120//2374 7121//2374 7122//2374
v 4.282137 6.460000 -1.111672
v 4.388328 6.460000 -1.217863
v 4.291246 6.460000 -1.288397
vn 0.000000 1.000000 0.000000
f 7123//2375 7124//2375 7125//2375
v 4.282137 6.460000 -1.111672
v 4.291246 6.460000 -1.288397
v 4.211603 6.460000 -1.208754
vn 0.000000 1.000000 0.000000
f 7126//2376 7127//2376 7128//2376
v 4.388328 6.340000 -1.217863
v 4.456507 6.340000 -1.351672
v 4.456507 6.460000 -1.351672
vn 0.891007 0.000000 0.453990
f 7129//2377 7130//2377 7131//2377
v 4.388328 6.340000 -1.217863
v 4.456507 6.460000 -1.351672
v 4.388328 6.460000 -1.217863
vn 0.891007 -0.000000 0.453990
f 7132//2378 7133//2378 7134//2378
v 4.291246 6.340000 -1.288397
v 4.291246 6.460000 -1.288397
v 4.342380 6.460000 -1.388754
vn -0.891007 0.000000 -0.453990
f 7135//2379 7136//2379 7137//2379
v 4.291246 6.340000 -1.288397
v 4.342380 6.460000 -1.388754
v 4.342380 6.340000 -1.388754
vn -0.891007 0.000000 -0.453990
f 7138//2380 7139//2380 7140//2380
v 4.456507 6.340000 -1.351672
v 4.388328 6.340000 -1.217863
v 4.291246 6.340000 -1.288397
vn 0.000000 -1.000000 0.000000
f 7141//2381 7142//2381 7143//2381
v 4.456507 6.340000 -1.351672
v 4.291246 6.340000 -1.288397
v 4.342380 6.340000 -1.388754
vn -0.000000 -1.000000 0.000000
f 7144//2382 7145//2382 7146//2382
v 4.388328 6.460000 -1.217863
v 4.456507 6.460000 -1.351672
v 4.342380 6.460000 -1.388754
vn 0.000000 1.000000 0.000000
f 7147//2383 7148//2383 7149//2383
v 4.388328 6.460000 -1.217863
v 4.342380 6.460000 -1.388754
v 4.291246 6.460000 -1.288397
vn 0.000000 1.000000 0.000000
f 7150//2384 7151//2384 7152//2384
v 4.456507 6.340000 -1.351672
v 4.480000 6.340000 -1.500000
v 4.480000 6.460000 -1.500000
vn 0.987688 0.000000 0.156434
f 7153//2385 7154//2385 7155//2385
v 4.456507 6.340000 -1.351672
v 4.480000 6.460000 -1.500000
v 4.456507 6.460000 -1.351672
vn 0.987688 -0.000000 0.156434
f 7156//2386 7157//2386 7158//2386
v 4.342380 6.340000 -1.388754
v 4.342380 6.460000 -1.388754
v 4.360000 6.460000 -1.500000
vn -0.987688 0.000000 -0.156434
f 7159//2387 7160//2387 7161//2387
v 4.342380 6.340000 -1.388754
v 4.360000 6.460000 -1.500000
v 4.360000 6.340000 -1.500000
vn -0.987688 0.000000 -0.156434
f 7162//2388 7163//2388 7164//2388
v 4.480000 6.340000 -1.500000
v 4.456507 6.340000 -1.351672
v 4.342380 6.340000 -1.388754
vn 0.000000 -1.000000 0.000000
f 7165//2389 7166//2389 7167//2389
v 4.480000 6.340000 -1.500000
v 4.342380 6.340000 -1.388754
v 4.360000 6.340000 -1.500000
vn 0.000000 -1.000000 0.000000
f 7168//2390 7169//2390 7170//2390
v 4.456507 6.460000 -1.351672
v 4.480000 6.460000 -1.500000
v 4.360000 6.460000 -1.500000
vn 0.000000 1.000000 0.000000
f 7171//2391 7172//2391 7173//2391
v 4.456507 6.460000 -1.351672
v 4.360000 6.460000 -1.500000
v 4.342380 6.460000 -1.388754
vn 0.000000 1.000000 0.000000
f 7174//2392 7175//2392 7176//2392
v 4.480000 6.340000 -1.500000
v 4.456507 6.340000 -1.648328
v 4.456507 6.460000 -1.648328
vn 0.987688 0.000000 -0.156434
f 7177//2393 7178//2393 7179//2393
v 4.480000 6.340000 -1.500000
v 4.456507 6.460000 -1.648328
v 4.480000 6.460000 -1.500000
vn 0.987688 0.000000 -0.156434
f 7180//2394 7181//2394 7182//2394
v 4.360000 6.340000 -1.500000
v 4.360000 6.460000 -1.500000
v 4.342380 6.460000 -1.611246
vn -0.987688 0.000000 0.156434
f 7183//2395 7184//2395 7185//2395
v 4.360000 6.340000 -1.500000
v 4.342380 6.460000 -1.611246
v 4.342380 6.340000 -1.611246
vn -0.987688 0.000000 0.156434
f 7186//2396 7187//2396 7188//2396
v 4.456507 6.340000 -1.648328
v 4.480000 6.340000 -1.500000
v 4.360000 6.340000 -1.500000
vn 0.000000 -1.000000 0.000000
f 7189//2397 7190//2397 7191//2397
v 4.456507 6.340000 -1.648328
v 4.360000 6.340000 -1.500000
v 4.342380 6.340000 -1.611246
vn 0.000000 -1.000000 0.000000
f 7192//2398 7193//2398 7194//2398
v 4.480000 6.460000 -1.500000
v 4.456507 6.460000 -1.648328
v 4.342380 6.460000 -1.611246
vn 0.000000 1.000000 0.000000
f 7195//2399 7196//2399 7197//2399
v 4.480000 6.460000 -1.500000
v 4.342380 6.460000 -1.611246
v 4.360000 6.460000 -1.500000
vn 0.000000 1.000000 0.000000
f 7198//2400 7199//2400 7200//2400
v 4.456507 6.340000 -1.648328
v 4.388328 6.340000 -1.782137
v 4.388328 6.460000 -1.782137
vn 0.891007 0.000000 -0.453990
f 7201//2401 7202//2401 7203//2401
v 4.456507 6.340000 -1.648328
v 4.388328 6.460000 -1.782137
v 4.456507 6.460000 -1.648328
vn 0.891007 0.000000 -0.453990
f 7204//2402 7205//2402 7206//2402
v 4.342380 6.340000 -1.611246
v 4.342380 6.460000 -1.611246
v 4.291246 6.460000 -1.711603
vn -0.891007 0.000000 0.453990
f 7207//2403 7208//2403 7209//2403
v 4.342380 6.340000 -1.611246
v 4.291246 6.460000 -1.711603
v 4.291246 6.340000 -1.711603
vn -0.891007 0.000000 0.453990
f 7210//2404 7211//2404 7212//2404
v 4.388328 6.340000 -1.782137
v 4.456507 6.340000 -1.648328
v 4.342380 6.340000 -1.611246
vn 0.000000 -1.000000 0.000000
f 7213//2405 7214//2405 7215//2405
v 4.388328 6.340000 -1.782137
v 4.342380 6.340000 -1.611246
v 4.291246 6.340000 -1.711603
vn 0.000000 -1.000000 0.000000
f 7216//2406 7217//2406 7218//2406
v 4.456507 6.460000 -1.648328
v 4.388328 6.460000 -1.782137
v 4.291246 6.460000 -1.711603
vn 0.000000 1.000000 0.000000
f 7219//2407 7220//2407 7221//2407
v 4.456507 6.460000 -1.648328
v 4.291246 6.460000 -1.711603
v 4.342380 6.460000 -1.611246
vn 0.000000 1.000000 0.000000
f 7222//2408 7223//2408 7224//2408
v 4.388328 6.340000 -1.782137
v 4.282137 6.340000 -1.888328
v 4.282137 6.460000 -1.888328
vn 0.707107 0.000000 -0.707107
f 7225//2409 7226//2409 7227//2409
v 4.388328 6.340000 -1.782137
v 4.282137 6.460000 -1.888328
v 4.388328 6.460000 -1.782137
vn 0.707107 0.000000 -0.707107
f 7228//2410 7229//2410 7230//2410
v 4.291246 6.340000 -1.711603
v 4.291246 6.460000 -1.711603
v 4.211603 6.460000 -1.791246
vn -0.707107 0.000000 0.707107
f 7231//2411 7232//2411 7233//2411
v 4.291246 6.340000 -1.711603
v 4.211603 6.460000 -1.791246
v 4.211603 6.340000 -1.791246
vn -0.707107 0.000000 0.707107
f 7234//2412 7235//2412 7236//2412
v 4.282137 6.340000 -1.888328
v 4.388328 6.340000 -1.782137
v 4.291246 6.340000 -1.711603
vn 0.000000 -1.000000 0.000000
f 7237//2413 7238//2413 7239//2413
v 4.282137 6.340000 -1.888328
v 4.291246 6.340000 -1.711603
v 4.211603 6.340000 -1.791246
vn 0.000000 -1.000000 0.000000
f 7240//2414 7241//2414 7242//2414
v 4.388328 6.460000 -1.782137
v 4.282137 6.460000 -1.888328
v 4.211603 6.460000 -1.791246
vn 0.000000 1.000000 0.000000
f 7243//2415 7244//2415 7245//2415
v 4.388328 6.460000 -1.782137
v 4.211603 6.460000 -1.791246
v 4.291246 6.460000 -1.711603
vn 0.000000 1.000000 0.000000
f 7246//2416 7247//2416 7248//2416
v 4.282137 6.340000 -1.888328
v 4.148328 6.340000 -1.956507
v 4.148328 6.460000 -1.956507
vn 0.453990 0.000000 -0.891007
f 7249//2417 7250//2417 7251//2417
v 4.282137 6.340000 -1.888328
v 4.148328 6.460000 -1.956507
v 4.282137 6.460000 -1.888328
vn 0.453990 0.000000 -0.891007
f 7252//2418 7253//2418 7254//2418
v 4.211603 6.340000 -1.791246
v 4.211603 6.460000 -1.791246
v 4.111246 6.460000 -1.842380
vn -0.453990 0.000000 0.891007
f 7255//2419 7256//2419 7257//2419
v 4.211603 6.340000 -1.791246
v 4.111246 6.460000 -1.842380
v 4.111246 6.340000 -1.842380
vn -0.453990 0.000000 0.891007
f 7258//2420 7259//2420 7260//2420
v 4.148328 6.340000 -1.956507
v 4.282137 6.340000 -1.888328
v 4.211603 6.340000 -1.791246
vn 0.000000 -1.000000 0.000000
f 7261//2421 7262//2421 7263//2421
v 4.148328 6.340000 -1.956507
v 4.211603 6.340000 -1.791246
v 4.111246 6.340000 -1.842380
vn 0.000000 -1.000000 0.000000
f 7264//2422 7265//2422 7266//2422
v 4.282137 6.460000 -1.888328
v 4.148328 6.460000 -1.956507
v 4.111246 6.460000 -1.842380
vn 0.000000 1.000000 0.000000
f 7267//2423 7268//2423 7269//2423
v 4.282137 6.460000 -1.888328
v 4.111246 6.460000 -1.842380
v 4.211603 6.460000 -1.791246
vn 0.000000 1.000000 0.000000
f 7270//2424 7271//2424 7272//2424
v 4.148328 6.340000 -1.956507
v 4.000000 6.340000 -1.980000
v 4.000000 6.460000 -1.980000
vn 0.156434 0.000000 -0.987688
f 7273//2425 7274//2425 7275//2425
v 4.148328 6.340000 -1.956507
v 4.000000 6.460000 -1.980000
v 4.148328 6.460000 -1.956507
vn 0.156434 0.000000 -0.987688
f 7276//2426 7277//2426 7278//2426
v 4.111246 6.340000 -1.842380
v 4.111246 6.460000 -1.842380
v 4.000000 6.460000 -1.860000
vn -0.156434 0.000000 0.987688
f 7279//2427 7280//2427 7281//2427
v 4.111246 6.340000 -1.842380
v 4.000000 6.460000 -1.860000
v 4.000000 6.340000 -1.860000
vn -0.156434 0.000000 0.987688
f 7282//2428 7283//2428 7284//2428
v 4.000000 6.340000 -1.980000
v 4.148328 6.340000 -1.956507
v 4.111246 6.340000 -1.842380
vn 0.000000 -1.000000 0.000000
f 7285//2429 7286//2429 7287//2429
v 4.000000 6.340000 -1.980000
v 4.111246 6.340000 -1.842380
v 4.000000 6.340000 -1.860000
vn 0.000000 -1.000000 0.000000
f 7288//2430 7289//2430 7290//2430
v 4.148328 6.460000 -1.956507
v 4.000000 6.460000 -1.980000
v 4.000000 6.460000 -1.860000
vn 0.000000 1.000000 0.000000
f 7291//2431 7292//2431 7293//2431
v 4.148328 6.460000 -1.956507
v 4.000000 6.460000 -1.860000
v 4.111246 6.460000 -1.842380
vn 0.000000 1.000000 0.000000
f 7294//2432 7295//2432 7296//2432
v -7.070000 6.700000 -10.065000
v -7.053985 6.578355 -10.065000
v -7.053985 6.578355 -9.935000
vn -0.991445 -0.130526 0.000000
f 7297//2433 7298//2433 7299//2433
v -7.070000 6.700000 -10.065000
v -7.053985 6.578355 -9.935000
v -7.070000 6.700000 -9.935000
vn -0.991445 -0.130526 0.000000
f 7300//2434 7301//2434 7302//2434
v -6.970000 6.700000 -10.065000
v -6.970000 6.700000 -9.935000
v -6.957393 6.604237 -9.935000
vn 0.991445 0.130526 -0.000000
f 7303//2435 7304//2435 7305//2435
v -6.970000 6.700000 -10.065000
v -6.957393 6.604237 -9.935000
v -6.957393 6.604237 -10.065000
vn 0.991445 0.130526 0.000000
f 7306//2436 7307//2436 7308//2436
v -7.053985 6.578355 -10.065000
v -7.070000 6.700000 -10.065000
v -6.970000 6.700000 -10.065000
vn 0.000000 0.000000 -1.000000
f 7309//2437 7310//2437 7311//2437
v -7.053985 6.578355 -10.065000
v -6.970000 6.700000 -10.065000
v -6.957393 6.604237 -10.065000
vn 0.000000 0.000000 -1.000000
f 7312//2438 7313//2438 7314//2438
v -7.070000 6.700000 -9.935000
v -7.053985 6.578355 -9.935000
v -6.957393 6.604237 -9.935000
vn 0.000000 0.000000 1.000000
f 7315//2439 7316//2439 7317//2439
v -7.070000 6.700000 -9.935000
v -6.957393 6.604237 -9.935000
v -6.970000 6.700000 -9.935000
vn -0.000000 0.000000 1.000000
f 7318//2440 7319//2440 7320//2440
v -7.053985 6.578355 -10.065000
v -7.007032 6.465000 -10.065000
v -7.007032 6.465000 -9.935000
vn -0.923880 -0.382683 0.000000
f 7321//2441 7322//2441 7323//2441
v -7.053985 6.578355 -10.065000
v -7.007032 6.465000 -9.935000
v -7.053985 6.578355 -9.935000
vn -0.923880 -0.382683 0.000000
f 7324//2442 7325//2442 7326//2442
v -6.957393 6.604237 -10.065000
v -6.957393 6.604237 -9.935000
v -6.920429 6.515000 -9.935000
vn 0.923880 0.382683 -0.000000
f 7327//2443 7328//2443 7329//2443
v -6.957393 6.604237 -10.065000
v -6.920429 6.515000 -9.935000
v -6.920429 6.515000 -10.065000
vn 0.923880 0.382683 0.000000
f 7330//2444 7331//2444 7332//2444
v -7.007032 6.465000 -10.065000
v -7.053985 6.578355 -10.065000
v -6.957393 6.604237 -10.065000
vn 0.000000 0.000000 -1.000000
f 7333//2445 7334//2445 7335//2445
v -7.007032 6.465000 -10.065000
v -6.957393 6.604237 -10.065000
v -6.920429 6.515000 -10.065000
vn 0.000000 0.000000 -1.000000
f 7336//2446 7337//2446 7338//2446
v -7.053985 6.578355 -9.935000
v -7.007032 6.465000 -9.935000
v -6.920429 6.515000 -9.935000
vn 0.000000 0.000000 1.000000
f 7339//2447 7340//2447 7341//2447
v -7.053985 6.578355 -9.935000
v -6.920429 6.515000 -9.935000
v -6.957393 6.604237 -9.935000
vn -0.000000 0.000000 1.000000
f 7342//2448 7343//2448 7344//2448
v -7.007032 6.465000 -10.065000
v -6.932340 6.367660 -10.065000
v -6.932340 6.367660 -9.935000
vn -0.793353 -0.608761 0.000000
f 7345//2449 7346//2449 7347//2449
v -7.007032 6.465000 -10.065000
v -6.932340 6.367660 -9.935000
v -7.007032 6.465000 -9.935000
vn -0.793353 -0.608761 0.000000
f 7348//2450 7349//2450 7350//2450
v -6.920429 6.515000 -10.065000
v -6.920429 6.515000 -9.935000
v -6.861630 6.438370 -9.935000
vn 0.793353 0.608761 -0.000000
f 7351//2451 7352//2451 7353//2451
v -6.920429 6.515000 -10.065000
v -6.861630 6.438370 -9.935000
v -6.861630 6.438370 -10.065000
vn 0.793353 0.608761 0.000000
f 7354//2452 7355//2452 7356//2452
v -6.932340 6.367660 -10.065000
v -7.007032 6.465000 -10.065000
v -6.920429 6.515000 -10.065000
vn 0.000000 0.000000 -1.000000
f 7357//2453 7358//2453 7359//2453
v -6.932340 6.367660 -10.065000
v -6.920429 6.515000 -10.065000
v -6.861630 6.438370 -10.065000
vn 0.000000 0.000000 -1.000000
f 7360//2454 7361//2454 7362//2454
v -7.007032 6.465000 -9.935000
v -6.932340 6.367660 -9.935000
v -6.861630 6.438370 -9.935000
vn 0.000000 0.000000 1.000000
f 7363//2455 7364//2455 7365//2455
v -7.007032 6.465000 -9.935000
v -6.861630 6.438370 -9.935000
v -6.920429 6.515000 -9.935000
vn -0.000000 0.000000 1.000000
f 7366//2456 7367//2456 7368//2456
v -6.932340 6.367660 -10.065000
v -6.835000 6.292968 -10.065000
v -6.835000 6.292968 -9.935000
vn -0.608761 -0.793353 0.000000
f 7369//2457 7370//2457 7371//2457
v -6.932340 6.367660 -10.065000
v -6.835000 6.292968 -9.935000
v -6.932340 6.367660 -9.935000
vn -0.608761 -0.793353 0.000000
f 7372//2458 7373//2458 7374//2458
v -6.861630 6.438370 -10.065000
v -6.861630 6.438370 -9.935000
v -6.785000 6.379571 -9.935000
vn 0.608761 0.793353 -0.000000
f 7375//2459 7376//2459 7377//2459
v -6.861630 6.438370 -10.065000
v -6.785000 6.379571 -9.935000
v -6.785000 6.379571 -10.065000
vn 0.608761 0.793353 0.000000
f 7378//2460 7379//2460 7380//2460
v -6.835000 6.292968 -10.065000
v -6.932340 6.367660 -10.065000
v -6.861630 6.438370 -10.065000
vn 0.000000 0.000000 -1.000000
f 7381//2461 7382//2461 7383//2461
v -6.835000 6.292968 -10.065000
v -6.861630 6.438370 -10.065000
v -6.785000 6.379571 -10.065000
vn 0.000000 0.000000 -1.000000
f 7384//2462 7385//2462 7386//2462
v -6.932340 6.367660 -9.935000
v -6.835000 6.292968 -9.935000
v -6.785000 6.379571 -9.935000
vn -0.000000 0.000000 1.000000
f 7387//2463 7388//2463 7389//2463
v -6.932340 6.367660 -9.935000
v -6.785000 6.379571 -9.935000
v -6.861630 6.438370 -9.935000
vn 0.000000 0.000000 1.000000
f 7390//2464 7391//2464 7392//2464
v -6.835000 6.292968 -10.065000
v -6.721645 6.246015 -10.065000
v -6.721645 6.246015 -9.935000
vn -0.382683 -0.923880 0.000000
f 7393//2465 7394//2465 7395//2465
v -6.835000 6.292968 -10.065000
v -6.721645 6.246015 -9.935000
v -6.835000 6.292968 -9.935000
vn -0.382683 -0.923880 0.000000
f 7396//2466 7397//2466 7398//2466
v -6.785000 6.379571 -10.065000
v -6.785000 6.379571 -9.935000
v -6.695763 6.342607 -9.935000
vn 0.382683 0.923880 -0.000000
f 7399//2467 7400//2467 7401//2467
v -6.785000 6.379571 -10.065000
v -6.695763 6.342607 -9.935000
v -6.695763 6.342607 -10.065000
vn 0.382683 0.923880 0.000000
f 7402//2468 7403//2468 7404//2468
v -6.721645 6.246015 -10.065000
v -6.835000 6.292968 -10.065000
v -6.785000 6.379571 -10.065000
vn 0.000000 0.000000 -1.000000
f 7405//2469 7406//2469 7407//2469
v -6.721645 6.246015 -10.065000
v -6.785000 6.379571 -10.065000
v -6.695763 6.342607 -10.065000
vn 0.000000 0.000000 -1.000000
f 7408//2470 7409//2470 7410//2470
v -6.835000 6.292968 -9.935000
v -6.721645 6.246015 -9.935000
v -6.695763 6.342607 -9.935000
vn -0.000000 0.000000 1.000000
f 7411//2471 7412//2471 7413//2471
v -6.835000 6.292968 -9.935000
v -6.695763 6.342607 -9.935000
v -6.785000 6.379571 -9.935000
vn 0.000000 0.000000 1.000000
f 7414//2472 7415//2472 7416//2472
v -6.721645 6.246015 -10.065000
v -6.600000 6.230000 -10.065000
v -6.600000 6.230000 -9.935000
vn -0.130526 -0.991445 0.000000
f 7417//2473 7418//2473 7419//2473
v -6.721645 6.246015 -10.065000
v -6.600000 6.230000 -9.935000
v -6.721645 6.246015 -9.935000
vn -0.130526 -0.991445 0.000000
f 7420//2474 7421//2474 7422//2474
v -6.695763 6.342607 -10.065000
v -6.695763 6.342607 -9.935000
v -6.600000 6.330000 -9.935000
vn 0.130526 0.991445 -0.000000
f 7423//2475 7424//2475 7425//2475
v -6.695763 6.342607 -10.065000
v -6.600000 6.330000 -9.935000
v -6.600000 6.330000 -10.065000
vn 0.130526 0.991445 0.000000
f 7426//2476 7427//2476 7428//2476
v -6.600000 6.230000 -10.065000
v -6.721645 6.246015 -10.065000
v -6.695763 6.342607 -10.065000
vn 0.000000 0.000000 -1.000000
f 7429//2477 7430//2477 7431//2477
v -6.600000 6.230000 -10.065000
v -6.695763 6.342607 -10.065000
v -6.600000 6.330000 -10.065000
vn 0.000000 0.000000 -1.000000
f 7432//2478 7433//2478 7434//2478
v -6.721645 6.246015 -9.935000
v -6.600000 6.230000 -9.935000
v -6.600000 6.330000 -9.935000
vn -0.000000 0.000000 1.000000
f 7435//2479 7436//2479 7437//2479
v -6.721645 6.246015 -9.935000
v -6.600000 6.330000 -9.935000
v -6.695763 6.342607 -9.935000
vn 0.000000 0.000000 1.000000
f 7438//2480 7439//2480 7440//2480
v -6.600000 6.230000 -10.065000
v -6.478355 6.246015 -10.065000
v -6.478355 6.246015 -9.935000
vn 0.130526 -0.991445 0.000000
f 7441//2481 7442//2481 7443//2481
v -6.600000 6.230000 -10.065000
v -6.478355 6.246015 -9.935000
v -6.600000 6.230000 -9.935000
vn 0.130526 -0.991445 0.000000
f 7444//2482 7445//2482 7446//2482
v -6.600000 6.330000 -10.065000
v -6.600000 6.330000 -9.935000
v -6.504237 6.342607 -9.935000
vn -0.130526 0.991445 0.000000
f 7447//2483 7448//2483 7449//2483
v -6.600000 6.330000 -10.065000
v -6.504237 6.342607 -9.935000
v -6.504237 6.342607 -10.065000
vn -0.130526 0.991445 0.000000
f 7450//2484 7451//2484 7452//2484
v -6.478355 6.246015 -10.065000
v -6.600000 6.230000 -10.065000
v -6.600000 6.330000 -10.065000
vn -0.000000 0.000000 -1.000000
f 7453//2485 7454//2485 7455//2485
v -6.478355 6.246015 -10.065000
v -6.600000 6.330000 -10.065000
v -6.504237 6.342607 -10.065000
vn 0.000000 0.000000 -1.000000
f 7456//2486 7457//2486 7458//2486
v -6.600000 6.230000 -9.935000
v -6.478355 6.246015 -9.935000
v -6.504237 6.342607 -9.935000
vn 0.000000 0.000000 1.000000
f 7459//2487 7460//2487 7461//2487
v -6.600000 6.230000 -9.935000
v -6.504237 6.342607 -9.935000
v -6.600000 6.330000 -9.935000
vn 0.000000 0.000000 1.000000
f 7462//2488 7463//2488 7464//2488
v -6.478355 6.246015 -10.065000
v -6.365000 6.292968 -10.065000
v -6.365000 6.292968 -9.935000
vn 0.382683 -0.923880 0.000000
f 7465//2489 7466//2489 7467//2489
v -6.478355 6.246015 -10.065000
v -6.365000 6.292968 -9.935000
v -6.478355 6.246015 -9.935000
vn 0.382683 -0.923880 0.000000
f 7468//2490 7469//2490 7470//2490
v -6.504237 6.342607 -10.065000
v -6.504237 6.342607 -9.935000
v -6.415000 6.379571 -9.935000
vn -0.382683 0.923880 0.000000
f 7471//2491 7472//2491 7473//2491
v -6.504237 6.342607 -10.065000
v -6.415000 6.379571 -9.935000
v -6.415000 6.379571 -10.065000
vn -0.382683 0.923880 0.000000
f 7474//2492 7475//2492 7476//2492
v -6.365000 6.292968 -10.065000
v -6.478355 6.246015 -10.065000
v -6.504237 6.342607 -10.065000
vn -0.000000 0.000000 -1.000000
f 7477//2493 7478//2493 7479//2493
v -6.365000 6.292968 -10.065000
v -6.504237 6.342607 -10.065000
v -6.415000 6.379571 -10.065000
vn 0.000000 0.000000 -1.000000
f 7480//2494 7481//2494 7482//2494
v -6.478355 6.246015 -9.935000
v -6.365000 6.292968 -9.935000
v -6.415000 6.379571 -9.935000
vn 0.000000 0.000000 1.000000
f 7483//2495 7484//2495 7485//2495
v -6.478355 6.246015 -9.935000
v -6.415000 6.379571 -9.935000
v -6.504237 6.342607 -9.935000
vn 0.000000 -0.000000 1.000000
f 7486//2496 7487//2496 7488//2496
v -6.365000 6.292968 -10.065000
v -6.267660 6.367660 -10.065000
v -6.267660 6.367660 -9.935000
vn 0.608761 -0.793353 0.000000
f 7489//2497 7490//2497 7491//2497
v -6.365000 6.292968 -10.065000
v -6.267660 6.367660 -9.935000
v -6.365000 6.292968 -9.935000
vn 0.608761 -0.793353 0.000000
f 7492//2498 7493//2498 7494//2498
v -6.415000 6.379571 -10.065000
v -6.415000 6.379571 -9.935000
v -6.338370 6.438370 -9.935000
vn -0.608761 0.793353 0.000000
f 7495//2499 7496//2499 7497//2499
v -6.415000 6.379571 -10.065000
v -6.338370 6.438370 -9.935000
v -6.338370 6.438370 -10.065000
vn -0.608761 0.793353 0.000000
f 7498//2500 7499//2500 7500//2500
v -6.267660 6.367660 -10.065000
v -6.365000 6.292968 -10.065000
v -6.415000 6.379571 -10.065000
vn -0.000000 0.000000 -1.000000
f 7501//2501 7502//2501 7503//2501
v -6.267660 6.367660 -10.065000
v -6.415000 6.379571 -10.065000
v -6.338370 6.438370 -10.065000
vn 0.000000 0.000000 -1.000000
f 7504//2502 7505//2502 7506//2502
v -6.365000 6.292968 -9.935000
v -6.267660 6.367660 -9.935000
v -6.338370 6.438370 -9.935000
vn 0.000000 0.000000 1.000000
f 7507//2503 7508//2503 7509//2503
v -6.365000 6.292968 -9.935000
v -6.338370 6.438370 -9.935000
v -6.415000 6.379571 -9.935000
vn 0.000000 -0.000000 1.000000
f 7510//2504 7511//2504 7512//2504
v -6.267660 6.367660 -10.065000
v -6.192968 6.465000 -10.065000
v -6.192968 6.465000 -9.935000
vn 0.793353 -0.608761 0.000000
f 7513//2505 7514//2505 7515//2505
v -6.267660 6.367660 -10.065000
v -6.192968 6.465000 -9.935000
v -6.267660 6.367660 -9.935000
vn 0.793353 -0.608761 0.000000
f 7516//2506 7517//2506 7518//2506
v -6.338370 6.438370 -10.065000
v -6.338370 6.438370 -9.935000
v -6.279571 6.515000 -9.935000
vn -0.793353 0.608761 0.000000
f 7519//2507 7520//2507 7521//2507
v -6.338370 6.438370 -10.065000
v -6.279571 6.515000 -9.935000
v -6.279571 6.515000 -10.065000
vn -0.793353 0.608761 0.000000
f 7522//2508 7523//2508 7524//2508
v -6.192968 6.465000 -10.065000
v -6.267660 6.367660 -10.065000
v -6.338370 6.438370 -10.065000
vn 0.000000 0.000000 -1.000000
f 7525//2509 7526//2509 7527//2509
v -6.192968 6.465000 -10.065000
v -6.338370 6.438370 -10.065000
v -6.279571 6.515000 -10.065000
vn -0.000000 0.000000 -1.000000
f 7528//2510 7529//2510 7530//2510
v -6.267660 6.367660 -9.935000
v -6.192968 6.465000 -9.935000
v -6.279571 6.515000 -9.935000
vn 0.000000 -0.000000 1.000000
f 7531//2511 7532//2511 7533//2511
v -6.267660 6.367660 -9.935000
v -6.279571 6.515000 -9.935000
v -6.338370 6.438370 -9.935000
vn 0.000000 0.000000 1.000000
f 7534//2512 7535//2512 7536//2512
v -6.192968 6.465000 -10.065000
v -6.146015 6.578355 -10.065000
v -6.146015 6.578355 -9.935000
vn 0.923880 -0.382683 0.000000
f 7537//2513 7538//2513 7539//2513
v -6.192968 6.465000 -10.065000
v -6.146015 6.578355 -9.935000
v -6.192968 6.465000 -9.935000
vn 0.923880 -0.382683 0.000000
f 7540//2514 7541//2514 7542//2514
v -6.279571 6.515000 -10.065000
v -6.279571 6.515000 -9.935000
v -6.242607 6.604237 -9.935000
vn -0.923880 0.382683 0.000000
f 7543//2515 7544//2515 7545//2515
v -6.279571 6.515000 -10.065000
v -6.242607 6.604237 -9.935000
v -6.242607 6.604237 -10.065000
vn -0.923880 0.382683 0.000000
f 7546//2516 7547//2516 7548//2516
v -6.146015 6.578355 -10.065000
v -6.192968 6.465000 -10.065000
v -6.279571 6.515000 -10.065000
vn 0.000000 0.000000 -1.000000
f 7549//2517 7550//2517 7551//2517
v -6.146015 6.578355 -10.065000
v -6.279571 6.515000 -10.065000
v -6.242607 6.604237 -10.065000
vn -0.000000 0.000000 -1.000000
f 7552//2518 7553//2518 7554//2518
v -6.192968 6.465000 -9.935000
v -6.146015 6.578355 -9.935000
v -6.242607 6.604237 -9.935000
vn 0.000000 -0.000000 1.000000
f 7555//2519 7556//2519 7557//2519
v -6.192968 6.465000 -9.935000
v -6.242607 6.604237 -9.935000
v -6.279571 6.515000 -9.935000
vn 0.000000 0.000000 1.000000
f 7558//2520 7559//2520 7560//2520
v -6.146015 6.578355 -10.065000
v -6.130000 6.700000 -10.065000
v -6.130000 6.700000 -9.935000
vn 0.991445 -0.130526 0.000000
f 7561//2521 7562//2521 7563//2521
v -6.146015 6.578355 -10.065000
v -6.130000 6.700000 -9.935000
v -6.146015 6.578355 -9.935000
vn 0.991445 -0.130526 0.000000
f 7564//2522 7565//2522 7566//2522
v -6.242607 6.604237 -10.065000
v -6.242607 6.604237 -9.935000
v -6.230000 6.700000 -9.935000
vn -0.991445 0.130526 0.000000
f 7567//2523 7568//2523 7569//2523
v -6.242607 6.604237 -10.065000
v -6.230000 6.700000 -9.935000
v -6.230000 6.700000 -10.065000
vn -0.991445 0.130526 0.000000
f 7570//2524 7571//2524 7572//2524
v -6.130000 6.700000 -10.065000
v -6.146015 6.578355 -10.065000
v -6.242607 6.604237 -10.065000
vn 0.000000 0.000000 -1.000000
f 7573//2525 7574//2525 7575//2525
v -6.130000 6.700000 -10.065000
v -6.242607 6.604237 -10.065000
v -6.230000 6.700000 -10.065000
vn -0.000000 0.000000 -1.000000
f 7576//2526 7577//2526 7578//2526
v -6.146015 6.578355 -9.935000
v -6.130000 6.700000 -9.935000
v -6.230000 6.700000 -9.935000
vn 0.000000 -0.000000 1.000000
f 7579//2527 7580//2527 7581//2527
v -6.146015 6.578355 -9.935000
v -6.230000 6.700000 -9.935000
v -6.242607 6.604237 -9.935000
vn 0.000000 0.000000 1.000000
f 7582//2528 7583//2528 7584//2528
v -6.130000 6.700000 -10.065000
v -6.146015 6.821645 -10.065000
v -6.146015 6.821645 -9.935000
vn 0.991445 0.130526 0.000000
f 7585//2529 7586//2529 7587//2529
v -6.130000 6.700000 -10.065000
v -6.146015 6.821645 -9.935000
v -6.130000 6.700000 -9.935000
vn 0.991445 0.130526 -0.000000
f 7588//2530 7589//2530 7590//2530
v -6.230000 6.700000 -10.065000
v -6.230000 6.700000 -9.935000
v -6.242607 6.795763 -9.935000
vn -0.991445 -0.130526 0.000000
f 7591//2531 7592//2531 7593//2531
v -6.230000 6.700000 -10.065000
v -6.242607 6.795763 -9.935000
v -6.242607 6.795763 -10.065000
vn -0.991445 -0.130526 0.000000
f 7594//2532 7595//2532 7596//2532
v -6.146015 6.821645 -10.065000
v -6.130000 6.700000 -10.065000
v -6.230000 6.700000 -10.065000
vn 0.000000 -0.000000 -1.000000
f 7597//2533 7598//2533 7599//2533
v -6.146015 6.821645 -10.065000
v -6.230000 6.700000 -10.065000
v -6.242607 6.795763 -10.065000
vn 0.000000 0.000000 -1.000000
f 7600//2534 7601//2534 7602//2534
v -6.130000 6.700000 -9.935000
v -6.146015 6.821645 -9.935000
v -6.242607 6.795763 -9.935000
vn 0.000000 0.000000 1.000000
f 7603//2535 7604//2535 7605//2535
v -6.130000 6.700000 -9.935000
v -6.242607 6.795763 -9.935000
v -6.230000 6.700000 -9.935000
vn 0.000000 0.000000 1.000000
f 7606//2536 7607//2536 7608//2536
v -6.146015 6.821645 -10.065000
v -6.192968 6.935000 -10.065000
v -6.192968 6.935000 -9.935000
vn 0.923880 0.382683 0.000000
f 7609//2537 7610//2537 7611//2537
v -6.146015 6.821645 -10.065000
v -6.192968 6.935000 -9.935000
v -6.146015 6.821645 -9.935000
vn 0.923880 0.382683 -0.000000
f 7612//2538 7613//2538 7614//2538
v -6.242607 6.795763 -10.065000
v -6.242607 6.795763 -9.935000
v -6.279571 6.885000 -9.935000
vn -0.923880 -0.382683 0.000000
f 7615//2539 7616//2539 7617//2539
v -6.242607 6.795763 -10.065000
v -6.279571 6.885000 -9.935000
v -6.279571 6.885000 -10.065000
vn -0.923880 -0.382683 0.000000
f 7618//2540 7619//2540 7620//2540
v -6.192968 6.935000 -10.065000
v -6.146015 6.821645 -10.065000
v -6.242607 6.795763 -10.065000
vn 0.000000 -0.000000 -1.000000
f 7621//2541 7622//2541 7623//2541
v -6.192968 6.935000 -10.065000
v -6.242607 6.795763 -10.065000
v -6.279571 6.885000 -10.065000
vn 0.000000 0.000000 -1.000000
f 7624//2542 7625//2542 7626//2542
v -6.146015 6.821645 -9.935000
v -6.192968 6.935000 -9.935000
v -6.279571 6.885000 -9.935000
vn 0.000000 0.000000 1.000000
f 7627//2543 7628//2543 7629//2543
v -6.146015 6.821645 -9.935000
v -6.279571 6.885000 -9.935000
v -6.242607 6.795763 -9.935000
vn 0.000000 0.000000 1.000000
f 7630//2544 7631//2544 7632//2544
v -6.192968 6.935000 -10.065000
v -6.267660 7.032340 -10.065000
v -6.267660 7.032340 -9.935000
vn 0.793353 0.608761 0.000000
f 7633//2545 7634//2545 7635//2545
v -6.192968 6.935000 -10.065000
v -6.267660 7.032340 -9.935000
v -6.192968 6.935000 -9.935000
vn 0.793353 0.608761 -0.000000
f 7636//2546 7637//2546 7638//2546
v -6.279571 6.885000 -10.065000
v -6.279571 6.885000 -9.935000
v -6.338370 6.961630 -9.935000
vn -0.793353 -0.608761 0.000000
f 7639//2547 7640//2547 7641//2547
v -6.279571 6.885000 -10.065000
v -6.338370 6.961630 -9.935000
v -6.338370 6.961630 -10.065000
vn -0.793353 -0.608761 0.000000
f 7642//2548 7643//2548 7644//2548
v -6.267660 7.032340 -10.065000
v -6.192968 6.935000 -10.065000
v -6.279571 6.885000 -10.065000
vn 0.000000 -0.000000 -1.000000
f 7645//2549 7646//2549 7647//2549
v -6.267660 7.032340 -10.065000
v -6.279571 6.885000 -10.065000
v -6.338370 6.961630 -10.065000
vn 0.000000 0.000000 -1.000000
f 7648//2550 7649//2550 7650//2550
v -6.192968 6.935000 -9.935000
v -6.267660 7.032340 -9.935000
v -6.338370 6.961630 -9.935000
vn 0.000000 0.000000 1.000000
f 7651//2551 7652//2551 7653//2551
v -6.192968 6.935000 -9.935000
v -6.338370 6.961630 -9.935000
v -6.279571 6.885000 -9.935000
vn 0.000000 0.000000 1.000000
f 7654//2552 7655//2552 7656//2552
v -6.267660 7.032340 -10.065000
v -6.365000 7.107032 -10.065000
v -6.365000 7.107032 -9.935000
vn 0.608761 0.793353 0.000000
f 7657//2553 7658//2553 7659//2553
v -6.267660 7.032340 -10.065000
v -6.365000 7.107032 -9.935000
v -6.267660 7.032340 -9.935000
vn 0.608761 0.793353 -0.000000
f 7660//2554 7661//2554 7662//2554
v -6.338370 6.961630 -10.065000
v -6.338370 6.961630 -9.935000
v -6.415000 7.020429 -9.935000
vn -0.608761 -0.793353 0.000000
f 7663//2555 7664//2555 7665//2555
v -6.338370 6.961630 -10.065000
v -6.415000 7.020429 -9.935000
v -6.415000 7.020429 -10.065000
vn -0.608761 -0.793353 0.000000
f 7666//2556 7667//2556 7668//2556
v -6.365000 7.107032 -10.065000
v -6.267660 7.032340 -10.065000
v -6.338370 6.961630 -10.065000
vn 0.000000 0.000000 -1.000000
f 7669//2557 7670//2557 7671//2557
v -6.365000 7.107032 -10.065000
v -6.338370 6.961630 -10.065000
v -6.415000 7.020429 -10.065000
vn 0.000000 -0.000000 -1.000000
f 7672//2558 7673//2558 7674//2558
v -6.267660 7.032340 -9.935000
v -6.365000 7.107032 -9.935000
v -6.415000 7.020429 -9.935000
vn 0.000000 0.000000 1.000000
f 7675//2559 7676//2559 7677//2559
v -6.267660 7.032340 -9.935000
v -6.415000 7.020429 -9.935000
v -6.338370 6.961630 -9.935000
vn 0.000000 0.000000 1.000000
f 7678//2560 7679//2560 7680//2560
v -6.365000 7.107032 -10.065000
v -6.478355 7.153985 -10.065000
v -6.478355 7.153985 -9.935000
vn 0.382683 0.923880 0.000000
f 7681//2561 7682//2561 7683//2561
v -6.365000 7.107032 -10.065000
v -6.478355 7.153985 -9.935000
v -6.365000 7.107032 -9.935000
vn 0.382683 0.923880 -0.000000
f 7684//2562 7685//2562 7686//2562
v -6.415000 7.020429 -10.065000
v -6.415000 7.020429 -9.935000
v -6.504237 7.057393 -9.935000
vn -0.382683 -0.923880 0.000000
f 7687//2563 7688//2563 7689//2563
v -6.415000 7.020429 -10.065000
v -6.504237 7.057393 -9.935000
v -6.504237 7.057393 -10.065000
vn -0.382683 -0.923880 0.000000
f 7690//2564 7691//2564 7692//2564
v -6.478355 7.153985 -10.065000
v -6.365000 7.107032 -10.065000
v -6.415000 7.020429 -10.065000
vn 0.000000 0.000000 -1.000000
f 7693//2565 7694//2565 7695//2565
v -6.478355 7.153985 -10.065000
v -6.415000 7.020429 -10.065000
v -6.504237 7.057393 -10.065000
vn 0.000000 -0.000000 -1.000000
f 7696//2566 7697//2566 7698//2566
v -6.365000 7.107032 -9.935000
v -6.478355 7.153985 -9.935000
v -6.504237 7.057393 -9.935000
vn 0.000000 0.000000 1.000000
f 7699//2567 7700//2567 7701//2567
v -6.365000 7.107032 -9.935000
v -6.504237 7.057393 -9.935000
v -6.415000 7.020429 -9.935000
vn 0.000000 0.000000 1.000000
f 7702//2568 7703//2568 7704//2568
v -6.478355 7.153985 -10.065000
v -6.600000 7.170000 -10.065000
v -6.600000 7.170000 -9.935000
vn 0.130526 0.991445 0.000000
f 7705//2569 7706//2569 7707//2569
v -6.478355 7.153985 -10.065000
v -6.600000 7.170000 -9.935000
v -6.478355 7.153985 -9.935000
vn 0.130526 0.991445 -0.000000
f 7708//2570 7709//2570 7710//2570
v -6.504237 7.057393 -10.065000
v -6.504237 7.057393 -9.935000
v -6.600000 7.070000 -9.935000
vn -0.130526 -0.991445 0.000000
f 7711//2571 7712//2571 7713//2571
v -6.504237 7.057393 -10.065000
v -6.600000 7.070000 -9.935000
v -6.600000 7.070000 -10.065000
vn -0.130526 -0.991445 0.000000
f 7714//2572 7715//2572 7716//2572
v -6.600000 7.170000 -10.065000
v -6.478355 7.153985 -10.065000
v -6.504237 7.057393 -10.065000
vn 0.000000 0.000000 -1.000000
f 7717//2573 7718//2573 7719//2573
v -6.600000 7.170000 -10.065000
v -6.504237 7.057393 -10.065000
v -6.600000 7.070000 -10.065000
vn 0.000000 0.000000 -1.000000
f 7720//2574 7721//2574 7722//2574
v -6.478355 7.153985 -9.935000
v -6.600000 7.170000 -9.935000
v -6.600000 7.070000 -9.935000
vn 0.000000 0.000000 1.000000
f 7723//2575 7724//2575 7725//2575
v -6.478355 7.153985 -9.935000
v -6.600000 7.070000 -9.935000
v -6.504237 7.057393 -9.935000
vn 0.000000 0.000000 1.000000
f 7726//2576 7727//2576 7728//2576
v -6.600000 7.170000 -10.065000
v -6.721645 7.153985 -10.065000
v -6.721645 7.153985 -9.935000
vn -0.130526 0.991445 0.000000
f 7729//2577 7730//2577 7731//2577
v -6.600000 7.170000 -10.065000
v -6.721645 7.153985 -9.935000
v -6.600000 7.170000 -9.935000
vn -0.130526 0.991445 0.000000
f 7732//2578 7733//2578 7734//2578
v -6.600000 7.070000 -10.065000
v -6.600000 7.070000 -9.935000
v -6.695763 7.057393 -9.935000
vn 0.130526 -0.991445 0.000000
f 7735//2579 7736//2579 7737//2579
v -6.600000 7.070000 -10.065000
v -6.695763 7.057393 -9.935000
v -6.695763 7.057393 -10.065000
vn 0.130526 -0.991445 0.000000
f 7738//2580 7739//2580 7740//2580
v -6.721645 7.153985 -10.065000
v -6.600000 7.170000 -10.065000
v -6.600000 7.070000 -10.065000
vn 0.000000 0.000000 -1.000000
f 7741//2581 7742//2581 7743//2581
v -6.721645 7.153985 -10.065000
v -6.600000 7.070000 -10.065000
v -6.695763 7.057393 -10.065000
vn 0.000000 0.000000 -1.000000
f 7744//2582 7745//2582 7746//2582
v -6.600000 7.170000 -9.935000
v -6.721645 7.153985 -9.935000
v -6.695763 7.057393 -9.935000
vn 0.000000 0.000000 1.000000
f 7747//2583 7748//2583 7749//2583
v -6.600000 7.170000 -9.935000
v -6.695763 7.057393 -9.935000
v -6.600000 7.070000 -9.935000
vn 0.000000 0.000000 1.000000
f 7750//2584 7751//2584 7752//2584
v -6.721645 7.153985 -10.065000
v -6.835000 7.107032 -10.065000
v -6.835000 7.107032 -9.935000
vn -0.382683 0.923880 0.000000
f 7753//2585 7754//2585 7755//2585
v -6.721645 7.153985 -10.065000
v -6.835000 7.107032 -9.935000
v -6.721645 7.153985 -9.935000
vn -0.382683 0.923880 0.000000
f 7756//2586 7757//2586 7758//2586
v -6.695763 7.057393 -10.065000
v -6.695763 7.057393 -9.935000
v -6.785000 7.020429 -9.935000
vn 0.382683 -0.923880 0.000000
f 7759//2587 7760//2587 7761//2587
v -6.695763 7.057393 -10.065000
v -6.785000 7.020429 -9.935000
v -6.785000 7.020429 -10.065000
vn 0.382683 -0.923880 0.000000
f 7762//2588 7763//2588 7764//2588
v -6.835000 7.107032 -10.065000
v -6.721645 7.153985 -10.065000
v -6.695763 7.057393 -10.065000
vn 0.000000 0.000000 -1.000000
f 7765//2589 7766//2589 7767//2589
v -6.835000 7.107032 -10.065000
v -6.695763 7.057393 -10.065000
v -6.785000 7.020429 -10.065000
vn 0.000000 0.000000 -1.000000
f 7768//2590 7769//2590 7770//2590
v -6.721645 7.153985 -9.935000
v -6.835000 7.107032 -9.935000
v -6.785000 7.020429 -9.935000
vn 0.000000 0.000000 1.000000
f 7771//2591 7772//2591 7773//2591
v -6.721645 7.153985 -9.935000
v -6.785000 7.020429 -9.935000
v -6.695763 7.057393 -9.935000
vn 0.000000 0.000000 1.000000
f 7774//2592 7775//2592 7776//2592
v -6.835000 7.107032 -10.065000
v -6.932340 7.032340 -10.065000
v -6.932340 7.032340 -9.935000
vn -0.608761 0.793353 0.000000
f 7777//2593 7778//2593 7779//2593
v -6.835000 7.107032 -10.065000
v -6.932340 7.032340 -9.935000
v -6.835000 7.107032 -9.935000
vn -0.608761 0.793353 0.000000
f 7780//2594 7781//2594 7782//2594
v -6.785000 7.020429 -10.065000
v -6.785000 7.020429 -9.935000
v -6.861630 6.961630 -9.935000
vn 0.608761 -0.793353 0.000000
f 7783//2595 7784//2595 7785//2595
v -6.785000 7.020429 -10.065000
v -6.861630 6.961630 -9.935000
v -6.861630 6.961630 -10.065000
vn 0.608761 -0.793353 0.000000
f 7786//2596 7787//2596 7788//2596
v -6.932340 7.032340 -10.065000
v -6.835000 7.107032 -10.065000
v -6.785000 7.020429 -10.065000
vn 0.000000 0.000000 -1.000000
f 7789//2597 7790//2597 7791//2597
v -6.932340 7.032340 -10.065000
v -6.785000 7.020429 -10.065000
v -6.861630 6.961630 -10.065000
vn 0.000000 0.000000 -1.000000
f 7792//2598 7793//2598 7794//2598
v -6.835000 7.107032 -9.935000
v -6.932340 7.032340 -9.935000
v -6.861630 6.961630 -9.935000
vn 0.000000 0.000000 1.000000
f 7795//2599 7796//2599 7797//2599
v -6.835000 7.107032 -9.935000
v -6.861630 6.961630 -9.935000
v -6.785000 7.020429 -9.935000
vn 0.000000 0.000000 1.000000
f 7798//2600 7799//2600 7800//2600
v -6.932340 7.032340 -10.065000
v -7.007032 6.935000 -10.065000
v -7.007032 6.935000 -9.935000
vn -0.793353 0.608761 0.000000
f 7801//2601 7802//2601 7803//2601
v -6.932340 7.032340 -10.065000
v -7.007032 6.935000 -9.935000
v -6.932340 7.032340 -9.935000
vn -0.793353 0.608761 0.000000
f 7804//2602 7805//2602 7806//2602
v -6.861630 6.961630 -10.065000
v -6.861630 6.961630 -9.935000
v -6.920429 6.885000 -9.935000
vn 0.793353 -0.608761 0.000000
f 7807//2603 7808//2603 7809//2603
v -6.861630 6.961630 -10.065000
v -6.920429 6.885000 -9.935000
v -6.920429 6.885000 -10.065000
vn 0.793353 -0.608761 0.000000
f 7810//2604 7811//2604 7812//2604
v -7.007032 6.935000 -10.065000
v -6.932340 7.032340 -10.065000
v -6.861630 6.961630 -10.065000
vn 0.000000 0.000000 -1.000000
f 7813//2605 7814//2605 7815//2605
v -7.007032 6.935000 -10.065000
v -6.861630 6.961630 -10.065000
v -6.920429 6.885000 -10.065000
vn 0.000000 0.000000 -1.000000
f 7816//2606 7817//2606 7818//2606
v -6.932340 7.032340 -9.935000
v -7.007032 6.935000 -9.935000
v -6.920429 6.885000 -9.935000
vn 0.000000 0.000000 1.000000
f 7819//2607 7820//2607 7821//2607
v -6.932340 7.032340 -9.935000
v -6.920429 6.885000 -9.935000
v -6.861630 6.961630 -9.935000
vn 0.000000 0.000000 1.000000
f 7822//2608 7823//2608 7824//2608
v -7.007032 6.935000 -10.065000
v -7.053985 6.821645 -10.065000
v -7.053985 6.821645 -9.935000
vn -0.923880 0.382683 0.000000
f 7825//2609 7826//2609 7827//2609
v -7.007032 6.935000 -10.065000
v -7.053985 6.821645 -9.935000
v -7.007032 6.935000 -9.935000
vn -0.923880 0.382683 0.000000
f 7828//2610 7829//2610 7830//2610
v -6.920429 6.885000 -10.065000
v -6.920429 6.885000 -9.935000
v -6.957393 6.795763 -9.935000
vn 0.923880 -0.382683 0.000000
f 7831//2611 7832//2611 7833//2611
v -6.920429 6.885000 -10.065000
v -6.957393 6.795763 -9.935000
v -6.957393 6.795763 -10.065000
vn 0.923880 -0.382683 0.000000
f 7834//2612 7835//2612 7836//2612
v -7.053985 6.821645 -10.065000
v -7.007032 6.935000 -10.065000
v -6.920429 6.885000 -10.065000
vn 0.000000 0.000000 -1.000000
f 7837//2613 7838//2613 7839//2613
v -7.053985 6.821645 -10.065000
v -6.920429 6.885000 -10.065000
v -6.957393 6.795763 -10.065000
vn 0.000000 0.000000 -1.000000
f 7840//2614 7841//2614 7842//2614
v -7.007032 6.935000 -9.935000
v -7.053985 6.821645 -9.935000
v -6.957393 6.795763 -9.935000
vn 0.000000 0.000000 1.000000
f 7843//2615 7844//2615 7845//2615
v -7.007032 6.935000 -9.935000
v -6.957393 6.795763 -9.935000
v -6.920429 6.885000 -9.935000
vn 0.000000 0.000000 1.000000
f 7846//2616 7847//2616 7848//2616
v -7.053985 6.821645 -10.065000
v -7.070000 6.700000 -10.065000
v -7.070000 6.700000 -9.935000
vn -0.991445 0.130526 0.000000
f 7849//2617 7850//2617 7851//2617
v -7.053985 6.821645 -10.065000
v -7.070000 6.700000 -9.935000
v -7.053985 6.821645 -9.935000
vn -0.991445 0.130526 0.000000
f 7852//2618 7853//2618 7854//2618
v -6.957393 6.795763 -10.065000
v -6.957393 6.795763 -9.935000
v -6.970000 6.700000 -9.935000
vn 0.991445 -0.130526 0.000000
f 7855//2619 7856//2619 7857//2619
v -6.957393 6.795763 -10.065000
v -6.970000 6.700000 -9.935000
v -6.970000 6.700000 -10.065000
vn 0.991445 -0.130526 0.000000
f 7858//2620 7859//2620 7860//2620
v -7.070000 6.700000 -10.065000
v -7.053985 6.821645 -10.065000
v -6.957393 6.795763 -10.065000
vn 0.000000 0.000000 -1.000000
f 7861//2621 7862//2621 7863//2621
v -7.070000 6.700000 -10.065000
v -6.957393 6.795763 -10.065000
v -6.970000 6.700000 -10.065000
vn 0.000000 0.000000 -1.000000
f 7864//2622 7865//2622 7866//2622
v -7.053985 6.821645 -9.935000
v -7.070000 6.700000 -9.935000
v -6.970000 6.700000 -9.935000
vn 0.000000 0.000000 1.000000
f 7867//2623 7868//2623 7869//2623
v -7.053985 6.821645 -9.935000
v -6.970000 6.700000 -9.935000
v -6.957393 6.795763 -9.935000
vn 0.000000 0.000000 1.000000
f 7870//2624 7871//2624 7872//2624
v -7.070000 6.700000 -6.065000
v -7.053985 6.578355 -6.065000
v -7.053985 6.578355 -5.935000
vn -0.991445 -0.130526 0.000000
f 7873//2625 7874//2625 7875//2625
v -7.070000 6.700000 -6.065000
v -7.053985 6.578355 -5.935000
v -7.070000 6.700000 -5.935000
vn -0.991445 -0.130526 0.000000
f 7876//2626 7877//2626 7878//2626
v -6.970000 6.700000 -6.065000
v -6.970000 6.700000 -5.935000
v -6.957393 6.604237 -5.935000
vn 0.991445 0.130526 -0.000000
f 7879//2627 7880//2627 7881//2627
v -6.970000 6.700000 -6.065000
v -6.957393 6.604237 -5.935000
v -6.957393 6.604237 -6.065000
vn 0.991445 0.130526 0.000000
f 7882//2628 7883//2628 7884//2628
v -7.053985 6.578355 -6.065000
v -7.070000 6.700000 -6.065000
v -6.970000 6.700000 -6.065000
vn 0.000000 0.000000 -1.000000
f 7885//2629 7886//2629 7887//2629
v -7.053985 6.578355 -6.065000
v -6.970000 6.700000 -6.065000
v -6.957393 6.604237 -6.065000
vn 0.000000 0.000000 -1.000000
f 7888//2630 7889//2630 7890//2630
v -7.070000 6.700000 -5.935000
v -7.053985 6.578355 -5.935000
v -6.957393 6.604237 -5.935000
vn 0.000000 0.000000 1.000000
f 7891//2631 7892//2631 7893//2631
v -7.070000 6.700000 -5.935000
v -6.957393 6.604237 -5.935000
v -6.970000 6.700000 -5.935000
vn -0.000000 0.000000 1.000000
f 7894//2632 7895//2632 7896//2632
v -7.053985 6.578355 -6.065000
v -7.007032 6.465000 -6.065000
v -7.007032 6.465000 -5.935000
vn -0.923880 -0.382683 0.000000
f 7897//2633 7898//2633 7899//2633
v -7.053985 6.578355 -6.065000
v -7.007032 6.465000 -5.935000
v -7.053985 6.578355 -5.935000
vn -0.923880 -0.382683 0.000000
f 7900//2634 7901//2634 7902//2634
v -6.957393 6.604237 -6.065000
v -6.957393 6.604237 -5.935000
v -6.920429 6.515000 -5.935000
vn 0.923880 0.382683 -0.000000
f 7903//2635 7904//2635 7905//2635
v -6.957393 6.604237 -6.065000
v -6.920429 6.515000 -5.935000
v -6.920429 6.515000 -6.065000
vn 0.923880 0.382683 0.000000
f 7906//2636 7907//2636 7908//2636
v -7.007032 6.465000 -6.065000
v -7.053985 6.578355 -6.065000
v -6.957393 6.604237 -6.065000
vn 0.000000 0.000000 -1.000000
f 7909//2637 7910//2637 7911//2637
v -7.007032 6.465000 -6.065000
v -6.957393 6.604237 -6.065000
v -6.920429 6.515000 -6.065000
vn 0.000000 0.000000 -1.000000
f 7912//2638 7913//2638 7914//2638
v -7.053985 6.578355 -5.935000
v -7.007032 6.465000 -5.935000
v -6.920429 6.515000 -5.935000
vn 0.000000 0.000000 1.000000
f 7915//2639 7916//2639 7917//2639
v -7.053985 6.578355 -5.935000
v -6.920429 6.515000 -5.935000
v -6.957393 6.604237 -5.935000
vn -0.000000 0.000000 1.000000
f 7918//2640 7919//2640 7920//2640
v -7.007032 6.465000 -6.065000
v -6.932340 6.367660 -6.065000
v -6.932340 6.367660 -5.935000
vn -0.793353 -0.608761 0.000000
f 7921//2641 7922//2641 7923//2641
v -7.007032 6.465000 -6.065000
v -6.932340 6.367660 -5.935000
v -7.007032 6.465000 -5.935000
vn -0.793353 -0.608761 0.000000
f 7924//2642 7925//2642 7926//2642
v -6.920429 6.515000 -6.065000
v -6.920429 6.515000 -5.935000
v -6.861630 6.438370 -5.935000
vn 0.793353 0.608761 -0.000000
f 7927//2643 7928//2643 7929//2643
v -6.920429 6.515000 -6.065000
v -6.861630 6.438370 -5.935000
v -6.861630 6.438370 -6.065000
vn 0.793353 0.608761 0.000000
f 7930//2644 7931//2644 7932//2644
v -6.932340 6.367660 -6.065000
v -7.007032 6.465000 -6.065000
v -6.920429 6.515000 -6.065000
vn 0.000000 0.000000 -1.000000
f 7933//2645 7934//2645 7935//2645
v -6.932340 6.367660 -6.065000
v -6.920429 6.515000 -6.065000
v -6.861630 6.438370 -6.065000
vn 0.000000 0.000000 -1.000000
f 7936//2646 7937//2646 7938//2646
v -7.007032 6.465000 -5.935000
v -6.932340 6.367660 -5.935000
v -6.861630 6.438370 -5.935000
vn 0.000000 0.000000 1.000000
f 7939//2647 7940//2647 7941//2647
v -7.007032 6.465000 -5.935000
v -6.861630 6.438370 -5.935000
v -6.920429 6.515000 -5.935000
vn -0.000000 0.000000 1.000000
f 7942//2648 7943//2648 7944//2648
v -6.932340 6.367660 -6.065000
v -6.835000 6.292968 -6.065000
v -6.835000 6.292968 -5.935000
vn -0.608761 -0.793353 0.000000
f 7945//2649 7946//2649 7947//2649
v -6.932340 6.367660 -6.065000
v -6.835000 6.292968 -5.935000
v -6.932340 6.367660 -5.935000
vn -0.608761 -0.793353 0.000000
f 7948//2650 7949//2650 7950//2650
v -6.861630 6.438370 -6.065000
v -6.861630 6.438370 -5.935000
v -6.785000 6.379571 -5.935000
vn 0.608761 0.793353 -0.000000
f 7951//2651 7952//2651 7953//2651
v -6.861630 6.438370 -6.065000
v -6.785000 6.379571 -5.935000
v -6.785000 6.379571 -6.065000
vn 0.608761 0.793353 0.000000
f 7954//2652 7955//2652 7956//2652
v -6.835000 6.292968 -6.065000
v -6.932340 6.367660 -6.065000
v -6.861630 6.438370 -6.065000
vn 0.000000 0.000000 -1.000000
f 7957//2653 7958//2653 7959//2653
v -6.835000 6.292968 -6.065000
v -6.861630 6.438370 -6.065000
v -6.785000 6.379571 -6.065000
vn 0.000000 0.000000 -1.000000
f 7960//2654 7961//2654 7962//2654
v -6.932340 6.367660 -5.935000
v -6.835000 6.292968 -5.935000
v -6.785000 6.379571 -5.935000
vn -0.000000 0.000000 1.000000
f 7963//2655 7964//2655 7965//2655
v -6.932340 6.367660 -5.935000
v -6.785000 6.379571 -5.935000
v -6.861630 6.438370 -5.935000
vn 0.000000 0.000000 1.000000
f 7966//2656 7967//2656 7968//2656
v -6.835000 6.292968 -6.065000
v -6.721645 6.246015 -6.065000
v -6.721645 6.246015 -5.935000
vn -0.382683 -0.923880 0.000000
f 7969//2657 7970//2657 7971//2657
v -6.835000 6.292968 -6.065000
v -6.721645 6.246015 -5.935000
v -6.835000 6.292968 -5.935000
vn -0.382683 -0.923880 0.000000
f 7972//2658 7973//2658 7974//2658
v -6.785000 6.379571 -6.065000
v -6.785000 6.379571 -5.935000
v -6.695763 6.342607 -5.935000
vn 0.382683 0.923880 -0.000000
f 7975//2659 7976//2659 7977//2659
v -6.785000 6.379571 -6.065000
v -6.695763 6.342607 -5.935000
v -6.695763 6.342607 -6.065000
vn 0.382683 0.923880 0.000000
f 7978//2660 7979//2660 7980//2660
v -6.721645 6.246015 -6.065000
v -6.835000 6.292968 -6.065000
v -6.785000 6.379571 -6.065000
vn 0.000000 0.000000 -1.000000
f 7981//2661 7982//2661 7983//2661
v -6.721645 6.246015 -6.065000
v -6.785000 6.379571 -6.065000
v -6.695763 6.342607 -6.065000
vn 0.000000 0.000000 -1.000000
f 7984//2662 7985//2662 7986//2662
v -6.835000 6.292968 -5.935000
v -6.721645 6.246015 -5.935000
v -6.695763 6.342607 -5.935000
vn -0.000000 0.000000 1.000000
f 7987//2663 7988//2663 7989//2663
v -6.835000 6.292968 -5.935000
v -6.695763 6.342607 -5.935000
v -6.785000 6.379571 -5.935000
vn 0.000000 0.000000 1.000000
f 7990//2664 7991//2664 7992//2664
v -6.721645 6.246015 -6.065000
v -6.600000 6.230000 -6.065000
v -6.600000 6.230000 -5.935000
vn -0.130526 -0.991445 0.000000
f 7993//2665 7994//2665 7995//2665
v -6.721645 6.246015 -6.065000
v -6.600000 6.230000 -5.935000
v -6.721645 6.246015 -5.935000
vn -0.130526 -0.991445 0.000000
f 7996//2666 7997//2666 7998//2666
v -6.695763 6.342607 -6.065000
v -6.695763 6.342607 -5.935000
v -6.600000 6.330000 -5.935000
vn 0.130526 0.991445 -0.000000
f 7999//2667 8000//2667 8001//2667
v -6.695763 6.342607 -6.065000
v -6.600000 6.330000 -5.935000
v -6.600000 6.330000 -6.065000
vn 0.130526 0.991445 0.000000
f 8002//2668 8003//2668 8004//2668
v -6.600000 6.230000 -6.065000
v -6.721645 6.246015 -6.065000
v -6.695763 6.342607 -6.065000
vn 0.000000 0.000000 -1.000000
f 8005//2669 8006//2669 8007//2669
v -6.600000 6.230000 -6.065000
v -6.695763 6.342607 -6.065000
v -6.600000 6.330000 -6.065000
vn 0.000000 0.000000 -1.000000
f 8008//2670 8009//2670 8010//2670
v -6.721645 6.246015 -5.935000
v -6.600000 6.230000 -5.935000
v -6.600000 6.330000 -5.935000
vn -0.000000 0.000000 1.000000
f 8011//2671 8012//2671 8013//2671
v -6.721645 6.246015 -5.935000
v -6.600000 6.330000 -5.935000
v -6.695763 6.342607 -5.935000
vn 0.000000 0.000000 1.000000
f 8014//2672 8015//2672 8016//2672
v -6.600000 6.230000 -6.065000
v -6.478355 6.246015 -6.065000
v -6.478355 6.246015 -5.935000
vn 0.130526 -0.991445 0.000000
f 8017//2673 8018//2673 8019//2673
v -6.600000 6.230000 -6.065000
v -6.478355 6.246015 -5.935000
v -6.600000 6.230000 -5.935000
vn 0.130526 -0.991445 0.000000
f 8020//2674 8021//2674 8022//2674
v -6.600000 6.330000 -6.065000
v -6.600000 6.330000 -5.935000
v -6.504237 6.342607 -5.935000
vn -0.130526 0.991445 0.000000
f 8023//2675 8024//2675 8025//2675
v -6.600000 6.330000 -6.065000
v -6.504237 6.342607 -5.935000
v -6.504237 6.342607 -6.065000
vn -0.130526 0.991445 0.000000
f 8026//2676 8027//2676 8028//2676
v -6.478355 6.246015 -6.065000
v -6.600000 6.230000 -6.065000
v -6.600000 6.330000 -6.065000
vn -0.000000 0.000000 -1.000000
f 8029//2677 8030//2677 8031//2677
v -6.478355 6.246015 -6.065000
v -6.600000 6.330000 -6.065000
v -6.504237 6.342607 -6.065000
vn 0.000000 0.000000 -1.000000
f 8032//2678 8033//2678 8034//2678
v -6.600000 6.230000 -5.935000
v -6.478355 6.246015 -5.935000
v -6.504237 6.342607 -5.935000
vn 0.000000 0.000000 1.000000
f 8035//2679 8036//2679 8037//2679
v -6.600000 6.230000 -5.935000
v -6.504237 6.342607 -5.935000
v -6.600000 6.330000 -5.935000
vn 0.000000 0.000000 1.000000
f 8038//2680 8039//2680 8040//2680
v -6.478355 6.246015 -6.065000
v -6.365000 6.292968 -6.065000
v -6.365000 6.292968 -5.935000
vn 0.382683 -0.923880 0.000000
f 8041//2681 8042//2681 8043//2681
v -6.478355 6.246015 -6.065000
v -6.365000 6.292968 -5.935000
v -6.478355 6.246015 -5.935000
vn 0.382683 -0.923880 0.000000
f 8044//2682 8045//2682 8046//2682
v -6.504237 6.342607 -6.065000
v -6.504237 6.342607 -5.935000
v -6.415000 6.379571 -5.935000
vn -0.382683 0.923880 0.000000
f 8047//2683 8048//2683 8049//2683
v -6.504237 6.342607 -6.065000
v -6.415000 6.379571 -5.935000
v -6.415000 6.379571 -6.065000
vn -0.382683 0.923880 0.000000
f 8050//2684 8051//2684 8052//2684
v -6.365000 6.292968 -6.065000
v -6.478355 6.246015 -6.065000
v -6.504237 6.342607 -6.065000
vn -0.000000 0.000000 -1.000000
f 8053//2685 8054//2685 8055//2685
v -6.365000 6.292968 -6.065000
v -6.504237 6.342607 -6.065000
v -6.415000 6.379571 -6.065000
vn 0.000000 0.000000 -1.000000
f 8056//2686 8057//2686 8058//2686
v -6.478355 6.246015 -5.935000
v -6.365000 6.292968 -5.935000
v -6.415000 6.379571 -5.935000
vn 0.000000 0.000000 1.000000
f 8059//2687 8060//2687 8061//2687
v -6.478355 6.246015 -5.935000
v -6.415000 6.379571 -5.935000
v -6.504237 6.342607 -5.935000
vn 0.000000 -0.000000 1.000000
f 8062//2688 8063//2688 8064//2688
v -6.365000 6.292968 -6.065000
v -6.267660 6.367660 -6.065000
v -6.267660 6.367660 -5.935000
vn 0.608761 -0.793353 0.000000
f 8065//2689 8066//2689 8067//2689
v -6.365000 6.292968 -6.065000
v -6.267660 6.367660 -5.935000
v -6.365000 6.292968 -5.935000
vn 0.608761 -0.793353 0.000000
f 8068//2690 8069//2690 8070//2690
v -6.415000 6.379571 -6.065000
v -6.415000 6.379571 -5.935000
v -6.338370 6.438370 -5.935000
vn -0.608761 0.793353 0.000000
f 8071//2691 8072//2691 8073//2691
v -6.415000 6.379571 -6.065000
v -6.338370 6.438370 -5.935000
v -6.338370 6.438370 -6.065000
vn -0.608761 0.793353 0.000000
f 8074//2692 8075//2692 8076//2692
v -6.267660 6.367660 -6.065000
v -6.365000 6.292968 -6.065000
v -6.415000 6.379571 -6.065000
vn -0.000000 0.000000 -1.000000
f 8077//2693 8078//2693 8079//2693
v -6.267660 6.367660 -6.065000
v -6.415000 6.379571 -6.065000
v -6.338370 6.438370 -6.065000
vn 0.000000 0.000000 -1.000000
f 8080//2694 8081//2694 8082//2694
v -6.365000 6.292968 -5.935000
v -6.267660 6.367660 -5.935000
v -6.338370 6.438370 -5.935000
vn 0.000000 0.000000 1.000000
f 8083//2695 8084//2695 8085//2695
v -6.365000 6.292968 -5.935000
v -6.338370 6.438370 -5.935000
v -6.415000 6.379571 -5.935000
vn 0.000000 -0.000000 1.000000
f 8086//2696 8087//2696 8088//2696
v -6.267660 6.367660 -6.065000
v -6.192968 6.465000 -6.065000
v -6.192968 6.465000 -5.935000
vn 0.793353 -0.608761 0.000000
f 8089//2697 8090//2697 8091//2697
v -6.267660 6.367660 -6.065000
v -6.192968 6.465000 -5.935000
v -6.267660 6.367660 -5.935000
vn 0.793353 -0.608761 0.000000
f 8092//2698 8093//2698 8094//2698
v -6.338370 6.438370 -6.065000
v -6.338370 6.438370 -5.935000
v -6.279571 6.515000 -5.935000
vn -0.793353 0.608761 0.000000
f 8095//2699 8096//2699 8097//2699
v -6.338370 6.438370 -6.065000
v -6.279571 6.515000 -5.935000
v -6.279571 6.515000 -6.065000
vn -0.793353 0.608761 0.000000
f 8098//2700 8099//2700 8100//2700
v -6.192968 6.465000 -6.065000
v -6.267660 6.367660 -6.065000
v -6.338370 6.438370 -6.065000
vn 0.000000 0.000000 -1.000000
f 8101//2701 8102//2701 8103//2701
v -6.192968 6.465000 -6.065000
v -6.338370 6.438370 -6.065000
v -6.279571 6.515000 -6.065000
vn -0.000000 0.000000 -1.000000
f 8104//2702 8105//2702 8106//2702
v -6.267660 6.367660 -5.935000
v -6.192968 6.465000 -5.935000
v -6.279571 6.515000 -5.935000
vn 0.000000 -0.000000 1.000000
f 8107//2703 8108//2703 8109//2703
v -6.267660 6.367660 -5.935000
v -6.279571 6.515000 -5.935000
v -6.338370 6.438370 -5.935000
vn 0.000000 0.000000 1.000000
f 8110//2704 8111//2704 8112//2704
v -6.192968 6.465000 -6.065000
v -6.146015 6.578355 -6.065000
v -6.146015 6.578355 -5.935000
vn 0.923880 -0.382683 0.000000
f 8113//2705 8114//2705 8115//2705
v -6.192968 6.465000 -6.065000
v -6.146015 6.578355 -5.935000
v -6.192968 6.465000 -5.935000
vn 0.923880 -0.382683 0.000000
f 8116//2706 8117//2706 8118//2706
v -6.279571 6.515000 -6.065000
v -6.279571 6.515000 -5.935000
v -6.242607 6.604237 -5.935000
vn -0.923880 0.382683 0.000000
f 8119//2707 8120//2707 8121//2707
v -6.279571 6.515000 -6.065000
v -6.242607 6.604237 -5.935000
v -6.242607 6.604237 -6.065000
vn -0.923880 0.382683 0.000000
f 8122//2708 8123//2708 8124//2708
v -6.146015 6.578355 -6.065000
v -6.192968 6.465000 -6.065000
v -6.279571 6.515000 -6.065000
vn 0.000000 0.000000 -1.000000
f 8125//2709 8126//2709 8127//2709
v -6.146015 6.578355 -6.065000
v -6.279571 6.515000 -6.065000
v -6.242607 6.604237 -6.065000
vn -0.000000 0.000000 -1.000000
f 8128//2710 8129//2710 8130//2710
v -6.192968 6.465000 -5.935000
v -6.146015 6.578355 -5.935000
v -6.242607 6.604237 -5.935000
vn 0.000000 -0.000000 1.000000
f 8131//2711 8132//2711 8133//2711
v -6.192968 6.465000 -5.935000
v -6.242607 6.604237 -5.935000
v -6.279571 6.515000 -5.935000
vn 0.000000 0.000000 1.000000
f 8134//2712 8135//2712 8136//2712
v -6.146015 6.578355 -6.065000
v -6.130000 6.700000 -6.065000
v -6.130000 6.700000 -5.935000
vn 0.991445 -0.130526 0.000000
f 8137//2713 8138//2713 8139//2713
v -6.146015 6.578355 -6.065000
v -6.130000 6.700000 -5.935000
v -6.146015 6.578355 -5.935000
vn 0.991445 -0.130526 0.000000
f 8140//2714 8141//2714 8142//2714
v -6.242607 6.604237 -6.065000
v -6.242607 6.604237 -5.935000
v -6.230000 6.700000 -5.935000
vn -0.991445 0.130526 0.000000
f 8143//2715 8144//2715 8145//2715
v -6.242607 6.604237 -6.065000
v -6.230000 6.700000 -5.935000
v -6.230000 6.700000 -6.065000
vn -0.991445 0.130526 0.000000
f 8146//2716 8147//2716 8148//2716
v -6.130000 6.700000 -6.065000
v -6.146015 6.578355 -6.065000
v -6.242607 6.604237 -6.065000
vn 0.000000 0.000000 -1.000000
f 8149//2717 8150//2717 8151//2717
v -6.130000 6.700000 -6.065000
v -6.242607 6.604237 -6.065000
v -6.230000 6.700000 -6.065000
vn -0.000000 0.000000 -1.000000
f 8152//2718 8153//2718 8154//2718
v -6.146015 6.578355 -5.935000
v -6.130000 6.700000 -5.935000
v -6.230000 6.700000 -5.935000
vn 0.000000 -0.000000 1.000000
f 8155//2719 8156//2719 8157//2719
v -6.146015 6.578355 -5.935000
v -6.230000 6.700000 -5.935000
v -6.242607 6.604237 -5.935000
vn 0.000000 0.000000 1.000000
f 8158//2720 8159//2720 8160//2720
v -6.130000 6.700000 -6.065000
v -6.146015 6.821645 -6.065000
v -6.146015 6.821645 -5.935000
vn 0.991445 0.130526 0.000000
f 8161//2721 8162//2721 8163//2721
v -6.130000 6.700000 -6.065000
v -6.146015 6.821645 -5.935000
v -6.130000 6.700000 -5.935000
vn 0.991445 0.130526 -0.000000
f 8164//2722 8165//2722 8166//2722
v -6.230000 6.700000 -6.065000
v -6.230000 6.700000 -5.935000
v -6.242607 6.795763 -5.935000
vn -0.991445 -0.130526 0.000000
f 8167//2723 8168//2723 8169//2723
v -6.230000 6.700000 -6.065000
v -6.242607 6.795763 -5.935000
v -6.242607 6.795763 -6.065000
vn -0.991445 -0.130526 0.000000
f 8170//2724 8171//2724 8172//2724
v -6.146015 6.821645 -6.065000
v -6.130000 6.700000 -6.065000
v -6.230000 6.700000 -6.065000
vn 0.000000 -0.000000 -1.000000
f 8173//2725 8174//2725 8175//2725
v -6.146015 6.821645 -6.065000
v -6.230000 6.700000 -6.065000
v -6.242607 6.795763 -6.065000
vn 0.000000 0.000000 -1.000000
f 8176//2726 8177//2726 8178//2726
v -6.130000 6.700000 -5.935000
v -6.146015 6.821645 -5.935000
v -6.242607 6.795763 -5.935000
vn 0.000000 0.000000 1.000000
f 8179//2727 8180//2727 8181//2727
v -6.130000 6.700000 -5.935000
v -6.242607 6.795763 -5.935000
v -6.230000 6.700000 -5.935000
vn 0.000000 0.000000 1.000000
f 8182//2728 8183//2728 8184//2728
v -6.146015 6.821645 -6.065000
v -6.192968 6.935000 -6.065000
v -6.192968 6.935000 -5.935000
vn 0.923880 0.382683 0.000000
f 8185//2729 8186//2729 8187//2729
v -6.146015 6.821645 -6.065000
v -6.192968 6.935000 -5.935000
v -6.146015 6.821645 -5.935000
vn 0.923880 0.382683 -0.000000
f 8188//2730 8189//2730 8190//2730
v -6.242607 6.795763 -6.065000
v -6.242607 6.795763 -5.935000
v -6.279571 6.885000 -5.935000
vn -0.923880 -0.382683 0.000000
f 8191//2731 8192//2731 8193//2731
v -6.242607 6.795763 -6.065000
v -6.279571 6.885000 -5.935000
v -6.279571 6.885000 -6.065000
vn -0.923880 -0.382683 0.000000
f 8194//2732 8195//2732 8196//2732
v -6.192968 6.935000 -6.065000
v -6.146015 6.821645 -6.065000
v -6.242607 6.795763 -6.065000
vn 0.000000 -0.000000 -1.000000
f 8197//2733 8198//2733 8199//2733
v -6.192968 6.935000 -6.065000
v -6.242607 6.795763 -6.065000
v -6.279571 6.885000 -6.065000
vn 0.000000 0.000000 -1.000000
f 8200//2734 8201//2734 8202//2734
v -6.146015 6.821645 -5.935000
v -6.192968 6.935000 -5.935000
v -6.279571 6.885000 -5.935000
vn 0.000000 0.000000 1.000000
f 8203//2735 8204//2735 8205//2735
v -6.146015 6.821645 -5.935000
v -6.279571 6.885000 -5.935000
v -6.242607 6.795763 -5.935000
vn 0.000000 0.000000 1.000000
f 8206//2736 8207//2736 8208//2736
v -6.192968 6.935000 -6.065000
v -6.267660 7.032340 -6.065000
v -6.267660 7.032340 -5.935000
vn 0.793353 0.608761 0.000000
f 8209//2737 8210//2737 8211//2737
v -6.192968 6.935000 -6.065000
v -6.267660 7.032340 -5.935000
v -6.192968 6.935000 -5.935000
vn 0.793353 0.608761 -0.000000
f 8212//2738 8213//2738 8214//2738
v -6.279571 6.885000 -6.065000
v -6.279571 6.885000 -5.935000
v -6.338370 6.961630 -5.935000
vn -0.793353 -0.608761 0.000000
f 8215//2739 8216//2739 8217//2739
v -6.279571 6.885000 -6.065000
v -6.338370 6.961630 -5.935000
v -6.338370 6.961630 -6.065000
vn -0.793353 -0.608761 0.000000
f 8218//2740 8219//2740 8220//2740
v -6.267660 7.032340 -6.065000
v -6.192968 6.935000 -6.065000
v -6.279571 6.885000 -6.065000
vn 0.000000 -0.000000 -1.000000
f 8221//2741 8222//2741 8223//2741
v -6.267660 7.032340 -6.065000
v -6.279571 6.885000 -6.065000
v -6.338370 6.961630 -6.065000
vn 0.000000 0.000000 -1.000000
f 8224//2742 8225//2742 8226//2742
v -6.192968 6.935000 -5.935000
v -6.267660 7.032340 -5.935000
v -6.338370 6.961630 -5.935000
vn 0.000000 0.000000 1.000000
f 8227//2743 8228//2743 8229//2743
v -6.192968 6.935000 -5.935000
v -6.338370 6.961630 -5.935000
v -6.279571 6.885000 -5.935000
vn 0.000000 0.000000 1.000000
f 8230//2744 8231//2744 8232//2744
v -6.267660 7.032340 -6.065000
v -6.365000 7.107032 -6.065000
v -6.365000 7.107032 -5.935000
vn 0.608761 0.793353 0.000000
f 8233//2745 8234//2745 8235//2745
v -6.267660 7.032340 -6.065000
v -6.365000 7.107032 -5.935000
v -6.267660 7.032340 -5.935000
vn 0.608761 0.793353 -0.000000
f 8236//2746 8237//2746 8238//2746
v -6.338370 6.961630 -6.065000
v -6.338370 6.961630 -5.935000
v -6.415000 7.020429 -5.935000
vn -0.608761 -0.793353 0.000000
f 8239//2747 8240//2747 8241//2747
v -6.338370 6.961630 -6.065000
v -6.415000 7.020429 -5.935000
v -6.415000 7.020429 -6.065000
vn -0.608761 -0.793353 0.000000
f 8242//2748 8243//2748 8244//2748
v -6.365000 7.107032 -6.065000
v -6.267660 7.032340 -6.065000
v -6.338370 6.961630 -6.065000
vn 0.000000 0.000000 -1.000000
f 8245//2749 8246//2749 8247//2749
v -6.365000 7.107032 -6.065000
v -6.338370 6.961630 -6.065000
v -6.415000 7.020429 -6.065000
vn 0.000000 -0.000000 -1.000000
f 8248//2750 8249//2750 8250//2750
v -6.267660 7.032340 -5.935000
v -6.365000 7.107032 -5.935000
v -6.415000 7.020429 -5.935000
vn 0.000000 0.000000 1.000000
f 8251//2751 8252//2751 8253//2751
v -6.267660 7.032340 -5.935000
v -6.415000 7.020429 -5.935000
v -6.338370 6.961630 -5.935000
vn 0.000000 0.000000 1.000000
f 8254//2752 8255//2752 8256//2752
v -6.365000 7.107032 -6.065000
v -6.478355 7.153985 -6.065000
v -6.478355 7.153985 -5.935000
vn 0.382683 0.923880 0.000000
f 8257//2753 8258//2753 8259//2753
v -6.365000 7.107032 -6.065000
v -6.478355 7.153985 -5.935000
v -6.365000 7.107032 -5.935000
vn 0.382683 0.923880 -0.000000
f 8260//2754 8261//2754 8262//2754
v -6.415000 7.020429 -6.065000
v -6.415000 7.020429 -5.935000
v -6.504237 7.057393 -5.935000
vn -0.382683 -0.923880 0.000000
f 8263//2755 8264//2755 8265//2755
v -6.415000 7.020429 -6.065000
v -6.504237 7.057393 -5.935000
v -6.504237 7.057393 -6.065000
vn -0.382683 -0.923880 0.000000
f 8266//2756 8267//2756 8268//2756
v -6.478355 7.153985 -6.065000
v -6.365000 7.107032 -6.065000
v -6.415000 7.020429 -6.065000
vn 0.000000 0.000000 -1.000000
f 8269//2757 8270//2757 8271//2757
v -6.478355 7.153985 -6.065000
v -6.415000 7.020429 -6.065000
v -6.504237 7.057393 -6.065000
vn 0.000000 -0.000000 -1.000000
f 8272//2758 8273//2758 8274//2758
v -6.365000 7.107032 -5.935000
v -6.478355 7.153985 -5.935000
v -6.504237 7.057393 -5.935000
vn 0.000000 0.000000 1.000000
f 8275//2759 8276//2759 8277//2759
v -6.365000 7.107032 -5.935000
v -6.504237 7.057393 -5.935000
v -6.415000 7.020429 -5.935000
vn 0.000000 0.000000 1.000000
f 8278//2760 8279//2760 8280//2760
v -6.478355 7.153985 -6.065000
v -6.600000 7.170000 -6.065000
v -6.600000 7.170000 -5.935000
vn 0.130526 0.991445 0.000000
f 8281//2761 8282//2761 8283//2761
v -6.478355 7.153985 -6.065000
v -6.600000 7.170000 -5.935000
v -6.478355 7.153985 -5.935000
vn 0.130526 0.991445 -0.000000
f 8284//2762 8285//2762 8286//2762
v -6.504237 7.057393 -6.065000
v -6.504237 7.057393 -5.935000
v -6.600000 7.070000 -5.935000
vn -0.130526 -0.991445 0.000000
f 8287//2763 8288//2763 8289//2763
v -6.504237 7.057393 -6.065000
v -6.600000 7.070000 -5.935000
v -6.600000 7.070000 -6.065000
vn -0.130526 -0.991445 0.000000
f 8290//2764 8291//2764 8292//2764
v -6.600000 7.170000 -6.065000
v -6.478355 7.153985 -6.065000
v -6.504237 7.057393 -6.065000
vn 0.000000 0.000000 -1.000000
f 8293//2765 8294//2765 8295//2765
v -6.600000 7.170000 -6.065000
v -6.504237 7.057393 -6.065000
v -6.600000 7.070000 -6.065000
vn 0.000000 0.000000 -1.000000
f 8296//2766 8297//2766 8298//2766
v -6.478355 7.153985 -5.935000
v -6.600000 7.170000 -5.935000
v -6.600000 7.070000 -5.935000
vn 0.000000 0.000000 1.000000
f 8299//2767 8300//2767 8301//2767
v -6.478355 7.153985 -5.935000
v -6.600000 7.070000 -5.935000
v -6.504237 7.057393 -5.935000
vn 0.000000 0.000000 1.000000
f 8302//2768 8303//2768 8304//2768
v -6.600000 7.170000 -6.065000
v -6.721645 7.153985 -6.065000
v -6.721645 7.153985 -5.935000
vn -0.130526 0.991445 0.000000
f 8305//2769 8306//2769 8307//2769
v -6.600000 7.170000 -6.065000
v -6.721645 7.153985 -5.935000
v -6.600000 7.170000 -5.935000
vn -0.130526 0.991445 0.000000
f 8308//2770 8309//2770 8310//2770
v -6.600000 7.070000 -6.065000
v -6.600000 7.070000 -5.935000
v -6.695763 7.057393 -5.935000
vn 0.130526 -0.991445 0.000000
f 8311//2771 8312//2771 8313//2771
v -6.600000 7.070000 -6.065000
v -6.695763 7.057393 -5.935000
v -6.695763 7.057393 -6.065000
vn 0.130526 -0.991445 0.000000
f 8314//2772 8315//2772 8316//2772
v -6.721645 7.153985 -6.065000
v -6.600000 7.170000 -6.065000
v -6.600000 7.070000 -6.065000
vn 0.000000 0.000000 -1.000000
f 8317//2773 8318//2773 8319//2773
v -6.721645 7.153985 -6.065000
v -6.600000 7.070000 -6.065000
v -6.695763 7.057393 -6.065000
vn 0.000000 0.000000 -1.000000
f 8320//2774 8321//2774 8322//2774
v -6.600000 7.170000 -5.935000
v -6.721645 7.153985 -5.935000
v -6.695763 7.057393 -5.935000
vn 0.000000 0.000000 1.000000
f 8323//2775 8324//2775 8325//2775
v -6.600000 7.170000 -5.935000
v -6.695763 7.057393 -5.935000
v -6.600000 7.070000 -5.935000
vn 0.000000 0.000000 1.000000
f 8326//2776 8327//2776 8328//2776
v -6.721645 7.153985 -6.065000
v -6.835000 7.107032 -6.065000
v -6.835000 7.107032 -5.935000
vn -0.382683 0.923880 0.000000
f 8329//2777 8330//2777 8331//2777
v -6.721645 7.153985 -6.065000
v -6.835000 7.107032 -5.935000
v -6.721645 7.153985 -5.935000
vn -0.382683 0.923880 0.000000
f 8332//2778 8333//2778 8334//2778
v -6.695763 7.057393 -6.065000
v -6.695763 7.057393 -5.935000
v -6.785000 7.020429 -5.935000
vn 0.382683 -0.923880 0.000000
f 8335//2779 8336//2779 8337//2779
v -6.695763 7.057393 -6.065000
v -6.785000 7.020429 -5.935000
v -6.785000 7.020429 -6.065000
vn 0.382683 -0.923880 0.000000
f 8338//2780 8339//2780 8340//2780
v -6.835000 7.107032 -6.065000
v -6.721645 7.153985 -6.065000
v -6.695763 7.057393 -6.065000
vn 0.000000 0.000000 -1.000000
f 8341//2781 8342//2781 8343//2781
v -6.835000 7.107032 -6.065000
v -6.695763 7.057393 -6.065000
v -6.785000 7.020429 -6.065000
vn 0.000000 0.000000 -1.000000
f 8344//2782 8345//2782 8346//2782
v -6.721645 7.153985 -5.935000
v -6.835000 7.107032 -5.935000
v -6.785000 7.020429 -5.935000
vn 0.000000 0.000000 1.000000
f 8347//2783 8348//2783 8349//2783
v -6.721645 7.153985 -5.935000
v -6.785000 7.020429 -5.935000
v -6.695763 7.057393 -5.935000
vn 0.000000 0.000000 1.000000
f 8350//2784 8351//2784 8352//2784
v -6.835000 7.107032 -6.065000
v -6.932340 7.032340 -6.065000
v -6.932340 7.032340 -5.935000
vn -0.608761 0.793353 0.000000
f 8353//2785 8354//2785 8355//2785
v -6.835000 7.107032 -6.065000
v -6.932340 7.032340 -5.935000
v -6.835000 7.107032 -5.935000
vn -0.608761 0.793353 0.000000
f 8356//2786 8357//2786 8358//2786
v -6.785000 7.020429 -6.065000
v -6.785000 7.020429 -5.935000
v -6.861630 6.961630 -5.935000
vn 0.608761 -0.793353 0.000000
f 8359//2787 8360//2787 8361//2787
v -6.785000 7.020429 -6.065000
v -6.861630 6.961630 -5.935000
v -6.861630 6.961630 -6.065000
vn 0.608761 -0.793353 0.000000
f 8362//2788 8363//2788 8364//2788
v -6.932340 7.032340 -6.065000
v -6.835000 7.107032 -6.065000
v -6.785000 7.020429 -6.065000
vn 0.000000 0.000000 -1.000000
f 8365//2789 8366//2789 8367//2789
v -6.932340 7.032340 -6.065000
v -6.785000 7.020429 -6.065000
v -6.861630 6.961630 -6.065000
vn 0.000000 0.000000 -1.000000
f 8368//2790 8369//2790 8370//2790
v -6.835000 7.107032 -5.935000
v -6.932340 7.032340 -5.935000
v -6.861630 6.961630 -5.935000
vn 0.000000 0.000000 1.000000
f 8371//2791 8372//2791 8373//2791
v -6.835000 7.107032 -5.935000
v -6.861630 6.961630 -5.935000
v -6.785000 7.020429 -5.935000
vn 0.000000 0.000000 1.000000
f 8374//2792 8375//2792 8376//2792
v -6.932340 7.032340 -6.065000
v -7.007032 6.935000 -6.065000
v -7.007032 6.935000 -5.935000
vn -0.793353 0.608761 0.000000
f 8377//2793 8378//2793 8379//2793
v -6.932340 7.032340 -6.065000
v -7.007032 6.935000 -5.935000
v -6.932340 7.032340 -5.935000
vn -0.793353 0.608761 0.000000
f 8380//2794 8381//2794 8382//2794
v -6.861630 6.961630 -6.065000
v -6.861630 6.961630 -5.935000
v -6.920429 6.885000 -5.935000
vn 0.793353 -0.608761 0.000000
f 8383//2795 8384//2795 8385//2795
v -6.861630 6.961630 -6.065000
v -6.920429 6.885000 -5.935000
v -6.920429 6.885000 -6.065000
vn 0.793353 -0.608761 0.000000
f 8386//2796 8387//2796 8388//2796
v -7.007032 6.935000 -6.065000
v -6.932340 7.032340 -6.065000
v -6.861630 6.961630 -6.065000
vn 0.000000 0.000000 -1.000000
f 8389//2797 8390//2797 8391//2797
v -7.007032 6.935000 -6.065000
v -6.861630 6.961630 -6.065000
v -6.920429 6.885000 -6.065000
vn 0.000000 0.000000 -1.000000
f 8392//2798 8393//2798 8394//2798
v -6.932340 7.032340 -5.935000
v -7.007032 6.935000 -5.935000
v -6.920429 6.885000 -5.935000
vn 0.000000 0.000000 1.000000
f 8395//2799 8396//2799 8397//2799
v -6.932340 7.032340 -5.935000
v -6.920429 6.885000 -5.935000
v -6.861630 6.961630 -5.935000
vn 0.000000 0.000000 1.000000
f 8398//2800 8399//2800 8400//2800
v -7.007032 6.935000 -6.065000
v -7.053985 6.821645 -6.065000
v -7.053985 6.821645 -5.935000
vn -0.923880 0.382683 0.000000
f 8401//2801 8402//2801 8403//2801
v -7.007032 6.935000 -6.065000
v -7.053985 6.821645 -5.935000
v -7.007032 6.935000 -5.935000
vn -0.923880 0.382683 0.000000
f 8404//2802 8405//2802 8406//2802
v -6.920429 6.885000 -6.065000
v -6.920429 6.885000 -5.935000
v -6.957393 6.795763 -5.935000
vn 0.923880 -0.382683 0.000000
f 8407//2803 8408//2803 8409//2803
v -6.920429 6.885000 -6.065000
v -6.957393 6.795763 -5.935000
v -6.957393 6.795763 -6.065000
vn 0.923880 -0.382683 0.000000
f 8410//2804 8411//2804 8412//2804
v -7.053985 6.821645 -6.065000
v -7.007032 6.935000 -6.065000
v -6.920429 6.885000 -6.065000
vn 0.000000 0.000000 -1.000000
f 8413//2805 8414//2805 8415//2805
v -7.053985 6.821645 -6.065000
v -6.920429 6.885000 -6.065000
v -6.957393 6.795763 -6.065000
vn 0.000000 0.000000 -1.000000
f 8416//2806 8417//2806 8418//2806
v -7.007032 6.935000 -5.935000
v -7.053985 6.821645 -5.935000
v -6.957393 6.795763 -5.935000
vn 0.000000 0.000000 1.000000
f 8419//2807 8420//2807 8421//2807
v -7.007032 6.935000 -5.935000
v -6.957393 6.795763 -5.935000
v -6.920429 6.885000 -5.935000
vn 0.000000 0.000000 1.000000
f 8422//2808 8423//2808 8424//2808
v -7.053985 6.821645 -6.065000
v -7.070000 6.700000 -6.065000
v -7.070000 6.700000 -5.935000
vn -0.991445 0.130526 0.000000
f 8425//2809 8426//2809 8427//2809
v -7.053985 6.821645 -6.065000
v -7.070000 6.700000 -5.935000
v -7.053985 6.821645 -5.935000
vn -0.991445 0.130526 0.000000
f 8428//2810 8429//2810 8430//2810
v -6.957393 6.795763 -6.065000
v -6.957393 6.795763 -5.935000
v -6.970000 6.700000 -5.935000
vn 0.991445 -0.130526 0.000000
f 8431//2811 8432//2811 8433//2811
v -6.957393 6.795763 -6.065000
v -6.970000 6.700000 -5.935000
v -6.970000 6.700000 -6.065000
vn 0.991445 -0.130526 0.000000
f 8434//2812 8435//2812 8436//2812
v -7.070000 6.700000 -6.065000
v -7.053985 6.821645 -6.065000
v -6.957393 6.795763 -6.065000
vn 0.000000 0.000000 -1.000000
f 8437//2813 8438//2813 8439//2813
v -7.070000 6.700000 -6.065000
v -6.957393 6.795763 -6.065000
v -6.970000 6.700000 -6.065000
vn 0.000000 0.000000 -1.000000
f 8440//2814 8441//2814 8442//2814
v -7.053985 6.821645 -5.935000
v -7.070000 6.700000 -5.935000
v -6.970000 6.700000 -5.935000
vn 0.000000 0.000000 1.000000
f 8443//2815 8444//2815 8445//2815
v -7.053985 6.821645 -5.935000
v -6.970000 6.700000 -5.935000
v -6.957393 6.795763 -5.935000
vn 0.000000 0.000000 1.000000
f 8446//2816 8447//2816 8448//2816
v -7.070000 6.700000 -2.065000
v -7.053985 6.578355 -2.065000
v -7.053985 6.578355 -1.935000
vn -0.991445 -0.130526 0.000000
f 8449//2817 8450//2817 8451//2817
v -7.070000 6.700000 -2.065000
v -7.053985 6.578355 -1.935000
v -7.070000 6.700000 -1.935000
vn -0.991445 -0.130526 0.000000
f 8452//2818 8453//2818 8454//2818
v -6.970000 6.700000 -2.065000
v -6.970000 6.700000 -1.935000
v -6.957393 6.604237 -1.935000
vn 0.991445 0.130526 -0.000000
f 8455//2819 8456//2819 8457//2819
v -6.970000 6.700000 -2.065000
v -6.957393 6.604237 -1.935000
v -6.957393 6.604237 -2.065000
vn 0.991445 0.130526 0.000000
f 8458//2820 8459//2820 8460//2820
v -7.053985 6.578355 -2.065000
v -7.070000 6.700000 -2.065000
v -6.970000 6.700000 -2.065000
vn 0.000000 0.000000 -1.000000
f 8461//2821 8462//2821 8463//2821
v -7.053985 6.578355 -2.065000
v -6.970000 6.700000 -2.065000
v -6.957393 6.604237 -2.065000
vn 0.000000 0.000000 -1.000000
f 8464//2822 8465//2822 8466//2822
v -7.070000 6.700000 -1.935000
v -7.053985 6.578355 -1.935000
v -6.957393 6.604237 -1.935000
vn 0.000000 0.000000 1.000000
f 8467//2823 8468//2823 8469//2823
v -7.070000 6.700000 -1.935000
v -6.957393 6.604237 -1.935000
v -6.970000 6.700000 -1.935000
vn -0.000000 0.000000 1.000000
f 8470//2824 8471//2824 8472//2824
v -7.053985 6.578355 -2.065000
v -7.007032 6.465000 -2.065000
v -7.007032 6.465000 -1.935000
vn -0.923880 -0.382683 0.000000
f 8473//2825 8474//2825 8475//2825
v -7.053985 6.578355 -2.065000
v -7.007032 6.465000 -1.935000
v -7.053985 6.578355 -1.935000
vn -0.923880 -0.382683 0.000000
f 8476//2826 8477//2826 8478//2826
v -6.957393 6.604237 -2.065000
v -6.957393 6.604237 -1.935000
v -6.920429 6.515000 -1.935000
vn 0.923880 0.382683 -0.000000
f 8479//2827 8480//2827 8481//2827
v -6.957393 6.604237 -2.065000
v -6.920429 6.515000 -1.935000
v -6.920429 6.515000 -2.065000
vn 0.923880 0.382683 0.000000
f 8482//2828 8483//2828 8484//2828
v -7.007032 6.465000 -2.065000
v -7.053985 6.578355 -2.065000
v -6.957393 6.604237 -2.065000
vn 0.000000 0.000000 -1.000000
f 8485//2829 8486//2829 8487//2829
v -7.007032 6.465000 -2.065000
v -6.957393 6.604237 -2.065000
v -6.920429 6.515000 -2.065000
vn 0.000000 0.000000 -1.000000
f 8488//2830 8489//2830 8490//2830
v -7.053985 6.578355 -1.935000
v -7.007032 6.465000 -1.935000
v -6.920429 6.515000 -1.935000
vn 0.000000 0.000000 1.000000
f 8491//2831 8492//2831 8493//2831
v -7.053985 6.578355 -1.935000
v -6.920429 6.515000 -1.935000
v -6.957393 6.604237 -1.935000
vn -0.000000 0.000000 1.000000
f 8494//2832 8495//2832 8496//2832
v -7.007032 6.465000 -2.065000
v -6.932340 6.367660 -2.065000
v -6.932340 6.367660 -1.935000
vn -0.793353 -0.608761 0.000000
f 8497//2833 8498//2833 8499//2833
v -7.007032 6.465000 -2.065000
v -6.932340 6.367660 -1.935000
v -7.007032 6.465000 -1.935000
vn -0.793353 -0.608761 0.000000
f 8500//2834 8501//2834 8502//2834
v -6.920429 6.515000 -2.065000
v -6.920429 6.515000 -1.935000
v -6.861630 6.438370 -1.935000
vn 0.793353 0.608761 -0.000000
f 8503//2835 8504//2835 8505//2835
v -6.920429 6.515000 -2.065000
v -6.861630 6.438370 -1.935000
v -6.861630 6.438370 -2.065000
vn 0.793353 0.608761 0.000000
f 8506//2836 8507//2836 8508//2836
v -6.932340 6.367660 -2.065000
v -7.007032 6.465000 -2.065000
v -6.920429 6.515000 -2.065000
vn 0.000000 0.000000 -1.000000
f 8509//2837 8510//2837 8511//2837
v -6.932340 6.367660 -2.065000
v -6.920429 6.515000 -2.065000
v -6.861630 6.438370 -2.065000
vn 0.000000 0.000000 -1.000000
f 8512//2838 8513//2838 8514//2838
v -7.007032 6.465000 -1.935000
v -6.932340 6.367660 -1.935000
v -6.861630 6.438370 -1.935000
vn 0.000000 0.000000 1.000000
f 8515//2839 8516//2839 8517//2839
v -7.007032 6.465000 -1.935000
v -6.861630 6.438370 -1.935000
v -6.920429 6.515000 -1.935000
vn -0.000000 0.000000 1.000000
f 8518//2840 8519//2840 8520//2840
v -6.932340 6.367660 -2.065000
v -6.835000 6.292968 -2.065000
v -6.835000 6.292968 -1.935000
vn -0.608761 -0.793353 0.000000
f 8521//2841 8522//2841 8523//2841
v -6.932340 6.367660 -2.065000
v -6.835000 6.292968 -1.935000
v -6.932340 6.367660 -1.935000
vn -0.608761 -0.793353 0.000000
f 8524//2842 8525//2842 8526//2842
v -6.861630 6.438370 -2.065000
v -6.861630 6.438370 -1.935000
v -6.785000 6.379571 -1.935000
vn 0.608761 0.793353 -0.000000
f 8527//2843 8528//2843 8529//2843
v -6.861630 6.438370 -2.065000
v -6.785000 6.379571 -1.935000
v -6.785000 6.379571 -2.065000
vn 0.608761 0.793353 0.000000
f 8530//2844 8531//2844 8532//2844
v -6.835000 6.292968 -2.065000
v -6.932340 6.367660 -2.065000
v -6.861630 6.438370 -2.065000
vn 0.000000 0.000000 -1.000000
f 8533//2845 8534//2845 8535//2845
v -6.835000 6.292968 -2.065000
v -6.861630 6.438370 -2.065000
v -6.785000 6.379571 -2.065000
vn 0.000000 0.000000 -1.000000
f 8536//2846 8537//2846 8538//2846
v -6.932340 6.367660 -1.935000
v -6.835000 6.292968 -1.935000
v -6.785000 6.379571 -1.935000
vn -0.000000 0.000000 1.000000
f 8539//2847 8540//2847 8541//2847
v -6.932340 6.367660 -1.935000
v -6.785000 6.379571 -1.935000
v -6.861630 6.438370 -1.935000
vn 0.000000 0.000000 1.000000
f 8542//2848 8543//2848 8544//2848
v -6.835000 6.292968 -2.065000
v -6.721645 6.246015 -2.065000
v -6.721645 6.246015 -1.935000
vn -0.382683 -0.923880 0.000000
f 8545//2849 8546//2849 8547//2849
v -6.835000 6.292968 -2.065000
v -6.721645 6.246015 -1.935000
v -6.835000 6.292968 -1.935000
vn -0.382683 -0.923880 0.000000
f 8548//2850 8549//2850 8550//2850
v -6.785000 6.379571 -2.065000
v -6.785000 6.379571 -1.935000
v -6.695763 6.342607 -1.935000
vn 0.382683 0.923880 -0.000000
f 8551//2851 8552//2851 8553//2851
v -6.785000 6.379571 -2.065000
v -6.695763 6.342607 -1.935000
v -6.695763 6.342607 -2.065000
vn 0.382683 0.923880 0.000000
f 8554//2852 8555//2852 8556//2852
v -6.721645 6.246015 -2.065000
v -6.835000 6.292968 -2.065000
v -6.785000 6.379571 -2.065000
vn 0.000000 0.000000 -1.000000
f 8557//2853 8558//2853 8559//2853
v -6.721645 6.246015 -2.065000
v -6.785000 6.379571 -2.065000
v -6.695763 6.342607 -2.065000
vn 0.000000 0.000000 -1.000000
f 8560//2854 8561//2854 8562//2854
v -6.835000 6.292968 -1.935000
v -6.721645 6.246015 -1.935000
v -6.695763 6.342607 -1.935000
vn -0.000000 0.000000 1.000000
f 8563//2855 8564//2855 8565//2855
v -6.835000 6.292968 -1.935000
v -6.695763 6.342607 -1.935000
v -6.785000 6.379571 -1.935000
vn 0.000000 0.000000 1.000000
f 8566//2856 8567//2856 8568//2856
v -6.721645 6.246015 -2.065000
v -6.600000 6.230000 -2.065000
v -6.600000 6.230000 -1.935000
vn -0.130526 -0.991445 0.000000
f 8569//2857 8570//2857 8571//2857
v -6.721645 6.246015 -2.065000
v -6.600000 6.230000 -1.935000
v -6.721645 6.246015 -1.935000
vn -0.130526 -0.991445 0.000000
f 8572//2858 8573//2858 8574//2858
v -6.695763 6.342607 -2.065000
v -6.695763 6.342607 -1.935000
v -6.600000 6.330000 -1.935000
vn 0.130526 0.991445 -0.000000
f 8575//2859 8576//2859 8577//2859
v -6.695763 6.342607 -2.065000
v -6.600000 6.330000 -1.935000
v -6.600000 6.330000 -2.065000
vn 0.130526 0.991445 0.000000
f 8578//2860 8579//2860 8580//2860
v -6.600000 6.230000 -2.065000
v -6.721645 6.246015 -2.065000
v -6.695763 6.342607 -2.065000
vn 0.000000 0.000000 -1.000000
f 8581//2861 8582//2861 8583//2861
v -6.600000 6.230000 -2.065000
v -6.695763 6.342607 -2.065000
v -6.600000 6.330000 -2.065000
vn 0.000000 0.000000 -1.000000
f 8584//2862 8585//2862 8586//2862
v -6.721645 6.246015 -1.935000
v -6.600000 6.230000 -1.935000
v -6.600000 6.330000 -1.935000
vn -0.000000 0.000000 1.000000
f 8587//2863 8588//2863 8589//2863
v -6.721645 6.246015 -1.935000
v -6.600000 6.330000 -1.935000
v -6.695763 6.342607 -1.935000
vn 0.000000 0.000000 1.000000
f 8590//2864 8591//2864 8592//2864
v -6.600000 6.230000 -2.065000
v -6.478355 6.246015 -2.065000
v -6.478355 6.246015 -1.935000
vn 0.130526 -0.991445 0.000000
f 8593//2865 8594//2865 8595//2865
v -6.600000 6.230000 -2.065000
v -6.478355 6.246015 -1.935000
v -6.600000 6.230000 -1.935000
vn 0.130526 -0.991445 0.000000
f 8596//2866 8597//2866 8598//2866
v -6.600000 6.330000 -2.065000
v -6.600000 6.330000 -1.935000
v -6.504237 6.342607 -1.935000
vn -0.130526 0.991445 0.000000
f 8599//2867 8600//2867 8601//2867
v -6.600000 6.330000 -2.065000
v -6.504237 6.342607 -1.935000
v -6.504237 6.342607 -2.065000
vn -0.130526 0.991445 0.000000
f 8602//2868 8603//2868 8604//2868
v -6.478355 6.246015 -2.065000
v -6.600000 6.230000 -2.065000
v -6.600000 6.330000 -2.065000
vn -0.000000 0.000000 -1.000000
f 8605//2869 8606//2869 8607//2869
v -6.478355 6.246015 -2.065000
v -6.600000 6.330000 -2.065000
v -6.504237 6.342607 -2.065000
vn 0.000000 0.000000 -1.000000
f 8608//2870 8609//2870 8610//2870
v -6.600000 6.230000 -1.935000
v -6.478355 6.246015 -1.935000
v -6.504237 6.342607 -1.935000
vn 0.000000 0.000000 1.000000
f 8611//2871 8612//2871 8613//2871
v -6.600000 6.230000 -1.935000
v -6.504237 6.342607 -1.935000
v -6.600000 6.330000 -1.935000
vn 0.000000 0.000000 1.000000
f 8614//2872 8615//2872 8616//2872
v -6.478355 6.246015 -2.065000
v -6.365000 6.292968 -2.065000
v -6.365000 6.292968 -1.935000
vn 0.382683 -0.923880 0.000000
f 8617//2873 8618//2873 8619//2873
v -6.478355 6.246015 -2.065000
v -6.365000 6.292968 -1.935000
v -6.478355 6.246015 -1.935000
vn 0.382683 -0.923880 0.000000
f 8620//2874 8621//2874 8622//2874
v -6.504237 6.342607 -2.065000
v -6.504237 6.342607 -1.935000
v -6.415000 6.379571 -1.935000
vn -0.382683 0.923880 0.000000
f 8623//2875 8624//2875 8625//2875
v -6.504237 6.342607 -2.065000
v -6.415000 6.379571 -1.935000
v -6.415000 6.379571 -2.065000
vn -0.382683 0.923880 0.000000
f 8626//2876 8627//2876 8628//2876
v -6.365000 6.292968 -2.065000
v -6.478355 6.246015 -2.065000
v -6.504237 6.342607 -2.065000
vn -0.000000 0.000000 -1.000000
f 8629//2877 8630//2877 8631//2877
v -6.365000 6.292968 -2.065000
v -6.504237 6.342607 -2.065000
v -6.415000 6.379571 -2.065000
vn 0.000000 0.000000 -1.000000
f 8632//2878 8633//2878 8634//2878
v -6.478355 6.246015 -1.935000
v -6.365000 6.292968 -1.935000
v -6.415000 6.379571 -1.935000
vn 0.000000 0.000000 1.000000
f 8635//2879 8636//2879 8637//2879
v -6.478355 6.246015 -1.935000
v -6.415000 6.379571 -1.935000
v -6.504237 6.342607 -1.935000
vn 0.000000 -0.000000 1.000000
f 8638//2880 8639//2880 8640//2880
v -6.365000 6.292968 -2.065000
v -6.267660 6.367660 -2.065000
v -6.267660 6.367660 -1.935000
vn 0.608761 -0.793353 0.000000
f 8641//2881 8642//2881 8643//2881
v -6.365000 6.292968 -2.065000
v -6.267660 6.367660 -1.935000
v -6.365000 6.292968 -1.935000
vn 0.608761 -0.793353 0.000000
f 8644//2882 8645//2882 8646//2882
v -6.415000 6.379571 -2.065000
v -6.415000 6.379571 -1.935000
v -6.338370 6.438370 -1.935000
vn -0.608761 0.793353 0.000000
f 8647//2883 8648//2883 8649//2883
v -6.415000 6.379571 -2.065000
v -6.338370 6.438370 -1.935000
v -6.338370 6.438370 -2.065000
vn -0.608761 0.793353 0.000000
f 8650//2884 8651//2884 8652//2884
v -6.267660 6.367660 -2.065000
v -6.365000 6.292968 -2.065000
v -6.415000 6.379571 -2.065000
vn -0.000000 0.000000 -1.000000
f 8653//2885 8654//2885 8655//2885
v -6.267660 6.367660 -2.065000
v -6.415000 6.379571 -2.065000
v -6.338370 6.438370 -2.065000
vn 0.000000 0.000000 -1.000000
f 8656//2886 8657//2886 8658//2886
v -6.365000 6.292968 -1.935000
v -6.267660 6.367660 -1.935000
v -6.338370 6.438370 -1.935000
vn 0.000000 0.000000 1.000000
f 8659//2887 8660//2887 8661//2887
v -6.365000 6.292968 -1.935000
v -6.338370 6.438370 -1.935000
v -6.415000 6.379571 -1.935000
vn 0.000000 -0.000000 1.000000
f 8662//2888 8663//2888 8664//2888
v -6.267660 6.367660 -2.065000
v -6.192968 6.465000 -2.065000
v -6.192968 6.465000 -1.935000
vn 0.793353 -0.608761 0.000000
f 8665//2889 8666//2889 8667//2889
v -6.267660 6.367660 -2.065000
v -6.192968 6.465000 -1.935000
v -6.267660 6.367660 -1.935000
vn 0.793353 -0.608761 0.000000
f 8668//2890 8669//2890 8670//2890
v -6.338370 6.438370 -2.065000
v -6.338370 6.438370 -1.935000
v -6.279571 6.515000 -1.935000
vn -0.793353 0.608761 0.000000
f 8671//2891 8672//2891 8673//2891
v -6.338370 6.438370 -2.065000
v -6.279571 6.515000 -1.935000
v -6.279571 6.515000 -2.065000
vn -0.793353 0.608761 0.000000
f 8674//2892 8675//2892 8676//2892
v -6.192968 6.465000 -2.065000
v -6.267660 6.367660 -2.065000
v -6.338370 6.438370 -2.065000
vn 0.000000 0.000000 -1.000000
f 8677//2893 8678//2893 8679//2893
v -6.192968 6.465000 -2.065000
v -6.338370 6.438370 -2.065000
v -6.279571 6.515000 -2.065000
vn -0.000000 0.000000 -1.000000
f 8680//2894 8681//2894 8682//2894
v -6.267660 6.367660 -1.935000
v -6.192968 6.465000 -1.935000
v -6.279571 6.515000 -1.935000
vn 0.000000 -0.000000 1.000000
f 8683//2895 8684//2895 8685//2895
v -6.267660 6.367660 -1.935000
v -6.279571 6.515000 -1.935000
v -6.338370 6.438370 -1.935000
vn 0.000000 0.000000 1.000000
f 8686//2896 8687//2896 8688//2896
v -6.192968 6.465000 -2.065000
v -6.146015 6.578355 -2.065000
v -6.146015 6.578355 -1.935000
vn 0.923880 -0.382683 0.000000
f 8689//2897 8690//2897 8691//2897
v -6.192968 6.465000 -2.065000
v -6.146015 6.578355 -1.935000
v -6.192968 6.465000 -1.935000
vn 0.923880 -0.382683 0.000000
f 8692//2898 8693//2898 8694//2898
v -6.279571 6.515000 -2.065000
v -6.279571 6.515000 -1.935000
v -6.242607 6.604237 -1.935000
vn -0.923880 0.382683 0.000000
f 8695//2899 8696//2899 8697//2899
v -6.279571 6.515000 -2.065000
v -6.242607 6.604237 -1.935000
v -6.242607 6.604237 -2.065000
vn -0.923880 0.382683 0.000000
f 8698//2900 8699//2900 8700//2900
v -6.146015 6.578355 -2.065000
v -6.192968 6.465000 -2.065000
v -6.279571 6.515000 -2.065000
vn 0.000000 0.000000 -1.000000
f 8701//2901 8702//2901 8703//2901
v -6.146015 6.578355 -2.065000
v -6.279571 6.515000 -2.065000
v -6.242607 6.604237 -2.065000
vn -0.000000 0.000000 -1.000000
f 8704//2902 8705//2902 8706//2902
v -6.192968 6.465000 -1.935000
v -6.146015 6.578355 -1.935000
v -6.242607 6.604237 -1.935000
vn 0.000000 -0.000000 1.000000
f 8707//2903 8708//2903 8709//2903
v -6.192968 6.465000 -1.935000
v -6.242607 6.604237 -1.935000
v -6.279571 6.515000 -1.935000
vn 0.000000 0.000000 1.000000
f 8710//2904 8711//2904 8712//2904
v -6.146015 6.578355 -2.065000
v -6.130000 6.700000 -2.065000
v -6.130000 6.700000 -1.935000
vn 0.991445 -0.130526 0.000000
f 8713//2905 8714//2905 8715//2905
v -6.146015 6.578355 -2.065000
v -6.130000 6.700000 -1.935000
v -6.146015 6.578355 -1.935000
vn 0.991445 -0.130526 0.000000
f 8716//2906 8717//2906 8718//2906
v -6.242607 6.604237 -2.065000
v -6.242607 6.604237 -1.935000
v -6.230000 6.700000 -1.935000
vn -0.991445 0.130526 0.000000
f 8719//2907 8720//2907 8721//2907
v -6.242607 6.604237 -2.065000
v -6.230000 6.700000 -1.935000
v -6.230000 6.700000 -2.065000
vn -0.991445 0.130526 0.000000
f 8722//2908 8723//2908 8724//2908
v -6.130000 6.700000 -2.065000
v -6.146015 6.578355 -2.065000
v -6.242607 6.604237 -2.065000
vn 0.000000 0.000000 -1.000000
f 8725//2909 8726//2909 8727//2909
v -6.130000 6.700000 -2.065000
v -6.242607 6.604237 -2.065000
v -6.230000 6.700000 -2.065000
vn -0.000000 0.000000 -1.000000
f 8728//2910 8729//2910 8730//2910
v -6.146015 6.578355 -1.935000
v -6.130000 6.700000 -1.935000
v -6.230000 6.700000 -1.935000
vn 0.000000 -0.000000 1.000000
f 8731//2911 8732//2911 8733//2911
v -6.146015 6.578355 -1.935000
v -6.230000 6.700000 -1.935000
v -6.242607 6.604237 -1.935000
vn 0.000000 0.000000 1.000000
f 8734//2912 8735//2912 8736//2912
v -6.130000 6.700000 -2.065000
v -6.146015 6.821645 -2.065000
v -6.146015 6.821645 -1.935000
vn 0.991445 0.130526 0.000000
f 8737//2913 8738//2913 8739//2913
v -6.130000 6.700000 -2.065000
v -6.146015 6.821645 -1.935000
v -6.130000 6.700000 -1.935000
vn 0.991445 0.130526 -0.000000
f 8740//2914 8741//2914 8742//2914
v -6.230000 6.700000 -2.065000
v -6.230000 6.700000 -1.935000
v -6.242607 6.795763 -1.935000
vn -0.991445 -0.130526 0.000000
f 8743//2915 8744//2915 8745//2915
v -6.230000 6.700000 -2.065000
v -6.242607 6.795763 -1.935000
v -6.242607 6.795763 -2.065000
vn -0.991445 -0.130526 0.000000
f 8746//2916 8747//2916 8748//2916
v -6.146015 6.821645 -2.065000
v -6.130000 6.700000 -2.065000
v -6.230000 6.700000 -2.065000
vn 0.000000 -0.000000 -1.000000
f 8749//2917 8750//2917 8751//2917
v -6.146015 6.821645 -2.065000
v -6.230000 6.700000 -2.065000
v -6.242607 6.795763 -2.065000
vn 0.000000 0.000000 -1.000000
f 8752//2918 8753//2918 8754//2918
v -6.130000 6.700000 -1.935000
v -6.146015 6.821645 -1.935000
v -6.242607 6.795763 -1.935000
vn 0.000000 0.000000 1.000000
f 8755//2919 8756//2919 8757//2919
v -6.130000 6.700000 -1.935000
v -6.242607 6.795763 -1.935000
v -6.230000 6.700000 -1.935000
vn 0.000000 0.000000 1.000000
f 8758//2920 8759//2920 8760//2920
v -6.146015 6.821645 -2.065000
v -6.192968 6.935000 -2.065000
v -6.192968 6.935000 -1.935000
vn 0.923880 0.382683 0.000000
f 8761//2921 8762//2921 8763//2921
v -6.146015 6.821645 -2.065000
v -6.192968 6.935000 -1.935000
v -6.146015 6.821645 -1.935000
vn 0.923880 0.382683 -0.000000
f 8764//2922 8765//2922 8766//2922
v -6.242607 6.795763 -2.065000
v -6.242607 6.795763 -1.935000
v -6.279571 6.885000 -1.935000
vn -0.923880 -0.382683 0.000000
f 8767//2923 8768//2923 8769//2923
v -6.242607 6.795763 -2.065000
v -6.279571 6.885000 -1.935000
v -6.279571 6.885000 -2.065000
vn -0.923880 -0.382683 0.000000
f 8770//2924 8771//2924 8772//2924
v -6.192968 6.935000 -2.065000
v -6.146015 6.821645 -2.065000
v -6.242607 6.795763 -2.065000
vn 0.000000 -0.000000 -1.000000
f 8773//2925 8774//2925 8775//2925
v -6.192968 6.935000 -2.065000
v -6.242607 6.795763 -2.065000
v -6.279571 6.885000 -2.065000
vn 0.000000 0.000000 -1.000000
f 8776//2926 8777//2926 8778//2926
v -6.146015 6.821645 -1.935000
v -6.192968 6.935000 -1.935000
v -6.279571 6.885000 -1.935000
vn 0.000000 0.000000 1.000000
f 8779//2927 8780//2927 8781//2927
v -6.146015 6.821645 -1.935000
v -6.279571 6.885000 -1.935000
v -6.242607 6.795763 -1.935000
vn 0.000000 0.000000 1.000000
f 8782//2928 8783//2928 8784//2928
v -6.192968 6.935000 -2.065000
v -6.267660 7.032340 -2.065000
v -6.267660 7.032340 -1.935000
vn 0.793353 0.608761 0.000000
f 8785//2929 8786//2929 8787//2929
v -6.192968 6.935000 -2.065000
v -6.267660 7.032340 -1.935000
v -6.192968 6.935000 -1.935000
vn 0.793353 0.608761 -0.000000
f 8788//2930 8789//2930 8790//2930
v -6.279571 6.885000 -2.065000
v -6.279571 6.885000 -1.935000
v -6.338370 6.961630 -1.935000
vn -0.793353 -0.608761 0.000000
f 8791//2931 8792//2931 8793//2931
v -6.279571 6.885000 -2.065000
v -6.338370 6.961630 -1.935000
v -6.338370 6.961630 -2.065000
vn -0.793353 -0.608761 0.000000
f 8794//2932 8795//2932 8796//2932
v -6.267660 7.032340 -2.065000
v -6.192968 6.935000 -2.065000
v -6.279571 6.885000 -2.065000
vn 0.000000 -0.000000 -1.000000
f 8797//2933 8798//2933 8799//2933
v -6.267660 7.032340 -2.065000
v -6.279571 6.885000 -2.065000
v -6.338370 6.961630 -2.065000
vn 0.000000 0.000000 -1.000000
f 8800//2934 8801//2934 8802//2934
v -6.192968 6.935000 -1.935000
v -6.267660 7.032340 -1.935000
v -6.338370 6.961630 -1.935000
vn 0.000000 0.000000 1.000000
f 8803//2935 8804//2935 8805//2935
v -6.192968 6.935000 -1.935000
v -6.338370 6.961630 -1.935000
v -6.279571 6.885000 -1.935000
vn 0.000000 0.000000 1.000000
f 8806//2936 8807//2936 8808//2936
v -6.267660 7.032340 -2.065000
v -6.365000 7.107032 -2.065000
v -6.365000 7.107032 -1.935000
vn 0.608761 0.793353 0.000000
f 8809//2937 8810//2937 8811//2937
v -6.267660 7.032340 -2.065000
v -6.365000 7.107032 -1.935000
v -6.267660 7.032340 -1.935000
vn 0.608761 0.793353 -0.000000
f 8812//2938 8813//2938 8814//2938
v -6.338370 6.961630 -2.065000
v -6.338370 6.961630 -1.935000
v -6.415000 7.020429 -1.935000
vn -0.608761 -0.793353 0.000000
f 8815//2939 8816//2939 8817//2939
v -6.338370 6.961630 -2.065000
v -6.415000 7.020429 -1.935000
v -6.415000 7.020429 -2.065000
vn -0.608761 -0.793353 0.000000
f 8818//2940 8819//2940 8820//2940
v -6.365000 7.107032 -2.065000
v -6.267660 7.032340 -2.065000
v -6.338370 6.961630 -2.065000
vn 0.000000 0.000000 -1.000000
f 8821//2941 8822//2941 8823//2941
v -6.365000 7.107032 -2.065000
v -6.338370 6.961630 -2.065000
v -6.415000 7.020429 -2.065000
vn 0.000000 -0.000000 -1.000000
f 8824//2942 8825//2942 8826//2942
v -6.267660 7.032340 -1.935000
v -6.365000 7.107032 -1.935000
v -6.415000 7.020429 -1.935000
vn 0.000000 0.000000 1.000000
f 8827//2943 8828//2943 8829//2943
v -6.267660 7.032340 -1.935000
v -6.415000 7.020429 -1.935000
v -6.338370 6.961630 -1.935000
vn 0.000000 0.000000 1.000000
f 8830//2944 8831//2944 8832//2944
v -6.365000 7.107032 -2.065000
v -6.478355 7.153985 -2.065000
v -6.478355 7.153985 -1.935000
vn 0.382683 0.923880 0.000000
f 8833//2945 8834//2945 8835//2945
v -6.365000 7.107032 -2.065000
v -6.478355 7.153985 -1.935000
v -6.365000 7.107032 -1.935000
vn 0.382683 0.923880 -0.000000
f 8836//2946 8837//2946 8838//2946
v -6.415000 7.020429 -2.065000
v -6.415000 7.020429 -1.935000
v -6.504237 7.057393 -1.935000
vn -0.382683 -0.923880 0.000000
f 8839//2947 8840//2947 8841//2947
v -6.415000 7.020429 -2.065000
v -6.504237 7.057393 -1.935000
v -6.504237 7.057393 -2.065000
vn -0.382683 -0.923880 0.000000
f 8842//2948 8843//2948 8844//2948
v -6.478355 7.153985 -2.065000
v -6.365000 7.107032 -2.065000
v -6.415000 7.020429 -2.065000
vn 0.000000 0.000000 -1.000000
f 8845//2949 8846//2949 8847//2949
v -6.478355 7.153985 -2.065000
v -6.415000 7.020429 -2.065000
v -6.504237 7.057393 -2.065000
vn 0.000000 -0.000000 -1.000000
f 8848//2950 8849//2950 8850//2950
v -6.365000 7.107032 -1.935000
v -6.478355 7.153985 -1.935000
v -6.504237 7.057393 -1.935000
vn 0.000000 0.000000 1.000000
f 8851//2951 8852//2951 8853//2951
v -6.365000 7.107032 -1.935000
v -6.504237 7.057393 -1.935000
v -6.415000 7.020429 -1.935000
vn 0.000000 0.000000 1.000000
f 8854//2952 8855//2952 8856//2952
v -6.478355 7.153985 -2.065000
v -6.600000 7.170000 -2.065000
v -6.600000 7.170000 -1.935000
vn 0.130526 0.991445 0.000000
f 8857//2953 8858//2953 8859//2953
v -6.478355 7.153985 -2.065000
v -6.600000 7.170000 -1.935000
v -6.478355 7.153985 -1.935000
vn 0.130526 0.991445 -0.000000
f 8860//2954 8861//2954 8862//2954
v -6.504237 7.057393 -2.065000
v -6.504237 7.057393 -1.935000
v -6.600000 7.070000 -1.935000
vn -0.130526 -0.991445 0.000000
f 8863//2955 8864//2955 8865//2955
v -6.504237 7.057393 -2.065000
v -6.600000 7.070000 -1.935000
v -6.600000 7.070000 -2.065000
vn -0.130526 -0.991445 0.000000
f 8866//2956 8867//2956 8868//2956
v -6.600000 7.170000 -2.065000
v -6.478355 7.153985 -2.065000
v -6.504237 7.057393 -2.065000
vn 0.000000 0.000000 -1.000000
f 8869//2957 8870//2957 8871//2957
v -6.600000 7.170000 -2.065000
v -6.504237 7.057393 -2.065000
v -6.600000 7.070000 -2.065000
vn 0.000000 0.000000 -1.000000
f 8872//2958 8873//2958 8874//2958
v -6.478355 7.153985 -1.935000
v -6.600000 7.170000 -1.935000
v -6.600000 7.070000 -1.935000
vn 0.000000 0.000000 1.000000
f 8875//2959 8876//2959 8877//2959
v -6.478355 7.153985 -1.935000
v -6.600000 7.070000 -1.935000
v -6.504237 7.057393 -1.935000
vn 0.000000 0.000000 1.000000
f 8878//2960 8879//2960 8880//2960
v -6.600000 7.170000 -2.065000
v -6.721645 7.153985 -2.065000
v -6.721645 7.153985 -1.935000
vn -0.130526 0.991445 0.000000
f 8881//2961 8882//2961 8883//2961
v -6.600000 7.170000 -2.065000
v -6.721645 7.153985 -1.935000
v -6.600000 7.170000 -1.935000
vn -0.130526 0.991445 0.000000
f 8884//2962 8885//2962 8886//2962
v -6.600000 7.070000 -2.065000
v -6.600000 7.070000 -1.935000
v -6.695763 7.057393 -1.935000
vn 0.130526 -0.991445 0.000000
f 8887//2963 8888//2963 8889//2963
v -6.600000 7.070000 -2.065000
v -6.695763 7.057393 -1.935000
v -6.695763 7.057393 -2.065000
vn 0.130526 -0.991445 0.000000
f 8890//2964 8891//2964 8892//2964
v -6.721645 7.153985 -2.065000
v -6.600000 7.170000 -2.065000
v -6.600000 7.070000 -2.065000
vn 0.000000 0.000000 -1.000000
f 8893//2965 8894//2965 8895//2965
v -6.721645 7.153985 -2.065000
v -6.600000 7.070000 -2.065000
v -6.695763 7.057393 -2.065000
vn 0.000000 0.000000 -1.000000
f 8896//2966 8897//2966 8898//2966
v -6.600000 7.170000 -1.935000
v -6.721645 7.153985 -1.935000
v -6.695763 7.057393 -1.935000
vn 0.000000 0.000000 1.000000
f 8899//2967 8900//2967 8901//2967
v -6.600000 7.170000 -1.935000
v -6.695763 7.057393 -1.935000
v -6.600000 7.070000 -1.935000
vn 0.000000 0.000000 1.000000
f 8902//2968 8903//2968 8904//2968
v -6.721645 7.153985 -2.065000
v -6.835000 7.107032 -2.065000
v -6.835000 7.107032 -1.935000
vn -0.382683 0.923880 0.000000
f 8905//2969 8906//2969 8907//2969
v -6.721645 7.153985 -2.065000
v -6.835000 7.107032 -1.935000
v -6.721645 7.153985 -1.935000
vn -0.382683 0.923880 0.000000
f 8908//2970 8909//2970 8910//2970
v -6.695763 7.057393 -2.065000
v -6.695763 7.057393 -1.935000
v -6.785000 7.020429 -1.935000
vn 0.382683 -0.923880 0.000000
f 8911//2971 8912//2971 8913//2971
v -6.695763 7.057393 -2.065000
v -6.785000 7.020429 -1.935000
v -6.785000 7.020429 -2.065000
vn 0.382683 -0.923880 0.000000
f 8914//2972 8915//2972 8916//2972
v -6.835000 7.107032 -2.065000
v -6.721645 7.153985 -2.065000
v -6.695763 7.057393 -2.065000
vn 0.000000 0.000000 -1.000000
f 8917//2973 8918//2973 8919//2973
v -6.835000 7.107032 -2.065000
v -6.695763 7.057393 -2.065000
v -6.785000 7.020429 -2.065000
vn 0.000000 0.000000 -1.000000
f 8920//2974 8921//2974 8922//2974
v -6.721645 7.153985 -1.935000
v -6.835000 7.107032 -1.935000
v -6.785000 7.020429 -1.935000
vn 0.000000 0.000000 1.000000
f 8923//2975 8924//2975 8925//2975
v -6.721645 7.153985 -1.935000
v -6.785000 7.020429 -1.935000
v -6.695763 7.057393 -1.935000
vn 0.000000 0.000000 1.000000
f 8926//2976 8927//2976 8928//2976
v -6.835000 7.107032 -2.065000
v -6.932340 7.032340 -2.065000
v -6.932340 7.032340 -1.935000
vn -0.608761 0.793353 0.000000
f 8929//2977 8930//2977 8931//2977
v -6.835000 7.107032 -2.065000
v -6.932340 7.032340 -1.935000
v -6.835000 7.107032 -1.935000
vn -0.608761 0.793353 0.000000
f 8932//2978 8933//2978 8934//2978
v -6.785000 7.020429 -2.065000
v -6.785000 7.020429 -1.935000
v -6.861630 6.961630 -1.935000
vn 0.608761 -0.793353 0.000000
f 8935//2979 8936//2979 8937//2979
v -6.785000 7.020429 -2.065000
v -6.861630 6.961630 -1.935000
v -6.861630 6.961630 -2.065000
vn 0.608761 -0.793353 0.000000
f 8938//2980 8939//2980 8940//2980
v -6.932340 7.032340 -2.065000
v -6.835000 7.107032 -2.065000
v -6.785000 7.020429 -2.065000
vn 0.000000 0.000000 -1.000000
f 8941//2981 8942//2981 8943//2981
v -6.932340 7.032340 -2.065000
v -6.785000 7.020429 -2.065000
v -6.861630 6.961630 -2.065000
vn 0.000000 0.000000 -1.000000
f 8944//2982 8945//2982 8946//2982
v -6.835000 7.107032 -1.935000
v -6.932340 7.032340 -1.935000
v -6.861630 6.961630 -1.935000
vn 0.000000 0.000000 1.000000
f 8947//2983 8948//2983 8949//2983
v -6.835000 7.107032 -1.935000
v -6.861630 6.961630 -1.935000
v -6.785000 7.020429 -1.935000
vn 0.000000 0.000000 1.000000
f 8950//2984 8951//2984 8952//2984
v -6.932340 7.032340 -2.065000
v -7.007032 6.935000 -2.065000
v -7.007032 6.935000 -1.935000
vn -0.793353 0.608761 0.000000
f 8953//2985 8954//2985 8955//2985
v -6.932340 7.032340 -2.065000
v -7.007032 6.935000 -1.935000
v -6.932340 7.032340 -1.935000
vn -0.793353 0.608761 0.000000
f 8956//2986 8957//2986 8958//2986
v -6.861630 6.961630 -2.065000
v -6.861630 6.961630 -1.935000
v -6.920429 6.885000 -1.935000
vn 0.793353 -0.608761 0.000000
f 8959//2987 8960//2987 8961//2987
v -6.861630 6.961630 -2.065000
v -6.920429 6.885000 -1.935000
v -6.920429 6.885000 -2.065000
vn 0.793353 -0.608761 0.000000
f 8962//2988 8963//2988 8964//2988
v -7.007032 6.935000 -2.065000
v -6.932340 7.032340 -2.065000
v -6.861630 6.961630 -2.065000
vn 0.000000 0.000000 -1.000000
f 8965//2989 8966//2989 8967//2989
v -7.007032 6.935000 -2.065000
v -6.861630 6.961630 -2.065000
v -6.920429 6.885000 -2.065000
vn 0.000000 0.000000 -1.000000
f 8968//2990 8969//2990 8970//2990
v -6.932340 7.032340 -1.935000
v -7.007032 6.935000 -1.935000
v -6.920429 6.885000 -1.935000
vn 0.000000 0.000000 1.000000
f 8971//2991 8972//2991 8973//2991
v -6.932340 7.032340 -1.935000
v -6.920429 6.885000 -1.935000
v -6.861630 6.961630 -1.935000
vn 0.000000 0.000000 1.000000
f 8974//2992 8975//2992 8976//2992
v -7.007032 6.935000 -2.065000
v -7.053985 6.821645 -2.065000
v -7.053985 6.821645 -1.935000
vn -0.923880 0.382683 0.000000
f 8977//2993 8978//2993 8979//2993
v -7.007032 6.935000 -2.065000
v -7.053985 6.821645 -1.935000
v -7.007032 6.935000 -1.935000
vn -0.923880 0.382683 0.000000
f 8980//2994 8981//2994 8982//2994
v -6.920429 6.885000 -2.065000
v -6.920429 6.885000 -1.935000
v -6.957393 6.795763 -1.935000
vn 0.923880 -0.382683 0.000000
f 8983//2995 8984//2995 8985//2995
v -6.920429 6.885000 -2.065000
v -6.957393 6.795763 -1.935000
v -6.957393 6.795763 -2.065000
vn 0.923880 -0.382683 0.000000
f 8986//2996 8987//2996 8988//2996
v -7.053985 6.821645 -2.065000
v -7.007032 6.935000 -2.065000
v -6.920429 6.885000 -2.065000
vn 0.000000 0.000000 -1.000000
f 8989//2997 8990//2997 8991//2997
v -7.053985 6.821645 -2.065000
v -6.920429 6.885000 -2.065000
v -6.957393 6.795763 -2.065000
vn 0.000000 0.000000 -1.000000
f 8992//2998 8993//2998 8994//2998
v -7.007032 6.935000 -1.935000
v -7.053985 6.821645 -1.935000
v -6.957393 6.795763 -1.935000
vn 0.000000 0.000000 1.000000
f 8995//2999 8996//2999 8997//2999
v -7.007032 6.935000 -1.935000
v -6.957393 6.795763 -1.935000
v -6.920429 6.885000 -1.935000
vn 0.000000 0.000000 1.000000
f 8998//3000 8999//3000 9000//3000
v -7.053985 6.821645 -2.065000
v -7.070000 6.700000 -2.065000
v -7.070000 6.700000 -1.935000
vn -0.991445 0.130526 0.000000
f 9001//3001 9002//3001 9003//3001
v -7.053985 6.821645 -2.065000
v -7.070000 6.700000 -1.935000
v -7.053985 6.821645 -1.935000
vn -0.991445 0.130526 0.000000
f 9004//3002 9005//3002 9006//3002
v -6.957393 6.795763 -2.065000
v -6.957393 6.795763 -1.935000
v -6.970000 6.700000 -1.935000
vn 0.991445 -0.130526 0.000000
f 9007//3003 9008//3003 9009//3003
v -6.957393 6.795763 -2.065000
v -6.970000 6.700000 -1.935000
v -6.970000 6.700000 -2.065000
vn 0.991445 -0.130526 0.000000
f 9010//3004 9011//3004 9012//3004
v -7.070000 6.700000 -2.065000
v -7.053985 6.821645 -2.065000
v -6.957393 6.795763 -2.065000
vn 0.000000 0.000000 -1.000000
f 9013//3005 9014//3005 9015//3005
v -7.070000 6.700000 -2.065000
v -6.957393 6.795763 -2.065000
v -6.970000 6.700000 -2.065000
vn 0.000000 0.000000 -1.000000
f 9016//3006 9017//3006 9018//3006
v -7.053985 6.821645 -1.935000
v -7.070000 6.700000 -1.935000
v -6.970000 6.700000 -1.935000
vn 0.000000 0.000000 1.000000
f 9019//3007 9020//3007 9021//3007
v -7.053985 6.821645 -1.935000
v -6.970000 6.700000 -1.935000
v -6.957393 6.795763 -1.935000
vn 0.000000 0.000000 1.000000
f 9022//3008 9023//3008 9024//3008
v -7.070000 6.700000 1.935000
v -7.053985 6.578355 1.935000
v -7.053985 6.578355 2.065000
vn -0.991445 -0.130526 0.000000
f 9025//3009 9026//3009 9027//3009
v -7.070000 6.700000 1.935000
v -7.053985 6.578355 2.065000
v -7.070000 6.700000 2.065000
vn -0.991445 -0.130526 0.000000
f 9028//3010 9029//3010 9030//3010
v -6.970000 6.700000 1.935000
v -6.970000 6.700000 2.065000
v -6.957393 6.604237 2.065000
vn 0.991445 0.130526 -0.000000
f 9031//3011 9032//3011 9033//3011
v -6.970000 6.700000 1.935000
v -6.957393 6.604237 2.065000
v -6.957393 6.604237 1.935000
vn 0.991445 0.130526 0.000000
f 9034//3012 9035//3012 9036//3012
v -7.053985 6.578355 1.935000
v -7.070000 6.700000 1.935000
v -6.970000 6.700000 1.935000
vn 0.000000 0.000000 -1.000000
f 9037//3013 9038//3013 9039//3013
v -7.053985 6.578355 1.935000
v -6.970000 6.700000 1.935000
v -6.957393 6.604237 1.935000
vn 0.000000 0.000000 -1.000000
f 9040//3014 9041//3014 9042//3014
v -7.070000 6.700000 2.065000
v -7.053985 6.578355 2.065000
v -6.957393 6.604237 2.065000
vn 0.000000 0.000000 1.000000
f 9043//3015 9044//3015 9045//3015
v -7.070000 6.700000 2.065000
v -6.957393 6.604237 2.065000
v -6.970000 6.700000 2.065000
vn -0.000000 0.000000 1.000000
f 9046//3016 9047//3016 9048//3016
v -7.053985 6.578355 1.935000
v -7.007032 6.465000 1.935000
v -7.007032 6.465000 2.065000
vn -0.923880 -0.382683 0.000000
f 9049//3017 9050//3017 9051//3017
v -7.053985 6.578355 1.935000
v -7.007032 6.465000 2.065000
v -7.053985 6.578355 2.065000
vn -0.923880 -0.382683 0.000000
f 9052//3018 9053//3018 9054//3018
v -6.957393 6.604237 1.935000
v -6.957393 6.604237 2.065000
v -6.920429 6.515000 2.065000
vn 0.923880 0.382683 -0.000000
f 9055//3019 9056//3019 9057//3019
v -6.957393 6.604237 1.935000
v -6.920429 6.515000 2.065000
v -6.920429 6.515000 1.935000
vn 0.923880 0.382683 0.000000
f 9058//3020 9059//3020 9060//3020
v -7.007032 6.465000 1.935000
v -7.053985 6.578355 1.935000
v -6.957393 6.604237 1.935000
vn 0.000000 0.000000 -1.000000
f 9061//3021 9062//3021 9063//3021
v -7.007032 6.465000 1.935000
v -6.957393 6.604237 1.935000
v -6.920429 6.515000 1.935000
vn 0.000000 0.000000 -1.000000
f 9064//3022 9065//3022 9066//3022
v -7.053985 6.578355 2.065000
v -7.007032 6.465000 2.065000
v -6.920429 6.515000 2.065000
vn 0.000000 0.000000 1.000000
f 9067//3023 9068//3023 9069//3023
v -7.053985 6.578355 2.065000
v -6.920429 6.515000 2.065000
v -6.957393 6.604237 2.065000
vn -0.000000 0.000000 1.000000
f 9070//3024 9071//3024 9072//3024
v -7.007032 6.465000 1.935000
v -6.932340 6.367660 1.935000
v -6.932340 6.367660 2.065000
vn -0.793353 -0.608761 0.000000
f 9073//3025 9074//3025 9075//3025
v -7.007032 6.465000 1.935000
v -6.932340 6.367660 2.065000
v -7.007032 6.465000 2.065000
vn -0.793353 -0.608761 0.000000
f 9076//3026 9077//3026 9078//3026
v -6.920429 6.515000 1.935000
v -6.920429 6.515000 2.065000
v -6.861630 6.438370 2.065000
vn 0.793353 0.608761 -0.000000
f 9079//3027 9080//3027 9081//3027
v -6.920429 6.515000 1.935000
v -6.861630 6.438370 2.065000
v -6.861630 6.438370 1.935000
vn 0.793353 0.608761 0.000000
f 9082//3028 9083//3028 9084//3028
v -6.932340 6.367660 1.935000
v -7.007032 6.465000 1.935000
v -6.920429 6.515000 1.935000
vn 0.000000 0.000000 -1.000000
f 9085//3029 9086//3029 9087//3029
v -6.932340 6.367660 1.935000
v -6.920429 6.515000 1.935000
v -6.861630 6.438370 1.935000
vn 0.000000 0.000000 -1.000000
f 9088//3030 9089//3030 9090//3030
v -7.007032 6.465000 2.065000
v -6.932340 6.367660 2.065000
v -6.861630 6.438370 2.065000
vn 0.000000 0.000000 1.000000
f 9091//3031 9092//3031 9093//3031
v -7.007032 6.465000 2.065000
v -6.861630 6.438370 2.065000
v -6.920429 6.515000 2.065000
vn -0.000000 0.000000 1.000000
f 9094//3032 9095//3032 9096//3032
v -6.932340 6.367660 1.935000
v -6.835000 6.292968 1.935000
v -6.835000 6.292968 2.065000
vn -0.608761 -0.793353 0.000000
f 9097//3033 9098//3033 9099//3033
v -6.932340 6.367660 1.935000
v -6.835000 6.292968 2.065000
v -6.932340 6.367660 2.065000
vn -0.608761 -0.793353 0.000000
f 9100//3034 9101//3034 9102//3034
v -6.861630 6.438370 1.935000
v -6.861630 6.438370 2.065000
v -6.785000 6.379571 2.065000
vn 0.608761 0.793353 -0.000000
f 9103//3035 9104//3035 9105//3035
v -6.861630 6.438370 1.935000
v -6.785000 6.379571 2.065000
v -6.785000 6.379571 1.935000
vn 0.608761 0.793353 0.000000
f 9106//3036 9107//3036 9108//3036
v -6.835000 6.292968 1.935000
v -6.932340 6.367660 1.935000
v -6.861630 6.438370 1.935000
vn 0.000000 0.000000 -1.000000
f 9109//3037 9110//3037 9111//3037
v -6.835000 6.292968 1.935000
v -6.861630 6.438370 1.935000
v -6.785000 6.379571 1.935000
vn 0.000000 0.000000 -1.000000
f 9112//3038 9113//3038 9114//3038
v -6.932340 6.367660 2.065000
v -6.835000 6.292968 2.065000
v -6.785000 6.379571 2.065000
vn -0.000000 0.000000 1.000000
f 9115//3039 9116//3039 9117//3039
v -6.932340 6.367660 2.065000
v -6.785000 6.379571 2.065000
v -6.861630 6.438370 2.065000
vn 0.000000 0.000000 1.000000
f 9118//3040 9119//3040 9120//3040
v -6.835000 6.292968 1.935000
v -6.721645 6.246015 1.935000
v -6.721645 6.246015 2.065000
vn -0.382683 -0.923880 0.000000
f 9121//3041 9122//3041 9123//3041
v -6.835000 6.292968 1.935000
v -6.721645 6.246015 2.065000
v -6.835000 6.292968 2.065000
vn -0.382683 -0.923880 0.000000
f 9124//3042 9125//3042 9126//3042
v -6.785000 6.379571 1.935000
v -6.785000 6.379571 2.065000
v -6.695763 6.342607 2.065000
vn 0.382683 0.923880 -0.000000
f 9127//3043 9128//3043 9129//3043
v -6.785000 6.379571 1.935000
v -6.695763 6.342607 2.065000
v -6.695763 6.342607 1.935000
vn 0.382683 0.923880 0.000000
f 9130//3044 9131//3044 9132//3044
v -6.721645 6.246015 1.935000
v -6.835000 6.292968 1.935000
v -6.785000 6.379571 1.935000
vn 0.000000 0.000000 -1.000000
f 9133//3045 9134//3045 9135//3045
v -6.721645 6.246015 1.935000
v -6.785000 6.379571 1.935000
v -6.695763 6.342607 1.935000
vn 0.000000 0.000000 -1.000000
f 9136//3046 9137//3046 9138//3046
v -6.835000 6.292968 2.065000
v -6.721645 6.246015 2.065000
v -6.695763 6.342607 2.065000
vn -0.000000 0.000000 1.000000
f 9139//3047 9140//3047 9141//3047
v -6.835000 6.292968 2.065000
v -6.695763 6.342607 2.065000
v -6.785000 6.379571 2.065000
vn 0.000000 0.000000 1.000000
f 9142//3048 9143//3048 9144//3048
v -6.721645 6.246015 1.935000
v -6.600000 6.230000 1.935000
v -6.600000 6.230000 2.065000
vn -0.130526 -0.991445 0.000000
f 9145//3049 9146//3049 9147//3049
v -6.721645 6.246015 1.935000
v -6.600000 6.230000 2.065000
v -6.721645 6.246015 2.065000
vn -0.130526 -0.991445 0.000000
f 9148//3050 9149//3050 9150//3050
v -6.695763 6.342607 1.935000
v -6.695763 6.342607 2.065000
v -6.600000 6.330000 2.065000
vn 0.130526 0.991445 -0.000000
f 9151//3051 9152//3051 9153//3051
v -6.695763 6.342607 1.935000
v -6.600000 6.330000 2.065000
v -6.600000 6.330000 1.935000
vn 0.130526 0.991445 0.000000
f 9154//3052 9155//3052 9156//3052
v -6.600000 6.230000 1.935000
v -6.721645 6.246015 1.935000
v -6.695763 6.342607 1.935000
vn 0.000000 0.000000 -1.000000
f 9157//3053 9158//3053 9159//3053
v -6.600000 6.230000 1.935000
v -6.695763 6.342607 1.935000
v -6.600000 6.330000 1.935000
vn 0.000000 0.000000 -1.000000
f 9160//3054 9161//3054 9162//3054
v -6.721645 6.246015 2.065000
v -6.600000 6.230000 2.065000
v -6.600000 6.330000 2.065000
vn -0.000000 0.000000 1.000000
f 9163//3055 9164//3055 9165//3055
v -6.721645 6.246015 2.065000
v -6.600000 6.330000 2.065000
v -6.695763 6.342607 2.065000
vn 0.000000 0.000000 1.000000
f 9166//3056 9167//3056 9168//3056
v -6.600000 6.230000 1.935000
v -6.478355 6.246015 1.935000
v -6.478355 6.246015 2.065000
vn 0.130526 -0.991445 0.000000
f 9169//3057 9170//3057 9171//3057
v -6.600000 6.230000 1.935000
v -6.478355 6.246015 2.065000
v -6.600000 6.230000 2.065000
vn 0.130526 -0.991445 0.000000
f 9172//3058 9173//3058 9174//3058
v -6.600000 6.330000 1.935000
v -6.600000 6.330000 2.065000
v -6.504237 6.342607 2.065000
vn -0.130526 0.991445 0.000000
f 9175//3059 9176//3059 9177//3059
v -6.600000 6.330000 1.935000
v -6.504237 6.342607 2.065000
v -6.504237 6.342607 1.935000
vn -0.130526 0.991445 0.000000
f 9178//3060 9179//3060 9180//3060
v -6.478355 6.246015 1.935000
v -6.600000 6.230000 1.935000
v -6.600000 6.330000 1.935000
vn -0.000000 0.000000 -1.000000
f 9181//3061 9182//3061 9183//3061
v -6.478355 6.246015 1.935000
v -6.600000 6.330000 1.935000
v -6.504237 6.342607 1.935000
vn 0.000000 0.000000 -1.000000
f 9184//3062 9185//3062 9186//3062
v -6.600000 6.230000 2.065000
v -6.478355 6.246015 2.065000
v -6.504237 6.342607 2.065000
vn 0.000000 0.000000 1.000000
f 9187//3063 9188//3063 9189//3063
v -6.600000 6.230000 2.065000
v -6.504237 6.342607 2.065000
v -6.600000 6.330000 2.065000
vn 0.000000 0.000000 1.000000
f 9190//3064 9191//3064 9192//3064
v -6.478355 6.246015 1.935000
v -6.365000 6.292968 1.935000
v -6.365000 6.292968 2.065000
vn 0.382683 -0.923880 0.000000
f 9193//3065 9194//3065 9195//3065
v -6.478355 6.246015 1.935000
v -6.365000 6.292968 2.065000
v -6.478355 6.246015 2.065000
vn 0.382683 -0.923880 0.000000
f 9196//3066 9197//3066 9198//3066
v -6.504237 6.342607 1.935000
v -6.504237 6.342607 2.065000
v -6.415000 6.379571 2.065000
vn -0.382683 0.923880 0.000000
f 9199//3067 9200//3067 9201//3067
v -6.504237 6.342607 1.935000
v -6.415000 6.379571 2.065000
v -6.415000 6.379571 1.935000
vn -0.382683 0.923880 0.000000
f 9202//3068 9203//3068 9204//3068
v -6.365000 6.292968 1.935000
v -6.478355 6.246015 1.935000
v -6.504237 6.342607 1.935000
vn -0.000000 0.000000 -1.000000
f 9205//3069 9206//3069 9207//3069
v -6.365000 6.292968 1.935000
v -6.504237 6.342607 1.935000
v -6.415000 6.379571 1.935000
vn 0.000000 0.000000 -1.000000
f 9208//3070 9209//3070 9210//3070
v -6.478355 6.246015 2.065000
v -6.365000 6.292968 2.065000
v -6.415000 6.379571 2.065000
vn 0.000000 0.000000 1.000000
f 9211//3071 9212//3071 9213//3071
v -6.478355 6.246015 2.065000
v -6.415000 6.379571 2.065000
v -6.504237 6.342607 2.065000
vn 0.000000 -0.000000 1.000000
f 9214//3072 9215//3072 9216//3072
v -6.365000 6.292968 1.935000
v -6.267660 6.367660 1.935000
v -6.267660 6.367660 2.065000
vn 0.608761 -0.793353 0.000000
f 9217//3073 9218//3073 9219//3073
v -6.365000 6.292968 1.935000
v -6.267660 6.367660 2.065000
v -6.365000 6.292968 2.065000
vn 0.608761 -0.793353 0.000000
f 9220//3074 9221//3074 9222//3074
v -6.415000 6.379571 1.935000
v -6.415000 6.379571 2.065000
v -6.338370 6.438370 2.065000
vn -0.608761 0.793353 0.000000
f 9223//3075 9224//3075 9225//3075
v -6.415000 6.379571 1.935000
v -6.338370 6.438370 2.065000
v -6.338370 6.438370 1.935000
vn -0.608761 0.793353 0.000000
f 9226//3076 9227//3076 9228//3076
v -6.267660 6.367660 1.935000
v -6.365000 6.292968 1.935000
v -6.415000 6.379571 1.935000
vn -0.000000 0.000000 -1.000000
f 9229//3077 9230//3077 9231//3077
v -6.267660 6.367660 1.935000
v -6.415000 6.379571 1.935000
v -6.338370 6.438370 1.935000
vn 0.000000 0.000000 -1.000000
f 9232//3078 9233//3078 9234//3078
v -6.365000 6.292968 2.065000
v -6.267660 6.367660 2.065000
v -6.338370 6.438370 2.065000
vn 0.000000 0.000000 1.000000
f 9235//3079 9236//3079 9237//3079
v -6.365000 6.292968 2.065000
v -6.338370 6.438370 2.065000
v -6.415000 6.379571 2.065000
vn 0.000000 -0.000000 1.000000
f 9238//3080 9239//3080 9240//3080
v -6.267660 6.367660 1.935000
v -6.192968 6.465000 1.935000
v -6.192968 6.465000 2.065000
vn 0.793353 -0.608761 0.000000
f 9241//3081 9242//3081 9243//3081
v -6.267660 6.367660 1.935000
v -6.192968 6.465000 2.065000
v -6.267660 6.367660 2.065000
vn 0.793353 -0.608761 0.000000
f 9244//3082 9245//3082 9246//3082
v -6.338370 6.438370 1.935000
v -6.338370 6.438370 2.065000
v -6.279571 6.515000 2.065000
vn -0.793353 0.608761 0.000000
f 9247//3083 9248//3083 9249//3083
v -6.338370 6.438370 1.935000
v -6.279571 6.515000 2.065000
v -6.279571 6.515000 1.935000
vn -0.793353 0.608761 0.000000
f 9250//3084 9251//3084 9252//3084
v -6.192968 6.465000 1.935000
v -6.267660 6.367660 1.935000
v -6.338370 6.438370 1.935000
vn 0.000000 0.000000 -1.000000
f 9253//3085 9254//3085 9255//3085
v -6.192968 6.465000 1.935000
v -6.338370 6.438370 1.935000
v -6.279571 6.515000 1.935000
vn -0.000000 0.000000 -1.000000
f 9256//3086 9257//3086 9258//3086
v -6.267660 6.367660 2.065000
v -6.192968 6.465000 2.065000
v -6.279571 6.515000 2.065000
vn 0.000000 -0.000000 1.000000
f 9259//3087 9260//3087 9261//3087
v -6.267660 6.367660 2.065000
v -6.279571 6.515000 2.065000
v -6.338370 6.438370 2.065000
vn 0.000000 0.000000 1.000000
f 9262//3088 9263//3088 9264//3088
v -6.192968 6.465000 1.935000
v -6.146015 6.578355 1.935000
v -6.146015 6.578355 2.065000
vn 0.923880 -0.382683 0.000000
f 9265//3089 9266//3089 9267//3089
v -6.192968 6.465000 1.935000
v -6.146015 6.578355 2.065000
v -6.192968 6.465000 2.065000
vn 0.923880 -0.382683 0.000000
f 9268//3090 9269//3090 9270//3090
v -6.279571 6.515000 1.935000
v -6.279571 6.515000 2.065000
v -6.242607 6.604237 2.065000
vn -0.923880 0.382683 0.000000
f 9271//3091 9272//3091 9273//3091
v -6.279571 6.515000 1.935000
v -6.242607 6.604237 2.065000
v -6.242607 6.604237 1.935000
vn -0.923880 0.382683 0.000000
f 9274//3092 9275//3092 9276//3092
v -6.146015 6.578355 1.935000
v -6.192968 6.465000 1.935000
v -6.279571 6.515000 1.935000
vn 0.000000 0.000000 -1.000000
f 9277//3093 9278//3093 9279//3093
v -6.146015 6.578355 1.935000
v -6.279571 6.515000 1.935000
v -6.242607 6.604237 1.935000
vn -0.000000 0.000000 -1.000000
f 9280//3094 9281//3094 9282//3094
v -6.192968 6.465000 2.065000
v -6.146015 6.578355 2.065000
v -6.242607 6.604237 2.065000
vn 0.000000 -0.000000 1.000000
f 9283//3095 9284//3095 9285//3095
v -6.192968 6.465000 2.065000
v -6.242607 6.604237 2.065000
v -6.279571 6.515000 2.065000
vn 0.000000 0.000000 1.000000
f 9286//3096 9287//3096 9288//3096
v -6.146015 6.578355 1.935000
v -6.130000 6.700000 1.935000
v -6.130000 6.700000 2.065000
vn 0.991445 -0.130526 0.000000
f 9289//3097 9290//3097 9291//3097
v -6.146015 6.578355 1.935000
v -6.130000 6.700000 2.065000
v -6.146015 6.578355 2.065000
vn 0.991445 -0.130526 0.000000
f 9292//3098 9293//3098 9294//3098
v -6.242607 6.604237 1.935000
v -6.242607 6.604237 2.065000
v -6.230000 6.700000 2.065000
vn -0.991445 0.130526 0.000000
f 9295//3099 9296//3099 9297//3099
v -6.242607 6.604237 1.935000
v -6.230000 6.700000 2.065000
v -6.230000 6.700000 1.935000
vn -0.991445 0.130526 0.000000
f 9298//3100 9299//3100 9300//3100
v -6.130000 6.700000 1.935000
v -6.146015 6.578355 1.935000
v -6.242607 6.604237 1.935000
vn 0.000000 0.000000 -1.000000
f 9301//3101 9302//3101 9303//3101
v -6.130000 6.700000 1.935000
v -6.242607 6.604237 1.935000
v -6.230000 6.700000 1.935000
vn -0.000000 0.000000 -1.000000
f 9304//3102 9305//3102 9306//3102
v -6.146015 6.578355 2.065000
v -6.130000 6.700000 2.065000
v -6.230000 6.700000 2.065000
vn 0.000000 -0.000000 1.000000
f 9307//3103 9308//3103 9309//3103
v -6.146015 6.578355 2.065000
v -6.230000 6.700000 2.065000
v -6.242607 6.604237 2.065000
vn 0.000000 0.000000 1.000000
f 9310//3104 9311//3104 9312//3104
v -6.130000 6.700000 1.935000
v -6.146015 6.821645 1.935000
v -6.146015 6.821645 2.065000
vn 0.991445 0.130526 0.000000
f 9313//3105 9314//3105 9315//3105
v -6.130000 6.700000 1.935000
v -6.146015 6.821645 2.065000
v -6.130000 6.700000 2.065000
vn 0.991445 0.130526 -0.000000
f 9316//3106 9317//3106 9318//3106
v -6.230000 6.700000 1.935000
v -6.230000 6.700000 2.065000
v -6.242607 6.795763 2.065000
vn -0.991445 -0.130526 0.000000
f 9319//3107 9320//3107 9321//3107
v -6.230000 6.700000 1.935000
v -6.242607 6.795763 2.065000
v -6.242607 6.795763 1.935000
vn -0.991445 -0.130526 0.000000
f 9322//3108 9323//3108 9324//3108
v -6.146015 6.821645 1.935000
v -6.130000 6.700000 1.935000
v -6.230000 6.700000 1.935000
vn 0.000000 -0.000000 -1.000000
f 9325//3109 9326//3109 9327//3109
v -6.146015 6.821645 1.935000
v -6.230000 6.700000 1.935000
v -6.242607 6.795763 1.935000
vn 0.000000 0.000000 -1.000000
f 9328//3110 9329//3110 9330//3110
v -6.130000 6.700000 2.065000
v -6.146015 6.821645 2.065000
v -6.242607 6.795763 2.065000
vn 0.000000 0.000000 1.000000
f 9331//3111 9332//3111 9333//3111
v -6.130000 6.700000 2.065000
v -6.242607 6.795763 2.065000
v -6.230000 6.700000 2.065000
vn 0.000000 0.000000 1.000000
f 9334//3112 9335//3112 9336//3112
v -6.146015 6.821645 1.935000
v -6.192968 6.935000 1.935000
v -6.192968 6.935000 2.065000
vn 0.923880 0.382683 0.000000
f 9337//3113 9338//3113 9339//3113
v -6.146015 6.821645 1.935000
v -6.192968 6.935000 2.065000
v -6.146015 6.821645 2.065000
vn 0.923880 0.382683 -0.000000
f 9340//3114 9341//3114 9342//3114
v -6.242607 6.795763 1.935000
v -6.242607 6.795763 2.065000
v -6.279571 6.885000 2.065000
vn -0.923880 -0.382683 0.000000
f 9343//3115 9344//3115 9345//3115
v -6.242607 6.795763 1.935000
v -6.279571 6.885000 2.065000
v -6.279571 6.885000 1.935000
vn -0.923880 -0.382683 0.000000
f 9346//3116 9347//3116 9348//3116
v -6.192968 6.935000 1.935000
v -6.146015 6.821645 1.935000
v -6.242607 6.795763 1.935000
vn 0.000000 -0.000000 -1.000000
f 9349//3117 9350//3117 9351//3117
v -6.192968 6.935000 1.935000
v -6.242607 6.795763 1.935000
v -6.279571 6.885000 1.935000
vn 0.000000 0.000000 -1.000000
f 9352//3118 9353//3118 9354//3118
v -6.146015 6.821645 2.065000
v -6.192968 6.935000 2.065000
v -6.279571 6.885000 2.065000
vn 0.000000 0.000000 1.000000
f 9355//3119 9356//3119 9357//3119
v -6.146015 6.821645 2.065000
v -6.279571 6.885000 2.065000
v -6.242607 6.795763 2.065000
vn 0.000000 0.000000 1.000000
f 9358//3120 9359//3120 9360//3120
v -6.192968 6.935000 1.935000
v -6.267660 7.032340 1.935000
v -6.267660 7.032340 2.065000
vn 0.793353 0.608761 0.000000
f 9361//3121 9362//3121 9363//3121
v -6.192968 6.935000 1.935000
v -6.267660 7.032340 2.065000
v -6.192968 6.935000 2.065000
vn 0.793353 0.608761 -0.000000
f 9364//3122 9365//3122 9366//3122
v -6.279571 6.885000 1.935000
v -6.279571 6.885000 2.065000
v -6.338370 6.961630 2.065000
vn -0.793353 -0.608761 0.000000
f 9367//3123 9368//3123 9369//3123
v -6.279571 6.885000 1.935000
v -6.338370 6.961630 2.065000
v -6.338370 6.961630 1.935000
vn -0.793353 -0.608761 0.000000
f 9370//3124 9371//3124 9372//3124
v -6.267660 7.032340 1.935000
v -6.192968 6.935000 1.935000
v -6.279571 6.885000 1.935000
vn 0.000000 -0.000000 -1.000000
f 9373//3125 9374//3125 9375//3125
v -6.267660 7.032340 1.935000
v -6.279571 6.885000 1.935000
v -6.338370 6.961630 1.935000
vn 0.000000 0.000000 -1.000000
f 9376//3126 9377//3126 9378//3126
v -6.192968 6.935000 2.065000
v -6.267660 7.032340 2.065000
v -6.338370 6.961630 2.065000
vn 0.000000 0.000000 1.000000
f 9379//3127 9380//3127 9381//3127
v -6.192968 6.935000 2.065000
v -6.338370 6.961630 2.065000
v -6.279571 6.885000 2.065000
vn 0.000000 0.000000 1.000000
f 9382//3128 9383//3128 9384//3128
v -6.267660 7.032340 1.935000
v -6.365000 7.107032 1.935000
v -6.365000 7.107032 2.065000
vn 0.608761 0.793353 0.000000
f 9385//3129 9386//3129 9387//3129
v -6.267660 7.032340 1.935000
v -6.365000 7.107032 2.065000
v -6.267660 7.032340 2.065000
vn 0.608761 0.793353 -0.000000
f 9388//3130 9389//3130 9390//3130
v -6.338370 6.961630 1.935000
v -6.338370 6.961630 2.065000
v -6.415000 7.020429 2.065000
vn -0.608761 -0.793353 0.000000
f 9391//3131 9392//3131 9393//3131
v -6.338370 6.961630 1.935000
v -6.415000 7.020429 2.065000
v -6.415000 7.020429 1.935000
vn -0.608761 -0.793353 0.000000
f 9394//3132 9395//3132 9396//3132
v -6.365000 7.107032 1.935000
v -6.267660 7.032340 1.935000
v -6.338370 6.961630 1.935000
vn 0.000000 0.000000 -1.000000
f 9397//3133 9398//3133 9399//3133
v -6.365000 7.107032 1.935000
v -6.338370 6.961630 1.935000
v -6.415000 7.020429 1.935000
vn 0.000000 -0.000000 -1.000000
f 9400//3134 9401//3134 9402//3134
v -6.267660 7.032340 2.065000
v -6.365000 7.107032 2.065000
v -6.415000 7.020429 2.065000
vn 0.000000 0.000000 1.000000
f 9403//3135 9404//3135 9405//3135
v -6.267660 7.032340 2.065000
v -6.415000 7.020429 2.065000
v -6.338370 6.961630 2.065000
vn 0.000000 0.000000 1.000000
f 9406//3136 9407//3136 9408//3136
v -6.365000 7.107032 1.935000
v -6.478355 7.153985 1.935000
v -6.478355 7.153985 2.065000
vn 0.382683 0.923880 0.000000
f 9409//3137 9410//3137 9411//3137
v -6.365000 7.107032 1.935000
v -6.478355 7.153985 2.065000
v -6.365000 7.107032 2.065000
vn 0.382683 0.923880 -0.000000
f 9412//3138 9413//3138 9414//3138
v -6.415000 7.020429 1.935000
v -6.415000 7.020429 2.065000
v -6.504237 7.057393 2.065000
vn -0.382683 -0.923880 0.000000
f 9415//3139 9416//3139 9417//3139
v -6.415000 7.020429 1.935000
v -6.504237 7.057393 2.065000
v -6.504237 7.057393 1.935000
vn -0.382683 -0.923880 0.000000
f 9418//3140 9419//3140 9420//3140
v -6.478355 7.153985 1.935000
v -6.365000 7.107032 1.935000
v -6.415000 7.020429 1.935000
vn 0.000000 0.000000 -1.000000
f 9421//3141 9422//3141 9423//3141
v -6.478355 7.153985 1.935000
v -6.415000 7.020429 1.935000
v -6.504237 7.057393 1.935000
vn 0.000000 -0.000000 -1.000000
f 9424//3142 9425//3142 9426//3142
v -6.365000 7.107032 2.065000
v -6.478355 7.153985 2.065000
v -6.504237 7.057393 2.065000
vn 0.000000 0.000000 1.000000
f 9427//3143 9428//3143 9429//3143
v -6.365000 7.107032 2.065000
v -6.504237 7.057393 2.065000
v -6.415000 7.020429 2.065000
vn 0.000000 0.000000 1.000000
f 9430//3144 9431//3144 9432//3144
v -6.478355 7.153985 1.935000
v -6.600000 7.170000 1.935000
v -6.600000 7.170000 2.065000
vn 0.130526 0.991445 0.000000
f 9433//3145 9434//3145 9435//3145
v -6.478355 7.153985 1.935000
v -6.600000 7.170000 2.065000
v -6.478355 7.153985 2.065000
vn 0.130526 0.991445 -0.000000
f 9436//3146 9437//3146 9438//3146
v -6.504237 7.057393 1.935000
v -6.504237 7.057393 2.065000
v -6.600000 7.070000 2.065000
vn -0.130526 -0.991445 0.000000
f 9439//3147 9440//3147 9441//3147
v -6.504237 7.057393 1.935000
v -6.600000 7.070000 2.065000
v -6.600000 7.070000 1.935000
vn -0.130526 -0.991445 0.000000
f 9442//3148 9443//3148 9444//3148
v -6.600000 7.170000 1.935000
v -6.478355 7.153985 1.935000
v -6.504237 7.057393 1.935000
vn 0.000000 0.000000 -1.000000
f 9445//3149 9446//3149 9447//3149
v -6.600000 7.170000 1.935000
v -6.504237 7.057393 1.935000
v -6.600000 7.070000 1.935000
vn 0.000000 0.000000 -1.000000
f 9448//3150 9449//3150 9450//3150
v -6.478355 7.153985 2.065000
v -6.600000 7.170000 2.065000
v -6.600000 7.070000 2.065000
vn 0.000000 0.000000 1.000000
f 9451//3151 9452//3151 9453//3151
v -6.478355 7.153985 2.065000
v -6.600000 7.070000 2.065000
v -6.504237 7.057393 2.065000
vn 0.000000 0.000000 1.000000
f 9454//3152 9455//3152 9456//3152
v -6.600000 7.170000 1.935000
v -6.721645 7.153985 1.935000
v -6.721645 7.153985 2.065000
vn -0.130526 0.991445 0.000000
f 9457//3153 9458//3153 9459//3153
v -6.600000 7.170000 1.935000
v -6.721645 7.153985 2.065000
v -6.600000 7.170000 2.065000
vn -0.130526 0.991445 0.000000
f 9460//3154 9461//3154 9462//3154
v -6.600000 7.070000 1.935000
v -6.600000 7.070000 2.065000
v -6.695763 7.057393 2.065000
vn 0.130526 -0.991445 0.000000
f 9463//3155 9464//3155 9465//3155
v -6.600000 7.070000 1.935000
v -6.695763 7.057393 2.065000
v -6.695763 7.057393 1.935000
vn 0.130526 -0.991445 0.000000
f 9466//3156 9467//3156 9468//3156
v -6.721645 7.153985 1.935000
v -6.600000 7.170000 1.935000
v -6.600000 7.070000 1.935000
vn 0.000000 0.000000 -1.000000
f 9469//3157 9470//3157 9471//3157
v -6.721645 7.153985 1.935000
v -6.600000 7.070000 1.935000
v -6.695763 7.057393 1.935000
vn 0.000000 0.000000 -1.000000
f 9472//3158 9473//3158 9474//3158
v -6.600000 7.170000 2.065000
v -6.721645 7.153985 2.065000
v -6.695763 7.057393 2.065000
vn 0.000000 0.000000 1.000000
f 9475//3159 9476//3159 9477//3159
v -6.600000 7.170000 2.065000
v -6.695763 7.057393 2.065000
v -6.600000 7.070000 2.065000
vn 0.000000 0.000000 1.000000
f 9478//3160 9479//3160 9480//3160
v -6.721645 7.153985 1.935000
v -6.835000 7.107032 1.935000
v -6.835000 7.107032 2.065000
vn -0.382683 0.923880 0.000000
f 9481//3161 9482//3161 9483//3161
v -6.721645 7.153985 1.935000
v -6.835000 7.107032 2.065000
v -6.721645 7.153985 2.065000
vn -0.382683 0.923880 0.000000
f 9484//3162 9485//3162 9486//3162
v -6.695763 7.057393 1.935000
v -6.695763 7.057393 2.065000
v -6.785000 7.020429 2.065000
vn 0.382683 -0.923880 0.000000
f 9487//3163 9488//3163 9489//3163
v -6.695763 7.057393 1.935000
v -6.785000 7.020429 2.065000
v -6.785000 7.020429 1.935000
vn 0.382683 -0.923880 0.000000
f 9490//3164 9491//3164 9492//3164
v -6.835000 7.107032 1.935000
v -6.721645 7.153985 1.935000
v -6.695763 7.057393 1.935000
vn 0.000000 0.000000 -1.000000
f 9493//3165 9494//3165 9495//3165
v -6.835000 7.107032 1.935000
v -6.695763 7.057393 1.935000
v -6.785000 7.020429 1.935000
vn 0.000000 0.000000 -1.000000
f 9496//3166 9497//3166 9498//3166
v -6.721645 7.153985 2.065000
v -6.835000 7.107032 2.065000
v -6.785000 7.020429 2.065000
vn 0.000000 0.000000 1.000000
f 9499//3167 9500//3167 9501//3167
v -6.721645 7.153985 2.065000
v -6.785000 7.020429 2.065000
v -6.695763 7.057393 2.065000
vn 0.000000 0.000000 1.000000
f 9502//3168 9503//3168 9504//3168
v -6.835000 7.107032 1.935000
v -6.932340 7.032340 1.935000
v -6.932340 7.032340 2.065000
vn -0.608761 0.793353 0.000000
f 9505//3169 9506//3169 9507//3169
v -6.835000 7.107032 1.935000
v -6.932340 7.032340 2.065000
v -6.835000 7.107032 2.065000
vn -0.608761 0.793353 0.000000
f 9508//3170 9509//3170 9510//3170
v -6.785000 7.020429 1.935000
v -6.785000 7.020429 2.065000
v -6.861630 6.961630 2.065000
vn 0.608761 -0.793353 0.000000
f 9511//3171 9512//3171 9513//3171
v -6.785000 7.020429 1.935000
v -6.861630 6.961630 2.065000
v -6.861630 6.961630 1.935000
vn 0.608761 -0.793353 0.000000
f 9514//3172 9515//3172 9516//3172
v -6.932340 7.032340 1.935000
v -6.835000 7.107032 1.935000
v -6.785000 7.020429 1.935000
vn 0.000000 0.000000 -1.000000
f 9517//3173 9518//3173 9519//3173
v -6.932340 7.032340 1.935000
v -6.785000 7.020429 1.935000
v -6.861630 6.961630 1.935000
vn 0.000000 0.000000 -1.000000
f 9520//3174 9521//3174 9522//3174
v -6.835000 7.107032 2.065000
v -6.932340 7.032340 2.065000
v -6.861630 6.961630 2.065000
vn 0.000000 0.000000 1.000000
f 9523//3175 9524//3175 9525//3175
v -6.835000 7.107032 2.065000
v -6.861630 6.961630 2.065000
v -6.785000 7.020429 2.065000
vn 0.000000 0.000000 1.000000
f 9526//3176 9527//3176 9528//3176
v -6.932340 7.032340 1.935000
v -7.007032 6.935000 1.935000
v -7.007032 6.935000 2.065000
vn -0.793353 0.608761 0.000000
f 9529//3177 9530//3177 9531//3177
v -6.932340 7.032340 1.935000
v -7.007032 6.935000 2.065000
v -6.932340 7.032340 2.065000
vn -0.793353 0.608761 0.000000
f 9532//3178 9533//3178 9534//3178
v -6.861630 6.961630 1.935000
v -6.861630 6.961630 2.065000
v -6.920429 6.885000 2.065000
vn 0.793353 -0.608761 0.000000
f 9535//3179 9536//3179 9537//3179
v -6.861630 6.961630 1.935000
v -6.920429 6.885000 2.065000
v -6.920429 6.885000 1.935000
vn 0.793353 -0.608761 0.000000
f 9538//3180 9539//3180 9540//3180
v -7.007032 6.935000 1.935000
v -6.932340 7.032340 1.935000
v -6.861630 6.961630 1.935000
vn 0.000000 0.000000 -1.000000
f 9541//3181 9542//3181 9543//3181
v -7.007032 6.935000 1.935000
v -6.861630 6.961630 1.935000
v -6.920429 6.885000 1.935000
vn 0.000000 0.000000 -1.000000
f 9544//3182 9545//3182 9546//3182
v -6.932340 7.032340 2.065000
v -7.007032 6.935000 2.065000
v -6.920429 6.885000 2.065000
vn 0.000000 0.000000 1.000000
f 9547//3183 9548//3183 9549//3183
v -6.932340 7.032340 2.065000
v -6.920429 6.885000 2.065000
v -6.861630 6.961630 2.065000
vn 0.000000 0.000000 1.000000
f 9550//3184 9551//3184 9552//3184
v -7.007032 6.935000 1.935000
v -7.053985 6.821645 1.935000
v -7.053985 6.821645 2.065000
vn -0.923880 0.382683 0.000000
f 9553//3185 9554//3185 9555//3185
v -7.007032 6.935000 1.935000
v -7.053985 6.821645 2.065000
v -7.007032 6.935000 2.065000
vn -0.923880 0.382683 0.000000
f 9556//3186 9557//3186 9558//3186
v -6.920429 6.885000 1.935000
v -6.920429 6.885000 2.065000
v -6.957393 6.795763 2.065000
vn 0.923880 -0.382683 0.000000
f 9559//3187 9560//3187 9561//3187
v -6.920429 6.885000 1.935000
v -6.957393 6.795763 2.065000
v -6.957393 6.795763 1.935000
vn 0.923880 -0.382683 0.000000
f 9562//3188 9563//3188 9564//3188
v -7.053985 6.821645 1.935000
v -7.007032 6.935000 1.935000
v -6.920429 6.885000 1.935000
vn 0.000000 0.000000 -1.000000
f 9565//3189 9566//3189 9567//3189
v -7.053985 6.821645 1.935000
v -6.920429 6.885000 1.935000
v -6.957393 6.795763 1.935000
vn 0.000000 0.000000 -1.000000
f 9568//3190 9569//3190 9570//3190
v -7.007032 6.935000 2.065000
v -7.053985 6.821645 2.065000
v -6.957393 6.795763 2.065000
vn 0.000000 0.000000 1.000000
f 9571//3191 9572//3191 9573//3191
v -7.007032 6.935000 2.065000
v -6.957393 6.795763 2.065000
v -6.920429 6.885000 2.065000
vn 0.000000 0.000000 1.000000
f 9574//3192 9575//3192 9576//3192
v -7.053985 6.821645 1.935000
v -7.070000 6.700000 1.935000
v -7.070000 6.700000 2.065000
vn -0.991445 0.130526 0.000000
f 9577//3193 9578//3193 9579//3193
v -7.053985 6.821645 1.935000
v -7.070000 6.700000 2.065000
v -7.053985 6.821645 2.065000
vn -0.991445 0.130526 0.000000
f 9580//3194 9581//3194 9582//3194
v -6.957393 6.795763 1.935000
v -6.957393 6.795763 2.065000
v -6.970000 6.700000 2.065000
vn 0.991445 -0.130526 0.000000
f 9583//3195 9584//3195 9585//3195
v -6.957393 6.795763 1.935000
v -6.970000 6.700000 2.065000
v -6.970000 6.700000 1.935000
vn 0.991445 -0.130526 0.000000
f 9586//3196 9587//3196 9588//3196
v -7.070000 6.700000 1.935000
v -7.053985 6.821645 1.935000
v -6.957393 6.795763 1.935000
vn 0.000000 0.000000 -1.000000
f 9589//3197 9590//3197 9591//3197
v -7.070000 6.700000 1.935000
v -6.957393 6.795763 1.935000
v -6.970000 6.700000 1.935000
vn 0.000000 0.000000 -1.000000
f 9592//3198 9593//3198 9594//3198
v -7.053985 6.821645 2.065000
v -7.070000 6.700000 2.065000
v -6.970000 6.700000 2.065000
vn 0.000000 0.000000 1.000000
f 9595//3199 9596//3199 9597//3199
v -7.053985 6.821645 2.065000
v -6.970000 6.700000 2.065000
v -6.957393 6.795763 2.065000
vn 0.000000 0.000000 1.000000
f 9598//3200 9599//3200 9600//3200
v -7.070000 6.700000 5.935000
v -7.053985 6.578355 5.935000
v -7.053985 6.578355 6.065000
vn -0.991445 -0.130526 0.000000
f 9601//3201 9602//3201 9603//3201
v -7.070000 6.700000 5.935000
v -7.053985 6.578355 6.065000
v -7.070000 6.700000 6.065000
vn -0.991445 -0.130526 0.000000
f 9604//3202 9605//3202 9606//3202
v -6.970000 6.700000 5.935000
v -6.970000 6.700000 6.065000
v -6.957393 6.604237 6.065000
vn 0.991445 0.130526 -0.000000
f 9607//3203 9608//3203 9609//3203
v -6.970000 6.700000 5.935000
v -6.957393 6.604237 6.065000
v -6.957393 6.604237 5.935000
vn 0.991445 0.130526 0.000000
f 9610//3204 9611//3204 9612//3204
v -7.053985 6.578355 5.935000
v -7.070000 6.700000 5.935000
v -6.970000 6.700000 5.935000
vn 0.000000 0.000000 -1.000000
f 9613//3205 9614//3205 9615//3205
v -7.053985 6.578355 5.935000
v -6.970000 6.700000 5.935000
v -6.957393 6.604237 5.935000
vn 0.000000 0.000000 -1.000000
f 9616//3206 9617//3206 9618//3206
v -7.070000 6.700000 6.065000
v -7.053985 6.578355 6.065000
v -6.957393 6.604237 6.065000
vn 0.000000 0.000000 1.000000
f 9619//3207 9620//3207 9621//3207
v -7.070000 6.700000 6.065000
v -6.957393 6.604237 6.065000
v -6.970000 6.700000 6.065000
vn -0.000000 0.000000 1.000000
f 9622//3208 9623//3208 9624//3208
v -7.053985 6.578355 5.935000
v -7.007032 6.465000 5.935000
v -7.007032 6.465000 6.065000
vn -0.923880 -0.382683 0.000000
f 9625//3209 9626//3209 9627//3209
v -7.053985 6.578355 5.935000
v -7.007032 6.465000 6.065000
v -7.053985 6.578355 6.065000
vn -0.923880 -0.382683 0.000000
f 9628//3210 9629//3210 9630//3210
v -6.957393 6.604237 5.935000
v -6.957393 6.604237 6.065000
v -6.920429 6.515000 6.065000
vn 0.923880 0.382683 -0.000000
f 9631//3211 9632//3211 9633//3211
v -6.957393 6.604237 5.935000
v -6.920429 6.515000 6.065000
v -6.920429 6.515000 5.935000
vn 0.923880 0.382683 0.000000
f 9634//3212 9635//3212 9636//3212
v -7.007032 6.465000 5.935000
v -7.053985 6.578355 5.935000
v -6.957393 6.604237 5.935000
vn 0.000000 0.000000 -1.000000
f 9637//3213 9638//3213 9639//3213
v -7.007032 6.465000 5.935000
v -6.957393 6.604237 5.935000
v -6.920429 6.515000 5.935000
vn 0.000000 0.000000 -1.000000
f 9640//3214 9641//3214 9642//3214
v -7.053985 6.578355 6.065000
v -7.007032 6.465000 6.065000
v -6.920429 6.515000 6.065000
vn 0.000000 0.000000 1.000000
f 9643//3215 9644//3215 9645//3215
v -7.053985 6.578355 6.065000
v -6.920429 6.515000 6.065000
v -6.957393 6.604237 6.065000
vn -0.000000 0.000000 1.000000
f 9646//3216 9647//3216 9648//3216
v -7.007032 6.465000 5.935000
v -6.932340 6.367660 5.935000
v -6.932340 6.367660 6.065000
vn -0.793353 -0.608761 0.000000
f 9649//3217 9650//3217 9651//3217
v -7.007032 6.465000 5.935000
v -6.932340 6.367660 6.065000
v -7.007032 6.465000 6.065000
vn -0.793353 -0.608761 0.000000
f 9652//3218 9653//3218 9654//3218
v -6.920429 6.515000 5.935000
v -6.920429 6.515000 6.065000
v -6.861630 6.438370 6.065000
vn 0.793353 0.608761 -0.000000
f 9655//3219 9656//3219 9657//3219
v -6.920429 6.515000 5.935000
v -6.861630 6.438370 6.065000
v -6.861630 6.438370 5.935000
vn 0.793353 0.608761 0.000000
f 9658//3220 9659//3220 9660//3220
v -6.932340 6.367660 5.935000
v -7.007032 6.465000 5.935000
v -6.920429 6.515000 5.935000
vn 0.000000 0.000000 -1.000000
f 9661//3221 9662//3221 9663//3221
v -6.932340 6.367660 5.935000
v -6.920429 6.515000 5.935000
v -6.861630 6.438370 5.935000
vn 0.000000 0.000000 -1.000000
f 9664//3222 9665//3222 9666//3222
v -7.007032 6.465000 6.065000
v -6.932340 6.367660 6.065000
v -6.861630 6.438370 6.065000
vn 0.000000 0.000000 1.000000
f 9667//3223 9668//3223 9669//3223
v -7.007032 6.465000 6.065000
v -6.861630 6.438370 6.065000
v -6.920429 6.515000 6.065000
vn -0.000000 0.000000 1.000000
f 9670//3224 9671//3224 9672//3224
v -6.932340 6.367660 5.935000
v -6.835000 6.292968 5.935000
v -6.835000 6.292968 6.065000
vn -0.608761 -0.793353 0.000000
f 9673//3225 9674//3225 9675//3225
v -6.932340 6.367660 5.935000
v -6.835000 6.292968 6.065000
v -6.932340 6.367660 6.065000
vn -0.608761 -0.793353 0.000000
f 9676//3226 9677//3226 9678//3226
v -6.861630 6.438370 5.935000
v -6.861630 6.438370 6.065000
v -6.785000 6.379571 6.065000
vn 0.608761 0.793353 -0.000000
f 9679//3227 9680//3227 9681//3227
v -6.861630 6.438370 5.935000
v -6.785000 6.379571 6.065000
v -6.785000 6.379571 5.935000
vn 0.608761 0.793353 0.000000
f 9682//3228 9683//3228 9684//3228
v -6.835000 6.292968 5.935000
v -6.932340 6.367660 5.935000
v -6.861630 6.438370 5.935000
vn 0.000000 0.000000 -1.000000
f 9685//3229 9686//3229 9687//3229
v -6.835000 6.292968 5.935000
v -6.861630 6.438370 5.935000
v -6.785000 6.379571 5.935000
vn 0.000000 0.000000 -1.000000
f 9688//3230 9689//3230 9690//3230
v -6.932340 6.367660 6.065000
v -6.835000 6.292968 6.065000
v -6.785000 6.379571 6.065000
vn -0.000000 0.000000 1.000000
f 9691//3231 9692//3231 9693//3231
v -6.932340 6.367660 6.065000
v -6.785000 6.379571 6.065000
v -6.861630 6.438370 6.065000
vn 0.000000 0.000000 1.000000
f 9694//3232 9695//3232 9696//3232
v -6.835000 6.292968 5.935000
v -6.721645 6.246015 5.935000
v -6.721645 6.246015 6.065000
vn -0.382683 -0.923880 0.000000
f 9697//3233 9698//3233 9699//3233
v -6.835000 6.292968 5.935000
v -6.721645 6.246015 6.065000
v -6.835000 6.292968 6.065000
vn -0.382683 -0.923880 0.000000
f 9700//3234 9701//3234 9702//3234
v -6.785000 6.379571 5.935000
v -6.785000 6.379571 6.065000
v -6.695763 6.342607 6.065000
vn 0.382683 0.923880 -0.000000
f 9703//3235 9704//3235 9705//3235
v -6.785000 6.379571 5.935000
v -6.695763 6.342607 6.065000
v -6.695763 6.342607 5.935000
vn 0.382683 0.923880 0.000000
f 9706//3236 9707//3236 9708//3236
v -6.721645 6.246015 5.935000
v -6.835000 6.292968 5.935000
v -6.785000 6.379571 5.935000
vn 0.000000 0.000000 -1.000000
f 9709//3237 9710//3237 9711//3237
v -6.721645 6.246015 5.935000
v -6.785000 6.379571 5.935000
v -6.695763 6.342607 5.935000
vn 0.000000 0.000000 -1.000000
f 9712//3238 9713//3238 9714//3238
v -6.835000 6.292968 6.065000
v -6.721645 6.246015 6.065000
v -6.695763 6.342607 6.065000
vn -0.000000 0.000000 1.000000
f 9715//3239 9716//3239 9717//3239
v -6.835000 6.292968 6.065000
v -6.695763 6.342607 6.065000
v -6.785000 6.379571 6.065000
vn 0.000000 0.000000 1.000000
f 9718//3240 9719//3240 9720//3240
v -6.721645 6.246015 5.935000
v -6.600000 6.230000 5.935000
v -6.600000 6.230000 6.065000
vn -0.130526 -0.991445 0.000000
f 9721//3241 9722//3241 9723//3241
v -6.721645 6.246015 5.935000
v -6.600000 6.230000 6.065000
v -6.721645 6.246015 6.065000
vn -0.130526 -0.991445 0.000000
f 9724//3242 9725//3242 9726//3242
v -6.695763 6.342607 5.935000
v -6.695763 6.342607 6.065000
v -6.600000 6.330000 6.065000
vn 0.130526 0.991445 -0.000000
f 9727//3243 9728//3243 9729//3243
v -6.695763 6.342607 5.935000
v -6.600000 6.330000 6.065000
v -6.600000 6.330000 5.935000
vn 0.130526 0.991445 0.000000
f 9730//3244 9731//3244 9732//3244
v -6.600000 6.230000 5.935000
v -6.721645 6.246015 5.935000
v -6.695763 6.342607 5.935000
vn 0.000000 0.000000 -1.000000
f 9733//3245 9734//3245 9735//3245
v -6.600000 6.230000 5.935000
v -6.695763 6.342607 5.935000
v -6.600000 6.330000 5.935000
vn 0.000000 0.000000 -1.000000
f 9736//3246 9737//3246 9738//3246
v -6.721645 6.246015 6.065000
v -6.600000 6.230000 6.065000
v -6.600000 6.330000 6.065000
vn -0.000000 0.000000 1.000000
f 9739//3247 9740//3247 9741//3247
v -6.721645 6.246015 6.065000
v -6.600000 6.330000 6.065000
v -6.695763 6.342607 6.065000
vn 0.000000 0.000000 1.000000
f 9742//3248 9743//3248 9744//3248
v -6.600000 6.230000 5.935000
v -6.478355 6.246015 5.935000
v -6.478355 6.246015 6.065000
vn 0.130526 -0.991445 0.000000
f 9745//3249 9746//3249 9747//3249
v -6.600000 6.230000 5.935000
v -6.478355 6.246015 6.065000
v -6.600000 6.230000 6.065000
vn 0.130526 -0.991445 0.000000
f 9748//3250 9749//3250 9750//3250
v -6.600000 6.330000 5.935000
v -6.600000 6.330000 6.065000
v -6.504237 6.342607 6.065000
vn -0.130526 0.991445 0.000000
f 9751//3251 9752//3251 9753//3251
v -6.600000 6.330000 5.935000
v -6.504237 6.342607 6.065000
v -6.504237 6.342607 5.935000
vn -0.130526 0.991445 0.000000
f 9754//3252 9755//3252 9756//3252
v -6.478355 6.246015 5.935000
v -6.600000 6.230000 5.935000
v -6.600000 6.330000 5.935000
vn -0.000000 0.000000 -1.000000
f 9757//3253 9758//3253 9759//3253
v -6.478355 6.246015 5.935000
v -6.600000 6.330000 5.935000
v -6.504237 6.342607 5.935000
vn 0.000000 0.000000 -1.000000
f 9760//3254 9761//3254 9762//3254
v -6.600000 6.230000 6.065000
v -6.478355 6.246015 6.065000
v -6.504237 6.342607 6.065000
vn 0.000000 0.000000 1.000000
f 9763//3255 9764//3255 9765//3255
v -6.600000 6.230000 6.065000
v -6.504237 6.342607 6.065000
v -6.600000 6.330000 6.065000
vn 0.000000 0.000000 1.000000
f 9766//3256 9767//3256 9768//3256
v -6.478355 6.246015 5.935000
v -6.365000 6.292968 5.935000
v -6.365000 6.292968 6.065000
vn 0.382683 -0.923880 0.000000
f 9769//3257 9770//3257 9771//3257
v -6.478355 6.246015 5.935000
v -6.365000 6.292968 6.065000
v -6.478355 6.246015 6.065000
vn 0.382683 -0.923880 0.000000
f 9772//3258 9773//3258 9774//3258
v -6.504237 6.342607 5.935000
v -6.504237 6.342607 6.065000
v -6.415000 6.379571 6.065000
vn -0.382683 0.923880 0.000000
f 9775//3259 9776//3259 9777//3259
v -6.504237 6.342607 5.935000
v -6.415000 6.379571 6.065000
v -6.415000 6.379571 5.935000
vn -0.382683 0.923880 0.000000
f 9778//3260 9779//3260 9780//3260
v -6.365000 6.292968 5.935000
v -6.478355 6.246015 5.935000
v -6.504237 6.342607 5.935000
vn -0.000000 0.000000 -1.000000
f 9781//3261 9782//3261 9783//3261
v -6.365000 6.292968 5.935000
v -6.504237 6.342607 5.935000
v -6.415000 6.379571 5.935000
vn 0.000000 0.000000 -1.000000
f 9784//3262 9785//3262 9786//3262
v -6.478355 6.246015 6.065000
v -6.365000 6.292968 6.065000
v -6.415000 6.379571 6.065000
vn 0.000000 0.000000 1.000000
f 9787//3263 9788//3263 9789//3263
v -6.478355 6.246015 6.065000
v -6.415000 6.379571 6.065000
v -6.504237 6.342607 6.065000
vn 0.000000 -0.000000 1.000000
f 9790//3264 9791//3264 9792//3264
v -6.365000 6.292968 5.935000
v -6.267660 6.367660 5.935000
v -6.267660 6.367660 6.065000
vn 0.608761 -0.793353 0.000000
f 9793//3265 9794//3265 9795//3265
v -6.365000 6.292968 5.935000
v -6.267660 6.367660 6.065000
v -6.365000 6.292968 6.065000
vn 0.608761 -0.793353 0.000000
f 9796//3266 9797//3266 9798//3266
v -6.415000 6.379571 5.935000
v -6.415000 6.379571 6.065000
v -6.338370 6.438370 6.065000
vn -0.608761 0.793353 0.000000
f 9799//3267 9800//3267 9801//3267
v -6.415000 6.379571 5.935000
v -6.338370 6.438370 6.065000
v -6.338370 6.438370 5.935000
vn -0.608761 0.793353 0.000000
f 9802//3268 9803//3268 9804//3268
v -6.267660 6.367660 5.935000
v -6.365000 6.292968 5.935000
v -6.415000 6.379571 5.935000
vn -0.000000 0.000000 -1.000000
f 9805//3269 9806//3269 9807//3269
v -6.267660 6.367660 5.935000
v -6.415000 6.379571 5.935000
v -6.338370 6.438370 5.935000
vn 0.000000 0.000000 -1.000000
f 9808//3270 9809//3270 9810//3270
v -6.365000 6.292968 6.065000
v -6.267660 6.367660 6.065000
v -6.338370 6.438370 6.065000
vn 0.000000 0.000000 1.000000
f 9811//3271 9812//3271 9813//3271
v -6.365000 6.292968 6.065000
v -6.338370 6.438370 6.065000
v -6.415000 6.379571 6.065000
vn 0.000000 -0.000000 1.000000
f 9814//3272 9815//3272 9816//3272
v -6.267660 6.367660 5.935000
v -6.192968 6.465000 5.935000
v -6.192968 6.465000 6.065000
vn 0.793353 -0.608761 0.000000
f 9817//3273 9818//3273 9819//3273
v -6.267660 6.367660 5.935000
v -6.192968 6.465000 6.065000
v -6.267660 6.367660 6.065000
vn 0.793353 -0.608761 0.000000
f 9820//3274 9821//3274 9822//3274
v -6.338370 6.438370 5.935000
v -6.338370 6.438370 6.065000
v -6.279571 6.515000 6.065000
vn -0.793353 0.608761 0.000000
f 9823//3275 9824//3275 9825//3275
v -6.338370 6.438370 5.935000
v -6.279571 6.515000 6.065000
v -6.279571 6.515000 5.935000
vn -0.793353 0.608761 0.000000
f 9826//3276 9827//3276 9828//3276
v -6.192968 6.465000 5.935000
v -6.267660 6.367660 5.935000
v -6.338370 6.438370 5.935000
vn 0.000000 0.000000 -1.000000
f 9829//3277 9830//3277 9831//3277
v -6.192968 6.465000 5.935000
v -6.338370 6.438370 5.935000
v -6.279571 6.515000 5.935000
vn -0.000000 0.000000 -1.000000
f 9832//3278 9833//3278 9834//3278
v -6.267660 6.367660 6.065000
v -6.192968 6.465000 6.065000
v -6.279571 6.515000 6.065000
vn 0.000000 -0.000000 1.000000
f 9835//3279 9836//3279 9837//3279
v -6.267660 6.367660 6.065000
v -6.279571 6.515000 6.065000
v -6.338370 6.438370 6.065000
vn 0.000000 0.000000 1.000000
f 9838//3280 9839//3280 9840//3280
v -6.192968 6.465000 5.935000
v -6.146015 6.578355 5.935000
v -6.146015 6.578355 6.065000
vn 0.923880 -0.382683 0.000000
f 9841//3281 9842//3281 9843//3281
v -6.192968 6.465000 5.935000
v -6.146015 6.578355 6.065000
v -6.192968 6.465000 6.065000
vn 0.923880 -0.382683 0.000000
f 9844//3282 9845//3282 9846//3282
v -6.279571 6.515000 5.935000
v -6.279571 6.515000 6.065000
v -6.242607 6.604237 6.065000
vn -0.923880 0.382683 0.000000
f 9847//3283 9848//3283 9849//3283
v -6.279571 6.515000 5.935000
v -6.242607 6.604237 6.065000
v -6.242607 6.604237 5.935000
vn -0.923880 0.382683 0.000000
f 9850//3284 9851//3284 9852//3284
v -6.146015 6.578355 5.935000
v -6.192968 6.465000 5.935000
v -6.279571 6.515000 5.935000
vn 0.000000 0.000000 -1.000000
f 9853//3285 9854//3285 9855//3285
v -6.146015 6.578355 5.935000
v -6.279571 6.515000 5.935000
v -6.242607 6.604237 5.935000
vn -0.000000 0.000000 -1.000000
f 9856//3286 9857//3286 9858//3286
v -6.192968 6.465000 6.065000
v -6.146015 6.578355 6.065000
v -6.242607 6.604237 6.065000
vn 0.000000 -0.000000 1.000000
f 9859//3287 9860//3287 9861//3287
v -6.192968 6.465000 6.065000
v -6.242607 6.604237 6.065000
v -6.279571 6.515000 6.065000
vn 0.000000 0.000000 1.000000
f 9862//3288 9863//3288 9864//3288
v -6.146015 6.578355 5.935000
v -6.130000 6.700000 5.935000
v -6.130000 6.700000 6.065000
vn 0.991445 -0.130526 0.000000
f 9865//3289 9866//3289 9867//3289
v -6.146015 6.578355 5.935000
v -6.130000 6.700000 6.065000
v -6.146015 6.578355 6.065000
vn 0.991445 -0.130526 0.000000
f 9868//3290 9869//3290 9870//3290
v -6.242607 6.604237 5.935000
v -6.242607 6.604237 6.065000
v -6.230000 6.700000 6.065000
vn -0.991445 0.130526 0.000000
f 9871//3291 9872//3291 9873//3291
v -6.242607 6.604237 5.935000
v -6.230000 6.700000 6.065000
v -6.230000 6.700000 5.935000
vn -0.991445 0.130526 0.000000
f 9874//3292 9875//3292 9876//3292
v -6.130000 6.700000 5.935000
v -6.146015 6.578355 5.935000
v -6.242607 6.604237 5.935000
vn 0.000000 0.000000 -1.000000
f 9877//3293 9878//3293 9879//3293
v -6.130000 6.700000 5.935000
v -6.242607 6.604237 5.935000
v -6.230000 6.700000 5.935000
vn -0.000000 0.000000 -1.000000
f 9880//3294 9881//3294 9882//3294
v -6.146015 6.578355 6.065000
v -6.130000 6.700000 6.065000
v -6.230000 6.700000 6.065000
vn 0.000000 -0.000000 1.000000
f 9883//3295 9884//3295 9885//3295
v -6.146015 6.578355 6.065000
v -6.230000 6.700000 6.065000
v -6.242607 6.604237 6.065000
vn 0.000000 0.000000 1.000000
f 9886//3296 9887//3296 9888//3296
v -6.130000 6.700000 5.935000
v -6.146015 6.821645 5.935000
v -6.146015 6.821645 6.065000
vn 0.991445 0.130526 0.000000
f 9889//3297 9890//3297 9891//3297
v -6.130000 6.700000 5.935000
v -6.146015 6.821645 6.065000
v -6.130000 6.700000 6.065000
vn 0.991445 0.130526 -0.000000
f 9892//3298 9893//3298 9894//3298
v -6.230000 6.700000 5.935000
v -6.230000 6.700000 6.065000
v -6.242607 6.795763 6.065000
vn -0.991445 -0.130526 0.000000
f 9895//3299 9896//3299 9897//3299
v -6.230000 6.700000 5.935000
v -6.242607 6.795763 6.065000
v -6.242607 6.795763 5.935000
vn -0.991445 -0.130526 0.000000
f 9898//3300 9899//3300 9900//3300
v -6.146015 6.821645 5.935000
v -6.130000 6.700000 5.935000
v -6.230000 6.700000 5.935000
vn 0.000000 -0.000000 -1.000000
f 9901//3301 9902//3301 9903//3301
v -6.146015 6.821645 5.935000
v -6.230000 6.700000 5.935000
v -6.242607 6.795763 5.935000
vn 0.000000 0.000000 -1.000000
f 9904//3302 9905//3302 9906//3302
v -6.130000 6.700000 6.065000
v -6.146015 6.821645 6.065000
v -6.242607 6.795763 6.065000
vn 0.000000 0.000000 1.000000
f 9907//3303 9908//3303 9909//3303
v -6.130000 6.700000 6.065000
v -6.242607 6.795763 6.065000
v -6.230000 6.700000 6.065000
vn 0.000000 0.000000 1.000000
f 9910//3304 9911//3304 9912//3304
v -6.146015 6.821645 5.935000
v -6.192968 6.935000 5.935000
v -6.192968 6.935000 6.065000
vn 0.923880 0.382683 0.000000
f 9913//3305 9914//3305 9915//3305
v -6.146015 6.821645 5.935000
v -6.192968 6.935000 6.065000
v -6.146015 6.821645 6.065000
vn 0.923880 0.382683 -0.000000
f 9916//3306 9917//3306 9918//3306
v -6.242607 6.795763 5.935000
v -6.242607 6.795763 6.065000
v -6.279571 6.885000 6.065000
vn -0.923880 -0.382683 0.000000
f 9919//3307 9920//3307 9921//3307
v -6.242607 6.795763 5.935000
v -6.279571 6.885000 6.065000
v -6.279571 6.885000 5.935000
vn -0.923880 -0.382683 0.000000
f 9922//3308 9923//3308 9924//3308
v -6.192968 6.935000 5.935000
v -6.146015 6.821645 5.935000
v -6.242607 6.795763 5.935000
vn 0.000000 -0.000000 -1.000000
f 9925//3309 9926//3309 9927//3309
v -6.192968 6.935000 5.935000
v -6.242607 6.795763 5.935000
v -6.279571 6.885000 5.935000
vn 0.000000 0.000000 -1.000000
f 9928//3310 9929//3310 9930//3310
v -6.146015 6.821645 6.065000
v -6.192968 6.935000 6.065000
v -6.279571 6.885000 6.065000
vn 0.000000 0.000000 1.000000
f 9931//3311 9932//3311 9933//3311
v -6.146015 6.821645 6.065000
v -6.279571 6.885000 6.065000
v -6.242607 6.795763 6.065000
vn 0.000000 0.000000 1.000000
f 9934//3312 9935//3312 9936//3312
v -6.192968 6.935000 5.935000
v -6.267660 7.032340 5.935000
v -6.267660 7.032340 6.065000
vn 0.793353 0.608761 0.000000
f 9937//3313 9938//3313 9939//3313
v -6.192968 6.935000 5.935000
v -6.267660 7.032340 6.065000
v -6.192968 6.935000 6.065000
vn 0.793353 0.608761 -0.000000
f 9940//3314 9941//3314 9942//3314
v -6.279571 6.885000 5.935000
v -6.279571 6.885000 6.065000
v -6.338370 6.961630 6.065000
vn -0.793353 -0.608761 0.000000
f 9943//3315 9944//3315 9945//3315
v -6.279571 6.885000 5.935000
v -6.338370 6.961630 6.065000
v -6.338370 6.961630 5.935000
vn -0.793353 -0.608761 0.000000
f 9946//3316 9947//3316 9948//3316
v -6.267660 7.032340 5.935000
v -6.192968 6.935000 5.935000
v -6.279571 6.885000 5.935000
vn 0.000000 -0.000000 -1.000000
f 9949//3317 9950//3317 9951//3317
v -6.267660 7.032340 5.935000
v -6.279571 6.885000 5.935000
v -6.338370 6.961630 5.935000
vn 0.000000 0.000000 -1.000000
f 9952//3318 9953//3318 9954//3318
v -6.192968 6.935000 6.065000
v -6.267660 7.032340 6.065000
v -6.338370 6.961630 6.065000
vn 0.000000 0.000000 1.000000
f 9955//3319 9956//3319 9957//3319
v -6.192968 6.935000 6.065000
v -6.338370 6.961630 6.065000
v -6.279571 6.885000 6.065000
vn 0.000000 0.000000 1.000000
f 9958//3320 9959//3320 9960//3320
v -6.267660 7.032340 5.935000
v -6.365000 7.107032 5.935000
v -6.365000 7.107032 6.065000
vn 0.608761 0.793353 0.000000
f 9961//3321 9962//3321 9963//3321
v -6.267660 7.032340 5.935000
v -6.365000 7.107032 6.065000
v -6.267660 7.032340 6.065000
vn 0.608761 0.793353 -0.000000
f 9964//3322 9965//3322 9966//3322
v -6.338370 6.961630 5.935000
v -6.338370 6.961630 6.065000
v -6.415000 7.020429 6.065000
vn -0.608761 -0.793353 0.000000
f 9967//3323 9968//3323 9969//3323
v -6.338370 6.961630 5.935000
v -6.415000 7.020429 6.065000
v -6.415000 7.020429 5.935000
vn -0.608761 -0.793353 0.000000
f 9970//3324 9971//3324 9972//3324
v -6.365000 7.107032 5.935000
v -6.267660 7.032340 5.935000
v -6.338370 6.961630 5.935000
vn 0.000000 0.000000 -1.000000
f 9973//3325 9974//3325 9975//3325
v -6.365000 7.107032 5.935000
v -6.338370 6.961630 5.935000
v -6.415000 7.020429 5.935000
vn 0.000000 -0.000000 -1.000000
f 9976//3326 9977//3326 9978//3326
v -6.267660 7.032340 6.065000
v -6.365000 7.107032 6.065000
v -6.415000 7.020429 6.065000
vn 0.000000 0.000000 1.000000
f 9979//3327 9980//3327 9981//3327
v -6.267660 7.032340 6.065000
v -6.415000 7.020429 6.065000
v -6.338370 6.961630 6.065000
vn 0.000000 0.000000 1.000000
f 9982//3328 9983//3328 9984//3328
v -6.365000 7.107032 5.935000
v -6.478355 7.153985 5.935000
v -6.478355 7.153985 6.065000
vn 0.382683 0.923880 0.000000
f 9985//3329 9986//3329 9987//3329
v -6.365000 7.107032 5.935000
v -6.478355 7.153985 6.065000
v -6.365000 7.107032 6.065000
vn 0.382683 0.923880 -0.000000
f 9988//3330 9989//3330 9990//3330
v -6.415000 7.020429 5.935000
v -6.415000 7.020429 6.065000
v -6.504237 7.057393 6.065000
vn -0.382683 -0.923880 0.000000
f 9991//3331 9992//3331 9993//3331
v -6.415000 7.020429 5.935000
v -6.504237 7.057393 6.065000
v -6.504237 7.057393 5.935000
vn -0.382683 -0.923880 0.000000
f 9994//3332 9995//3332 9996//3332
v -6.478355 7.153985 5.935000
v -6.365000 7.107032 5.935000
v -6.415000 7.020429 5.935000
vn 0.000000 0.000000 -1.000000
f 9997//3333 9998//3333 9999//3333
v -6.478355 7.153985 5.935000
v -6.415000 7.020429 5.935000
v -6.504237 7.057393 5.935000
vn 0.000000 -0.000000 -1.000000
f 10000//3334 10001//3334 10002//3334
v -6.365000 7.107032 6.065000
v -6.478355 7.153985 6.065000
v -6.504237 7.057393 6.065000
vn 0.000000 0.000000 1.000000
f 10003//3335 10004//3335 10005//3335
v -6.365000 7.107032 6.065000
v -6.504237 7.057393 6.065000
v -6.415000 7.020429 6.065000
vn 0.000000 0.000000 1.000000
f 10006//3336 10007//3336 10008//3336
v -6.478355 7.153985 5.935000
v -6.600000 7.170000 5.935000
v -6.600000 7.170000 6.065000
vn 0.130526 0.991445 0.000000
f 10009//3337 10010//3337 10011//3337
v -6.478355 7.153985 5.935000
v -6.600000 7.170000 6.065000
v -6.478355 7.153985 6.065000
vn 0.130526 0.991445 -0.000000
f 10012//3338 10013//3338 10014//3338
v -6.504237 7.057393 5.935000
v -6.504237 7.057393 6.065000
v -6.600000 7.070000 6.065000
vn -0.130526 -0.991445 0.000000
f 10015//3339 10016//3339 10017//3339
v -6.504237 7.057393 5.935000
v -6.600000 7.070000 6.065000
v -6.600000 7.070000 5.935000
vn -0.130526 -0.991445 0.000000
f 10018//3340 10019//3340 10020//3340
v -6.600000 7.170000 5.935000
v -6.478355 7.153985 5.935000
v -6.504237 7.057393 5.935000
vn 0.000000 0.000000 -1.000000
f 10021//3341 10022//3341 10023//3341
v -6.600000 7.170000 5.935000
v -6.504237 7.057393 5.935000
v -6.600000 7.070000 5.935000
vn 0.000000 0.000000 -1.000000
f 10024//3342 10025//3342 10026//3342
v -6.478355 7.153985 6.065000
v -6.600000 7.170000 6.065000
v -6.600000 7.070000 6.065000
vn 0.000000 0.000000 1.000000
f 10027//3343 10028//3343 10029//3343
v -6.478355 7.153985 6.065000
v -6.600000 7.070000 6.065000
v -6.504237 7.057393 6.065000
vn 0.000000 0.000000 1.000000
f 10030//3344 10031//3344 10032//3344
v -6.600000 7.170000 5.935000
v -6.721645 7.153985 5.935000
v -6.721645 7.153985 6.065000
vn -0.130526 0.991445 0.000000
f 10033//3345 10034//3345 10035//3345
v -6.600000 7.170000 5.935000
v -6.721645 7.153985 6.065000
v -6.600000 7.170000 6.065000
vn -0.130526 0.991445 0.000000
f 10036//3346 10037//3346 10038//3346
v -6.600000 7.070000 5.935000
v -6.600000 7.070000 6.065000
v -6.695763 7.057393 6.065000
vn 0.130526 -0.991445 0.000000
f 10039//3347 10040//3347 10041//3347
v -6.600000 7.070000 5.935000
v -6.695763 7.057393 6.065000
v -6.695763 7.057393 5.935000
vn 0.130526 -0.991445 0.000000
f 10042//3348 10043//3348 10044//3348
v -6.721645 7.153985 5.935000
v -6.600000 7.170000 5.935000
v -6.600000 7.070000 5.935000
vn 0.000000 0.000000 -1.000000
f 10045//3349 10046//3349 10047//3349
v -6.721645 7.153985 5.935000
v -6.600000 7.070000 5.935000
v -6.695763 7.057393 5.935000
vn 0.000000 0.000000 -1.000000
f 10048//3350 10049//3350 10050//3350
v -6.600000 7.170000 6.065000
v -6.721645 7.153985 6.065000
v -6.695763 7.057393 6.065000
vn 0.000000 0.000000 1.000000
f 10051//3351 10052//3351 10053//3351
v -6.600000 7.170000 6.065000
v -6.695763 7.057393 6.065000
v -6.600000 7.070000 6.065000
vn 0.000000 0.000000 1.000000
f 10054//3352 10055//3352 10056//3352
v -6.721645 7.153985 5.935000
v -6.835000 7.107032 5.935000
v -6.835000 7.107032 6.065000
vn -0.382683 0.923880 0.000000
f 10057//3353 10058//3353 10059//3353
v -6.721645 7.153985 5.935000
v -6.835000 7.107032 6.065000
v -6.721645 7.153985 6.065000
vn -0.382683 0.923880 0.000000
f 10060//3354 10061//3354 10062//3354
v -6.695763 7.057393 5.935000
v -6.695763 7.057393 6.065000
v -6.785000 7.020429 6.065000
vn 0.382683 -0.923880 0.000000
f 10063//3355 10064//3355 10065//3355
v -6.695763 7.057393 5.935000
v -6.785000 7.020429 6.065000
v -6.785000 7.020429 5.935000
vn 0.382683 -0.923880 0.000000
f 10066//3356 10067//3356 10068//3356
v -6.835000 7.107032 5.935000
v -6.721645 7.153985 5.935000
v -6.695763 7.057393 5.935000
vn 0.000000 0.000000 -1.000000
f 10069//3357 10070//3357 10071//3357
v -6.835000 7.107032 5.935000
v -6.695763 7.057393 5.935000
v -6.785000 7.020429 5.935000
vn 0.000000 0.000000 -1.000000
f 10072//3358 10073//3358 10074//3358
v -6.721645 7.153985 6.065000
v -6.835000 7.107032 6.065000
v -6.785000 7.020429 6.065000
vn 0.000000 0.000000 1.000000
f 10075//3359 10076//3359 10077//3359
v -6.721645 7.153985 6.065000
v -6.785000 7.020429 6.065000
v -6.695763 7.057393 6.065000
vn 0.000000 0.000000 1.000000
f 10078//3360 10079//3360 10080//3360
v -6.835000 7.107032 5.935000
v -6.932340 7.032340 5.935000
v -6.932340 7.032340 6.065000
vn -0.608761 0.793353 0.000000
f 10081//3361 10082//3361 10083//3361
v -6.835000 7.107032 5.935000
v -6.932340 7.032340 6.065000
v -6.835000 7.107032 6.065000
vn -0.608761 0.793353 0.000000
f 10084//3362 10085//3362 10086//3362
v -6.785000 7.020429 5.935000
v -6.785000 7.020429 6.065000
v -6.861630 6.961630 6.065000
vn 0.608761 -0.793353 0.000000
f 10087//3363 10088//3363 10089//3363
v -6.785000 7.020429 5.935000
v -6.861630 6.961630 6.065000
v -6.861630 6.961630 5.935000
vn 0.608761 -0.793353 0.000000
f 10090//3364 10091//3364 10092//3364
v -6.932340 7.032340 5.935000
v -6.835000 7.107032 5.935000
v -6.785000 7.020429 5.935000
vn 0.000000 0.000000 -1.000000
f 10093//3365 10094//3365 10095//3365
v -6.932340 7.032340 5.935000
v -6.785000 7.020429 5.935000
v -6.861630 6.961630 5.935000
vn 0.000000 0.000000 -1.000000
f 10096//3366 10097//3366 10098//3366
v -6.835000 7.107032 6.065000
v -6.932340 7.032340 6.065000
v -6.861630 6.961630 6.065000
vn 0.000000 0.000000 1.000000
f 10099//3367 10100//3367 10101//3367
v -6.835000 7.107032 6.065000
v -6.861630 6.961630 6.065000
v -6.785000 7.020429 6.065000
vn 0.000000 0.000000 1.000000
f 10102//3368 10103//3368 10104//3368
v -6.932340 7.032340 5.935000
v -7.007032 6.935000 5.935000
v -7.007032 6.935000 6.065000
vn -0.793353 0.608761 0.000000
f 10105//3369 10106//3369 10107//3369
v -6.932340 7.032340 5.935000
v -7.007032 6.935000 6.065000
v -6.932340 7.032340 6.065000
vn -0.793353 0.608761 0.000000
f 10108//3370 10109//3370 10110//3370
v -6.861630 6.961630 5.935000
v -6.861630 6.961630 6.065000
v -6.920429 6.885000 6.065000
vn 0.793353 -0.608761 0.000000
f 10111//3371 10112//3371 10113//3371
v -6.861630 6.961630 5.935000
v -6.920429 6.885000 6.065000
v -6.920429 6.885000 5.935000
vn 0.793353 -0.608761 0.000000
f 10114//3372 10115//3372 10116//3372
v -7.007032 6.935000 5.935000
v -6.932340 7.032340 5.935000
v -6.861630 6.961630 5.935000
vn 0.000000 0.000000 -1.000000
f 10117//3373 10118//3373 10119//3373
v -7.007032 6.935000 5.935000
v -6.861630 6.961630 5.935000
v -6.920429 6.885000 5.935000
vn 0.000000 0.000000 -1.000000
f 10120//3374 10121//3374 10122//3374
v -6.932340 7.032340 6.065000
v -7.007032 6.935000 6.065000
v -6.920429 6.885000 6.065000
vn 0.000000 0.000000 1.000000
f 10123//3375 10124//3375 10125//3375
v -6.932340 7.032340 6.065000
v -6.920429 6.885000 6.065000
v -6.861630 6.961630 6.065000
vn 0.000000 0.000000 1.000000
f 10126//3376 10127//3376 10128//3376
v -7.007032 6.935000 5.935000
v -7.053985 6.821645 5.935000
v -7.053985 6.821645 6.065000
vn -0.923880 0.382683 0.000000
f 10129//3377 10130//3377 10131//3377
v -7.007032 6.935000 5.935000
v -7.053985 6.821645 6.065000
v -7.007032 6.935000 6.065000
vn -0.923880 0.382683 0.000000
f 10132//3378 10133//3378 10134//3378
v -6.920429 6.885000 5.935000
v -6.920429 6.885000 6.065000
v -6.957393 6.795763 6.065000
vn 0.923880 -0.382683 0.000000
f 10135//3379 10136//3379 10137//3379
v -6.920429 6.885000 5.935000
v -6.957393 6.795763 6.065000
v -6.957393 6.795763 5.935000
vn 0.923880 -0.382683 0.000000
f 10138//3380 10139//3380 10140//3380
v -7.053985 6.821645 5.935000
v -7.007032 6.935000 5.935000
v -6.920429 6.885000 5.935000
vn 0.000000 0.000000 -1.000000
f 10141//3381 10142//3381 10143//3381
v -7.053985 6.821645 5.935000
v -6.920429 6.885000 5.935000
v -6.957393 6.795763 5.935000
vn 0.000000 0.000000 -1.000000
f 10144//3382 10145//3382 10146//3382
v -7.007032 6.935000 6.065000
v -7.053985 6.821645 6.065000
v -6.957393 6.795763 6.065000
vn 0.000000 0.000000 1.000000
f 10147//3383 10148//3383 10149//3383
v -7.007032 6.935000 6.065000
v -6.957393 6.795763 6.065000
v -6.920429 6.885000 6.065000
vn 0.000000 0.000000 1.000000
f 10150//3384 10151//3384 10152//3384
v -7.053985 6.821645 5.935000
v -7.070000 6.700000 5.935000
v -7.070000 6.700000 6.065000
vn -0.991445 0.130526 0.000000
f 10153//3385 10154//3385 10155//3385
v -7.053985 6.821645 5.935000
v -7.070000 6.700000 6.065000
v -7.053985 6.821645 6.065000
vn -0.991445 0.130526 0.000000
f 10156//3386 10157//3386 10158//3386
v -6.957393 6.795763 5.935000
v -6.957393 6.795763 6.065000
v -6.970000 6.700000 6.065000
vn 0.991445 -0.130526 0.000000
f 10159//3387 10160//3387 10161//3387
v -6.957393 6.795763 5.935000
v -6.970000 6.700000 6.065000
v -6.970000 6.700000 5.935000
vn 0.991445 -0.130526 0.000000
f 10162//3388 10163//3388 10164//3388
v -7.070000 6.700000 5.935000
v -7.053985 6.821645 5.935000
v -6.957393 6.795763 5.935000
vn 0.000000 0.000000 -1.000000
f 10165//3389 10166//3389 10167//3389
v -7.070000 6.700000 5.935000
v -6.957393 6.795763 5.935000
v -6.970000 6.700000 5.935000
vn 0.000000 0.000000 -1.000000
f 10168//3390 10169//3390 10170//3390
v -7.053985 6.821645 6.065000
v -7.070000 6.700000 6.065000
v -6.970000 6.700000 6.065000
vn 0.000000 0.000000 1.000000
f 10171//3391 10172//3391 10173//3391
v -7.053985 6.821645 6.065000
v -6.970000 6.700000 6.065000
v -6.957393 6.795763 6.065000
vn 0.000000 0.000000 1.000000
f 10174//3392 10175//3392 10176//3392
v -7.070000 6.700000 8.935000
v -7.053985 6.578355 8.935000
v -7.053985 6.578355 9.065000
vn -0.991445 -0.130526 0.000000
f 10177//3393 10178//3393 10179//3393
v -7.070000 6.700000 8.935000
v -7.053985 6.578355 9.065000
v -7.070000 6.700000 9.065000
vn -0.991445 -0.130526 0.000000
f 10180//3394 10181//3394 10182//3394
v -6.970000 6.700000 8.935000
v -6.970000 6.700000 9.065000
v -6.957393 6.604237 9.065000
vn 0.991445 0.130526 -0.000000
f 10183//3395 10184//3395 10185//3395
v -6.970000 6.700000 8.935000
v -6.957393 6.604237 9.065000
v -6.957393 6.604237 8.935000
vn 0.991445 0.130526 0.000000
f 10186//3396 10187//3396 10188//3396
v -7.053985 6.578355 8.935000
v -7.070000 6.700000 8.935000
v -6.970000 6.700000 8.935000
vn 0.000000 0.000000 -1.000000
f 10189//3397 10190//3397 10191//3397
v -7.053985 6.578355 8.935000
v -6.970000 6.700000 8.935000
v -6.957393 6.604237 8.935000
vn 0.000000 0.000000 -1.000000
f 10192//3398 10193//3398 10194//3398
v -7.070000 6.700000 9.065000
v -7.053985 6.578355 9.065000
v -6.957393 6.604237 9.065000
vn 0.000000 0.000000 1.000000
f 10195//3399 10196//3399 10197//3399
v -7.070000 6.700000 9.065000
v -6.957393 6.604237 9.065000
v -6.970000 6.700000 9.065000
vn -0.000000 0.000000 1.000000
f 10198//3400 10199//3400 10200//3400
v -7.053985 6.578355 8.935000
v -7.007032 6.465000 8.935000
v -7.007032 6.465000 9.065000
vn -0.923880 -0.382683 0.000000
f 10201//3401 10202//3401 10203//3401
v -7.053985 6.578355 8.935000
v -7.007032 6.465000 9.065000
v -7.053985 6.578355 9.065000
vn -0.923880 -0.382683 0.000000
f 10204//3402 10205//3402 10206//3402
v -6.957393 6.604237 8.935000
v -6.957393 6.604237 9.065000
v -6.920429 6.515000 9.065000
vn 0.923880 0.382683 -0.000000
f 10207//3403 10208//3403 10209//3403
v -6.957393 6.604237 8.935000
v -6.920429 6.515000 9.065000
v -6.920429 6.515000 8.935000
vn 0.923880 0.382683 0.000000
f 10210//3404 10211//3404 10212//3404
v -7.007032 6.465000 8.935000
v -7.053985 6.578355 8.935000
v -6.957393 6.604237 8.935000
vn 0.000000 0.000000 -1.000000
f 10213//3405 10214//3405 10215//3405
v -7.007032 6.465000 8.935000
v -6.957393 6.604237 8.935000
v -6.920429 6.515000 8.935000
vn 0.000000 0.000000 -1.000000
f 10216//3406 10217//3406 10218//3406
v -7.053985 6.578355 9.065000
v -7.007032 6.465000 9.065000
v -6.920429 6.515000 9.065000
vn 0.000000 0.000000 1.000000
f 10219//3407 10220//3407 10221//3407
v -7.053985 6.578355 9.065000
v -6.920429 6.515000 9.065000
v -6.957393 6.604237 9.065000
vn -0.000000 0.000000 1.000000
f 10222//3408 10223//3408 10224//3408
v -7.007032 6.465000 8.935000
v -6.932340 6.367660 8.935000
v -6.932340 6.367660 9.065000
vn -0.793353 -0.608761 0.000000
f 10225//3409 10226//3409 10227//3409
v -7.007032 6.465000 8.935000
v -6.932340 6.367660 9.065000
v -7.007032 6.465000 9.065000
vn -0.793353 -0.608761 0.000000
f 10228//3410 10229//3410 10230//3410
v -6.920429 6.515000 8.935000
v -6.920429 6.515000 9.065000
v -6.861630 6.438370 9.065000
vn 0.793353 0.608761 -0.000000
f 10231//3411 10232//3411 10233//3411
v -6.920429 6.515000 8.935000
v -6.861630 6.438370 9.065000
v -6.861630 6.438370 8.935000
vn 0.793353 0.608761 0.000000
f 10234//3412 10235//3412 10236//3412
v -6.932340 6.367660 8.935000
v -7.007032 6.465000 8.935000
v -6.920429 6.515000 8.935000
vn 0.000000 0.000000 -1.000000
f 10237//3413 10238//3413 10239//3413
v -6.932340 6.367660 8.935000
v -6.920429 6.515000 8.935000
v -6.861630 6.438370 8.935000
vn 0.000000 0.000000 -1.000000
f 10240//3414 10241//3414 10242//3414
v -7.007032 6.465000 9.065000
v -6.932340 6.367660 9.065000
v -6.861630 6.438370 9.065000
vn 0.000000 0.000000 1.000000
f 10243//3415 10244//3415 10245//3415
v -7.007032 6.465000 9.065000
v -6.861630 6.438370 9.065000
v -6.920429 6.515000 9.065000
vn -0.000000 0.000000 1.000000
f 10246//3416 10247//3416 10248//3416
v -6.932340 6.367660 8.935000
v -6.835000 6.292968 8.935000
v -6.835000 6.292968 9.065000
vn -0.608761 -0.793353 0.000000
f 10249//3417 10250//3417 10251//3417
v -6.932340 6.367660 8.935000
v -6.835000 6.292968 9.065000
v -6.932340 6.367660 9.065000
vn -0.608761 -0.793353 0.000000
f 10252//3418 10253//3418 10254//3418
v -6.861630 6.438370 8.935000
v -6.861630 6.438370 9.065000
v -6.785000 6.379571 9.065000
vn 0.608761 0.793353 -0.000000
f 10255//3419 10256//3419 10257//3419
v -6.861630 6.438370 8.935000
v -6.785000 6.379571 9.065000
v -6.785000 6.379571 8.935000
vn 0.608761 0.793353 0.000000
f 10258//3420 10259//3420 10260//3420
v -6.835000 6.292968 8.935000
v -6.932340 6.367660 8.935000
v -6.861630 6.438370 8.935000
vn 0.000000 0.000000 -1.000000
f 10261//3421 10262//3421 10263//3421
v -6.835000 6.292968 8.935000
v -6.861630 6.438370 8.935000
v -6.785000 6.379571 8.935000
vn 0.000000 0.000000 -1.000000
f 10264//3422 10265//3422 10266//3422
v -6.932340 6.367660 9.065000
v -6.835000 6.292968 9.065000
v -6.785000 6.379571 9.065000
vn -0.000000 0.000000 1.000000
f 10267//3423 10268//3423 10269//3423
v -6.932340 6.367660 9.065000
v -6.785000 6.379571 9.065000
v -6.861630 6.438370 9.065000
vn 0.000000 0.000000 1.000000
f 10270//3424 10271//3424 10272//3424
v -6.835000 6.292968 8.935000
v -6.721645 6.246015 8.935000
v -6.721645 6.246015 9.065000
vn -0.382683 -0.923880 0.000000
f 10273//3425 10274//3425 10275//3425
v -6.835000 6.292968 8.935000
v -6.721645 6.246015 9.065000
v -6.835000 6.292968 9.065000
vn -0.382683 -0.923880 0.000000
f 10276//3426 10277//3426 10278//3426
v -6.785000 6.379571 8.935000
v -6.785000 6.379571 9.065000
v -6.695763 6.342607 9.065000
vn 0.382683 0.923880 -0.000000
f 10279//3427 10280//3427 10281//3427
v -6.785000 6.379571 8.935000
v -6.695763 6.342607 9.065000
v -6.695763 6.342607 8.935000
vn 0.382683 0.923880 0.000000
f 10282//3428 10283//3428 10284//3428
v -6.721645 6.246015 8.935000
v -6.835000 6.292968 8.935000
v -6.785000 6.379571 8.935000
vn 0.000000 0.000000 -1.000000
f 10285//3429 10286//3429 10287//3429
v -6.721645 6.246015 8.935000
v -6.785000 6.379571 8.935000
v -6.695763 6.342607 8.935000
vn 0.000000 0.000000 -1.000000
f 10288//3430 10289//3430 10290//3430
v -6.835000 6.292968 9.065000
v -6.721645 6.246015 9.065000
v -6.695763 6.342607 9.065000
vn -0.000000 0.000000 1.000000
f 10291//3431 10292//3431 10293//3431
v -6.835000 6.292968 9.065000
v -6.695763 6.342607 9.065000
v -6.785000 6.379571 9.065000
vn 0.000000 0.000000 1.000000
f 10294//3432 10295//3432 10296//3432
v -6.721645 6.246015 8.935000
v -6.600000 6.230000 8.935000
v -6.600000 6.230000 9.065000
vn -0.130526 -0.991445 0.000000
f 10297//3433 10298//3433 10299//3433
v -6.721645 6.246015 8.935000
v -6.600000 6.230000 9.065000
v -6.721645 6.246015 9.065000
vn -0.130526 -0.991445 0.000000
f 10300//3434 10301//3434 10302//3434
v -6.695763 6.342607 8.935000
v -6.695763 6.342607 9.065000
v -6.600000 6.330000 9.065000
vn 0.130526 0.991445 -0.000000
f 10303//3435 10304//3435 10305//3435
v -6.695763 6.342607 8.935000
v -6.600000 6.330000 9.065000
v -6.600000 6.330000 8.935000
vn 0.130526 0.991445 0.000000
f 10306//3436 10307//3436 10308//3436
v -6.600000 6.230000 8.935000
v -6.721645 6.246015 8.935000
v -6.695763 6.342607 8.935000
vn 0.000000 0.000000 -1.000000
f 10309//3437 10310//3437 10311//3437
v -6.600000 6.230000 8.935000
v -6.695763 6.342607 8.935000
v -6.600000 6.330000 8.935000
vn 0.000000 0.000000 -1.000000
f 10312//3438 10313//3438 10314//3438
v -6.721645 6.246015 9.065000
v -6.600000 6.230000 9.065000
v -6.600000 6.330000 9.065000
vn -0.000000 0.000000 1.000000
f 10315//3439 10316//3439 10317//3439
v -6.721645 6.246015 9.065000
v -6.600000 6.330000 9.065000
v -6.695763 6.342607 9.065000
vn 0.000000 0.000000 1.000000
f 10318//3440 10319//3440 10320//3440
v -6.600000 6.230000 8.935000
v -6.478355 6.246015 8.935000
v -6.478355 6.246015 9.065000
vn 0.130526 -0.991445 0.000000
f 10321//3441 10322//3441 10323//3441
v -6.600000 6.230000 8.935000
v -6.478355 6.246015 9.065000
v -6.600000 6.230000 9.065000
vn 0.130526 -0.991445 0.000000
f 10324//3442 10325//3442 10326//3442
v -6.600000 6.330000 8.935000
v -6.600000 6.330000 9.065000
v -6.504237 6.342607 9.065000
vn -0.130526 0.991445 0.000000
f 10327//3443 10328//3443 10329//3443
v -6.600000 6.330000 8.935000
v -6.504237 6.342607 9.065000
v -6.504237 6.342607 8.935000
vn -0.130526 0.991445 0.000000
f 10330//3444 10331//3444 10332//3444
v -6.478355 6.246015 8.935000
v -6.600000 6.230000 8.935000
v -6.600000 6.330000 8.935000
vn -0.000000 0.000000 -1.000000
f 10333//3445 10334//3445 10335//3445
v -6.478355 6.246015 8.935000
v -6.600000 6.330000 8.935000
v -6.504237 6.342607 8.935000
vn 0.000000 0.000000 -1.000000
f 10336//3446 10337//3446 10338//3446
v -6.600000 6.230000 9.065000
v -6.478355 6.246015 9.065000
v -6.504237 6.342607 9.065000
vn 0.000000 0.000000 1.000000
f 10339//3447 10340//3447 10341//3447
v -6.600000 6.230000 9.065000
v -6.504237 6.342607 9.065000
v -6.600000 6.330000 9.065000
vn 0.000000 0.000000 1.000000
f 10342//3448 10343//3448 10344//3448
v -6.478355 6.246015 8.935000
v -6.365000 6.292968 8.935000
v -6.365000 6.292968 9.065000
vn 0.382683 -0.923880 0.000000
f 10345//3449 10346//3449 10347//3449
v -6.478355 6.246015 8.935000
v -6.365000 6.292968 9.065000
v -6.478355 6.246015 9.065000
vn 0.382683 -0.923880 0.000000
f 10348//3450 10349//3450 10350//3450
v -6.504237 6.342607 8.935000
v -6.504237 6.342607 9.065000
v -6.415000 6.379571 9.065000
vn -0.382683 0.923880 0.000000
f 10351//3451 10352//3451 10353//3451
v -6.504237 6.342607 8.935000
v -6.415000 6.379571 9.065000
v -6.415000 6.379571 8.935000
vn -0.382683 0.923880 0.000000
f 10354//3452 10355//3452 10356//3452
v -6.365000 6.292968 8.935000
v -6.478355 6.246015 8.935000
v -6.504237 6.342607 8.935000
vn -0.000000 0.000000 -1.000000
f 10357//3453 10358//3453 10359//3453
v -6.365000 6.292968 8.935000
v -6.504237 6.342607 8.935000
v -6.415000 6.379571 8.935000
vn 0.000000 0.000000 -1.000000
f 10360//3454 10361//3454 10362//3454
v -6.478355 6.246015 9.065000
v -6.365000 6.292968 9.065000
v -6.415000 6.379571 9.065000
vn 0.000000 0.000000 1.000000
f 10363//3455 10364//3455 10365//3455
v -6.478355 6.246015 9.065000
v -6.415000 6.379571 9.065000
v -6.504237 6.342607 9.065000
vn 0.000000 -0.000000 1.000000
f 10366//3456 10367//3456 10368//3456
v -6.365000 6.292968 8.935000
v -6.267660 6.367660 8.935000
v -6.267660 6.367660 9.065000
vn 0.608761 -0.793353 0.000000
f 10369//3457 10370//3457 10371//3457
v -6.365000 6.292968 8.935000
v -6.267660 6.367660 9.065000
v -6.365000 6.292968 9.065000
vn 0.608761 -0.793353 0.000000
f 10372//3458 10373//3458 10374//3458
v -6.415000 6.379571 8.935000
v -6.415000 6.379571 9.065000
v -6.338370 6.438370 9.065000
vn -0.608761 0.793353 0.000000
f 10375//3459 10376//3459 10377//3459
v -6.415000 6.379571 8.935000
v -6.338370 6.438370 9.065000
v -6.338370 6.438370 8.935000
vn -0.608761 0.793353 0.000000
f 10378//3460 10379//3460 10380//3460
v -6.267660 6.367660 8.935000
v -6.365000 6.292968 8.935000
v -6.415000 6.379571 8.935000
vn -0.000000 0.000000 -1.000000
f 10381//3461 10382//3461 10383//3461
v -6.267660 6.367660 8.935000
v -6.415000 6.379571 8.935000
v -6.338370 6.438370 8.935000
vn 0.000000 0.000000 -1.000000
f 10384//3462 10385//3462 10386//3462
v -6.365000 6.292968 9.065000
v -6.267660 6.367660 9.065000
v -6.338370 6.438370 9.065000
vn 0.000000 0.000000 1.000000
f 10387//3463 10388//3463 10389//3463
v -6.365000 6.292968 9.065000
v -6.338370 6.438370 9.065000
v -6.415000 6.379571 9.065000
vn 0.000000 -0.000000 1.000000
f 10390//3464 10391//3464 10392//3464
v -6.267660 6.367660 8.935000
v -6.192968 6.465000 8.935000
v -6.192968 6.465000 9.065000
vn 0.793353 -0.608761 0.000000
f 10393//3465 10394//3465 10395//3465
v -6.267660 6.367660 8.935000
v -6.192968 6.465000 9.065000
v -6.267660 6.367660 9.065000
vn 0.793353 -0.608761 0.000000
f 10396//3466 10397//3466 10398//3466
v -6.338370 6.438370 8.935000
v -6.338370 6.438370 9.065000
v -6.279571 6.515000 9.065000
vn -0.793353 0.608761 0.000000
f 10399//3467 10400//3467 10401//3467
v -6.338370 6.438370 8.935000
v -6.279571 6.515000 9.065000
v -6.279571 6.515000 8.935000
vn -0.793353 0.608761 0.000000
f 10402//3468 10403//3468 10404//3468
v -6.192968 6.465000 8.935000
v -6.267660 6.367660 8.935000
v -6.338370 6.438370 8.935000
vn 0.000000 0.000000 -1.000000
f 10405//3469 10406//3469 10407//3469
v -6.192968 6.465000 8.935000
v -6.338370 6.438370 8.935000
v -6.279571 6.515000 8.935000
vn -0.000000 0.000000 -1.000000
f 10408//3470 10409//3470 10410//3470
v -6.267660 6.367660 9.065000
v -6.192968 6.465000 9.065000
v -6.279571 6.515000 9.065000
vn 0.000000 -0.000000 1.000000
f 10411//3471 10412//3471 10413//3471
v -6.267660 6.367660 9.065000
v -6.279571 6.515000 9.065000
v -6.338370 6.438370 9.065000
vn 0.000000 0.000000 1.000000
f 10414//3472 10415//3472 10416//3472
v -6.192968 6.465000 8.935000
v -6.146015 6.578355 8.935000
v -6.146015 6.578355 9.065000
vn 0.923880 -0.382683 0.000000
f 10417//3473 10418//3473 10419//3473
v -6.192968 6.465000 8.935000
v -6.146015 6.578355 9.065000
v -6.192968 6.465000 9.065000
vn 0.923880 -0.382683 0.000000
f 10420//3474 10421//3474 10422//3474
v -6.279571 6.515000 8.935000
v -6.279571 6.515000 9.065000
v -6.242607 6.604237 9.065000
vn -0.923880 0.382683 0.000000
f 10423//3475 10424//3475 10425//3475
v -6.279571 6.515000 8.935000
v -6.242607 6.604237 9.065000
v -6.242607 6.604237 8.935000
vn -0.923880 0.382683 0.000000
f 10426//3476 10427//3476 10428//3476
v -6.146015 6.578355 8.935000
v -6.192968 6.465000 8.935000
v -6.279571 6.515000 8.935000
vn 0.000000 0.000000 -1.000000
f 10429//3477 10430//3477 10431//3477
v -6.146015 6.578355 8.935000
v -6.279571 6.515000 8.935000
v -6.242607 6.604237 8.935000
vn -0.000000 0.000000 -1.000000
f 10432//3478 10433//3478 10434//3478
v -6.192968 6.465000 9.065000
v -6.146015 6.578355 9.065000
v -6.242607 6.604237 9.065000
vn 0.000000 -0.000000 1.000000
f 10435//3479 10436//3479 10437//3479
v -6.192968 6.465000 9.065000
v -6.242607 6.604237 9.065000
v -6.279571 6.515000 9.065000
vn 0.000000 0.000000 1.000000
f 10438//3480 10439//3480 10440//3480
v -6.146015 6.578355 8.935000
v -6.130000 6.700000 8.935000
v -6.130000 6.700000 9.065000
vn 0.991445 -0.130526 0.000000
f 10441//3481 10442//3481 10443//3481
v -6.146015 6.578355 8.935000
v -6.130000 6.700000 9.065000
v -6.146015 6.578355 9.065000
vn 0.991445 -0.130526 0.000000
f 10444//3482 10445//3482 10446//3482
v -6.242607 6.604237 8.935000
v -6.242607 6.604237 9.065000
v -6.230000 6.700000 9.065000
vn -0.991445 0.130526 0.000000
f 10447//3483 10448//3483 10449//3483
v -6.242607 6.604237 8.935000
v -6.230000 6.700000 9.065000
v -6.230000 6.700000 8.935000
vn -0.991445 0.130526 0.000000
f 10450//3484 10451//3484 10452//3484
v -6.130000 6.700000 8.935000
v -6.146015 6.578355 8.935000
v -6.242607 6.604237 8.935000
vn 0.000000 0.000000 -1.000000
f 10453//3485 10454//3485 10455//3485
v -6.130000 6.700000 8.935000
v -6.242607 6.604237 8.935000
v -6.230000 6.700000 8.935000
vn -0.000000 0.000000 -1.000000
f 10456//3486 10457//3486 10458//3486
v -6.146015 6.578355 9.065000
v -6.130000 6.700000 9.065000
v -6.230000 6.700000 9.065000
vn 0.000000 -0.000000 1.000000
f 10459//3487 10460//3487 10461//3487
v -6.146015 6.578355 9.065000
v -6.230000 6.700000 9.065000
v -6.242607 6.604237 9.065000
vn 0.000000 0.000000 1.000000
f 10462//3488 10463//3488 10464//3488
v -6.130000 6.700000 8.935000
v -6.146015 6.821645 8.935000
v -6.146015 6.821645 9.065000
vn 0.991445 0.130526 0.000000
f 10465//3489 10466//3489 10467//3489
v -6.130000 6.700000 8.935000
v -6.146015 6.821645 9.065000
v -6.130000 6.700000 9.065000
vn 0.991445 0.130526 -0.000000
f 10468//3490 10469//3490 10470//3490
v -6.230000 6.700000 8.935000
v -6.230000 6.700000 9.065000
v -6.242607 6.795763 9.065000
vn -0.991445 -0.130526 0.000000
f 10471//3491 10472//3491 10473//3491
v -6.230000 6.700000 8.935000
v -6.242607 6.795763 9.065000
v -6.242607 6.795763 8.935000
vn -0.991445 -0.130526 0.000000
f 10474//3492 10475//3492 10476//3492
v -6.146015 6.821645 8.935000
v -6.130000 6.700000 8.935000
v -6.230000 6.700000 8.935000
vn 0.000000 -0.000000 -1.000000
f 10477//3493 10478//3493 10479//3493
v -6.146015 6.821645 8.935000
v -6.230000 6.700000 8.935000
v -6.242607 6.795763 8.935000
vn 0.000000 0.000000 -1.000000
f 10480//3494 10481//3494 10482//3494
v -6.130000 6.700000 9.065000
v -6.146015 6.821645 9.065000
v -6.242607 6.795763 9.065000
vn 0.000000 0.000000 1.000000
f 10483//3495 10484//3495 10485//3495
v -6.130000 6.700000 9.065000
v -6.242607 6.795763 9.065000
v -6.230000 6.700000 9.065000
vn 0.000000 0.000000 1.000000
f 10486//3496 10487//3496 10488//3496
v -6.146015 6.821645 8.935000
v -6.192968 6.935000 8.935000
v -6.192968 6.935000 9.065000
vn 0.923880 0.382683 0.000000
f 10489//3497 10490//3497 10491//3497
v -6.146015 6.821645 8.935000
v -6.192968 6.935000 9.065000
v -6.146015 6.821645 9.065000
vn 0.923880 0.382683 -0.000000
f 10492//3498 10493//3498 10494//3498
v -6.242607 6.795763 8.935000
v -6.242607 6.795763 9.065000
v -6.279571 6.885000 9.065000
vn -0.923880 -0.382683 0.000000
f 10495//3499 10496//3499 10497//3499
v -6.242607 6.795763 8.935000
v -6.279571 6.885000 9.065000
v -6.279571 6.885000 8.935000
vn -0.923880 -0.382683 0.000000
f 10498//3500 10499//3500 10500//3500
v -6.192968 6.935000 8.935000
v -6.146015 6.821645 8.935000
v -6.242607 6.795763 8.935000
vn 0.000000 -0.000000 -1.000000
f 10501//3501 10502//3501 10503//3501
v -6.192968 6.935000 8.935000
v -6.242607 6.795763 8.935000
v -6.279571 6.885000 8.935000
vn 0.000000 0.000000 -1.000000
f 10504//3502 10505//3502 10506//3502
v -6.146015 6.821645 9.065000
v -6.192968 6.935000 9.065000
v -6.279571 6.885000 9.065000
vn 0.000000 0.000000 1.000000
f 10507//3503 10508//3503 10509//3503
v -6.146015 6.821645 9.065000
v -6.279571 6.885000 9.065000
v -6.242607 6.795763 9.065000
vn 0.000000 0.000000 1.000000
f 10510//3504 10511//3504 10512//3504
v -6.192968 6.935000 8.935000
v -6.267660 7.032340 8.935000
v -6.267660 7.032340 9.065000
vn 0.793353 0.608761 0.000000
f 10513//3505 10514//3505 10515//3505
v -6.192968 6.935000 8.935000
v -6.267660 7.032340 9.065000
v -6.192968 6.935000 9.065000
vn 0.793353 0.608761 -0.000000
f 10516//3506 10517//3506 10518//3506
v -6.279571 6.885000 8.935000
v -6.279571 6.885000 9.065000
v -6.338370 6.961630 9.065000
vn -0.793353 -0.608761 0.000000
f 10519//3507 10520//3507 10521//3507
v -6.279571 6.885000 8.935000
v -6.338370 6.961630 9.065000
v -6.338370 6.961630 8.935000
vn -0.793353 -0.608761 0.000000
f 10522//3508 10523//3508 10524//3508
v -6.267660 7.032340 8.935000
v -6.192968 6.935000 8.935000
v -6.279571 6.885000 8.935000
vn 0.000000 -0.000000 -1.000000
f 10525//3509 10526//3509 10527//3509
v -6.267660 7.032340 8.935000
v -6.279571 6.885000 8.935000
v -6.338370 6.961630 8.935000
vn 0.000000 0.000000 -1.000000
f 10528//3510 10529//3510 10530//3510
v -6.192968 6.935000 9.065000
v -6.267660 7.032340 9.065000
v -6.338370 6.961630 9.065000
vn 0.000000 0.000000 1.000000
f 10531//3511 10532//3511 10533//3511
v -6.192968 6.935000 9.065000
v -6.338370 6.961630 9.065000
v -6.279571 6.885000 9.065000
vn 0.000000 0.000000 1.000000
f 10534//3512 10535//3512 10536//3512
v -6.267660 7.032340 8.935000
v -6.365000 7.107032 8.935000
v -6.365000 7.107032 9.065000
vn 0.608761 0.793353 0.000000
f 10537//3513 10538//3513 10539//3513
v -6.267660 7.032340 8.935000
v -6.365000 7.107032 9.065000
v -6.267660 7.032340 9.065000
vn 0.608761 0.793353 -0.000000
f 10540//3514 10541//3514 10542//3514
v -6.338370 6.961630 8.935000
v -6.338370 6.961630 9.065000
v -6.415000 7.020429 9.065000
vn -0.608761 -0.793353 0.000000
f 10543//3515 10544//3515 10545//3515
v -6.338370 6.961630 8.935000
v -6.415000 7.020429 9.065000
v -6.415000 7.020429 8.935000
vn -0.608761 -0.793353 0.000000
f 10546//3516 10547//3516 10548//3516
v -6.365000 7.107032 8.935000
v -6.267660 7.032340 8.935000
v -6.338370 6.961630 8.935000
vn 0.000000 0.000000 -1.000000
f 10549//3517 10550//3517 10551//3517
v -6.365000 7.107032 8.935000
v -6.338370 6.961630 8.935000
v -6.415000 7.020429 8.935000
vn 0.000000 -0.000000 -1.000000
f 10552//3518 10553//3518 10554//3518
v -6.267660 7.032340 9.065000
v -6.365000 7.107032 9.065000
v -6.415000 7.020429 9.065000
vn 0.000000 0.000000 1.000000
f 10555//3519 10556//3519 10557//3519
v -6.267660 7.032340 9.065000
v -6.415000 7.020429 9.065000
v -6.338370 6.961630 9.065000
vn 0.000000 0.000000 1.000000
f 10558//3520 10559//3520 10560//3520
v -6.365000 7.107032 8.935000
v -6.478355 7.153985 8.935000
v -6.478355 7.153985 9.065000
vn 0.382683 0.923880 0.000000
f 10561//3521 10562//3521 10563//3521
v -6.365000 7.107032 8.935000
v -6.478355 7.153985 9.065000
v -6.365000 7.107032 9.065000
vn 0.382683 0.923880 -0.000000
f 10564//3522 10565//3522 10566//3522
v -6.415000 7.020429 8.935000
v -6.415000 7.020429 9.065000
v -6.504237 7.057393 9.065000
vn -0.382683 -0.923880 0.000000
f 10567//3523 10568//3523 10569//3523
v -6.415000 7.020429 8.935000
v -6.504237 7.057393 9.065000
v -6.504237 7.057393 8.935000
vn -0.382683 -0.923880 0.000000
f 10570//3524 10571//3524 10572//3524
v -6.478355 7.153985 8.935000
v -6.365000 7.107032 8.935000
v -6.415000 7.020429 8.935000
vn 0.000000 0.000000 -1.000000
f 10573//3525 10574//3525 10575//3525
v -6.478355 7.153985 8.935000
v -6.415000 7.020429 8.935000
v -6.504237 7.057393 8.935000
vn 0.000000 -0.000000 -1.000000
f 10576//3526 10577//3526 10578//3526
v -6.365000 7.107032 9.065000
v -6.478355 7.153985 9.065000
v -6.504237 7.057393 9.065000
vn 0.000000 0.000000 1.000000
f 10579//3527 10580//3527 10581//3527
v -6.365000 7.107032 9.065000
v -6.504237 7.057393 9.065000
v -6.415000 7.020429 9.065000
vn 0.000000 0.000000 1.000000
f 10582//3528 10583//3528 10584//3528
v -6.478355 7.153985 8.935000
v -6.600000 7.170000 8.935000
v -6.600000 7.170000 9.065000
vn 0.130526 0.991445 0.000000
f 10585//3529 10586//3529 10587//3529
v -6.478355 7.153985 8.935000
v -6.600000 7.170000 9.065000
v -6.478355 7.153985 9.065000
vn 0.130526 0.991445 -0.000000
f 10588//3530 10589//3530 10590//3530
v -6.504237 7.057393 8.935000
v -6.504237 7.057393 9.065000
v -6.600000 7.070000 9.065000
vn -0.130526 -0.991445 0.000000
f 10591//3531 10592//3531 10593//3531
v -6.504237 7.057393 8.935000
v -6.600000 7.070000 9.065000
v -6.600000 7.070000 8.935000
vn -0.130526 -0.991445 0.000000
f 10594//3532 10595//3532 10596//3532
v -6.600000 7.170000 8.935000
v -6.478355 7.153985 8.935000
v -6.504237 7.057393 8.935000
vn 0.000000 0.000000 -1.000000
f 10597//3533 10598//3533 10599//3533
v -6.600000 7.170000 8.935000
v -6.504237 7.057393 8.935000
v -6.600000 7.070000 8.935000
vn 0.000000 0.000000 -1.000000
f 10600//3534 10601//3534 10602//3534
v -6.478355 7.153985 9.065000
v -6.600000 7.170000 9.065000
v -6.600000 7.070000 9.065000
vn 0.000000 0.000000 1.000000
f 10603//3535 10604//3535 10605//3535
v -6.478355 7.153985 9.065000
v -6.600000 7.070000 9.065000
v -6.504237 7.057393 9.065000
vn 0.000000 0.000000 1.000000
f 10606//3536 10607//3536 10608//3536
v -6.600000 7.170000 8.935000
v -6.721645 7.153985 8.935000
v -6.721645 7.153985 9.065000
vn -0.130526 0.991445 0.000000
f 10609//3537 10610//3537 10611//3537
v -6.600000 7.170000 8.935000
v -6.721645 7.153985 9.065000
v -6.600000 7.170000 9.065000
vn -0.130526 0.991445 0.000000
f 10612//3538 10613//3538 10614//3538
v -6.600000 7.070000 8.935000
v -6.600000 7.070000 9.065000
v -6.695763 7.057393 9.065000
vn 0.130526 -0.991445 0.000000
f 10615//3539 10616//3539 10617//3539
v -6.600000 7.070000 8.935000
v -6.695763 7.057393 9.065000
v -6.695763 7.057393 8.935000
vn 0.130526 -0.991445 0.000000
f 10618//3540 10619//3540 10620//3540
v -6.721645 7.153985 8.935000
v -6.600000 7.170000 8.935000
v -6.600000 7.070000 8.935000
vn 0.000000 0.000000 -1.000000
f 10621//3541 10622//3541 10623//3541
v -6.721645 7.153985 8.935000
v -6.600000 7.070000 8.935000
v -6.695763 7.057393 8.935000
vn 0.000000 0.000000 -1.000000
f 10624//3542 10625//3542 10626//3542
v -6.600000 7.170000 9.065000
v -6.721645 7.153985 9.065000
v -6.695763 7.057393 9.065000
vn 0.000000 0.000000 1.000000
f 10627//3543 10628//3543 10629//3543
v -6.600000 7.170000 9.065000
v -6.695763 7.057393 9.065000
v -6.600000 7.070000 9.065000
vn 0.000000 0.000000 1.000000
f 10630//3544 10631//3544 10632//3544
v -6.721645 7.153985 8.935000
v -6.835000 7.107032 8.935000
v -6.835000 7.107032 9.065000
vn -0.382683 0.923880 0.000000
f 10633//3545 10634//3545 10635//3545
v -6.721645 7.153985 8.935000
v -6.835000 7.107032 9.065000
v -6.721645 7.153985 9.065000
vn -0.382683 0.923880 0.000000
f 10636//3546 10637//3546 10638//3546
v -6.695763 7.057393 8.935000
v -6.695763 7.057393 9.065000
v -6.785000 7.020429 9.065000
vn 0.382683 -0.923880 0.000000
f 10639//3547 10640//3547 10641//3547
v -6.695763 7.057393 8.935000
v -6.785000 7.020429 9.065000
v -6.785000 7.020429 8.935000
vn 0.382683 -0.923880 0.000000
f 10642//3548 10643//3548 10644//3548
v -6.835000 7.107032 8.935000
v -6.721645 7.153985 8.935000
v -6.695763 7.057393 8.935000
vn 0.000000 0.000000 -1.000000
f 10645//3549 10646//3549 10647//3549
v -6.835000 7.107032 8.935000
v -6.695763 7.057393 8.935000
v -6.785000 7.020429 8.935000
vn 0.000000 0.000000 -1.000000
f 10648//3550 10649//3550 10650//3550
v -6.721645 7.153985 9.065000
v -6.835000 7.107032 9.065000
v -6.785000 7.020429 9.065000
vn 0.000000 0.000000 1.000000
f 10651//3551 10652//3551 10653//3551
v -6.721645 7.153985 9.065000
v -6.785000 7.020429 9.065000
v -6.695763 7.057393 9.065000
vn 0.000000 0.000000 1.000000
f 10654//3552 10655//3552 10656//3552
v -6.835000 7.107032 8.935000
v -6.932340 7.032340 8.935000
v -6.932340 7.032340 9.065000
vn -0.608761 0.793353 0.000000
f 10657//3553 10658//3553 10659//3553
v -6.835000 7.107032 8.935000
v -6.932340 7.032340 9.065000
v -6.835000 7.107032 9.065000
vn -0.608761 0.793353 0.000000
f 10660//3554 10661//3554 10662//3554
v -6.785000 7.020429 8.935000
v -6.785000 7.020429 9.065000
v -6.861630 6.961630 9.065000
vn 0.608761 -0.793353 0.000000
f 10663//3555 10664//3555 10665//3555
v -6.785000 7.020429 8.935000
v -6.861630 6.961630 9.065000
v -6.861630 6.961630 8.935000
vn 0.608761 -0.793353 0.000000
f 10666//3556 10667//3556 10668//3556
v -6.932340 7.032340 8.935000
v -6.835000 7.107032 8.935000
v -6.785000 7.020429 8.935000
vn 0.000000 0.000000 -1.000000
f 10669//3557 10670//3557 10671//3557
v -6.932340 7.032340 8.935000
v -6.785000 7.020429 8.935000
v -6.861630 6.961630 8.935000
vn 0.000000 0.000000 -1.000000
f 10672//3558 10673//3558 10674//3558
v -6.835000 7.107032 9.065000
v -6.932340 7.032340 9.065000
v -6.861630 6.961630 9.065000
vn 0.000000 0.000000 1.000000
f 10675//3559 10676//3559 10677//3559
v -6.835000 7.107032 9.065000
v -6.861630 6.961630 9.065000
v -6.785000 7.020429 9.065000
vn 0.000000 0.000000 1.000000
f 10678//3560 10679//3560 10680//3560
v -6.932340 7.032340 8.935000
v -7.007032 6.935000 8.935000
v -7.007032 6.935000 9.065000
vn -0.793353 0.608761 0.000000
f 10681//3561 10682//3561 10683//3561
v -6.932340 7.032340 8.935000
v -7.007032 6.935000 9.065000
v -6.932340 7.032340 9.065000
vn -0.793353 0.608761 0.000000
f 10684//3562 10685//3562 10686//3562
v -6.861630 6.961630 8.935000
v -6.861630 6.961630 9.065000
v -6.920429 6.885000 9.065000
vn 0.793353 -0.608761 0.000000
f 10687//3563 10688//3563 10689//3563
v -6.861630 6.961630 8.935000
v -6.920429 6.885000 9.065000
v -6.920429 6.885000 8.935000
vn 0.793353 -0.608761 0.000000
f 10690//3564 10691//3564 10692//3564
v -7.007032 6.935000 8.935000
v -6.932340 7.032340 8.935000
v -6.861630 6.961630 8.935000
vn 0.000000 0.000000 -1.000000
f 10693//3565 10694//3565 10695//3565
v -7.007032 6.935000 8.935000
v -6.861630 6.961630 8.935000
v -6.920429 6.885000 8.935000
vn 0.000000 0.000000 -1.000000
f 10696//3566 10697//3566 10698//3566
v -6.932340 7.032340 9.065000
v -7.007032 6.935000 9.065000
v -6.920429 6.885000 9.065000
vn 0.000000 0.000000 1.000000
f 10699//3567 10700//3567 10701//3567
v -6.932340 7.032340 9.065000
v -6.920429 6.885000 9.065000
v -6.861630 6.961630 9.065000
vn 0.000000 0.000000 1.000000
f 10702//3568 10703//3568 10704//3568
v -7.007032 6.935000 8.935000
v -7.053985 6.821645 8.935000
v -7.053985 6.821645 9.065000
vn -0.923880 0.382683 0.000000
f 10705//3569 10706//3569 10707//3569
v -7.007032 6.935000 8.935000
v -7.053985 6.821645 9.065000
v -7.007032 6.935000 9.065000
vn -0.923880 0.382683 0.000000
f 10708//3570 10709//3570 10710//3570
v -6.920429 6.885000 8.935000
v -6.920429 6.885000 9.065000
v -6.957393 6.795763 9.065000
vn 0.923880 -0.382683 0.000000
f 10711//3571 10712//3571 10713//3571
v -6.920429 6.885000 8.935000
v -6.957393 6.795763 9.065000
v -6.957393 6.795763 8.935000
vn 0.923880 -0.382683 0.000000
f 10714//3572 10715//3572 10716//3572
v -7.053985 6.821645 8.935000
v -7.007032 6.935000 8.935000
v -6.920429 6.885000 8.935000
vn 0.000000 0.000000 -1.000000
f 10717//3573 10718//3573 10719//3573
v -7.053985 6.821645 8.935000
v -6.920429 6.885000 8.935000
v -6.957393 6.795763 8.935000
vn 0.000000 0.000000 -1.000000
f 10720//3574 10721//3574 10722//3574
v -7.007032 6.935000 9.065000
v -7.053985 6.821645 9.065000
v -6.957393 6.795763 9.065000
vn 0.000000 0.000000 1.000000
f 10723//3575 10724//3575 10725//3575
v -7.007032 6.935000 9.065000
v -6.957393 6.795763 9.065000
v -6.920429 6.885000 9.065000
vn 0.000000 0.000000 1.000000
f 10726//3576 10727//3576 10728//3576
v -7.053985 6.821645 8.935000
v -7.070000 6.700000 8.935000
v -7.070000 6.700000 9.065000
vn -0.991445 0.130526 0.000000
f 10729//3577 10730//3577 10731//3577
v -7.053985 6.821645 8.935000
v -7.070000 6.700000 9.065000
v -7.053985 6.821645 9.065000
vn -0.991445 0.130526 0.000000
f 10732//3578 10733//3578 10734//3578
v -6.957393 6.795763 8.935000
v -6.957393 6.795763 9.065000
v -6.970000 6.700000 9.065000
vn 0.991445 -0.130526 0.000000
f 10735//3579 10736//3579 10737//3579
v -6.957393 6.795763 8.935000
v -6.970000 6.700000 9.065000
v -6.970000 6.700000 8.935000
vn 0.991445 -0.130526 0.000000
f 10738//3580 10739//3580 10740//3580
v -7.070000 6.700000 8.935000
v -7.053985 6.821645 8.935000
v -6.957393 6.795763 8.935000
vn 0.000000 0.000000 -1.000000
f 10741//3581 10742//3581 10743//3581
v -7.070000 6.700000 8.935000
v -6.957393 6.795763 8.935000
v -6.970000 6.700000 8.935000
vn 0.000000 0.000000 -1.000000
f 10744//3582 10745//3582 10746//3582
v -7.053985 6.821645 9.065000
v -7.070000 6.700000 9.065000
v -6.970000 6.700000 9.065000
vn 0.000000 0.000000 1.000000
f 10747//3583 10748//3583 10749//3583
v -7.053985 6.821645 9.065000
v -6.970000 6.700000 9.065000
v -6.957393 6.795763 9.065000
vn 0.000000 0.000000 1.000000
f 10750//3584 10751//3584 10752//3584
v -13.502500 1.177500 -11.250000
v -13.502500 1.222500 -11.250000
v -13.457500 1.222500 -11.250000
vn 0.000000 0.000000 -1.000000
f 10753//3585 10754//3585 10755//3585
v -13.502500 1.177500 -11.250000
v -13.457500 1.222500 -11.250000
v -13.457500 1.177500 -11.250000
vn 0.000000 0.000000 -1.000000
f 10756//3586 10757//3586 10758//3586
v -13.502500 1.177500 -8.750000
v -13.457500 1.177500 -8.750000
v -13.457500 1.222500 -8.750000
vn 0.000000 0.000000 1.000000
f 10759//3587 10760//3587 10761//3587
v -13.502500 1.177500 -8.750000
v -13.457500 1.222500 -8.750000
v -13.502500 1.222500 -8.750000
vn 0.000000 0.000000 1.000000
f 10762//3588 10763//3588 10764//3588
v -13.502500 1.177500 -11.250000
v -13.502500 1.177500 -8.750000
v -13.502500 1.222500 -8.750000
vn -1.000000 0.000000 0.000000
f 10765//3589 10766//3589 10767//3589
v -13.502500 1.177500 -11.250000
v -13.502500 1.222500 -8.750000
v -13.502500 1.222500 -11.250000
vn -1.000000 0.000000 0.000000
f 10768//3590 10769//3590 10770//3590
v -13.457500 1.177500 -11.250000
v -13.457500 1.222500 -11.250000
v -13.457500 1.222500 -8.750000
vn 1.000000 0.000000 0.000000
f 10771//3591 10772//3591 10773//3591
v -13.457500 1.177500 -11.250000
v -13.457500 1.222500 -8.750000
v -13.457500 1.177500 -8.750000
vn 1.000000 0.000000 0.000000
f 10774//3592 10775//3592 10776//3592
v -13.502500 1.177500 -11.250000
v -13.457500 1.177500 -11.250000
v -13.457500 1.177500 -8.750000
vn 0.000000 -1.000000 0.000000
f 10777//3593 10778//3593 10779//3593
v -13.502500 1.177500 -11.250000
v -13.457500 1.177500 -8.750000
v -13.502500 1.177500 -8.750000
vn 0.000000 -1.000000 0.000000
f 10780//3594 10781//3594 10782//3594
v -13.502500 1.222500 -11.250000
v -13.502500 1.222500 -8.750000
v -13.457500 1.222500 -8.750000
vn 0.000000 1.000000 0.000000
f 10783//3595 10784//3595 10785//3595
v -13.502500 1.222500 -11.250000
v -13.457500 1.222500 -8.750000
v -13.457500 1.222500 -11.250000
vn 0.000000 1.000000 0.000000
f 10786//3596 10787//3596 10788//3596
v -13.502500 1.337500 -11.250000
v -13.502500 1.382500 -11.250000
v -13.457500 1.382500 -11.250000
vn 0.000000 0.000000 -1.000000
f 10789//3597 10790//3597 10791//3597
v -13.502500 1.337500 -11.250000
v -13.457500 1.382500 -11.250000
v -13.457500 1.337500 -11.250000
vn 0.000000 0.000000 -1.000000
f 10792//3598 10793//3598 10794//3598
v -13.502500 1.337500 -8.750000
v -13.457500 1.337500 -8.750000
v -13.457500 1.382500 -8.750000
vn 0.000000 0.000000 1.000000
f 10795//3599 10796//3599 10797//3599
v -13.502500 1.337500 -8.750000
v -13.457500 1.382500 -8.750000
v -13.502500 1.382500 -8.750000
vn 0.000000 0.000000 1.000000
f 10798//3600 10799//3600 10800//3600
v -13.502500 1.337500 -11.250000
v -13.502500 1.337500 -8.750000
v -13.502500 1.382500 -8.750000
vn -1.000000 0.000000 0.000000
f 10801//3601 10802//3601 10803//3601
v -13.502500 1.337500 -11.250000
v -13.502500 1.382500 -8.750000
v -13.502500 1.382500 -11.250000
vn -1.000000 0.000000 0.000000
f 10804//3602 10805//3602 10806//3602
v -13.457500 1.337500 -11.250000
v -13.457500 1.382500 -11.250000
v -13.457500 1.382500 -8.750000
vn 1.000000 0.000000 0.000000
f 10807//3603 10808//3603 10809//3603
v -13.457500 1.337500 -11.250000
v -13.457500 1.382500 -8.750000
v -13.457500 1.337500 -8.750000
vn 1.000000 0.000000 0.000000
f 10810//3604 10811//3604 10812//3604
v -13.502500 1.337500 -11.250000
v -13.457500 1.337500 -11.250000
v -13.457500 1.337500 -8.750000
vn 0.000000 -1.000000 0.000000
f 10813//3605 10814//3605 10815//3605
v -13.502500 1.337500 -11.250000
v -13.457500 1.337500 -8.750000
v -13.502500 1.337500 -8.750000
vn 0.000000 -1.000000 0.000000
f 10816//3606 10817//3606 10818//3606
v -13.502500 1.382500 -11.250000
v -13.502500 1.382500 -8.750000
v -13.457500 1.382500 -8.750000
vn 0.000000 1.000000 0.000000
f 10819//3607 10820//3607 10821//3607
v -13.502500 1.382500 -11.250000
v -13.457500 1.382500 -8.750000
v -13.457500 1.382500 -11.250000
vn 0.000000 1.000000 0.000000
f 10822//3608 10823//3608 10824//3608
v -13.502500 1.497500 -11.250000
v -13.502500 1.542500 -11.250000
v -13.457500 1.542500 -11.250000
vn 0.000000 0.000000 -1.000000
f 10825//3609 10826//3609 10827//3609
v -13.502500 1.497500 -11.250000
v -13.457500 1.542500 -11.250000
v -13.457500 1.497500 -11.250000
vn 0.000000 0.000000 -1.000000
f 10828//3610 10829//3610 10830//3610
v -13.502500 1.497500 -8.750000
v -13.457500 1.497500 -8.750000
v -13.457500 1.542500 -8.750000
vn 0.000000 0.000000 1.000000
f 10831//3611 10832//3611 10833//3611
v -13.502500 1.497500 -8.750000
v -13.457500 1.542500 -8.750000
v -13.502500 1.542500 -8.750000
vn 0.000000 0.000000 1.000000
f 10834//3612 10835//3612 10836//3612
v -13.502500 1.497500 -11.250000
v -13.502500 1.497500 -8.750000
v -13.502500 1.542500 -8.750000
vn -1.000000 0.000000 0.000000
f 10837//3613 10838//3613 10839//3613
v -13.502500 1.497500 -11.250000
v -13.502500 1.542500 -8.750000
v -13.502500 1.542500 -11.250000
vn -1.000000 0.000000 0.000000
f 10840//3614 10841//3614 10842//3614
v -13.457500 1.497500 -11.250000
v -13.457500 1.542500 -11.250000
v -13.457500 1.542500 -8.750000
vn 1.000000 0.000000 0.000000
f 10843//3615 10844//3615 10845//3615
v -13.457500 1.497500 -11.250000
v -13.457500 1.542500 -8.750000
v -13.457500 1.497500 -8.750000
vn 1.000000 0.000000 0.000000
f 10846//3616 10847//3616 10848//3616
v -13.502500 1.497500 -11.250000
v -13.457500 1.497500 -11.250000
v -13.457500 1.497500 -8.750000
vn 0.000000 -1.000000 0.000000
f 10849//3617 10850//3617 10851//3617
v -13.502500 1.497500 -11.250000
v -13.457500 1.497500 -8.750000
v -13.502500 1.497500 -8.750000
vn 0.000000 -1.000000 0.000000
f 10852//3618 10853//3618 10854//3618
v -13.502500 1.542500 -11.250000
v -13.502500 1.542500 -8.750000
v -13.457500 1.542500 -8.750000
vn 0.000000 1.000000 0.000000
f 10855//3619 10856//3619 10857//3619
v -13.502500 1.542500 -11.250000
v -13.457500 1.542500 -8.750000
v -13.457500 1.542500 -11.250000
vn 0.000000 1.000000 0.000000
f 10858//3620 10859//3620 10860//3620
v -13.502500 1.657500 -11.250000
v -13.502500 1.702500 -11.250000
v -13.457500 1.702500 -11.250000
vn 0.000000 0.000000 -1.000000
f 10861//3621 10862//3621 10863//3621
v -13.502500 1.657500 -11.250000
v -13.457500 1.702500 -11.250000
v -13.457500 1.657500 -11.250000
vn 0.000000 0.000000 -1.000000
f 10864//3622 10865//3622 10866//3622
v -13.502500 1.657500 -8.750000
v -13.457500 1.657500 -8.750000
v -13.457500 1.702500 -8.750000
vn 0.000000 0.000000 1.000000
f 10867//3623 10868//3623 10869//3623
v -13.502500 1.657500 -8.750000
v -13.457500 1.702500 -8.750000
v -13.502500 1.702500 -8.750000
vn 0.000000 0.000000 1.000000
f 10870//3624 10871//3624 10872//3624
v -13.502500 1.657500 -11.250000
v -13.502500 1.657500 -8.750000
v -13.502500 1.702500 -8.750000
vn -1.000000 0.000000 0.000000
f 10873//3625 10874//3625 10875//3625
v -13.502500 1.657500 -11.250000
v -13.502500 1.702500 -8.750000
v -13.502500 1.702500 -11.250000
vn -1.000000 0.000000 0.000000
f 10876//3626 10877//3626 10878//3626
v -13.457500 1.657500 -11.250000
v -13.457500 1.702500 -11.250000
v -13.457500 1.702500 -8.750000
vn 1.000000 0.000000 0.000000
f 10879//3627 10880//3627 10881//3627
v -13.457500 1.657500 -11.250000
v -13.457500 1.702500 -8.750000
v -13.457500 1.657500 -8.750000
vn 1.000000 0.000000 0.000000
f 10882//3628 10883//3628 10884//3628
v -13.502500 1.657500 -11.250000
v -13.457500 1.657500 -11.250000
v -13.457500 1.657500 -8.750000
vn 0.000000 -1.000000 0.000000
f 10885//3629 10886//3629 10887//3629
v -13.502500 1.657500 -11.250000
v -13.457500 1.657500 -8.750000
v -13.502500 1.657500 -8.750000
vn 0.000000 -1.000000 0.000000
f 10888//3630 10889//3630 10890//3630
v -13.502500 1.702500 -11.250000
v -13.502500 1.702500 -8.750000
v -13.457500 1.702500 -8.750000
vn 0.000000 1.000000 0.000000
f 10891//3631 10892//3631 10893//3631
v -13.502500 1.702500 -11.250000
v -13.457500 1.702500 -8.750000
v -13.457500 1.702500 -11.250000
vn 0.000000 1.000000 0.000000
f 10894//3632 10895//3632 10896//3632
v -13.502500 1.817500 -11.250000
v -13.502500 1.862500 -11.250000
v -13.457500 1.862500 -11.250000
vn 0.000000 0.000000 -1.000000
f 10897//3633 10898//3633 10899//3633
v -13.502500 1.817500 -11.250000
v -13.457500 1.862500 -11.250000
v -13.457500 1.817500 -11.250000
vn 0.000000 0.000000 -1.000000
f 10900//3634 10901//3634 10902//3634
v -13.502500 1.817500 -8.750000
v -13.457500 1.817500 -8.750000
v -13.457500 1.862500 -8.750000
vn 0.000000 0.000000 1.000000
f 10903//3635 10904//3635 10905//3635
v -13.502500 1.817500 -8.750000
v -13.457500 1.862500 -8.750000
v -13.502500 1.862500 -8.750000
vn 0.000000 0.000000 1.000000
f 10906//3636 10907//3636 10908//3636
v -13.502500 1.817500 -11.250000
v -13.502500 1.817500 -8.750000
v -13.502500 1.862500 -8.750000
vn -1.000000 0.000000 0.000000
f 10909//3637 10910//3637 10911//3637
v -13.502500 1.817500 -11.250000
v -13.502500 1.862500 -8.750000
v -13.502500 1.862500 -11.250000
vn -1.000000 0.000000 0.000000
f 10912//3638 10913//3638 10914//3638
v -13.457500 1.817500 -11.250000
v -13.457500 1.862500 -11.250000
v -13.457500 1.862500 -8.750000
vn 1.000000 0.000000 0.000000
f 10915//3639 10916//3639 10917//3639
v -13.457500 1.817500 -11.250000
v -13.457500 1.862500 -8.750000
v -13.457500 1.817500 -8.750000
vn 1.000000 0.000000 0.000000
f 10918//3640 10919//3640 10920//3640
v -13.502500 1.817500 -11.250000
v -13.457500 1.817500 -11.250000
v -13.457500 1.817500 -8.750000
vn 0.000000 -1.000000 0.000000
f 10921//3641 10922//3641 10923//3641
v -13.502500 1.817500 -11.250000
v -13.457500 1.817500 -8.750000
v -13.502500 1.817500 -8.750000
vn 0.000000 -1.000000 0.000000
f 10924//3642 10925//3642 10926//3642
v -13.502500 1.862500 -11.250000
v -13.502500 1.862500 -8.750000
v -13.457500 1.862500 -8.750000
vn 0.000000 1.000000 0.000000
f 10927//3643 10928//3643 10929//3643
v -13.502500 1.862500 -11.250000
v -13.457500 1.862500 -8.750000
v -13.457500 1.862500 -11.250000
vn 0.000000 1.000000 0.000000
f 10930//3644 10931//3644 10932//3644
v -13.502500 1.977500 -11.250000
v -13.502500 2.022500 -11.250000
v -13.457500 2.022500 -11.250000
vn 0.000000 0.000000 -1.000000
f 10933//3645 10934//3645 10935//3645
v -13.502500 1.977500 -11.250000
v -13.457500 2.022500 -11.250000
v -13.457500 1.977500 -11.250000
vn 0.000000 0.000000 -1.000000
f 10936//3646 10937//3646 10938//3646
v -13.502500 1.977500 -8.750000
v -13.457500 1.977500 -8.750000
v -13.457500 2.022500 -8.750000
vn 0.000000 0.000000 1.000000
f 10939//3647 10940//3647 10941//3647
v -13.502500 1.977500 -8.750000
v -13.457500 2.022500 -8.750000
v -13.502500 2.022500 -8.750000
vn 0.000000 0.000000 1.000000
f 10942//3648 10943//3648 10944//3648
v -13.502500 1.977500 -11.250000
v -13.502500 1.977500 -8.750000
v -13.502500 2.022500 -8.750000
vn -1.000000 0.000000 0.000000
f 10945//3649 10946//3649 10947//3649
v -13.502500 1.977500 -11.250000
v -13.502500 2.022500 -8.750000
v -13.502500 2.022500 -11.250000
vn -1.000000 0.000000 0.000000
f 10948//3650 10949//3650 10950//3650
v -13.457500 1.977500 -11.250000
v -13.457500 2.022500 -11.250000
v -13.457500 2.022500 -8.750000
vn 1.000000 0.000000 0.000000
f 10951//3651 10952//3651 10953//3651
v -13.457500 1.977500 -11.250000
v -13.457500 2.022500 -8.750000
v -13.457500 1.977500 -8.750000
vn 1.000000 0.000000 0.000000
f 10954//3652 10955//3652 10956//3652
v -13.502500 1.977500 -11.250000
v -13.457500 1.977500 -11.250000
v -13.457500 1.977500 -8.750000
vn 0.000000 -1.000000 0.000000
f 10957//3653 10958//3653 10959//3653
v -13.502500 1.977500 -11.250000
v -13.457500 1.977500 -8.750000
v -13.502500 1.977500 -8.750000
vn 0.000000 -1.000000 0.000000
f 10960//3654 10961//3654 10962//3654
v -13.502500 2.022500 -11.250000
v -13.502500 2.022500 -8.750000
v -13.457500 2.022500 -8.750000
vn 0.000000 1.000000 0.000000
f 10963//3655 10964//3655 10965//3655
v -13.502500 2.022500 -11.250000
v -13.457500 2.022500 -8.750000
v -13.457500 2.022500 -11.250000
vn 0.000000 1.000000 0.000000
f 10966//3656 10967//3656 10968//3656
v -13.502500 2.137500 -11.250000
v -13.502500 2.182500 -11.250000
v -13.457500 2.182500 -11.250000
vn 0.000000 0.000000 -1.000000
f 10969//3657 10970//3657 10971//3657
v -13.502500 2.137500 -11.250000
v -13.457500 2.182500 -11.250000
v -13.457500 2.137500 -11.250000
vn 0.000000 0.000000 -1.000000
f 10972//3658 10973//3658 10974//3658
v -13.502500 2.137500 -8.750000
v -13.457500 2.137500 -8.750000
v -13.457500 2.182500 -8.750000
vn 0.000000 0.000000 1.000000
f 10975//3659 10976//3659 10977//3659
v -13.502500 2.137500 -8.750000
v -13.457500 2.182500 -8.750000
v -13.502500 2.182500 -8.750000
vn 0.000000 0.000000 1.000000
f 10978//3660 10979//3660 10980//3660
v -13.502500 2.137500 -11.250000
v -13.502500 2.137500 -8.750000
v -13.502500 2.182500 -8.750000
vn -1.000000 0.000000 0.000000
f 10981//3661 10982//3661 10983//3661
v -13.502500 2.137500 -11.250000
v -13.502500 2.182500 -8.750000
v -13.502500 2.182500 -11.250000
vn -1.000000 0.000000 0.000000
f 10984//3662 10985//3662 10986//3662
v -13.457500 2.137500 -11.250000
v -13.457500 2.182500 -11.250000
v -13.457500 2.182500 -8.750000
vn 1.000000 0.000000 0.000000
f 10987//3663 10988//3663 10989//3663
v -13.457500 2.137500 -11.250000
v -13.457500 2.182500 -8.750000
v -13.457500 2.137500 -8.750000
vn 1.000000 0.000000 0.000000
f 10990//3664 10991//3664 10992//3664
v -13.502500 2.137500 -11.250000
v -13.457500 2.137500 -11.250000
v -13.457500 2.137500 -8.750000
vn 0.000000 -1.000000 0.000000
f 10993//3665 10994//3665 10995//3665
v -13.502500 2.137500 -11.250000
v -13.457500 2.137500 -8.750000
v -13.502500 2.137500 -8.750000
vn 0.000000 -1.000000 0.000000
f 10996//3666 10997//3666 10998//3666
v -13.502500 2.182500 -11.250000
v -13.502500 2.182500 -8.750000
v -13.457500 2.182500 -8.750000
vn 0.000000 1.000000 0.000000
f 10999//3667 11000//3667 11001//3667
v -13.502500 2.182500 -11.250000
v -13.457500 2.182500 -8.750000
v -13.457500 2.182500 -11.250000
vn 0.000000 1.000000 0.000000
f 11002//3668 11003//3668 11004//3668
v -13.502500 1.177500 -1.250000
v -13.502500 1.222500 -1.250000
v -13.457500 1.222500 -1.250000
vn 0.000000 0.000000 -1.000000
f 11005//3669 11006//3669 11007//3669
v -13.502500 1.177500 -1.250000
v -13.457500 1.222500 -1.250000
v -13.457500 1.177500 -1.250000
vn 0.000000 0.000000 -1.000000
f 11008//3670 11009//3670 11010//3670
v -13.502500 1.177500 1.250000
v -13.457500 1.177500 1.250000
v -13.457500 1.222500 1.250000
vn 0.000000 0.000000 1.000000
f 11011//3671 11012//3671 11013//3671
v -13.502500 1.177500 1.250000
v -13.457500 1.222500 1.250000
v -13.502500 1.222500 1.250000
vn 0.000000 0.000000 1.000000
f 11014//3672 11015//3672 11016//3672
v -13.502500 1.177500 -1.250000
v -13.502500 1.177500 1.250000
v -13.502500 1.222500 1.250000
vn -1.000000 0.000000 0.000000
f 11017//3673 11018//3673 11019//3673
v -13.502500 1.177500 -1.250000
v -13.502500 1.222500 1.250000
v -13.502500 1.222500 -1.250000
vn -1.000000 0.000000 0.000000
f 11020//3674 11021//3674 11022//3674
v -13.457500 1.177500 -1.250000
v -13.457500 1.222500 -1.250000
v -13.457500 1.222500 1.250000
vn 1.000000 0.000000 0.000000
f 11023//3675 11024//3675 11025//3675
v -13.457500 1.177500 -1.250000
v -13.457500 1.222500 1.250000
v -13.457500 1.177500 1.250000
vn 1.000000 0.000000 0.000000
f 11026//3676 11027//3676 11028//3676
v -13.502500 1.177500 -1.250000
v -13.457500 1.177500 -1.250000
v -13.457500 1.177500 1.250000
vn 0.000000 -1.000000 0.000000
f 11029//3677 11030//3677 11031//3677
v -13.502500 1.177500 -1.250000
v -13.457500 1.177500 1.250000
v -13.502500 1.177500 1.250000
vn 0.000000 -1.000000 0.000000
f 11032//3678 11033//3678 11034//3678
v -13.502500 1.222500 -1.250000
v -13.502500 1.222500 1.250000
v -13.457500 1.222500 1.250000
vn 0.000000 1.000000 0.000000
f 11035//3679 11036//3679 11037//3679
v -13.502500 1.222500 -1.250000
v -13.457500 1.222500 1.250000
v -13.457500 1.222500 -1.250000
vn 0.000000 1.000000 0.000000
f 11038//3680 11039//3680 11040//3680
v -13.502500 1.337500 -1.250000
v -13.502500 1.382500 -1.250000
v -13.457500 1.382500 -1.250000
vn 0.000000 0.000000 -1.000000
f 11041//3681 11042//3681 11043//3681
v -13.502500 1.337500 -1.250000
v -13.457500 1.382500 -1.250000
v -13.457500 1.337500 -1.250000
vn 0.000000 0.000000 -1.000000
f 11044//3682 11045//3682 11046//3682
v -13.502500 1.337500 1.250000
v -13.457500 1.337500 1.250000
v -13.457500 1.382500 1.250000
vn 0.000000 0.000000 1.000000
f 11047//3683 11048//3683 11049//3683
v -13.502500 1.337500 1.250000
v -13.457500 1.382500 1.250000
v -13.502500 1.382500 1.250000
vn 0.000000 0.000000 1.000000
f 11050//3684 11051//3684 11052//3684
v -13.502500 1.337500 -1.250000
v -13.502500 1.337500 1.250000
v -13.502500 1.382500 1.250000
vn -1.000000 0.000000 0.000000
f 11053//3685 11054//3685 11055//3685
v -13.502500 1.337500 -1.250000
v -13.502500 1.382500 1.250000
v -13.502500 1.382500 -1.250000
vn -1.000000 0.000000 0.000000
f 11056//3686 11057//3686 11058//3686
v -13.457500 1.337500 -1.250000
v -13.457500 1.382500 -1.250000
v -13.457500 1.382500 1.250000
vn 1.000000 0.000000 0.000000
f 11059//3687 11060//3687 11061//3687
v -13.457500 1.337500 -1.250000
v -13.457500 1.382500 1.250000
v -13.457500 1.337500 1.250000
vn 1.000000 0.000000 0.000000
f 11062//3688 11063//3688 11064//3688
v -13.502500 1.337500 -1.250000
v -13.457500 1.337500 -1.250000
v -13.457500 1.337500 1.250000
vn 0.000000 -1.000000 0.000000
f 11065//3689 11066//3689 11067//3689
v -13.502500 1.337500 -1.250000
v -13.457500 1.337500 1.250000
v -13.502500 1.337500 1.250000
vn 0.000000 -1.000000 0.000000
f 11068//3690 11069//3690 11070//3690
v -13.502500 1.382500 -1.250000
v -13.502500 1.382500 1.250000
v -13.457500 1.382500 1.250000
vn 0.000000 1.000000 0.000000
f 11071//3691 11072//3691 11073//3691
v -13.502500 1.382500 -1.250000
v -13.457500 1.382500 1.250000
v -13.457500 1.382500 -1.250000
vn 0.000000 1.000000 0.000000
f 11074//3692 11075//3692 11076//3692
v -13.502500 1.497500 -1.250000
v -13.502500 1.542500 -1.250000
v -13.457500 1.542500 -1.250000
vn 0.000000 0.000000 -1.000000
f 11077//3693 11078//3693 11079//3693
v -13.502500 1.497500 -1.250000
v -13.457500 1.542500 -1.250000
v -13.457500 1.497500 -1.250000
vn 0.000000 0.000000 -1.000000
f 11080//3694 11081//3694 11082//3694
v -13.502500 1.497500 1.250000
v -13.457500 1.497500 1.250000
v -13.457500 1.542500 1.250000
vn 0.000000 0.000000 1.000000
f 11083//3695 11084//3695 11085//3695
v -13.502500 1.497500 1.250000
v -13.457500 1.542500 1.250000
v -13.502500 1.542500 1.250000
vn 0.000000 0.000000 1.000000
f 11086//3696 11087//3696 11088//3696
v -13.502500 1.497500 -1.250000
v -13.502500 1.497500 1.250000
v -13.502500 1.542500 1.250000
vn -1.000000 0.000000 0.000000
f 11089//3697 11090//3697 11091//3697
v -13.502500 1.497500 -1.250000
v -13.502500 1.542500 1.250000
v -13.502500 1.542500 -1.250000
vn -1.000000 0.000000 0.000000
f 11092//3698 11093//3698 11094//3698
v -13.457500 1.497500 -1.250000
v -13.457500 1.542500 -1.250000
v -13.457500 1.542500 1.250000
vn 1.000000 0.000000 0.000000
f 11095//3699 11096//3699 11097//3699
v -13.457500 1.497500 -1.250000
v -13.457500 1.542500 1.250000
v -13.457500 1.497500 1.250000
vn 1.000000 0.000000 0.000000
f 11098//3700 11099//3700 11100//3700
v -13.502500 1.497500 -1.250000
v -13.457500 1.497500 -1.250000
v -13.457500 1.497500 1.250000
vn 0.000000 -1.000000 0.000000
f 11101//3701 11102//3701 11103//3701
v -13.502500 1.497500 -1.250000
v -13.457500 1.497500 1.250000
v -13.502500 1.497500 1.250000
vn 0.000000 -1.000000 0.000000
f 11104//3702 11105//3702 11106//3702
v -13.502500 1.542500 -1.250000
v -13.502500 1.542500 1.250000
v -13.457500 1.542500 1.250000
vn 0.000000 1.000000 0.000000
f 11107//3703 11108//3703 11109//3703
v -13.502500 1.542500 -1.250000
v -13.457500 1.542500 1.250000
v -13.457500 1.542500 -1.250000
vn 0.000000 1.000000 0.000000
f 11110//3704 11111//3704 11112//3704
v -13.502500 1.657500 -1.250000
v -13.502500 1.702500 -1.250000
v -13.457500 1.702500 -1.250000
vn 0.000000 0.000000 -1.000000
f 11113//3705 11114//3705 11115//3705
v -13.502500 1.657500 -1.250000
v -13.457500 1.702500 -1.250000
v -13.457500 1.657500 -1.250000
vn 0.000000 0.000000 -1.000000
f 11116//3706 11117//3706 11118//3706
v -13.502500 1.657500 1.250000
v -13.457500 1.657500 1.250000
v -13.457500 1.702500 1.250000
vn 0.000000 0.000000 1.000000
f 11119//3707 11120//3707 11121//3707
v -13.502500 1.657500 1.250000
v -13.457500 1.702500 1.250000
v -13.502500 1.702500 1.250000
vn 0.000000 0.000000 1.000000
f 11122//3708 11123//3708 11124//3708
v -13.502500 1.657500 -1.250000
v -13.502500 1.657500 1.250000
v -13.502500 1.702500 1.250000
vn -1.000000 0.000000 0.000000
f 11125//3709 11126//3709 11127//3709
v -13.502500 1.657500 -1.250000
v -13.502500 1.702500 1.250000
v -13.502500 1.702500 -1.250000
vn -1.000000 0.000000 0.000000
f 11128//3710 11129//3710 11130//3710
v -13.457500 1.657500 -1.250000
v -13.457500 1.702500 -1.250000
v -13.457500 1.702500 1.250000
vn 1.000000 0.000000 0.000000
f 11131//3711 11132//3711 11133//3711
v -13.457500 1.657500 -1.250000
v -13.457500 1.702500 1.250000
v -13.457500 1.657500 1.250000
vn 1.000000 0.000000 0.000000
f 11134//3712 11135//3712 11136//3712
v -13.502500 1.657500 -1.250000
v -13.457500 1.657500 -1.250000
v -13.457500 1.657500 1.250000
vn 0.000000 -1.000000 0.000000
f 11137//3713 11138//3713 11139//3713
v -13.502500 1.657500 -1.250000
v -13.457500 1.657500 1.250000
v -13.502500 1.657500 1.250000
vn 0.000000 -1.000000 0.000000
f 11140//3714 11141//3714 11142//3714
v -13.502500 1.702500 -1.250000
v -13.502500 1.702500 1.250000
v -13.457500 1.702500 1.250000
vn 0.000000 1.000000 0.000000
f 11143//3715 11144//3715 11145//3715
v -13.502500 1.702500 -1.250000
v -13.457500 1.702500 1.250000
v -13.457500 1.702500 -1.250000
vn 0.000000 1.000000 0.000000
f 11146//3716 11147//3716 11148//3716
v -13.502500 1.817500 -1.250000
v -13.502500 1.862500 -1.250000
v -13.457500 1.862500 -1.250000
vn 0.000000 0.000000 -1.000000
f 11149//3717 11150//3717 11151//3717
v -13.502500 1.817500 -1.250000
v -13.457500 1.862500 -1.250000
v -13.457500 1.817500 -1.250000
vn 0.000000 0.000000 -1.000000
f 11152//3718 11153//3718 11154//3718
v -13.502500 1.817500 1.250000
v -13.457500 1.817500 1.250000
v -13.457500 1.862500 1.250000
vn 0.000000 0.000000 1.000000
f 11155//3719 11156//3719 11157//3719
v -13.502500 1.817500 1.250000
v -13.457500 1.862500 1.250000
v -13.502500 1.862500 1.250000
vn 0.000000 0.000000 1.000000
f 11158//3720 11159//3720 11160//3720
v -13.502500 1.817500 -1.250000
v -13.502500 1.817500 1.250000
v -13.502500 1.862500 1.250000
vn -1.000000 0.000000 0.000000
f 11161//3721 11162//3721 11163//3721
v -13.502500 1.817500 -1.250000
v -13.502500 1.862500 1.250000
v -13.502500 1.862500 -1.250000
vn -1.000000 0.000000 0.000000
f 11164//3722 11165//3722 11166//3722
v -13.457500 1.817500 -1.250000
v -13.457500 1.862500 -1.250000
v -13.457500 1.862500 1.250000
vn 1.000000 0.000000 0.000000
f 11167//3723 11168//3723 11169//3723
v -13.457500 1.817500 -1.250000
v -13.457500 1.862500 1.250000
v -13.457500 1.817500 1.250000
vn 1.000000 0.000000 0.000000
f 11170//3724 11171//3724 11172//3724
v -13.502500 1.817500 -1.250000
v -13.457500 1.817500 -1.250000
v -13.457500 1.817500 1.250000
vn 0.000000 -1.000000 0.000000
f 11173//3725 11174//3725 11175//3725
v -13.502500 1.817500 -1.250000
v -13.457500 1.817500 1.250000
v -13.502500 1.817500 1.250000
vn 0.000000 -1.000000 0.000000
f 11176//3726 11177//3726 11178//3726
v -13.502500 1.862500 -1.250000
v -13.502500 1.862500 1.250000
v -13.457500 1.862500 1.250000
vn 0.000000 1.000000 0.000000
f 11179//3727 11180//3727 11181//3727
v -13.502500 1.862500 -1.250000
v -13.457500 1.862500 1.250000
v -13.457500 1.862500 -1.250000
vn 0.000000 1.000000 0.000000
f 11182//3728 11183//3728 11184//3728
v -13.502500 1.977500 -1.250000
v -13.502500 2.022500 -1.250000
v -13.457500 2.022500 -1.250000
vn 0.000000 0.000000 -1.000000
f 11185//3729 11186//3729 11187//3729
v -13.502500 1.977500 -1.250000
v -13.457500 2.022500 -1.250000
v -13.457500 1.977500 -1.250000
vn 0.000000 0.000000 -1.000000
f 11188//3730 11189//3730 11190//3730
v -13.502500 1.977500 1.250000
v -13.457500 1.977500 1.250000
v -13.457500 2.022500 1.250000
vn 0.000000 0.000000 1.000000
f 11191//3731 11192//3731 11193//3731
v -13.502500 1.977500 1.250000
v -13.457500 2.022500 1.250000
v -13.502500 2.022500 1.250000
vn 0.000000 0.000000 1.000000
f 11194//3732 11195//3732 11196//3732
v -13.502500 1.977500 -1.250000
v -13.502500 1.977500 1.250000
v -13.502500 2.022500 1.250000
vn -1.000000 0.000000 0.000000
f 11197//3733 11198//3733 11199//3733
v -13.502500 1.977500 -1.250000
v -13.502500 2.022500 1.250000
v -13.502500 2.022500 -1.250000
vn -1.000000 0.000000 0.000000
f 11200//3734 11201//3734 11202//3734
v -13.457500 1.977500 -1.250000
v -13.457500 2.022500 -1.250000
v -13.457500 2.022500 1.250000
vn 1.000000 0.000000 0.000000
f 11203//3735 11204//3735 11205//3735
v -13.457500 1.977500 -1.250000
v -13.457500 2.022500 1.250000
v -13.457500 1.977500 1.250000
vn 1.000000 0.000000 0.000000
f 11206//3736 11207//3736 11208//3736
v -13.502500 1.977500 -1.250000
v -13.457500 1.977500 -1.250000
v -13.457500 1.977500 1.250000
vn 0.000000 -1.000000 0.000000
f 11209//3737 11210//3737 11211//3737
v -13.502500 1.977500 -1.250000
v -13.457500 1.977500 1.250000
v -13.502500 1.977500 1.250000
vn 0.000000 -1.000000 0.000000
f 11212//3738 11213//3738 11214//3738
v -13.502500 2.022500 -1.250000
v -13.502500 2.022500 1.250000
v -13.457500 2.022500 1.250000
vn 0.000000 1.000000 0.000000
f 11215//3739 11216//3739 11217//3739
v -13.502500 2.022500 -1.250000
v -13.457500 2.022500 1.250000
v -13.457500 2.022500 -1.250000
vn 0.000000 1.000000 0.000000
f 11218//3740 11219//3740 11220//3740
v -13.502500 2.137500 -1.250000
v -13.502500 2.182500 -1.250000
v -13.457500 2.182500 -1.250000
vn 0.000000 0.000000 -1.000000
f 11221//3741 11222//3741 11223//3741
v -13.502500 2.137500 -1.250000
v -13.457500 2.182500 -1.250000
v -13.457500 2.137500 -1.250000
vn 0.000000 0.000000 -1.000000
f 11224//3742 11225//3742 11226//3742
v -13.502500 2.137500 1.250000
v -13.457500 2.137500 1.250000
v -13.457500 2.182500 1.250000
vn 0.000000 0.000000 1.000000
f 11227//3743 11228//3743 11229//3743
v -13.502500 2.137500 1.250000
v -13.457500 2.182500 1.250000
v -13.502500 2.182500 1.250000
vn 0.000000 0.000000 1.000000
f 11230//3744 11231//3744 11232//3744
v -13.502500 2.137500 -1.250000
v -13.502500 2.137500 1.250000
v -13.502500 2.182500 1.250000
vn -1.000000 0.000000 0.000000
f 11233//3745 11234//3745 11235//3745
v -13.502500 2.137500 -1.250000
v -13.502500 2.182500 1.250000
v -13.502500 2.182500 -1.250000
vn -1.000000 0.000000 0.000000
f 11236//3746 11237//3746 11238//3746
v -13.457500 2.137500 -1.250000
v -13.457500 2.182500 -1.250000
v -13.457500 2.182500 1.250000
vn 1.000000 0.000000 0.000000
f 11239//3747 11240//3747 11241//3747
v -13.457500 2.137500 -1.250000
v -13.457500 2.182500 1.250000
v -13.457500 2.137500 1.250000
vn 1.000000 0.000000 0.000000
f 11242//3748 11243//3748 11244//3748
v -13.502500 2.137500 -1.250000
v -13.457500 2.137500 -1.250000
v -13.457500 2.137500 1.250000
vn 0.000000 -1.000000 0.000000
f 11245//3749 11246//3749 11247//3749
v -13.502500 2.137500 -1.250000
v -13.457500 2.137500 1.250000
v -13.502500 2.137500 1.250000
vn 0.000000 -1.000000 0.000000
f 11248//3750 11249//3750 11250//3750
v -13.502500 2.182500 -1.250000
v -13.502500 2.182500 1.250000
v -13.457500 2.182500 1.250000
vn 0.000000 1.000000 0.000000
f 11251//3751 11252//3751 11253//3751
v -13.502500 2.182500 -1.250000
v -13.457500 2.182500 1.250000
v -13.457500 2.182500 -1.250000
vn 0.000000 1.000000 0.000000
f 11254//3752 11255//3752 11256//3752
v -13.502500 1.177500 7.750000
v -13.502500 1.222500 7.750000
v -13.457500 1.222500 7.750000
vn 0.000000 0.000000 -1.000000
f 11257//3753 11258//3753 11259//3753
v -13.502500 1.177500 7.750000
v -13.457500 1.222500 7.750000
v -13.457500 1.177500 7.750000
vn 0.000000 0.000000 -1.000000
f 11260//3754 11261//3754 11262//3754
v -13.502500 1.177500 10.250000
v -13.457500 1.177500 10.250000
v -13.457500 1.222500 10.250000
vn 0.000000 0.000000 1.000000
f 11263//3755 11264//3755 11265//3755
v -13.502500 1.177500 10.250000
v -13.457500 1.222500 10.250000
v -13.502500 1.222500 10.250000
vn 0.000000 0.000000 1.000000
f 11266//3756 11267//3756 11268//3756
v -13.502500 1.177500 7.750000
v -13.502500 1.177500 10.250000
v -13.502500 1.222500 10.250000
vn -1.000000 0.000000 0.000000
f 11269//3757 11270//3757 11271//3757
v -13.502500 1.177500 7.750000
v -13.502500 1.222500 10.250000
v -13.502500 1.222500 7.750000
vn -1.000000 0.000000 0.000000
f 11272//3758 11273//3758 11274//3758
v -13.457500 1.177500 7.750000
v -13.457500 1.222500 7.750000
v -13.457500 1.222500 10.250000
vn 1.000000 0.000000 0.000000
f 11275//3759 11276//3759 11277//3759
v -13.457500 1.177500 7.750000
v -13.457500 1.222500 10.250000
v -13.457500 1.177500 10.250000
vn 1.000000 0.000000 0.000000
f 11278//3760 11279//3760 11280//3760
v -13.502500 1.177500 7.750000
v -13.457500 1.177500 7.750000
v -13.457500 1.177500 10.250000
vn 0.000000 -1.000000 0.000000
f 11281//3761 11282//3761 11283//3761
v -13.502500 1.177500 7.750000
v -13.457500 1.177500 10.250000
v -13.502500 1.177500 10.250000
vn 0.000000 -1.000000 0.000000
f 11284//3762 11285//3762 11286//3762
v -13.502500 1.222500 7.750000
v -13.502500 1.222500 10.250000
v -13.457500 1.222500 10.250000
vn 0.000000 1.000000 0.000000
f 11287//3763 11288//3763 11289//3763
v -13.502500 1.222500 7.750000
v -13.457500 1.222500 10.250000
v -13.457500 1.222500 7.750000
vn 0.000000 1.000000 0.000000
f 11290//3764 11291//3764 11292//3764
v -13.502500 1.337500 7.750000
v -13.502500 1.382500 7.750000
v -13.457500 1.382500 7.750000
vn 0.000000 0.000000 -1.000000
f 11293//3765 11294//3765 11295//3765
v -13.502500 1.337500 7.750000
v -13.457500 1.382500 7.750000
v -13.457500 1.337500 7.750000
vn 0.000000 0.000000 -1.000000
f 11296//3766 11297//3766 11298//3766
v -13.502500 1.337500 10.250000
v -13.457500 1.337500 10.250000
v -13.457500 1.382500 10.250000
vn 0.000000 0.000000 1.000000
f 11299//3767 11300//3767 11301//3767
v -13.502500 1.337500 10.250000
v -13.457500 1.382500 10.250000
v -13.502500 1.382500 10.250000
vn 0.000000 0.000000 1.000000
f 11302//3768 11303//3768 11304//3768
v -13.502500 1.337500 7.750000
v -13.502500 1.337500 10.250000
v -13.502500 1.382500 10.250000
vn -1.000000 0.000000 0.000000
f 11305//3769 11306//3769 11307//3769
v -13.502500 1.337500 7.750000
v -13.502500 1.382500 10.250000
v -13.502500 1.382500 7.750000
vn -1.000000 0.000000 0.000000
f 11308//3770 11309//3770 11310//3770
v -13.457500 1.337500 7.750000
v -13.457500 1.382500 7.750000
v -13.457500 1.382500 10.250000
vn 1.000000 0.000000 0.000000
f 11311//3771 11312//3771 11313//3771
v -13.457500 1.337500 7.750000
v -13.457500 1.382500 10.250000
v -13.457500 1.337500 10.250000
vn 1.000000 0.000000 0.000000
f 11314//3772 11315//3772 11316//3772
v -13.502500 1.337500 7.750000
v -13.457500 1.337500 7.750000
v -13.457500 1.337500 10.250000
vn 0.000000 -1.000000 0.000000
f 11317//3773 11318//3773 11319//3773
v -13.502500 1.337500 7.750000
v -13.457500 1.337500 10.250000
v -13.502500 1.337500 10.250000
vn 0.000000 -1.000000 0.000000
f 11320//3774 11321//3774 11322//3774
v -13.502500 1.382500 7.750000
v -13.502500 1.382500 10.250000
v -13.457500 1.382500 10.250000
vn 0.000000 1.000000 0.000000
f 11323//3775 11324//3775 11325//3775
v -13.502500 1.382500 7.750000
v -13.457500 1.382500 10.250000
v -13.457500 1.382500 7.750000
vn 0.000000 1.000000 0.000000
f 11326//3776 11327//3776 11328//3776
v -13.502500 1.497500 7.750000
v -13.502500 1.542500 7.750000
v -13.457500 1.542500 7.750000
vn 0.000000 0.000000 -1.000000
f 11329//3777 11330//3777 11331//3777
v -13.502500 1.497500 7.750000
v -13.457500 1.542500 7.750000
v -13.457500 1.497500 7.750000
vn 0.000000 0.000000 -1.000000
f 11332//3778 11333//3778 11334//3778
v -13.502500 1.497500 10.250000
v -13.457500 1.497500 10.250000
v -13.457500 1.542500 10.250000
vn 0.000000 0.000000 1.000000
f 11335//3779 11336//3779 11337//3779
v -13.502500 1.497500 10.250000
v -13.457500 1.542500 10.250000
v -13.502500 1.542500 10.250000
vn 0.000000 0.000000 1.000000
f 11338//3780 11339//3780 11340//3780
v -13.502500 1.497500 7.750000
v -13.502500 1.497500 10.250000
v -13.502500 1.542500 10.250000
vn -1.000000 0.000000 0.000000
f 11341//3781 11342//3781 11343//3781
v -13.502500 1.497500 7.750000
v -13.502500 1.542500 10.250000
v -13.502500 1.542500 7.750000
vn -1.000000 0.000000 0.000000
f 11344//3782 11345//3782 11346//3782
v -13.457500 1.497500 7.750000
v -13.457500 1.542500 7.750000
v -13.457500 1.542500 10.250000
vn 1.000000 0.000000 0.000000
f 11347//3783 11348//3783 11349//3783
v -13.457500 1.497500 7.750000
v -13.457500 1.542500 10.250000
v -13.457500 1.497500 10.250000
vn 1.000000 0.000000 0.000000
f 11350//3784 11351//3784 11352//3784
v -13.502500 1.497500 7.750000
v -13.457500 1.497500 7.750000
v -13.457500 1.497500 10.250000
vn 0.000000 -1.000000 0.000000
f 11353//3785 11354//3785 11355//3785
v -13.502500 1.497500 7.750000
v -13.457500 1.497500 10.250000
v -13.502500 1.497500 10.250000
vn 0.000000 -1.000000 0.000000
f 11356//3786 11357//3786 11358//3786
v -13.502500 1.542500 7.750000
v -13.502500 1.542500 10.250000
v -13.457500 1.542500 10.250000
vn 0.000000 1.000000 0.000000
f 11359//3787 11360//3787 11361//3787
v -13.502500 1.542500 7.750000
v -13.457500 1.542500 10.250000
v -13.457500 1.542500 7.750000
vn 0.000000 1.000000 0.000000
f 11362//3788 11363//3788 11364//3788
v -13.502500 1.657500 7.750000
v -13.502500 1.702500 7.750000
v -13.457500 1.702500 7.750000
vn 0.000000 0.000000 -1.000000
f 11365//3789 11366//3789 11367//3789
v -13.502500 1.657500 7.750000
v -13.457500 1.702500 7.750000
v -13.457500 1.657500 7.750000
vn 0.000000 0.000000 -1.000000
f 11368//3790 11369//3790 11370//3790
v -13.502500 1.657500 10.250000
v -13.457500 1.657500 10.250000
v -13.457500 1.702500 10.250000
vn 0.000000 0.000000 1.000000
f 11371//3791 11372//3791 11373//3791
v -13.502500 1.657500 10.250000
v -13.457500 1.702500 10.250000
v -13.502500 1.702500 10.250000
vn 0.000000 0.000000 1.000000
f 11374//3792 11375//3792 11376//3792
v -13.502500 1.657500 7.750000
v -13.502500 1.657500 10.250000
v -13.502500 1.702500 10.250000
vn -1.000000 0.000000 0.000000
f 11377//3793 11378//3793 11379//3793
v -13.502500 1.657500 7.750000
v -13.502500 1.702500 10.250000
v -13.502500 1.702500 7.750000
vn -1.000000 0.000000 0.000000
f 11380//3794 11381//3794 11382//3794
v -13.457500 1.657500 7.750000
v -13.457500 1.702500 7.750000
v -13.457500 1.702500 10.250000
vn 1.000000 0.000000 0.000000
f 11383//3795 11384//3795 11385//3795
v -13.457500 1.657500 7.750000
v -13.457500 1.702500 10.250000
v -13.457500 1.657500 10.250000
vn 1.000000 0.000000 0.000000
f 11386//3796 11387//3796 11388//3796
v -13.502500 1.657500 7.750000
v -13.457500 1.657500 7.750000
v -13.457500 1.657500 10.250000
vn 0.000000 -1.000000 0.000000
f 11389//3797 11390//3797 11391//3797
v -13.502500 1.657500 7.750000
v -13.457500 1.657500 10.250000
v -13.502500 1.657500 10.250000
vn 0.000000 -1.000000 0.000000
f 11392//3798 11393//3798 11394//3798
v -13.502500 1.702500 7.750000
v -13.502500 1.702500 10.250000
v -13.457500 1.702500 10.250000
vn 0.000000 1.000000 0.000000
f 11395//3799 11396//3799 11397//3799
v -13.502500 1.702500 7.750000
v -13.457500 1.702500 10.250000
v -13.457500 1.702500 7.750000
vn 0.000000 1.000000 0.000000
f 11398//3800 11399//3800 11400//3800
v -13.502500 1.817500 7.750000
v -13.502500 1.862500 7.750000
v -13.457500 1.862500 7.750000
vn 0.000000 0.000000 -1.000000
f 11401//3801 11402//3801 11403//3801
v -13.502500 1.817500 7.750000
v -13.457500 1.862500 7.750000
v -13.457500 1.817500 7.750000
vn 0.000000 0.000000 -1.000000
f 11404//3802 11405//3802 11406//3802
v -13.502500 1.817500 10.250000
v -13.457500 1.817500 10.250000
v -13.457500 1.862500 10.250000
vn 0.000000 0.000000 1.000000
f 11407//3803 11408//3803 11409//3803
v -13.502500 1.817500 10.250000
v -13.457500 1.862500 10.250000
v -13.502500 1.862500 10.250000
vn 0.000000 0.000000 1.000000
f 11410//3804 11411//3804 11412//3804
v -13.502500 1.817500 7.750000
v -13.502500 1.817500 10.250000
v -13.502500 1.862500 10.250000
vn -1.000000 0.000000 0.000000
f 11413//3805 11414//3805 11415//3805
v -13.502500 1.817500 7.750000
v -13.502500 1.862500 10.250000
v -13.502500 1.862500 7.750000
vn -1.000000 0.000000 0.000000
f 11416//3806 11417//3806 11418//3806
v -13.457500 1.817500 7.750000
v -13.457500 1.862500 7.750000
v -13.457500 1.862500 10.250000
vn 1.000000 0.000000 0.000000
f 11419//3807 11420//3807 11421//3807
v -13.457500 1.817500 7.750000
v -13.457500 1.862500 10.250000
v -13.457500 1.817500 10.250000
vn 1.000000 0.000000 0.000000
f 11422//3808 11423//3808 11424//3808
v -13.502500 1.817500 7.750000
v -13.457500 1.817500 7.750000
v -13.457500 1.817500 10.250000
vn 0.000000 -1.000000 0.000000
f 11425//3809 11426//3809 11427//3809
v -13.502500 1.817500 7.750000
v -13.457500 1.817500 10.250000
v -13.502500 1.817500 10.250000
vn 0.000000 -1.000000 0.000000
f 11428//3810 11429//3810 11430//3810
v -13.502500 1.862500 7.750000
v -13.502500 1.862500 10.250000
v -13.457500 1.862500 10.250000
vn 0.000000 1.000000 0.000000
f 11431//3811 11432//3811 11433//3811
v -13.502500 1.862500 7.750000
v -13.457500 1.862500 10.250000
v -13.457500 1.862500 7.750000
vn 0.000000 1.000000 0.000000
f 11434//3812 11435//3812 11436//3812
v -13.502500 1.977500 7.750000
v -13.502500 2.022500 7.750000
v -13.457500 2.022500 7.750000
vn 0.000000 0.000000 -1.000000
f 11437//3813 11438//3813 11439//3813
v -13.502500 1.977500 7.750000
v -13.457500 2.022500 7.750000
v -13.457500 1.977500 7.750000
vn 0.000000 0.000000 -1.000000
f 11440//3814 11441//3814 11442//3814
v -13.502500 1.977500 10.250000
v -13.457500 1.977500 10.250000
v -13.457500 2.022500 10.250000
vn 0.000000 0.000000 1.000000
f 11443//3815 11444//3815 11445//3815
v -13.502500 1.977500 10.250000
v -13.457500 2.022500 10.250000
v -13.502500 2.022500 10.250000
vn 0.000000 0.000000 1.000000
f 11446//3816 11447//3816 11448//3816
v -13.502500 1.977500 7.750000
v -13.502500 1.977500 10.250000
v -13.502500 2.022500 10.250000
vn -1.000000 0.000000 0.000000
f 11449//3817 11450//3817 11451//3817
v -13.502500 1.977500 7.750000
v -13.502500 2.022500 10.250000
v -13.502500 2.022500 7.750000
vn -1.000000 0.000000 0.000000
f 11452//3818 11453//3818 11454//3818
v -13.457500 1.977500 7.750000
v -13.457500 2.022500 7.750000
v -13.457500 2.022500 10.250000
vn 1.000000 0.000000 0.000000
f 11455//3819 11456//3819 11457//3819
v -13.457500 1.977500 7.750000
v -13.457500 2.022500 10.250000
v -13.457500 1.977500 10.250000
vn 1.000000 0.000000 0.000000
f 11458//3820 11459//3820 11460//3820
v -13.502500 1.977500 7.750000
v -13.457500 1.977500 7.750000
v -13.457500 1.977500 10.250000
vn 0.000000 -1.000000 0.000000
f 11461//3821 11462//3821 11463//3821
v -13.502500 1.977500 7.750000
v -13.457500 1.977500 10.250000
v -13.502500 1.977500 10.250000
vn 0.000000 -1.000000 0.000000
f 11464//3822 11465//3822 11466//3822
v -13.502500 2.022500 7.750000
v -13.502500 2.022500 10.250000
v -13.457500 2.022500 10.250000
vn 0.000000 1.000000 0.000000
f 11467//3823 11468//3823 11469//3823
v -13.502500 2.022500 7.750000
v -13.457500 2.022500 10.250000
v -13.457500 2.022500 7.750000
vn 0.000000 1.000000 0.000000
f 11470//3824 11471//3824 11472//3824
v -13.502500 2.137500 7.750000
v -13.502500 2.182500 7.750000
v -13.457500 2.182500 7.750000
vn 0.000000 0.000000 -1.000000
f 11473//3825 11474//3825 11475//3825
v -13.502500 2.137500 7.750000
v -13.457500 2.182500 7.750000
v -13.457500 2.137500 7.750000
vn 0.000000 0.000000 -1.000000
f 11476//3826 11477//3826 11478//3826
v -13.502500 2.137500 10.250000
v -13.457500 2.137500 10.250000
v -13.457500 2.182500 10.250000
vn 0.000000 0.000000 1.000000
f 11479//3827 11480//3827 11481//3827
v -13.502500 2.137500 10.250000
v -13.457500 2.182500 10.250000
v -13.502500 2.182500 10.250000
vn 0.000000 0.000000 1.000000
f 11482//3828 11483//3828 11484//3828
v -13.502500 2.137500 7.750000
v -13.502500 2.137500 10.250000
v -13.502500 2.182500 10.250000
vn -1.000000 0.000000 0.000000
f 11485//3829 11486//3829 11487//3829
v -13.502500 2.137500 7.750000
v -13.502500 2.182500 10.250000
v -13.502500 2.182500 7.750000
vn -1.000000 0.000000 0.000000
f 11488//3830 11489//3830 11490//3830
v -13.457500 2.137500 7.750000
v -13.457500 2.182500 7.750000
v -13.457500 2.182500 10.250000
vn 1.000000 0.000000 0.000000
f 11491//3831 11492//3831 11493//3831
v -13.457500 2.137500 7.750000
v -13.457500 2.182500 10.250000
v -13.457500 2.137500 10.250000
vn 1.000000 0.000000 0.000000
f 11494//3832 11495//3832 11496//3832
v -13.502500 2.137500 7.750000
v -13.457500 2.137500 7.750000
v -13.457500 2.137500 10.250000
vn 0.000000 -1.000000 0.000000
f 11497//3833 11498//3833 11499//3833
v -13.502500 2.137500 7.750000
v -13.457500 2.137500 10.250000
v -13.502500 2.137500 10.250000
vn 0.000000 -1.000000 0.000000
f 11500//3834 11501//3834 11502//3834
v -13.502500 2.182500 7.750000
v -13.502500 2.182500 10.250000
v -13.457500 2.182500 10.250000
vn 0.000000 1.000000 0.000000
f 11503//3835 11504//3835 11505//3835
v -13.502500 2.182500 7.750000
v -13.457500 2.182500 10.250000
v -13.457500 2.182500 7.750000
vn 0.000000 1.000000 0.000000
f 11506//3836 11507//3836 11508//3836
v 6.130000 6.700000 -10.065000
v 6.146015 6.578355 -10.065000
v 6.146015 6.578355 -9.935000
vn -0.991445 -0.130526 0.000000
f 11509//3837 11510//3837 11511//3837
v 6.130000 6.700000 -10.065000
v 6.146015 6.578355 -9.935000
v 6.130000 6.700000 -9.935000
vn -0.991445 -0.130526 0.000000
f 11512//3838 11513//3838 11514//3838
v 6.230000 6.700000 -10.065000
v 6.230000 6.700000 -9.935000
v 6.242607 6.604237 -9.935000
vn 0.991445 0.130526 -0.000000
f 11515//3839 11516//3839 11517//3839
v 6.230000 6.700000 -10.065000
v 6.242607 6.604237 -9.935000
v 6.242607 6.604237 -10.065000
vn 0.991445 0.130526 0.000000
f 11518//3840 11519//3840 11520//3840
v 6.146015 6.578355 -10.065000
v 6.130000 6.700000 -10.065000
v 6.230000 6.700000 -10.065000
vn 0.000000 0.000000 -1.000000
f 11521//3841 11522//3841 11523//3841
v 6.146015 6.578355 -10.065000
v 6.230000 6.700000 -10.065000
v 6.242607 6.604237 -10.065000
vn 0.000000 0.000000 -1.000000
f 11524//3842 11525//3842 11526//3842
v 6.130000 6.700000 -9.935000
v 6.146015 6.578355 -9.935000
v 6.242607 6.604237 -9.935000
vn 0.000000 0.000000 1.000000
f 11527//3843 11528//3843 11529//3843
v 6.130000 6.700000 -9.935000
v 6.242607 6.604237 -9.935000
v 6.230000 6.700000 -9.935000
vn -0.000000 0.000000 1.000000
f 11530//3844 11531//3844 11532//3844
v 6.146015 6.578355 -10.065000
v 6.192968 6.465000 -10.065000
v 6.192968 6.465000 -9.935000
vn -0.923880 -0.382683 0.000000
f 11533//3845 11534//3845 11535//3845
v 6.146015 6.578355 -10.065000
v 6.192968 6.465000 -9.935000
v 6.146015 6.578355 -9.935000
vn -0.923880 -0.382683 0.000000
f 11536//3846 11537//3846 11538//3846
v 6.242607 6.604237 -10.065000
v 6.242607 6.604237 -9.935000
v 6.279571 6.515000 -9.935000
vn 0.923880 0.382683 -0.000000
f 11539//3847 11540//3847 11541//3847
v 6.242607 6.604237 -10.065000
v 6.279571 6.515000 -9.935000
v 6.279571 6.515000 -10.065000
vn 0.923880 0.382683 0.000000
f 11542//3848 11543//3848 11544//3848
v 6.192968 6.465000 -10.065000
v 6.146015 6.578355 -10.065000
v 6.242607 6.604237 -10.065000
vn 0.000000 0.000000 -1.000000
f 11545//3849 11546//3849 11547//3849
v 6.192968 6.465000 -10.065000
v 6.242607 6.604237 -10.065000
v 6.279571 6.515000 -10.065000
vn 0.000000 0.000000 -1.000000
f 11548//3850 11549//3850 11550//3850
v 6.146015 6.578355 -9.935000
v 6.192968 6.465000 -9.935000
v 6.279571 6.515000 -9.935000
vn 0.000000 0.000000 1.000000
f 11551//3851 11552//3851 11553//3851
v 6.146015 6.578355 -9.935000
v 6.279571 6.515000 -9.935000
v 6.242607 6.604237 -9.935000
vn -0.000000 0.000000 1.000000
f 11554//3852 11555//3852 11556//3852
v 6.192968 6.465000 -10.065000
v 6.267660 6.367660 -10.065000
v 6.267660 6.367660 -9.935000
vn -0.793353 -0.608761 0.000000
f 11557//3853 11558//3853 11559//3853
v 6.192968 6.465000 -10.065000
v 6.267660 6.367660 -9.935000
v 6.192968 6.465000 -9.935000
vn -0.793353 -0.608761 0.000000
f 11560//3854 11561//3854 11562//3854
v 6.279571 6.515000 -10.065000
v 6.279571 6.515000 -9.935000
v 6.338370 6.438370 -9.935000
vn 0.793353 0.608761 -0.000000
f 11563//3855 11564//3855 11565//3855
v 6.279571 6.515000 -10.065000
v 6.338370 6.438370 -9.935000
v 6.338370 6.438370 -10.065000
vn 0.793353 0.608761 0.000000
f 11566//3856 11567//3856 11568//3856
v 6.267660 6.367660 -10.065000
v 6.192968 6.465000 -10.065000
v 6.279571 6.515000 -10.065000
vn 0.000000 0.000000 -1.000000
f 11569//3857 11570//3857 11571//3857
v 6.267660 6.367660 -10.065000
v 6.279571 6.515000 -10.065000
v 6.338370 6.438370 -10.065000
vn 0.000000 0.000000 -1.000000
f 11572//3858 11573//3858 11574//3858
v 6.192968 6.465000 -9.935000
v 6.267660 6.367660 -9.935000
v 6.338370 6.438370 -9.935000
vn 0.000000 0.000000 1.000000
f 11575//3859 11576//3859 11577//3859
v 6.192968 6.465000 -9.935000
v 6.338370 6.438370 -9.935000
v 6.279571 6.515000 -9.935000
vn -0.000000 0.000000 1.000000
f 11578//3860 11579//3860 11580//3860
v 6.267660 6.367660 -10.065000
v 6.365000 6.292968 -10.065000
v 6.365000 6.292968 -9.935000
vn -0.608761 -0.793353 0.000000
f 11581//3861 11582//3861 11583//3861
v 6.267660 6.367660 -10.065000
v 6.365000 6.292968 -9.935000
v 6.267660 6.367660 -9.935000
vn -0.608761 -0.793353 0.000000
f 11584//3862 11585//3862 11586//3862
v 6.338370 6.438370 -10.065000
v 6.338370 6.438370 -9.935000
v 6.415000 6.379571 -9.935000
vn 0.608761 0.793353 -0.000000
f 11587//3863 11588//3863 11589//3863
v 6.338370 6.438370 -10.065000
v 6.415000 6.379571 -9.935000
v 6.415000 6.379571 -10.065000
vn 0.608761 0.793353 0.000000
f 11590//3864 11591//3864 11592//3864
v 6.365000 6.292968 -10.065000
v 6.267660 6.367660 -10.065000
v 6.338370 6.438370 -10.065000
vn 0.000000 0.000000 -1.000000
f 11593//3865 11594//3865 11595//3865
v 6.365000 6.292968 -10.065000
v 6.338370 6.438370 -10.065000
v 6.415000 6.379571 -10.065000
vn 0.000000 0.000000 -1.000000
f 11596//3866 11597//3866 11598//3866
v 6.267660 6.367660 -9.935000
v 6.365000 6.292968 -9.935000
v 6.415000 6.379571 -9.935000
vn -0.000000 0.000000 1.000000
f 11599//3867 11600//3867 11601//3867
v 6.267660 6.367660 -9.935000
v 6.415000 6.379571 -9.935000
v 6.338370 6.438370 -9.935000
vn 0.000000 0.000000 1.000000
f 11602//3868 11603//3868 11604//3868
v 6.365000 6.292968 -10.065000
v 6.478355 6.246015 -10.065000
v 6.478355 6.246015 -9.935000
vn -0.382683 -0.923880 0.000000
f 11605//3869 11606//3869 11607//3869
v 6.365000 6.292968 -10.065000
v 6.478355 6.246015 -9.935000
v 6.365000 6.292968 -9.935000
vn -0.382683 -0.923880 0.000000
f 11608//3870 11609//3870 11610//3870
v 6.415000 6.379571 -10.065000
v 6.415000 6.379571 -9.935000
v 6.504237 6.342607 -9.935000
vn 0.382683 0.923880 -0.000000
f 11611//3871 11612//3871 11613//3871
v 6.415000 6.379571 -10.065000
v 6.504237 6.342607 -9.935000
v 6.504237 6.342607 -10.065000
vn 0.382683 0.923880 0.000000
f 11614//3872 11615//3872 11616//3872
v 6.478355 6.246015 -10.065000
v 6.365000 6.292968 -10.065000
v 6.415000 6.379571 -10.065000
vn 0.000000 0.000000 -1.000000
f 11617//3873 11618//3873 11619//3873
v 6.478355 6.246015 -10.065000
v 6.415000 6.379571 -10.065000
v 6.504237 6.342607 -10.065000
vn 0.000000 0.000000 -1.000000
f 11620//3874 11621//3874 11622//3874
v 6.365000 6.292968 -9.935000
v 6.478355 6.246015 -9.935000
v 6.504237 6.342607 -9.935000
vn -0.000000 0.000000 1.000000
f 11623//3875 11624//3875 11625//3875
v 6.365000 6.292968 -9.935000
v 6.504237 6.342607 -9.935000
v 6.415000 6.379571 -9.935000
vn 0.000000 0.000000 1.000000
f 11626//3876 11627//3876 11628//3876
v 6.478355 6.246015 -10.065000
v 6.600000 6.230000 -10.065000
v 6.600000 6.230000 -9.935000
vn -0.130526 -0.991445 0.000000
f 11629//3877 11630//3877 11631//3877
v 6.478355 6.246015 -10.065000
v 6.600000 6.230000 -9.935000
v 6.478355 6.246015 -9.935000
vn -0.130526 -0.991445 0.000000
f 11632//3878 11633//3878 11634//3878
v 6.504237 6.342607 -10.065000
v 6.504237 6.342607 -9.935000
v 6.600000 6.330000 -9.935000
vn 0.130526 0.991445 -0.000000
f 11635//3879 11636//3879 11637//3879
v 6.504237 6.342607 -10.065000
v 6.600000 6.330000 -9.935000
v 6.600000 6.330000 -10.065000
vn 0.130526 0.991445 0.000000
f 11638//3880 11639//3880 11640//3880
v 6.600000 6.230000 -10.065000
v 6.478355 6.246015 -10.065000
v 6.504237 6.342607 -10.065000
vn 0.000000 0.000000 -1.000000
f 11641//3881 11642//3881 11643//3881
v 6.600000 6.230000 -10.065000
v 6.504237 6.342607 -10.065000
v 6.600000 6.330000 -10.065000
vn 0.000000 0.000000 -1.000000
f 11644//3882 11645//3882 11646//3882
v 6.478355 6.246015 -9.935000
v 6.600000 6.230000 -9.935000
v 6.600000 6.330000 -9.935000
vn -0.000000 0.000000 1.000000
f 11647//3883 11648//3883 11649//3883
v 6.478355 6.246015 -9.935000
v 6.600000 6.330000 -9.935000
v 6.504237 6.342607 -9.935000
vn 0.000000 0.000000 1.000000
f 11650//3884 11651//3884 11652//3884
v 6.600000 6.230000 -10.065000
v 6.721645 6.246015 -10.065000
v 6.721645 6.246015 -9.935000
vn 0.130526 -0.991445 0.000000
f 11653//3885 11654//3885 11655//3885
v 6.600000 6.230000 -10.065000
v 6.721645 6.246015 -9.935000
v 6.600000 6.230000 -9.935000
vn 0.130526 -0.991445 0.000000
f 11656//3886 11657//3886 11658//3886
v 6.600000 6.330000 -10.065000
v 6.600000 6.330000 -9.935000
v 6.695763 6.342607 -9.935000
vn -0.130526 0.991445 0.000000
f 11659//3887 11660//3887 11661//3887
v 6.600000 6.330000 -10.065000
v 6.695763 6.342607 -9.935000
v 6.695763 6.342607 -10.065000
vn -0.130526 0.991445 0.000000
f 11662//3888 11663//3888 11664//3888
v 6.721645 6.246015 -10.065000
v 6.600000 6.230000 -10.065000
v 6.600000 6.330000 -10.065000
vn -0.000000 0.000000 -1.000000
f 11665//3889 11666//3889 11667//3889
v 6.721645 6.246015 -10.065000
v 6.600000 6.330000 -10.065000
v 6.695763 6.342607 -10.065000
vn 0.000000 0.000000 -1.000000
f 11668//3890 11669//3890 11670//3890
v 6.600000 6.230000 -9.935000
v 6.721645 6.246015 -9.935000
v 6.695763 6.342607 -9.935000
vn 0.000000 0.000000 1.000000
f 11671//3891 11672//3891 11673//3891
v 6.600000 6.230000 -9.935000
v 6.695763 6.342607 -9.935000
v 6.600000 6.330000 -9.935000
vn 0.000000 0.000000 1.000000
f 11674//3892 11675//3892 11676//3892
v 6.721645 6.246015 -10.065000
v 6.835000 6.292968 -10.065000
v 6.835000 6.292968 -9.935000
vn 0.382683 -0.923880 0.000000
f 11677//3893 11678//3893 11679//3893
v 6.721645 6.246015 -10.065000
v 6.835000 6.292968 -9.935000
v 6.721645 6.246015 -9.935000
vn 0.382683 -0.923880 0.000000
f 11680//3894 11681//3894 11682//3894
v 6.695763 6.342607 -10.065000
v 6.695763 6.342607 -9.935000
v 6.785000 6.379571 -9.935000
vn -0.382683 0.923880 0.000000
f 11683//3895 11684//3895 11685//3895
v 6.695763 6.342607 -10.065000
v 6.785000 6.379571 -9.935000
v 6.785000 6.379571 -10.065000
vn -0.382683 0.923880 0.000000
f 11686//3896 11687//3896 11688//3896
v 6.835000 6.292968 -10.065000
v 6.721645 6.246015 -10.065000
v 6.695763 6.342607 -10.065000
vn -0.000000 0.000000 -1.000000
f 11689//3897 11690//3897 11691//3897
v 6.835000 6.292968 -10.065000
v 6.695763 6.342607 -10.065000
v 6.785000 6.379571 -10.065000
vn 0.000000 0.000000 -1.000000
f 11692//3898 11693//3898 11694//3898
v 6.721645 6.246015 -9.935000
v 6.835000 6.292968 -9.935000
v 6.785000 6.379571 -9.935000
vn 0.000000 0.000000 1.000000
f 11695//3899 11696//3899 11697//3899
v 6.721645 6.246015 -9.935000
v 6.785000 6.379571 -9.935000
v 6.695763 6.342607 -9.935000
vn 0.000000 -0.000000 1.000000
f 11698//3900 11699//3900 11700//3900
v 6.835000 6.292968 -10.065000
v 6.932340 6.367660 -10.065000
v 6.932340 6.367660 -9.935000
vn 0.608761 -0.793353 0.000000
f 11701//3901 11702//3901 11703//3901
v 6.835000 6.292968 -10.065000
v 6.932340 6.367660 -9.935000
v 6.835000 6.292968 -9.935000
vn 0.608761 -0.793353 0.000000
f 11704//3902 11705//3902 11706//3902
v 6.785000 6.379571 -10.065000
v 6.785000 6.379571 -9.935000
v 6.861630 6.438370 -9.935000
vn -0.608761 0.793353 0.000000
f 11707//3903 11708//3903 11709//3903
v 6.785000 6.379571 -10.065000
v 6.861630 6.438370 -9.935000
v 6.861630 6.438370 -10.065000
vn -0.608761 0.793353 0.000000
f 11710//3904 11711//3904 11712//3904
v 6.932340 6.367660 -10.065000
v 6.835000 6.292968 -10.065000
v 6.785000 6.379571 -10.065000
vn -0.000000 0.000000 -1.000000
f 11713//3905 11714//3905 11715//3905
v 6.932340 6.367660 -10.065000
v 6.785000 6.379571 -10.065000
v 6.861630 6.438370 -10.065000
vn 0.000000 0.000000 -1.000000
f 11716//3906 11717//3906 11718//3906
v 6.835000 6.292968 -9.935000
v 6.932340 6.367660 -9.935000
v 6.861630 6.438370 -9.935000
vn 0.000000 0.000000 1.000000
f 11719//3907 11720//3907 11721//3907
v 6.835000 6.292968 -9.935000
v 6.861630 6.438370 -9.935000
v 6.785000 6.379571 -9.935000
vn 0.000000 -0.000000 1.000000
f 11722//3908 11723//3908 11724//3908
v 6.932340 6.367660 -10.065000
v 7.007032 6.465000 -10.065000
v 7.007032 6.465000 -9.935000
vn 0.793353 -0.608761 0.000000
f 11725//3909 11726//3909 11727//3909
v 6.932340 6.367660 -10.065000
v 7.007032 6.465000 -9.935000
v 6.932340 6.367660 -9.935000
vn 0.793353 -0.608761 0.000000
f 11728//3910 11729//3910 11730//3910
v 6.861630 6.438370 -10.065000
v 6.861630 6.438370 -9.935000
v 6.920429 6.515000 -9.935000
vn -0.793353 0.608761 0.000000
f 11731//3911 11732//3911 11733//3911
v 6.861630 6.438370 -10.065000
v 6.920429 6.515000 -9.935000
v 6.920429 6.515000 -10.065000
vn -0.793353 0.608761 0.000000
f 11734//3912 11735//3912 11736//3912
v 7.007032 6.465000 -10.065000
v 6.932340 6.367660 -10.065000
v 6.861630 6.438370 -10.065000
vn 0.000000 0.000000 -1.000000
f 11737//3913 11738//3913 11739//3913
v 7.007032 6.465000 -10.065000
v 6.861630 6.438370 -10.065000
v 6.920429 6.515000 -10.065000
vn -0.000000 0.000000 -1.000000
f 11740//3914 11741//3914 11742//3914
v 6.932340 6.367660 -9.935000
v 7.007032 6.465000 -9.935000
v 6.920429 6.515000 -9.935000
vn 0.000000 -0.000000 1.000000
f 11743//3915 11744//3915 11745//3915
v 6.932340 6.367660 -9.935000
v 6.920429 6.515000 -9.935000
v 6.861630 6.438370 -9.935000
vn 0.000000 0.000000 1.000000
f 11746//3916 11747//3916 11748//3916
v 7.007032 6.465000 -10.065000
v 7.053985 6.578355 -10.065000
v 7.053985 6.578355 -9.935000
vn 0.923880 -0.382683 0.000000
f 11749//3917 11750//3917 11751//3917
v 7.007032 6.465000 -10.065000
v 7.053985 6.578355 -9.935000
v 7.007032 6.465000 -9.935000
vn 0.923880 -0.382683 0.000000
f 11752//3918 11753//3918 11754//3918
v 6.920429 6.515000 -10.065000
v 6.920429 6.515000 -9.935000
v 6.957393 6.604237 -9.935000
vn -0.923880 0.382683 0.000000
f 11755//3919 11756//3919 11757//3919
v 6.920429 6.515000 -10.065000
v 6.957393 6.604237 -9.935000
v 6.957393 6.604237 -10.065000
vn -0.923880 0.382683 0.000000
f 11758//3920 11759//3920 11760//3920
v 7.053985 6.578355 -10.065000
v 7.007032 6.465000 -10.065000
v 6.920429 6.515000 -10.065000
vn 0.000000 0.000000 -1.000000
f 11761//3921 11762//3921 11763//3921
v 7.053985 6.578355 -10.065000
v 6.920429 6.515000 -10.065000
v 6.957393 6.604237 -10.065000
vn -0.000000 0.000000 -1.000000
f 11764//3922 11765//3922 11766//3922
v 7.007032 6.465000 -9.935000
v 7.053985 6.578355 -9.935000
v 6.957393 6.604237 -9.935000
vn 0.000000 -0.000000 1.000000
f 11767//3923 11768//3923 11769//3923
v 7.007032 6.465000 -9.935000
v 6.957393 6.604237 -9.935000
v 6.920429 6.515000 -9.935000
vn 0.000000 0.000000 1.000000
f 11770//3924 11771//3924 11772//3924
v 7.053985 6.578355 -10.065000
v 7.070000 6.700000 -10.065000
v 7.070000 6.700000 -9.935000
vn 0.991445 -0.130526 0.000000
f 11773//3925 11774//3925 11775//3925
v 7.053985 6.578355 -10.065000
v 7.070000 6.700000 -9.935000
v 7.053985 6.578355 -9.935000
vn 0.991445 -0.130526 0.000000
f 11776//3926 11777//3926 11778//3926
v 6.957393 6.604237 -10.065000
v 6.957393 6.604237 -9.935000
v 6.970000 6.700000 -9.935000
vn -0.991445 0.130526 0.000000
f 11779//3927 11780//3927 11781//3927
v 6.957393 6.604237 -10.065000
v 6.970000 6.700000 -9.935000
v 6.970000 6.700000 -10.065000
vn -0.991445 0.130526 0.000000
f 11782//3928 11783//3928 11784//3928
v 7.070000 6.700000 -10.065000
v 7.053985 6.578355 -10.065000
v 6.957393 6.604237 -10.065000
vn 0.000000 0.000000 -1.000000
f 11785//3929 11786//3929 11787//3929
v 7.070000 6.700000 -10.065000
v 6.957393 6.604237 -10.065000
v 6.970000 6.700000 -10.065000
vn -0.000000 0.000000 -1.000000
f 11788//3930 11789//3930 11790//3930
v 7.053985 6.578355 -9.935000
v 7.070000 6.700000 -9.935000
v 6.970000 6.700000 -9.935000
vn 0.000000 -0.000000 1.000000
f 11791//3931 11792//3931 11793//3931
v 7.053985 6.578355 -9.935000
v 6.970000 6.700000 -9.935000
v 6.957393 6.604237 -9.935000
vn 0.000000 0.000000 1.000000
f 11794//3932 11795//3932 11796//3932
v 7.070000 6.700000 -10.065000
v 7.053985 6.821645 -10.065000
v 7.053985 6.821645 -9.935000
vn 0.991445 0.130526 0.000000
f 11797//3933 11798//3933 11799//3933
v 7.070000 6.700000 -10.065000
v 7.053985 6.821645 -9.935000
v 7.070000 6.700000 -9.935000
vn 0.991445 0.130526 -0.000000
f 11800//3934 11801//3934 11802//3934
v 6.970000 6.700000 -10.065000
v 6.970000 6.700000 -9.935000
v 6.957393 6.795763 -9.935000
vn -0.991445 -0.130526 0.000000
f 11803//3935 11804//3935 11805//3935
v 6.970000 6.700000 -10.065000
v 6.957393 6.795763 -9.935000
v 6.957393 6.795763 -10.065000
vn -0.991445 -0.130526 0.000000
f 11806//3936 11807//3936 11808//3936
v 7.053985 6.821645 -10.065000
v 7.070000 6.700000 -10.065000
v 6.970000 6.700000 -10.065000
vn 0.000000 -0.000000 -1.000000
f 11809//3937 11810//3937 11811//3937
v 7.053985 6.821645 -10.065000
v 6.970000 6.700000 -10.065000
v 6.957393 6.795763 -10.065000
vn 0.000000 0.000000 -1.000000
f 11812//3938 11813//3938 11814//3938
v 7.070000 6.700000 -9.935000
v 7.053985 6.821645 -9.935000
v 6.957393 6.795763 -9.935000
vn 0.000000 0.000000 1.000000
f 11815//3939 11816//3939 11817//3939
v 7.070000 6.700000 -9.935000
v 6.957393 6.795763 -9.935000
v 6.970000 6.700000 -9.935000
vn 0.000000 0.000000 1.000000
f 11818//3940 11819//3940 11820//3940
v 7.053985 6.821645 -10.065000
v 7.007032 6.935000 -10.065000
v 7.007032 6.935000 -9.935000
vn 0.923880 0.382683 0.000000
f 11821//3941 11822//3941 11823//3941
v 7.053985 6.821645 -10.065000
v 7.007032 6.935000 -9.935000
v 7.053985 6.821645 -9.935000
vn 0.923880 0.382683 -0.000000
f 11824//3942 11825//3942 11826//3942
v 6.957393 6.795763 -10.065000
v 6.957393 6.795763 -9.935000
v 6.920429 6.885000 -9.935000
vn -0.923880 -0.382683 0.000000
f 11827//3943 11828//3943 11829//3943
v 6.957393 6.795763 -10.065000
v 6.920429 6.885000 -9.935000
v 6.920429 6.885000 -10.065000
vn -0.923880 -0.382683 0.000000
f 11830//3944 11831//3944 11832//3944
v 7.007032 6.935000 -10.065000
v 7.053985 6.821645 -10.065000
v 6.957393 6.795763 -10.065000
vn 0.000000 -0.000000 -1.000000
f 11833//3945 11834//3945 11835//3945
v 7.007032 6.935000 -10.065000
v 6.957393 6.795763 -10.065000
v 6.920429 6.885000 -10.065000
vn 0.000000 0.000000 -1.000000
f 11836//3946 11837//3946 11838//3946
v 7.053985 6.821645 -9.935000
v 7.007032 6.935000 -9.935000
v 6.920429 6.885000 -9.935000
vn 0.000000 0.000000 1.000000
f 11839//3947 11840//3947 11841//3947
v 7.053985 6.821645 -9.935000
v 6.920429 6.885000 -9.935000
v 6.957393 6.795763 -9.935000
vn 0.000000 0.000000 1.000000
f 11842//3948 11843//3948 11844//3948
v 7.007032 6.935000 -10.065000
v 6.932340 7.032340 -10.065000
v 6.932340 7.032340 -9.935000
vn 0.793353 0.608761 0.000000
f 11845//3949 11846//3949 11847//3949
v 7.007032 6.935000 -10.065000
v 6.932340 7.032340 -9.935000
v 7.007032 6.935000 -9.935000
vn 0.793353 0.608761 -0.000000
f 11848//3950 11849//3950 11850//3950
v 6.920429 6.885000 -10.065000
v 6.920429 6.885000 -9.935000
v 6.861630 6.961630 -9.935000
vn -0.793353 -0.608761 0.000000
f 11851//3951 11852//3951 11853//3951
v 6.920429 6.885000 -10.065000
v 6.861630 6.961630 -9.935000
v 6.861630 6.961630 -10.065000
vn -0.793353 -0.608761 0.000000
f 11854//3952 11855//3952 11856//3952
v 6.932340 7.032340 -10.065000
v 7.007032 6.935000 -10.065000
v 6.920429 6.885000 -10.065000
vn 0.000000 -0.000000 -1.000000
f 11857//3953 11858//3953 11859//3953
v 6.932340 7.032340 -10.065000
v 6.920429 6.885000 -10.065000
v 6.861630 6.961630 -10.065000
vn 0.000000 0.000000 -1.000000
f 11860//3954 11861//3954 11862//3954
v 7.007032 6.935000 -9.935000
v 6.932340 7.032340 -9.935000
v 6.861630 6.961630 -9.935000
vn 0.000000 0.000000 1.000000
f 11863//3955 11864//3955 11865//3955
v 7.007032 6.935000 -9.935000
v 6.861630 6.961630 -9.935000
v 6.920429 6.885000 -9.935000
vn 0.000000 0.000000 1.000000
f 11866//3956 11867//3956 11868//3956
v 6.932340 7.032340 -10.065000
v 6.835000 7.107032 -10.065000
v 6.835000 7.107032 -9.935000
vn 0.608761 0.793353 0.000000
f 11869//3957 11870//3957 11871//3957
v 6.932340 7.032340 -10.065000
v 6.835000 7.107032 -9.935000
v 6.932340 7.032340 -9.935000
vn 0.608761 0.793353 -0.000000
f 11872//3958 11873//3958 11874//3958
v 6.861630 6.961630 -10.065000
v 6.861630 6.961630 -9.935000
v 6.785000 7.020429 -9.935000
vn -0.608761 -0.793353 0.000000
f 11875//3959 11876//3959 11877//3959
v 6.861630 6.961630 -10.065000
v 6.785000 7.020429 -9.935000
v 6.785000 7.020429 -10.065000
vn -0.608761 -0.793353 0.000000
f 11878//3960 11879//3960 11880//3960
v 6.835000 7.107032 -10.065000
v 6.932340 7.032340 -10.065000
v 6.861630 6.961630 -10.065000
vn 0.000000 0.000000 -1.000000
f 11881//3961 11882//3961 11883//3961
v 6.835000 7.107032 -10.065000
v 6.861630 6.961630 -10.065000
v 6.785000 7.020429 -10.065000
vn 0.000000 -0.000000 -1.000000
f 11884//3962 11885//3962 11886//3962
v 6.932340 7.032340 -9.935000
v 6.835000 7.107032 -9.935000
v 6.785000 7.020429 -9.935000
vn 0.000000 0.000000 1.000000
f 11887//3963 11888//3963 11889//3963
v 6.932340 7.032340 -9.935000
v 6.785000 7.020429 -9.935000
v 6.861630 6.961630 -9.935000
vn 0.000000 0.000000 1.000000
f 11890//3964 11891//3964 11892//3964
v 6.835000 7.107032 -10.065000
v 6.721645 7.153985 -10.065000
v 6.721645 7.153985 -9.935000
vn 0.382683 0.923880 0.000000
f 11893//3965 11894//3965 11895//3965
v 6.835000 7.107032 -10.065000
v 6.721645 7.153985 -9.935000
v 6.835000 7.107032 -9.935000
vn 0.382683 0.923880 -0.000000
f 11896//3966 11897//3966 11898//3966
v 6.785000 7.020429 -10.065000
v 6.785000 7.020429 -9.935000
v 6.695763 7.057393 -9.935000
vn -0.382683 -0.923880 0.000000
f 11899//3967 11900//3967 11901//3967
v 6.785000 7.020429 -10.065000
v 6.695763 7.057393 -9.935000
v 6.695763 7.057393 -10.065000
vn -0.382683 -0.923880 0.000000
f 11902//3968 11903//3968 11904//3968
v 6.721645 7.153985 -10.065000
v 6.835000 7.107032 -10.065000
v 6.785000 7.020429 -10.065000
vn 0.000000 0.000000 -1.000000
f 11905//3969 11906//3969 11907//3969
v 6.721645 7.153985 -10.065000
v 6.785000 7.020429 -10.065000
v 6.695763 7.057393 -10.065000
vn 0.000000 -0.000000 -1.000000
f 11908//3970 11909//3970 11910//3970
v 6.835000 7.107032 -9.935000
v 6.721645 7.153985 -9.935000
v 6.695763 7.057393 -9.935000
vn 0.000000 0.000000 1.000000
f 11911//3971 11912//3971 11913//3971
v 6.835000 7.107032 -9.935000
v 6.695763 7.057393 -9.935000
v 6.785000 7.020429 -9.935000
vn 0.000000 0.000000 1.000000
f 11914//3972 11915//3972 11916//3972
v 6.721645 7.153985 -10.065000
v 6.600000 7.170000 -10.065000
v 6.600000 7.170000 -9.935000
vn 0.130526 0.991445 0.000000
f 11917//3973 11918//3973 11919//3973
v 6.721645 7.153985 -10.065000
v 6.600000 7.170000 -9.935000
v 6.721645 7.153985 -9.935000
vn 0.130526 0.991445 -0.000000
f 11920//3974 11921//3974 11922//3974
v 6.695763 7.057393 -10.065000
v 6.695763 7.057393 -9.935000
v 6.600000 7.070000 -9.935000
vn -0.130526 -0.991445 0.000000
f 11923//3975 11924//3975 11925//3975
v 6.695763 7.057393 -10.065000
v 6.600000 7.070000 -9.935000
v 6.600000 7.070000 -10.065000
vn -0.130526 -0.991445 0.000000
f 11926//3976 11927//3976 11928//3976
v 6.600000 7.170000 -10.065000
v 6.721645 7.153985 -10.065000
v 6.695763 7.057393 -10.065000
vn 0.000000 0.000000 -1.000000
f 11929//3977 11930//3977 11931//3977
v 6.600000 7.170000 -10.065000
v 6.695763 7.057393 -10.065000
v 6.600000 7.070000 -10.065000
vn 0.000000 0.000000 -1.000000
f 11932//3978 11933//3978 11934//3978
v 6.721645 7.153985 -9.935000
v 6.600000 7.170000 -9.935000
v 6.600000 7.070000 -9.935000
vn 0.000000 0.000000 1.000000
f 11935//3979 11936//3979 11937//3979
v 6.721645 7.153985 -9.935000
v 6.600000 7.070000 -9.935000
v 6.695763 7.057393 -9.935000
vn 0.000000 0.000000 1.000000
f 11938//3980 11939//3980 11940//3980
v 6.600000 7.170000 -10.065000
v 6.478355 7.153985 -10.065000
v 6.478355 7.153985 -9.935000
vn -0.130526 0.991445 0.000000
f 11941//3981 11942//3981 11943//3981
v 6.600000 7.170000 -10.065000
v 6.478355 7.153985 -9.935000
v 6.600000 7.170000 -9.935000
vn -0.130526 0.991445 0.000000
f 11944//3982 11945//3982 11946//3982
v 6.600000 7.070000 -10.065000
v 6.600000 7.070000 -9.935000
v 6.504237 7.057393 -9.935000
vn 0.130526 -0.991445 0.000000
f 11947//3983 11948//3983 11949//3983
v 6.600000 7.070000 -10.065000
v 6.504237 7.057393 -9.935000
v 6.504237 7.057393 -10.065000
vn 0.130526 -0.991445 0.000000
f 11950//3984 11951//3984 11952//3984
v 6.478355 7.153985 -10.065000
v 6.600000 7.170000 -10.065000
v 6.600000 7.070000 -10.065000
vn 0.000000 0.000000 -1.000000
f 11953//3985 11954//3985 11955//3985
v 6.478355 7.153985 -10.065000
v 6.600000 7.070000 -10.065000
v 6.504237 7.057393 -10.065000
vn 0.000000 0.000000 -1.000000
f 11956//3986 11957//3986 11958//3986
v 6.600000 7.170000 -9.935000
v 6.478355 7.153985 -9.935000
v 6.504237 7.057393 -9.935000
vn 0.000000 0.000000 1.000000
f 11959//3987 11960//3987 11961//3987
v 6.600000 7.170000 -9.935000
v 6.504237 7.057393 -9.935000
v 6.600000 7.070000 -9.935000
vn 0.000000 0.000000 1.000000
f 11962//3988 11963//3988 11964//3988
v 6.478355 7.153985 -10.065000
v 6.365000 7.107032 -10.065000
v 6.365000 7.107032 -9.935000
vn -0.382683 0.923880 0.000000
f 11965//3989 11966//3989 11967//3989
v 6.478355 7.153985 -10.065000
v 6.365000 7.107032 -9.935000
v 6.478355 7.153985 -9.935000
vn -0.382683 0.923880 0.000000
f 11968//3990 11969//3990 11970//3990
v 6.504237 7.057393 -10.065000
v 6.504237 7.057393 -9.935000
v 6.415000 7.020429 -9.935000
vn 0.382683 -0.923880 0.000000
f 11971//3991 11972//3991 11973//3991
v 6.504237 7.057393 -10.065000
v 6.415000 7.020429 -9.935000
v 6.415000 7.020429 -10.065000
vn 0.382683 -0.923880 0.000000
f 11974//3992 11975//3992 11976//3992
v 6.365000 7.107032 -10.065000
v 6.478355 7.153985 -10.065000
v 6.504237 7.057393 -10.065000
vn 0.000000 0.000000 -1.000000
f 11977//3993 11978//3993 11979//3993
v 6.365000 7.107032 -10.065000
v 6.504237 7.057393 -10.065000
v 6.415000 7.020429 -10.065000
vn 0.000000 0.000000 -1.000000
f 11980//3994 11981//3994 11982//3994
v 6.478355 7.153985 -9.935000
v 6.365000 7.107032 -9.935000
v 6.415000 7.020429 -9.935000
vn 0.000000 0.000000 1.000000
f 11983//3995 11984//3995 11985//3995
v 6.478355 7.153985 -9.935000
v 6.415000 7.020429 -9.935000
v 6.504237 7.057393 -9.935000
vn 0.000000 0.000000 1.000000
f 11986//3996 11987//3996 11988//3996
v 6.365000 7.107032 -10.065000
v 6.267660 7.032340 -10.065000
v 6.267660 7.032340 -9.935000
vn -0.608761 0.793353 0.000000
f 11989//3997 11990//3997 11991//3997
v 6.365000 7.107032 -10.065000
v 6.267660 7.032340 -9.935000
v 6.365000 7.107032 -9.935000
vn -0.608761 0.793353 0.000000
f 11992//3998 11993//3998 11994//3998
v 6.415000 7.020429 -10.065000
v 6.415000 7.020429 -9.935000
v 6.338370 6.961630 -9.935000
vn 0.608761 -0.793353 0.000000
f 11995//3999 11996//3999 11997//3999
v 6.415000 7.020429 -10.065000
v 6.338370 6.961630 -9.935000
v 6.338370 6.961630 -10.065000
vn 0.608761 -0.793353 0.000000
f 11998//4000 11999//4000 12000//4000
v 6.267660 7.032340 -10.065000
v 6.365000 7.107032 -10.065000
v 6.415000 7.020429 -10.065000
vn 0.000000 0.000000 -1.000000
f 12001//4001 12002//4001 12003//4001
v 6.267660 7.032340 -10.065000
v 6.415000 7.020429 -10.065000
v 6.338370 6.961630 -10.065000
vn 0.000000 0.000000 -1.000000
f 12004//4002 12005//4002 12006//4002
v 6.365000 7.107032 -9.935000
v 6.267660 7.032340 -9.935000
v 6.338370 6.961630 -9.935000
vn 0.000000 0.000000 1.000000
f 12007//4003 12008//4003 12009//4003
v 6.365000 7.107032 -9.935000
v 6.338370 6.961630 -9.935000
v 6.415000 7.020429 -9.935000
vn 0.000000 0.000000 1.000000
f 12010//4004 12011//4004 12012//4004
v 6.267660 7.032340 -10.065000
v 6.192968 6.935000 -10.065000
v 6.192968 6.935000 -9.935000
vn -0.793353 0.608761 0.000000
f 12013//4005 12014//4005 12015//4005
v 6.267660 7.032340 -10.065000
v 6.192968 6.935000 -9.935000
v 6.267660 7.032340 -9.935000
vn -0.793353 0.608761 0.000000
f 12016//4006 12017//4006 12018//4006
v 6.338370 6.961630 -10.065000
v 6.338370 6.961630 -9.935000
v 6.279571 6.885000 -9.935000
vn 0.793353 -0.608761 0.000000
f 12019//4007 12020//4007 12021//4007
v 6.338370 6.961630 -10.065000
v 6.279571 6.885000 -9.935000
v 6.279571 6.885000 -10.065000
vn 0.793353 -0.608761 0.000000
f 12022//4008 12023//4008 12024//4008
v 6.192968 6.935000 -10.065000
v 6.267660 7.032340 -10.065000
v 6.338370 6.961630 -10.065000
vn 0.000000 0.000000 -1.000000
f 12025//4009 12026//4009 12027//4009
v 6.192968 6.935000 -10.065000
v 6.338370 6.961630 -10.065000
v 6.279571 6.885000 -10.065000
vn 0.000000 0.000000 -1.000000
f 12028//4010 12029//4010 12030//4010
v 6.267660 7.032340 -9.935000
v 6.192968 6.935000 -9.935000
v 6.279571 6.885000 -9.935000
vn 0.000000 0.000000 1.000000
f 12031//4011 12032//4011 12033//4011
v 6.267660 7.032340 -9.935000
v 6.279571 6.885000 -9.935000
v 6.338370 6.961630 -9.935000
vn 0.000000 0.000000 1.000000
f 12034//4012 12035//4012 12036//4012
v 6.192968 6.935000 -10.065000
v 6.146015 6.821645 -10.065000
v 6.146015 6.821645 -9.935000
vn -0.923880 0.382683 0.000000
f 12037//4013 12038//4013 12039//4013
v 6.192968 6.935000 -10.065000
v 6.146015 6.821645 -9.935000
v 6.192968 6.935000 -9.935000
vn -0.923880 0.382683 0.000000
f 12040//4014 12041//4014 12042//4014
v 6.279571 6.885000 -10.065000
v 6.279571 6.885000 -9.935000
v 6.242607 6.795763 -9.935000
vn 0.923880 -0.382683 0.000000
f 12043//4015 12044//4015 12045//4015
v 6.279571 6.885000 -10.065000
v 6.242607 6.795763 -9.935000
v 6.242607 6.795763 -10.065000
vn 0.923880 -0.382683 0.000000
f 12046//4016 12047//4016 12048//4016
v 6.146015 6.821645 -10.065000
v 6.192968 6.935000 -10.065000
v 6.279571 6.885000 -10.065000
vn 0.000000 0.000000 -1.000000
f 12049//4017 12050//4017 12051//4017
v 6.146015 6.821645 -10.065000
v 6.279571 6.885000 -10.065000
v 6.242607 6.795763 -10.065000
vn 0.000000 0.000000 -1.000000
f 12052//4018 12053//4018 12054//4018
v 6.192968 6.935000 -9.935000
v 6.146015 6.821645 -9.935000
v 6.242607 6.795763 -9.935000
vn 0.000000 0.000000 1.000000
f 12055//4019 12056//4019 12057//4019
v 6.192968 6.935000 -9.935000
v 6.242607 6.795763 -9.935000
v 6.279571 6.885000 -9.935000
vn 0.000000 0.000000 1.000000
f 12058//4020 12059//4020 12060//4020
v 6.146015 6.821645 -10.065000
v 6.130000 6.700000 -10.065000
v 6.130000 6.700000 -9.935000
vn -0.991445 0.130526 0.000000
f 12061//4021 12062//4021 12063//4021
v 6.146015 6.821645 -10.065000
v 6.130000 6.700000 -9.935000
v 6.146015 6.821645 -9.935000
vn -0.991445 0.130526 0.000000
f 12064//4022 12065//4022 12066//4022
v 6.242607 6.795763 -10.065000
v 6.242607 6.795763 -9.935000
v 6.230000 6.700000 -9.935000
vn 0.991445 -0.130526 0.000000
f 12067//4023 12068//4023 12069//4023
v 6.242607 6.795763 -10.065000
v 6.230000 6.700000 -9.935000
v 6.230000 6.700000 -10.065000
vn 0.991445 -0.130526 0.000000
f 12070//4024 12071//4024 12072//4024
v 6.130000 6.700000 -10.065000
v 6.146015 6.821645 -10.065000
v 6.242607 6.795763 -10.065000
vn 0.000000 0.000000 -1.000000
f 12073//4025 12074//4025 12075//4025
v 6.130000 6.700000 -10.065000
v 6.242607 6.795763 -10.065000
v 6.230000 6.700000 -10.065000
vn 0.000000 0.000000 -1.000000
f 12076//4026 12077//4026 12078//4026
v 6.146015 6.821645 -9.935000
v 6.130000 6.700000 -9.935000
v 6.230000 6.700000 -9.935000
vn 0.000000 0.000000 1.000000
f 12079//4027 12080//4027 12081//4027
v 6.146015 6.821645 -9.935000
v 6.230000 6.700000 -9.935000
v 6.242607 6.795763 -9.935000
vn 0.000000 0.000000 1.000000
f 12082//4028 12083//4028 12084//4028
v 6.130000 6.700000 -6.065000
v 6.146015 6.578355 -6.065000
v 6.146015 6.578355 -5.935000
vn -0.991445 -0.130526 0.000000
f 12085//4029 12086//4029 12087//4029
v 6.130000 6.700000 -6.065000
v 6.146015 6.578355 -5.935000
v 6.130000 6.700000 -5.935000
vn -0.991445 -0.130526 0.000000
f 12088//4030 12089//4030 12090//4030
v 6.230000 6.700000 -6.065000
v 6.230000 6.700000 -5.935000
v 6.242607 6.604237 -5.935000
vn 0.991445 0.130526 -0.000000
f 12091//4031 12092//4031 12093//4031
v 6.230000 6.700000 -6.065000
v 6.242607 6.604237 -5.935000
v 6.242607 6.604237 -6.065000
vn 0.991445 0.130526 0.000000
f 12094//4032 12095//4032 12096//4032
v 6.146015 6.578355 -6.065000
v 6.130000 6.700000 -6.065000
v 6.230000 6.700000 -6.065000
vn 0.000000 0.000000 -1.000000
f 12097//4033 12098//4033 12099//4033
v 6.146015 6.578355 -6.065000
v 6.230000 6.700000 -6.065000
v 6.242607 6.604237 -6.065000
vn 0.000000 0.000000 -1.000000
f 12100//4034 12101//4034 12102//4034
v 6.130000 6.700000 -5.935000
v 6.146015 6.578355 -5.935000
v 6.242607 6.604237 -5.935000
vn 0.000000 0.000000 1.000000
f 12103//4035 12104//4035 12105//4035
v 6.130000 6.700000 -5.935000
v 6.242607 6.604237 -5.935000
v 6.230000 6.700000 -5.935000
vn -0.000000 0.000000 1.000000
f 12106//4036 12107//4036 12108//4036
v 6.146015 6.578355 -6.065000
v 6.192968 6.465000 -6.065000
v 6.192968 6.465000 -5.935000
vn -0.923880 -0.382683 0.000000
f 12109//4037 12110//4037 12111//4037
v 6.146015 6.578355 -6.065000
v 6.192968 6.465000 -5.935000
v 6.146015 6.578355 -5.935000
vn -0.923880 -0.382683 0.000000
f 12112//4038 12113//4038 12114//4038
v 6.242607 6.604237 -6.065000
v 6.242607 6.604237 -5.935000
v 6.279571 6.515000 -5.935000
vn 0.923880 0.382683 -0.000000
f 12115//4039 12116//4039 12117//4039
v 6.242607 6.604237 -6.065000
v 6.279571 6.515000 -5.935000
v 6.279571 6.515000 -6.065000
vn 0.923880 0.382683 0.000000
f 12118//4040 12119//4040 12120//4040
v 6.192968 6.465000 -6.065000
v 6.146015 6.578355 -6.065000
v 6.242607 6.604237 -6.065000
vn 0.000000 0.000000 -1.000000
f 12121//4041 12122//4041 12123//4041
v 6.192968 6.465000 -6.065000
v 6.242607 6.604237 -6.065000
v 6.279571 6.515000 -6.065000
vn 0.000000 0.000000 -1.000000
f 12124//4042 12125//4042 12126//4042
v 6.146015 6.578355 -5.935000
v 6.192968 6.465000 -5.935000
v 6.279571 6.515000 -5.935000
vn 0.000000 0.000000 1.000000
f 12127//4043 12128//4043 12129//4043
v 6.146015 6.578355 -5.935000
v 6.279571 6.515000 -5.935000
v 6.242607 6.604237 -5.935000
vn -0.000000 0.000000 1.000000
f 12130//4044 12131//4044 12132//4044
v 6.192968 6.465000 -6.065000
v 6.267660 6.367660 -6.065000
v 6.267660 6.367660 -5.935000
vn -0.793353 -0.608761 0.000000
f 12133//4045 12134//4045 12135//4045
v 6.192968 6.465000 -6.065000
v 6.267660 6.367660 -5.935000
v 6.192968 6.465000 -5.935000
vn -0.793353 -0.608761 0.000000
f 12136//4046 12137//4046 12138//4046
v 6.279571 6.515000 -6.065000
v 6.279571 6.515000 -5.935000
v 6.338370 6.438370 -5.935000
vn 0.793353 0.608761 -0.000000
f 12139//4047 12140//4047 12141//4047
v 6.279571 6.515000 -6.065000
v 6.338370 6.438370 -5.935000
v 6.338370 6.438370 -6.065000
vn 0.793353 0.608761 0.000000
f 12142//4048 12143//4048 12144//4048
v 6.267660 6.367660 -6.065000
v 6.192968 6.465000 -6.065000
v 6.279571 6.515000 -6.065000
vn 0.000000 0.000000 -1.000000
f 12145//4049 12146//4049 12147//4049
v 6.267660 6.367660 -6.065000
v 6.279571 6.515000 -6.065000
v 6.338370 6.438370 -6.065000
vn 0.000000 0.000000 -1.000000
f 12148//4050 12149//4050 12150//4050
v 6.192968 6.465000 -5.935000
v 6.267660 6.367660 -5.935000
v 6.338370 6.438370 -5.935000
vn 0.000000 0.000000 1.000000
f 12151//4051 12152//4051 12153//4051
v 6.192968 6.465000 -5.935000
v 6.338370 6.438370 -5.935000
v 6.279571 6.515000 -5.935000
vn -0.000000 0.000000 1.000000
f 12154//4052 12155//4052 12156//4052
v 6.267660 6.367660 -6.065000
v 6.365000 6.292968 -6.065000
v 6.365000 6.292968 -5.935000
vn -0.608761 -0.793353 0.000000
f 12157//4053 12158//4053 12159//4053
v 6.267660 6.367660 -6.065000
v 6.365000 6.292968 -5.935000
v 6.267660 6.367660 -5.935000
vn -0.608761 -0.793353 0.000000
f 12160//4054 12161//4054 12162//4054
v 6.338370 6.438370 -6.065000
v 6.338370 6.438370 -5.935000
v 6.415000 6.379571 -5.935000
vn 0.608761 0.793353 -0.000000
f 12163//4055 12164//4055 12165//4055
v 6.338370 6.438370 -6.065000
v 6.415000 6.379571 -5.935000
v 6.415000 6.379571 -6.065000
vn 0.608761 0.793353 0.000000
f 12166//4056 12167//4056 12168//4056
v 6.365000 6.292968 -6.065000
v 6.267660 6.367660 -6.065000
v 6.338370 6.438370 -6.065000
vn 0.000000 0.000000 -1.000000
f 12169//4057 12170//4057 12171//4057
v 6.365000 6.292968 -6.065000
v 6.338370 6.438370 -6.065000
v 6.415000 6.379571 -6.065000
vn 0.000000 0.000000 -1.000000
f 12172//4058 12173//4058 12174//4058
v 6.267660 6.367660 -5.935000
v 6.365000 6.292968 -5.935000
v 6.415000 6.379571 -5.935000
vn -0.000000 0.000000 1.000000
f 12175//4059 12176//4059 12177//4059
v 6.267660 6.367660 -5.935000
v 6.415000 6.379571 -5.935000
v 6.338370 6.438370 -5.935000
vn 0.000000 0.000000 1.000000
f 12178//4060 12179//4060 12180//4060
v 6.365000 6.292968 -6.065000
v 6.478355 6.246015 -6.065000
v 6.478355 6.246015 -5.935000
vn -0.382683 -0.923880 0.000000
f 12181//4061 12182//4061 12183//4061
v 6.365000 6.292968 -6.065000
v 6.478355 6.246015 -5.935000
v 6.365000 6.292968 -5.935000
vn -0.382683 -0.923880 0.000000
f 12184//4062 12185//4062 12186//4062
v 6.415000 6.379571 -6.065000
v 6.415000 6.379571 -5.935000
v 6.504237 6.342607 -5.935000
vn 0.382683 0.923880 -0.000000
f 12187//4063 12188//4063 12189//4063
v 6.415000 6.379571 -6.065000
v 6.504237 6.342607 -5.935000
v 6.504237 6.342607 -6.065000
vn 0.382683 0.923880 0.000000
f 12190//4064 12191//4064 12192//4064
v 6.478355 6.246015 -6.065000
v 6.365000 6.292968 -6.065000
v 6.415000 6.379571 -6.065000
vn 0.000000 0.000000 -1.000000
f 12193//4065 12194//4065 12195//4065
v 6.478355 6.246015 -6.065000
v 6.415000 6.379571 -6.065000
v 6.504237 6.342607 -6.065000
vn 0.000000 0.000000 -1.000000
f 12196//4066 12197//4066 12198//4066
v 6.365000 6.292968 -5.935000
v 6.478355 6.246015 -5.935000
v 6.504237 6.342607 -5.935000
vn -0.000000 0.000000 1.000000
f 12199//4067 12200//4067 12201//4067
v 6.365000 6.292968 -5.935000
v 6.504237 6.342607 -5.935000
v 6.415000 6.379571 -5.935000
vn 0.000000 0.000000 1.000000
f 12202//4068 12203//4068 12204//4068
v 6.478355 6.246015 -6.065000
v 6.600000 6.230000 -6.065000
v 6.600000 6.230000 -5.935000
vn -0.130526 -0.991445 0.000000
f 12205//4069 12206//4069 12207//4069
v 6.478355 6.246015 -6.065000
v 6.600000 6.230000 -5.935000
v 6.478355 6.246015 -5.935000
vn -0.130526 -0.991445 0.000000
f 12208//4070 12209//4070 12210//4070
v 6.504237 6.342607 -6.065000
v 6.504237 6.342607 -5.935000
v 6.600000 6.330000 -5.935000
vn 0.130526 0.991445 -0.000000
f 12211//4071 12212//4071 12213//4071
v 6.504237 6.342607 -6.065000
v 6.600000 6.330000 -5.935000
v 6.600000 6.330000 -6.065000
vn 0.130526 0.991445 0.000000
f 12214//4072 12215//4072 12216//4072
v 6.600000 6.230000 -6.065000
v 6.478355 6.246015 -6.065000
v 6.504237 6.342607 -6.065000
vn 0.000000 0.000000 -1.000000
f 12217//4073 12218//4073 12219//4073
v 6.600000 6.230000 -6.065000
v 6.504237 6.342607 -6.065000
v 6.600000 6.330000 -6.065000
vn 0.000000 0.000000 -1.000000
f 12220//4074 12221//4074 12222//4074
v 6.478355 6.246015 -5.935000
v 6.600000 6.230000 -5.935000
v 6.600000 6.330000 -5.935000
vn -0.000000 0.000000 1.000000
f 12223//4075 12224//4075 12225//4075
v 6.478355 6.246015 -5.935000
v 6.600000 6.330000 -5.935000
v 6.504237 6.342607 -5.935000
vn 0.000000 0.000000 1.000000
f 12226//4076 12227//4076 12228//4076
v 6.600000 6.230000 -6.065000
v 6.721645 6.246015 -6.065000
v 6.721645 6.246015 -5.935000
vn 0.130526 -0.991445 0.000000
f 12229//4077 12230//4077 12231//4077
v 6.600000 6.230000 -6.065000
v 6.721645 6.246015 -5.935000
v 6.600000 6.230000 -5.935000
vn 0.130526 -0.991445 0.000000
f 12232//4078 12233//4078 12234//4078
v 6.600000 6.330000 -6.065000
v 6.600000 6.330000 -5.935000
v 6.695763 6.342607 -5.935000
vn -0.130526 0.991445 0.000000
f 12235//4079 12236//4079 12237//4079
v 6.600000 6.330000 -6.065000
v 6.695763 6.342607 -5.935000
v 6.695763 6.342607 -6.065000
vn -0.130526 0.991445 0.000000
f 12238//4080 12239//4080 12240//4080
v 6.721645 6.246015 -6.065000
v 6.600000 6.230000 -6.065000
v 6.600000 6.330000 -6.065000
vn -0.000000 0.000000 -1.000000
f 12241//4081 12242//4081 12243//4081
v 6.721645 6.246015 -6.065000
v 6.600000 6.330000 -6.065000
v 6.695763 6.342607 -6.065000
vn 0.000000 0.000000 -1.000000
f 12244//4082 12245//4082 12246//4082
v 6.600000 6.230000 -5.935000
v 6.721645 6.246015 -5.935000
v 6.695763 6.342607 -5.935000
vn 0.000000 0.000000 1.000000
f 12247//4083 12248//4083 12249//4083
v 6.600000 6.230000 -5.935000
v 6.695763 6.342607 -5.935000
v 6.600000 6.330000 -5.935000
vn 0.000000 0.000000 1.000000
f 12250//4084 12251//4084 12252//4084
v 6.721645 6.246015 -6.065000
v 6.835000 6.292968 -6.065000
v 6.835000 6.292968 -5.935000
vn 0.382683 -0.923880 0.000000
f 12253//4085 12254//4085 12255//4085
v 6.721645 6.246015 -6.065000
v 6.835000 6.292968 -5.935000
v 6.721645 6.246015 -5.935000
vn 0.382683 -0.923880 0.000000
f 12256//4086 12257//4086 12258//4086
v 6.695763 6.342607 -6.065000
v 6.695763 6.342607 -5.935000
v 6.785000 6.379571 -5.935000
vn -0.382683 0.923880 0.000000
f 12259//4087 12260//4087 12261//4087
v 6.695763 6.342607 -6.065000
v 6.785000 6.379571 -5.935000
v 6.785000 6.379571 -6.065000
vn -0.382683 0.923880 0.000000
f 12262//4088 12263//4088 12264//4088
v 6.835000 6.292968 -6.065000
v 6.721645 6.246015 -6.065000
v 6.695763 6.342607 -6.065000
vn -0.000000 0.000000 -1.000000
f 12265//4089 12266//4089 12267//4089
v 6.835000 6.292968 -6.065000
v 6.695763 6.342607 -6.065000
v 6.785000 6.379571 -6.065000
vn 0.000000 0.000000 -1.000000
f 12268//4090 12269//4090 12270//4090
v 6.721645 6.246015 -5.935000
v 6.835000 6.292968 -5.935000
v 6.785000 6.379571 -5.935000
vn 0.000000 0.000000 1.000000
f 12271//4091 12272//4091 12273//4091
v 6.721645 6.246015 -5.935000
v 6.785000 6.379571 -5.935000
v 6.695763 6.342607 -5.935000
vn 0.000000 -0.000000 1.000000
f 12274//4092 12275//4092 12276//4092
v 6.835000 6.292968 -6.065000
v 6.932340 6.367660 -6.065000
v 6.932340 6.367660 -5.935000
vn 0.608761 -0.793353 0.000000
f 12277//4093 12278//4093 12279//4093
v 6.835000 6.292968 -6.065000
v 6.932340 6.367660 -5.935000
v 6.835000 6.292968 -5.935000
vn 0.608761 -0.793353 0.000000
f 12280//4094 12281//4094 12282//4094
v 6.785000 6.379571 -6.065000
v 6.785000 6.379571 -5.935000
v 6.861630 6.438370 -5.935000
vn -0.608761 0.793353 0.000000
f 12283//4095 12284//4095 12285//4095
v 6.785000 6.379571 -6.065000
v 6.861630 6.438370 -5.935000
v 6.861630 6.438370 -6.065000
vn -0.608761 0.793353 0.000000
f 12286//4096 12287//4096 12288//4096
v 6.932340 6.367660 -6.065000
v 6.835000 6.292968 -6.065000
v 6.785000 6.379571 -6.065000
vn -0.000000 0.000000 -1.000000
f 12289//4097 12290//4097 12291//4097
v 6.932340 6.367660 -6.065000
v 6.785000 6.379571 -6.065000
v 6.861630 6.438370 -6.065000
vn 0.000000 0.000000 -1.000000
f 12292//4098 12293//4098 12294//4098
v 6.835000 6.292968 -5.935000
v 6.932340 6.367660 -5.935000
v 6.861630 6.438370 -5.935000
vn 0.000000 0.000000 1.000000
f 12295//4099 12296//4099 12297//4099
v 6.835000 6.292968 -5.935000
v 6.861630 6.438370 -5.935000
v 6.785000 6.379571 -5.935000
vn 0.000000 -0.000000 1.000000
f 12298//4100 12299//4100 12300//4100
v 6.932340 6.367660 -6.065000
v 7.007032 6.465000 -6.065000
v 7.007032 6.465000 -5.935000
vn 0.793353 -0.608761 0.000000
f 12301//4101 12302//4101 12303//4101
v 6.932340 6.367660 -6.065000
v 7.007032 6.465000 -5.935000
v 6.932340 6.367660 -5.935000
vn 0.793353 -0.608761 0.000000
f 12304//4102 12305//4102 12306//4102
v 6.861630 6.438370 -6.065000
v 6.861630 6.438370 -5.935000
v 6.920429 6.515000 -5.935000
vn -0.793353 0.608761 0.000000
f 12307//4103 12308//4103 12309//4103
v 6.861630 6.438370 -6.065000
v 6.920429 6.515000 -5.935000
v 6.920429 6.515000 -6.065000
vn -0.793353 0.608761 0.000000
f 12310//4104 12311//4104 12312//4104
v 7.007032 6.465000 -6.065000
v 6.932340 6.367660 -6.065000
v 6.861630 6.438370 -6.065000
vn 0.000000 0.000000 -1.000000
f 12313//4105 12314//4105 12315//4105
v 7.007032 6.465000 -6.065000
v 6.861630 6.438370 -6.065000
v 6.920429 6.515000 -6.065000
vn -0.000000 0.000000 -1.000000
f 12316//4106 12317//4106 12318//4106
v 6.932340 6.367660 -5.935000
v 7.007032 6.465000 -5.935000
v 6.920429 6.515000 -5.935000
vn 0.000000 -0.000000 1.000000
f 12319//4107 12320//4107 12321//4107
v 6.932340 6.367660 -5.935000
v 6.920429 6.515000 -5.935000
v 6.861630 6.438370 -5.935000
vn 0.000000 0.000000 1.000000
f 12322//4108 12323//4108 12324//4108
v 7.007032 6.465000 -6.065000
v 7.053985 6.578355 -6.065000
v 7.053985 6.578355 -5.935000
vn 0.923880 -0.382683 0.000000
f 12325//4109 12326//4109 12327//4109
v 7.007032 6.465000 -6.065000
v 7.053985 6.578355 -5.935000
v 7.007032 6.465000 -5.935000
vn 0.923880 -0.382683 0.000000
f 12328//4110 12329//4110 12330//4110
v 6.920429 6.515000 -6.065000
v 6.920429 6.515000 -5.935000
v 6.957393 6.604237 -5.935000
vn -0.923880 0.382683 0.000000
f 12331//4111 12332//4111 12333//4111
v 6.920429 6.515000 -6.065000
v 6.957393 6.604237 -5.935000
v 6.957393 6.604237 -6.065000
vn -0.923880 0.382683 0.000000
f 12334//4112 12335//4112 12336//4112
v 7.053985 6.578355 -6.065000
v 7.007032 6.465000 -6.065000
v 6.920429 6.515000 -6.065000
vn 0.000000 0.000000 -1.000000
f 12337//4113 12338//4113 12339//4113
v 7.053985 6.578355 -6.065000
v 6.920429 6.515000 -6.065000
v 6.957393 6.604237 -6.065000
vn -0.000000 0.000000 -1.000000
f 12340//4114 12341//4114 12342//4114
v 7.007032 6.465000 -5.935000
v 7.053985 6.578355 -5.935000
v 6.957393 6.604237 -5.935000
vn 0.000000 -0.000000 1.000000
f 12343//4115 12344//4115 12345//4115
v 7.007032 6.465000 -5.935000
v 6.957393 6.604237 -5.935000
v 6.920429 6.515000 -5.935000
vn 0.000000 0.000000 1.000000
f 12346//4116 12347//4116 12348//4116
v 7.053985 6.578355 -6.065000
v 7.070000 6.700000 -6.065000
v 7.070000 6.700000 -5.935000
vn 0.991445 -0.130526 0.000000
f 12349//4117 12350//4117 12351//4117
v 7.053985 6.578355 -6.065000
v 7.070000 6.700000 -5.935000
v 7.053985 6.578355 -5.935000
vn 0.991445 -0.130526 0.000000
f 12352//4118 12353//4118 12354//4118
v 6.957393 6.604237 -6.065000
v 6.957393 6.604237 -5.935000
v 6.970000 6.700000 -5.935000
vn -0.991445 0.130526 0.000000
f 12355//4119 12356//4119 12357//4119
v 6.957393 6.604237 -6.065000
v 6.970000 6.700000 -5.935000
v 6.970000 6.700000 -6.065000
vn -0.991445 0.130526 0.000000
f 12358//4120 12359//4120 12360//4120
v 7.070000 6.700000 -6.065000
v 7.053985 6.578355 -6.065000
v 6.957393 6.604237 -6.065000
vn 0.000000 0.000000 -1.000000
f 12361//4121 12362//4121 12363//4121
v 7.070000 6.700000 -6.065000
v 6.957393 6.604237 -6.065000
v 6.970000 6.700000 -6.065000
vn -0.000000 0.000000 -1.000000
f 12364//4122 12365//4122 12366//4122
v 7.053985 6.578355 -5.935000
v 7.070000 6.700000 -5.935000
v 6.970000 6.700000 -5.935000
vn 0.000000 -0.000000 1.000000
f 12367//4123 12368//4123 12369//4123
v 7.053985 6.578355 -5.935000
v 6.970000 6.700000 -5.935000
v 6.957393 6.604237 -5.935000
vn 0.000000 0.000000 1.000000
f 12370//4124 12371//4124 12372//4124
v 7.070000 6.700000 -6.065000
v 7.053985 6.821645 -6.065000
v 7.053985 6.821645 -5.935000
vn 0.991445 0.130526 0.000000
f 12373//4125 12374//4125 12375//4125
v 7.070000 6.700000 -6.065000
v 7.053985 6.821645 -5.935000
v 7.070000 6.700000 -5.935000
vn 0.991445 0.130526 -0.000000
f 12376//4126 12377//4126 12378//4126
v 6.970000 6.700000 -6.065000
v 6.970000 6.700000 -5.935000
v 6.957393 6.795763 -5.935000
vn -0.991445 -0.130526 0.000000
f 12379//4127 12380//4127 12381//4127
v 6.970000 6.700000 -6.065000
v 6.957393 6.795763 -5.935000
v 6.957393 6.795763 -6.065000
vn -0.991445 -0.130526 0.000000
f 12382//4128 12383//4128 12384//4128
v 7.053985 6.821645 -6.065000
v 7.070000 6.700000 -6.065000
v 6.970000 6.700000 -6.065000
vn 0.000000 -0.000000 -1.000000
f 12385//4129 12386//4129 12387//4129
v 7.053985 6.821645 -6.065000
v 6.970000 6.700000 -6.065000
v 6.957393 6.795763 -6.065000
vn 0.000000 0.000000 -1.000000
f 12388//4130 12389//4130 12390//4130
v 7.070000 6.700000 -5.935000
v 7.053985 6.821645 -5.935000
v 6.957393 6.795763 -5.935000
vn 0.000000 0.000000 1.000000
f 12391//4131 12392//4131 12393//4131
v 7.070000 6.700000 -5.935000
v 6.957393 6.795763 -5.935000
v 6.970000 6.700000 -5.935000
vn 0.000000 0.000000 1.000000
f 12394//4132 12395//4132 12396//4132
v 7.053985 6.821645 -6.065000
v 7.007032 6.935000 -6.065000
v 7.007032 6.935000 -5.935000
vn 0.923880 0.382683 0.000000
f 12397//4133 12398//4133 12399//4133
v 7.053985 6.821645 -6.065000
v 7.007032 6.935000 -5.935000
v 7.053985 6.821645 -5.935000
vn 0.923880 0.382683 -0.000000
f 12400//4134 12401//4134 12402//4134
v 6.957393 6.795763 -6.065000
v 6.957393 6.795763 -5.935000
v 6.920429 6.885000 -5.935000
vn -0.923880 -0.382683 0.000000
f 12403//4135 12404//4135 12405//4135
v 6.957393 6.795763 -6.065000
v 6.920429 6.885000 -5.935000
v 6.920429 6.885000 -6.065000
vn -0.923880 -0.382683 0.000000
f 12406//4136 12407//4136 12408//4136
v 7.007032 6.935000 -6.065000
v 7.053985 6.821645 -6.065000
v 6.957393 6.795763 -6.065000
vn 0.000000 -0.000000 -1.000000
f 12409//4137 12410//4137 12411//4137
v 7.007032 6.935000 -6.065000
v 6.957393 6.795763 -6.065000
v 6.920429 6.885000 -6.065000
vn 0.000000 0.000000 -1.000000
f 12412//4138 12413//4138 12414//4138
v 7.053985 6.821645 -5.935000
v 7.007032 6.935000 -5.935000
v 6.920429 6.885000 -5.935000
vn 0.000000 0.000000 1.000000
f 12415//4139 12416//4139 12417//4139
v 7.053985 6.821645 -5.935000
v 6.920429 6.885000 -5.935000
v 6.957393 6.795763 -5.935000
vn 0.000000 0.000000 1.000000
f 12418//4140 12419//4140 12420//4140
v 7.007032 6.935000 -6.065000
v 6.932340 7.032340 -6.065000
v 6.932340 7.032340 -5.935000
vn 0.793353 0.608761 0.000000
f 12421//4141 12422//4141 12423//4141
v 7.007032 6.935000 -6.065000
v 6.932340 7.032340 -5.935000
v 7.007032 6.935000 -5.935000
vn 0.793353 0.608761 -0.000000
f 12424//4142 12425//4142 12426//4142
v 6.920429 6.885000 -6.065000
v 6.920429 6.885000 -5.935000
v 6.861630 6.961630 -5.935000
vn -0.793353 -0.608761 0.000000
f 12427//4143 12428//4143 12429//4143
v 6.920429 6.885000 -6.065000
v 6.861630 6.961630 -5.935000
v 6.861630 6.961630 -6.065000
vn -0.793353 -0.608761 0.000000
f 12430//4144 12431//4144 12432//4144
v 6.932340 7.032340 -6.065000
v 7.007032 6.935000 -6.065000
v 6.920429 6.885000 -6.065000
vn 0.000000 -0.000000 -1.000000
f 12433//4145 12434//4145 12435//4145
v 6.932340 7.032340 -6.065000
v 6.920429 6.885000 -6.065000
v 6.861630 6.961630 -6.065000
vn 0.000000 0.000000 -1.000000
f 12436//4146 12437//4146 12438//4146
v 7.007032 6.935000 -5.935000
v 6.932340 7.032340 -5.935000
v 6.861630 6.961630 -5.935000
vn 0.000000 0.000000 1.000000
f 12439//4147 12440//4147 12441//4147
v 7.007032 6.935000 -5.935000
v 6.861630 6.961630 -5.935000
v 6.920429 6.885000 -5.935000
vn 0.000000 0.000000 1.000000
f 12442//4148 12443//4148 12444//4148
v 6.932340 7.032340 -6.065000
v 6.835000 7.107032 -6.065000
v 6.835000 7.107032 -5.935000
vn 0.608761 0.793353 0.000000
f 12445//4149 12446//4149 12447//4149
v 6.932340 7.032340 -6.065000
v 6.835000 7.107032 -5.935000
v 6.932340 7.032340 -5.935000
vn 0.608761 0.793353 -0.000000
f 12448//4150 12449//4150 12450//4150
v 6.861630 6.961630 -6.065000
v 6.861630 6.961630 -5.935000
v 6.785000 7.020429 -5.935000
vn -0.608761 -0.793353 0.000000
f 12451//4151 12452//4151 12453//4151
v 6.861630 6.961630 -6.065000
v 6.785000 7.020429 -5.935000
v 6.785000 7.020429 -6.065000
vn -0.608761 -0.793353 0.000000
f 12454//4152 12455//4152 12456//4152
v 6.835000 7.107032 -6.065000
v 6.932340 7.032340 -6.065000
v 6.861630 6.961630 -6.065000
vn 0.000000 0.000000 -1.000000
f 12457//4153 12458//4153 12459//4153
v 6.835000 7.107032 -6.065000
v 6.861630 6.961630 -6.065000
v 6.785000 7.020429 -6.065000
vn 0.000000 -0.000000 -1.000000
f 12460//4154 12461//4154 12462//4154
v 6.932340 7.032340 -5.935000
v 6.835000 7.107032 -5.935000
v 6.785000 7.020429 -5.935000
vn 0.000000 0.000000 1.000000
f 12463//4155 12464//4155 12465//4155
v 6.932340 7.032340 -5.935000
v 6.785000 7.020429 -5.935000
v 6.861630 6.961630 -5.935000
vn 0.000000 0.000000 1.000000
f 12466//4156 12467//4156 12468//4156
v 6.835000 7.107032 -6.065000
v 6.721645 7.153985 -6.065000
v 6.721645 7.153985 -5.935000
vn 0.382683 0.923880 0.000000
f 12469//4157 12470//4157 12471//4157
v 6.835000 7.107032 -6.065000
v 6.721645 7.153985 -5.935000
v 6.835000 7.107032 -5.935000
vn 0.382683 0.923880 -0.000000
f 12472//4158 12473//4158 12474//4158
v 6.785000 7.020429 -6.065000
v 6.785000 7.020429 -5.935000
v 6.695763 7.057393 -5.935000
vn -0.382683 -0.923880 0.000000
f 12475//4159 12476//4159 12477//4159
v 6.785000 7.020429 -6.065000
v 6.695763 7.057393 -5.935000
v 6.695763 7.057393 -6.065000
vn -0.382683 -0.923880 0.000000
f 12478//4160 12479//4160 12480//4160
v 6.721645 7.153985 -6.065000
v 6.835000 7.107032 -6.065000
v 6.785000 7.020429 -6.065000
vn 0.000000 0.000000 -1.000000
f 12481//4161 12482//4161 12483//4161
v 6.721645 7.153985 -6.065000
v 6.785000 7.020429 -6.065000
v 6.695763 7.057393 -6.065000
vn 0.000000 -0.000000 -1.000000
f 12484//4162 12485//4162 12486//4162
v 6.835000 7.107032 -5.935000
v 6.721645 7.153985 -5.935000
v 6.695763 7.057393 -5.935000
vn 0.000000 0.000000 1.000000
f 12487//4163 12488//4163 12489//4163
v 6.835000 7.107032 -5.935000
v 6.695763 7.057393 -5.935000
v 6.785000 7.020429 -5.935000
vn 0.000000 0.000000 1.000000
f 12490//4164 12491//4164 12492//4164
v 6.721645 7.153985 -6.065000
v 6.600000 7.170000 -6.065000
v 6.600000 7.170000 -5.935000
vn 0.130526 0.991445 0.000000
f 12493//4165 12494//4165 12495//4165
v 6.721645 7.153985 -6.065000
v 6.600000 7.170000 -5.935000
v 6.721645 7.153985 -5.935000
vn 0.130526 0.991445 -0.000000
f 12496//4166 12497//4166 12498//4166
v 6.695763 7.057393 -6.065000
v 6.695763 7.057393 -5.935000
v 6.600000 7.070000 -5.935000
vn -0.130526 -0.991445 0.000000
f 12499//4167 12500//4167 12501//4167
v 6.695763 7.057393 -6.065000
v 6.600000 7.070000 -5.935000
v 6.600000 7.070000 -6.065000
vn -0.130526 -0.991445 0.000000
f 12502//4168 12503//4168 12504//4168
v 6.600000 7.170000 -6.065000
v 6.721645 7.153985 -6.065000
v 6.695763 7.057393 -6.065000
vn 0.000000 0.000000 -1.000000
f 12505//4169 12506//4169 12507//4169
v 6.600000 7.170000 -6.065000
v 6.695763 7.057393 -6.065000
v 6.600000 7.070000 -6.065000
vn 0.000000 0.000000 -1.000000
f 12508//4170 12509//4170 12510//4170
v 6.721645 7.153985 -5.935000
v 6.600000 7.170000 -5.935000
v 6.600000 7.070000 -5.935000
vn 0.000000 0.000000 1.000000
f 12511//4171 12512//4171 12513//4171
v 6.721645 7.153985 -5.935000
v 6.600000 7.070000 -5.935000
v 6.695763 7.057393 -5.935000
vn 0.000000 0.000000 1.000000
f 12514//4172 12515//4172 12516//4172
v 6.600000 7.170000 -6.065000
v 6.478355 7.153985 -6.065000
v 6.478355 7.153985 -5.935000
vn -0.130526 0.991445 0.000000
f 12517//4173 12518//4173 12519//4173
v 6.600000 7.170000 -6.065000
v 6.478355 7.153985 -5.935000
v 6.600000 7.170000 -5.935000
vn -0.130526 0.991445 0.000000
f 12520//4174 12521//4174 12522//4174
v 6.600000 7.070000 -6.065000
v 6.600000 7.070000 -5.935000
v 6.504237 7.057393 -5.935000
vn 0.130526 -0.991445 0.000000
f 12523//4175 12524//4175 12525//4175
v 6.600000 7.070000 -6.065000
v 6.504237 7.057393 -5.935000
v 6.504237 7.057393 -6.065000
vn 0.130526 -0.991445 0.000000
f 12526//4176 12527//4176 12528//4176
v 6.478355 7.153985 -6.065000
v 6.600000 7.170000 -6.065000
v 6.600000 7.070000 -6.065000
vn 0.000000 0.000000 -1.000000
f 12529//4177 12530//4177 12531//4177
v 6.478355 7.153985 -6.065000
v 6.600000 7.070000 -6.065000
v 6.504237 7.057393 -6.065000
vn 0.000000 0.000000 -1.000000
f 12532//4178 12533//4178 12534//4178
v 6.600000 7.170000 -5.935000
v 6.478355 7.153985 -5.935000
v 6.504237 7.057393 -5.935000
vn 0.000000 0.000000 1.000000
f 12535//4179 12536//4179 12537//4179
v 6.600000 7.170000 -5.935000
v 6.504237 7.057393 -5.935000
v 6.600000 7.070000 -5.935000
vn 0.000000 0.000000 1.000000
f 12538//4180 12539//4180 12540//4180
v 6.478355 7.153985 -6.065000
v 6.365000 7.107032 -6.065000
v 6.365000 7.107032 -5.935000
vn -0.382683 0.923880 0.000000
f 12541//4181 12542//4181 12543//4181
v 6.478355 7.153985 -6.065000
v 6.365000 7.107032 -5.935000
v 6.478355 7.153985 -5.935000
vn -0.382683 0.923880 0.000000
f 12544//4182 12545//4182 12546//4182
v 6.504237 7.057393 -6.065000
v 6.504237 7.057393 -5.935000
v 6.415000 7.020429 -5.935000
vn 0.382683 -0.923880 0.000000
f 12547//4183 12548//4183 12549//4183
v 6.504237 7.057393 -6.065000
v 6.415000 7.020429 -5.935000
v 6.415000 7.020429 -6.065000
vn 0.382683 -0.923880 0.000000
f 12550//4184 12551//4184 12552//4184
v 6.365000 7.107032 -6.065000
v 6.478355 7.153985 -6.065000
v 6.504237 7.057393 -6.065000
vn 0.000000 0.000000 -1.000000
f 12553//4185 12554//4185 12555//4185
v 6.365000 7.107032 -6.065000
v 6.504237 7.057393 -6.065000
v 6.415000 7.020429 -6.065000
vn 0.000000 0.000000 -1.000000
f 12556//4186 12557//4186 12558//4186
v 6.478355 7.153985 -5.935000
v 6.365000 7.107032 -5.935000
v 6.415000 7.020429 -5.935000
vn 0.000000 0.000000 1.000000
f 12559//4187 12560//4187 12561//4187
v 6.478355 7.153985 -5.935000
v 6.415000 7.020429 -5.935000
v 6.504237 7.057393 -5.935000
vn 0.000000 0.000000 1.000000
f 12562//4188 12563//4188 12564//4188
v 6.365000 7.107032 -6.065000
v 6.267660 7.032340 -6.065000
v 6.267660 7.032340 -5.935000
vn -0.608761 0.793353 0.000000
f 12565//4189 12566//4189 12567//4189
v 6.365000 7.107032 -6.065000
v 6.267660 7.032340 -5.935000
v 6.365000 7.107032 -5.935000
vn -0.608761 0.793353 0.000000
f 12568//4190 12569//4190 12570//4190
v 6.415000 7.020429 -6.065000
v 6.415000 7.020429 -5.935000
v 6.338370 6.961630 -5.935000
vn 0.608761 -0.793353 0.000000
f 12571//4191 12572//4191 12573//4191
v 6.415000 7.020429 -6.065000
v 6.338370 6.961630 -5.935000
v 6.338370 6.961630 -6.065000
vn 0.608761 -0.793353 0.000000
f 12574//4192 12575//4192 12576//4192
v 6.267660 7.032340 -6.065000
v 6.365000 7.107032 -6.065000
v 6.415000 7.020429 -6.065000
vn 0.000000 0.000000 -1.000000
f 12577//4193 12578//4193 12579//4193
v 6.267660 7.032340 -6.065000
v 6.415000 7.020429 -6.065000
v 6.338370 6.961630 -6.065000
vn 0.000000 0.000000 -1.000000
f 12580//4194 12581//4194 12582//4194
v 6.365000 7.107032 -5.935000
v 6.267660 7.032340 -5.935000
v 6.338370 6.961630 -5.935000
vn 0.000000 0.000000 1.000000
f 12583//4195 12584//4195 12585//4195
v 6.365000 7.107032 -5.935000
v 6.338370 6.961630 -5.935000
v 6.415000 7.020429 -5.935000
vn 0.000000 0.000000 1.000000
f 12586//4196 12587//4196 12588//4196
v 6.267660 7.032340 -6.065000
v 6.192968 6.935000 -6.065000
v 6.192968 6.935000 -5.935000
vn -0.793353 0.608761 0.000000
f 12589//4197 12590//4197 12591//4197
v 6.267660 7.032340 -6.065000
v 6.192968 6.935000 -5.935000
v 6.267660 7.032340 -5.935000
vn -0.793353 0.608761 0.000000
f 12592//4198 12593//4198 12594//4198
v 6.338370 6.961630 -6.065000
v 6.338370 6.961630 -5.935000
v 6.279571 6.885000 -5.935000
vn 0.793353 -0.608761 0.000000
f 12595//4199 12596//4199 12597//4199
v 6.338370 6.961630 -6.065000
v 6.279571 6.885000 -5.935000
v 6.279571 6.885000 -6.065000
vn 0.793353 -0.608761 0.000000
f 12598//4200 12599//4200 12600//4200
v 6.192968 6.935000 -6.065000
v 6.267660 7.032340 -6.065000
v 6.338370 6.961630 -6.065000
vn 0.000000 0.000000 -1.000000
f 12601//4201 12602//4201 12603//4201
v 6.192968 6.935000 -6.065000
v 6.338370 6.961630 -6.065000
v 6.279571 6.885000 -6.065000
vn 0.000000 0.000000 -1.000000
f 12604//4202 12605//4202 12606//4202
v 6.267660 7.032340 -5.935000
v 6.192968 6.935000 -5.935000
v 6.279571 6.885000 -5.935000
vn 0.000000 0.000000 1.000000
f 12607//4203 12608//4203 12609//4203
v 6.267660 7.032340 -5.935000
v 6.279571 6.885000 -5.935000
v 6.338370 6.961630 -5.935000
vn 0.000000 0.000000 1.000000
f 12610//4204 12611//4204 12612//4204
v 6.192968 6.935000 -6.065000
v 6.146015 6.821645 -6.065000
v 6.146015 6.821645 -5.935000
vn -0.923880 0.382683 0.000000
f 12613//4205 12614//4205 12615//4205
v 6.192968 6.935000 -6.065000
v 6.146015 6.821645 -5.935000
v 6.192968 6.935000 -5.935000
vn -0.923880 0.382683 0.000000
f 12616//4206 12617//4206 12618//4206
v 6.279571 6.885000 -6.065000
v 6.279571 6.885000 -5.935000
v 6.242607 6.795763 -5.935000
vn 0.923880 -0.382683 0.000000
f 12619//4207 12620//4207 12621//4207
v 6.279571 6.885000 -6.065000
v 6.242607 6.795763 -5.935000
v 6.242607 6.795763 -6.065000
vn 0.923880 -0.382683 0.000000
f 12622//4208 12623//4208 12624//4208
v 6.146015 6.821645 -6.065000
v 6.192968 6.935000 -6.065000
v 6.279571 6.885000 -6.065000
vn 0.000000 0.000000 -1.000000
f 12625//4209 12626//4209 12627//4209
v 6.146015 6.821645 -6.065000
v 6.279571 6.885000 -6.065000
v 6.242607 6.795763 -6.065000
vn 0.000000 0.000000 -1.000000
f 12628//4210 12629//4210 12630//4210
v 6.192968 6.935000 -5.935000
v 6.146015 6.821645 -5.935000
v 6.242607 6.795763 -5.935000
vn 0.000000 0.000000 1.000000
f 12631//4211 12632//4211 12633//4211
v 6.192968 6.935000 -5.935000
v 6.242607 6.795763 -5.935000
v 6.279571 6.885000 -5.935000
vn 0.000000 0.000000 1.000000
f 12634//4212 12635//4212 12636//4212
v 6.146015 6.821645 -6.065000
v 6.130000 6.700000 -6.065000
v 6.130000 6.700000 -5.935000
vn -0.991445 0.130526 0.000000
f 12637//4213 12638//4213 12639//4213
v 6.146015 6.821645 -6.065000
v 6.130000 6.700000 -5.935000
v 6.146015 6.821645 -5.935000
vn -0.991445 0.130526 0.000000
f 12640//4214 12641//4214 12642//4214
v 6.242607 6.795763 -6.065000
v 6.242607 6.795763 -5.935000
v 6.230000 6.700000 -5.935000
vn 0.991445 -0.130526 0.000000
f 12643//4215 12644//4215 12645//4215
v 6.242607 6.795763 -6.065000
v 6.230000 6.700000 -5.935000
v 6.230000 6.700000 -6.065000
vn 0.991445 -0.130526 0.000000
f 12646//4216 12647//4216 12648//4216
v 6.130000 6.700000 -6.065000
v 6.146015 6.821645 -6.065000
v 6.242607 6.795763 -6.065000
vn 0.000000 0.000000 -1.000000
f 12649//4217 12650//4217 12651//4217
v 6.130000 6.700000 -6.065000
v 6.242607 6.795763 -6.065000
v 6.230000 6.700000 -6.065000
vn 0.000000 0.000000 -1.000000
f 12652//4218 12653//4218 12654//4218
v 6.146015 6.821645 -5.935000
v 6.130000 6.700000 -5.935000
v 6.230000 6.700000 -5.935000
vn 0.000000 0.000000 1.000000
f 12655//4219 12656//4219 12657//4219
v 6.146015 6.821645 -5.935000
v 6.230000 6.700000 -5.935000
v 6.242607 6.795763 -5.935000
vn 0.000000 0.000000 1.000000
f 12658//4220 12659//4220 12660//4220
v 6.130000 6.700000 -2.065000
v 6.146015 6.578355 -2.065000
v 6.146015 6.578355 -1.935000
vn -0.991445 -0.130526 0.000000
f 12661//4221 12662//4221 12663//4221
v 6.130000 6.700000 -2.065000
v 6.146015 6.578355 -1.935000
v 6.130000 6.700000 -1.935000
vn -0.991445 -0.130526 0.000000
f 12664//4222 12665//4222 12666//4222
v 6.230000 6.700000 -2.065000
v 6.230000 6.700000 -1.935000
v 6.242607 6.604237 -1.935000
vn 0.991445 0.130526 -0.000000
f 12667//4223 12668//4223 12669//4223
v 6.230000 6.700000 -2.065000
v 6.242607 6.604237 -1.935000
v 6.242607 6.604237 -2.065000
vn 0.991445 0.130526 0.000000
f 12670//4224 12671//4224 12672//4224
v 6.146015 6.578355 -2.065000
v 6.130000 6.700000 -2.065000
v 6.230000 6.700000 -2.065000
vn 0.000000 0.000000 -1.000000
f 12673//4225 12674//4225 12675//4225
v 6.146015 6.578355 -2.065000
v 6.230000 6.700000 -2.065000
v 6.242607 6.604237 -2.065000
vn 0.000000 0.000000 -1.000000
f 12676//4226 12677//4226 12678//4226
v 6.130000 6.700000 -1.935000
v 6.146015 6.578355 -1.935000
v 6.242607 6.604237 -1.935000
vn 0.000000 0.000000 1.000000
f 12679//4227 12680//4227 12681//4227
v 6.130000 6.700000 -1.935000
v 6.242607 6.604237 -1.935000
v 6.230000 6.700000 -1.935000
vn -0.000000 0.000000 1.000000
f 12682//4228 12683//4228 12684//4228
v 6.146015 6.578355 -2.065000
v 6.192968 6.465000 -2.065000
v 6.192968 6.465000 -1.935000
vn -0.923880 -0.382683 0.000000
f 12685//4229 12686//4229 12687//4229
v 6.146015 6.578355 -2.065000
v 6.192968 6.465000 -1.935000
v 6.146015 6.578355 -1.935000
vn -0.923880 -0.382683 0.000000
f 12688//4230 12689//4230 12690//4230
v 6.242607 6.604237 -2.065000
v 6.242607 6.604237 -1.935000
v 6.279571 6.515000 -1.935000
vn 0.923880 0.382683 -0.000000
f 12691//4231 12692//4231 12693//4231
v 6.242607 6.604237 -2.065000
v 6.279571 6.515000 -1.935000
v 6.279571 6.515000 -2.065000
vn 0.923880 0.382683 0.000000
f 12694//4232 12695//4232 12696//4232
v 6.192968 6.465000 -2.065000
v 6.146015 6.578355 -2.065000
v 6.242607 6.604237 -2.065000
vn 0.000000 0.000000 -1.000000
f 12697//4233 12698//4233 12699//4233
v 6.192968 6.465000 -2.065000
v 6.242607 6.604237 -2.065000
v 6.279571 6.515000 -2.065000
vn 0.000000 0.000000 -1.000000
f 12700//4234 12701//4234 12702//4234
v 6.146015 6.578355 -1.935000
v 6.192968 6.465000 -1.935000
v 6.279571 6.515000 -1.935000
vn 0.000000 0.000000 1.000000
f 12703//4235 12704//4235 12705//4235
v 6.146015 6.578355 -1.935000
v 6.279571 6.515000 -1.935000
v 6.242607 6.604237 -1.935000
vn -0.000000 0.000000 1.000000
f 12706//4236 12707//4236 12708//4236
v 6.192968 6.465000 -2.065000
v 6.267660 6.367660 -2.065000
v 6.267660 6.367660 -1.935000
vn -0.793353 -0.608761 0.000000
f 12709//4237 12710//4237 12711//4237
v 6.192968 6.465000 -2.065000
v 6.267660 6.367660 -1.935000
v 6.192968 6.465000 -1.935000
vn -0.793353 -0.608761 0.000000
f 12712//4238 12713//4238 12714//4238
v 6.279571 6.515000 -2.065000
v 6.279571 6.515000 -1.935000
v 6.338370 6.438370 -1.935000
vn 0.793353 0.608761 -0.000000
f 12715//4239 12716//4239 12717//4239
v 6.279571 6.515000 -2.065000
v 6.338370 6.438370 -1.935000
v 6.338370 6.438370 -2.065000
vn 0.793353 0.608761 0.000000
f 12718//4240 12719//4240 12720//4240
v 6.267660 6.367660 -2.065000
v 6.192968 6.465000 -2.065000
v 6.279571 6.515000 -2.065000
vn 0.000000 0.000000 -1.000000
f 12721//4241 12722//4241 12723//4241
v 6.267660 6.367660 -2.065000
v 6.279571 6.515000 -2.065000
v 6.338370 6.438370 -2.065000
vn 0.000000 0.000000 -1.000000
f 12724//4242 12725//4242 12726//4242
v 6.192968 6.465000 -1.935000
v 6.267660 6.367660 -1.935000
v 6.338370 6.438370 -1.935000
vn 0.000000 0.000000 1.000000
f 12727//4243 12728//4243 12729//4243
v 6.192968 6.465000 -1.935000
v 6.338370 6.438370 -1.935000
v 6.279571 6.515000 -1.935000
vn -0.000000 0.000000 1.000000
f 12730//4244 12731//4244 12732//4244
v 6.267660 6.367660 -2.065000
v 6.365000 6.292968 -2.065000
v 6.365000 6.292968 -1.935000
vn -0.608761 -0.793353 0.000000
f 12733//4245 12734//4245 12735//4245
v 6.267660 6.367660 -2.065000
v 6.365000 6.292968 -1.935000
v 6.267660 6.367660 -1.935000
vn -0.608761 -0.793353 0.000000
f 12736//4246 12737//4246 12738//4246
v 6.338370 6.438370 -2.065000
v 6.338370 6.438370 -1.935000
v 6.415000 6.379571 -1.935000
vn 0.608761 0.793353 -0.000000
f 12739//4247 12740//4247 12741//4247
v 6.338370 6.438370 -2.065000
v 6.415000 6.379571 -1.935000
v 6.415000 6.379571 -2.065000
vn 0.608761 0.793353 0.000000
f 12742//4248 12743//4248 12744//4248
v 6.365000 6.292968 -2.065000
v 6.267660 6.367660 -2.065000
v 6.338370 6.438370 -2.065000
vn 0.000000 0.000000 -1.000000
f 12745//4249 12746//4249 12747//4249
v 6.365000 6.292968 -2.065000
v 6.338370 6.438370 -2.065000
v 6.415000 6.379571 -2.065000
vn 0.000000 0.000000 -1.000000
f 12748//4250 12749//4250 12750//4250
v 6.267660 6.367660 -1.935000
v 6.365000 6.292968 -1.935000
v 6.415000 6.379571 -1.935000
vn -0.000000 0.000000 1.000000
f 12751//4251 12752//4251 12753//4251
v 6.267660 6.367660 -1.935000
v 6.415000 6.379571 -1.935000
v 6.338370 6.438370 -1.935000
vn 0.000000 0.000000 1.000000
f 12754//4252 12755//4252 12756//4252
v 6.365000 6.292968 -2.065000
v 6.478355 6.246015 -2.065000
v 6.478355 6.246015 -1.935000
vn -0.382683 -0.923880 0.000000
f 12757//4253 12758//4253 12759//4253
v 6.365000 6.292968 -2.065000
v 6.478355 6.246015 -1.935000
v 6.365000 6.292968 -1.935000
vn -0.382683 -0.923880 0.000000
f 12760//4254 12761//4254 12762//4254
v 6.415000 6.379571 -2.065000
v 6.415000 6.379571 -1.935000
v 6.504237 6.342607 -1.935000
vn 0.382683 0.923880 -0.000000
f 12763//4255 12764//4255 12765//4255
v 6.415000 6.379571 -2.065000
v 6.504237 6.342607 -1.935000
v 6.504237 6.342607 -2.065000
vn 0.382683 0.923880 0.000000
f 12766//4256 12767//4256 12768//4256
v 6.478355 6.246015 -2.065000
v 6.365000 6.292968 -2.065000
v 6.415000 6.379571 -2.065000
vn 0.000000 0.000000 -1.000000
f 12769//4257 12770//4257 12771//4257
v 6.478355 6.246015 -2.065000
v 6.415000 6.379571 -2.065000
v 6.504237 6.342607 -2.065000
vn 0.000000 0.000000 -1.000000
f 12772//4258 12773//4258 12774//4258
v 6.365000 6.292968 -1.935000
v 6.478355 6.246015 -1.935000
v 6.504237 6.342607 -1.935000
vn -0.000000 0.000000 1.000000
f 12775//4259 12776//4259 12777//4259
v 6.365000 6.292968 -1.935000
v 6.504237 6.342607 -1.935000
v 6.415000 6.379571 -1.935000
vn 0.000000 0.000000 1.000000
f 12778//4260 12779//4260 12780//4260
v 6.478355 6.246015 -2.065000
v 6.600000 6.230000 -2.065000
v 6.600000 6.230000 -1.935000
vn -0.130526 -0.991445 0.000000
f 12781//4261 12782//4261 12783//4261
v 6.478355 6.246015 -2.065000
v 6.600000 6.230000 -1.935000
v 6.478355 6.246015 -1.935000
vn -0.130526 -0.991445 0.000000
f 12784//4262 12785//4262 12786//4262
v 6.504237 6.342607 -2.065000
v 6.504237 6.342607 -1.935000
v 6.600000 6.330000 -1.935000
vn 0.130526 0.991445 -0.000000
f 12787//4263 12788//4263 12789//4263
v 6.504237 6.342607 -2.065000
v 6.600000 6.330000 -1.935000
v 6.600000 6.330000 -2.065000
vn 0.130526 0.991445 0.000000
f 12790//4264 12791//4264 12792//4264
v 6.600000 6.230000 -2.065000
v 6.478355 6.246015 -2.065000
v 6.504237 6.342607 -2.065000
vn 0.000000 0.000000 -1.000000
f 12793//4265 12794//4265 12795//4265
v 6.600000 6.230000 -2.065000
v 6.504237 6.342607 -2.065000
v 6.600000 6.330000 -2.065000
vn 0.000000 0.000000 -1.000000
f 12796//4266 12797//4266 12798//4266
v 6.478355 6.246015 -1.935000
v 6.600000 6.230000 -1.935000
v 6.600000 6.330000 -1.935000
vn -0.000000 0.000000 1.000000
f 12799//4267 12800//4267 12801//4267
v 6.478355 6.246015 -1.935000
v 6.600000 6.330000 -1.935000
v 6.504237 6.342607 -1.935000
vn 0.000000 0.000000 1.000000
f 12802//4268 12803//4268 12804//4268
v 6.600000 6.230000 -2.065000
v 6.721645 6.246015 -2.065000
v 6.721645 6.246015 -1.935000
vn 0.130526 -0.991445 0.000000
f 12805//4269 12806//4269 12807//4269
v 6.600000 6.230000 -2.065000
v 6.721645 6.246015 -1.935000
v 6.600000 6.230000 -1.935000
vn 0.130526 -0.991445 0.000000
f 12808//4270 12809//4270 12810//4270
v 6.600000 6.330000 -2.065000
v 6.600000 6.330000 -1.935000
v 6.695763 6.342607 -1.935000
vn -0.130526 0.991445 0.000000
f 12811//4271 12812//4271 12813//4271
v 6.600000 6.330000 -2.065000
v 6.695763 6.342607 -1.935000
v 6.695763 6.342607 -2.065000
vn -0.130526 0.991445 0.000000
f 12814//4272 12815//4272 12816//4272
v 6.721645 6.246015 -2.065000
v 6.600000 6.230000 -2.065000
v 6.600000 6.330000 -2.065000
vn -0.000000 0.000000 -1.000000
f 12817//4273 12818//4273 12819//4273
v 6.721645 6.246015 -2.065000
v 6.600000 6.330000 -2.065000
v 6.695763 6.342607 -2.065000
vn 0.000000 0.000000 -1.000000
f 12820//4274 12821//4274 12822//4274
v 6.600000 6.230000 -1.935000
v 6.721645 6.246015 -1.935000
v 6.695763 6.342607 -1.935000
vn 0.000000 0.000000 1.000000
f 12823//4275 12824//4275 12825//4275
v 6.600000 6.230000 -1.935000
v 6.695763 6.342607 -1.935000
v 6.600000 6.330000 -1.935000
vn 0.000000 0.000000 1.000000
f 12826//4276 12827//4276 12828//4276
v 6.721645 6.246015 -2.065000
v 6.835000 6.292968 -2.065000
v 6.835000 6.292968 -1.935000
vn 0.382683 -0.923880 0.000000
f 12829//4277 12830//4277 12831//4277
v 6.721645 6.246015 -2.065000
v 6.835000 6.292968 -1.935000
v 6.721645 6.246015 -1.935000
vn 0.382683 -0.923880 0.000000
f 12832//4278 12833//4278 12834//4278
v 6.695763 6.342607 -2.065000
v 6.695763 6.342607 -1.935000
v 6.785000 6.379571 -1.935000
vn -0.382683 0.923880 0.000000
f 12835//4279 12836//4279 12837//4279
v 6.695763 6.342607 -2.065000
v 6.785000 6.379571 -1.935000
v 6.785000 6.379571 -2.065000
vn -0.382683 0.923880 0.000000
f 12838//4280 12839//4280 12840//4280
v 6.835000 6.292968 -2.065000
v 6.721645 6.246015 -2.065000
v 6.695763 6.342607 -2.065000
vn -0.000000 0.000000 -1.000000
f 12841//4281 12842//4281 12843//4281
v 6.835000 6.292968 -2.065000
v 6.695763 6.342607 -2.065000
v 6.785000 6.379571 -2.065000
vn 0.000000 0.000000 -1.000000
f 12844//4282 12845//4282 12846//4282
v 6.721645 6.246015 -1.935000
v 6.835000 6.292968 -1.935000
v 6.785000 6.379571 -1.935000
vn 0.000000 0.000000 1.000000
f 12847//4283 12848//4283 12849//4283
v 6.721645 6.246015 -1.935000
v 6.785000 6.379571 -1.935000
v 6.695763 6.342607 -1.935000
vn 0.000000 -0.000000 1.000000
f 12850//4284 12851//4284 12852//4284
v 6.835000 6.292968 -2.065000
v 6.932340 6.367660 -2.065000
v 6.932340 6.367660 -1.935000
vn 0.608761 -0.793353 0.000000
f 12853//4285 12854//4285 12855//4285
v 6.835000 6.292968 -2.065000
v 6.932340 6.367660 -1.935000
v 6.835000 6.292968 -1.935000
vn 0.608761 -0.793353 0.000000
f 12856//4286 12857//4286 12858//4286
v 6.785000 6.379571 -2.065000
v 6.785000 6.379571 -1.935000
v 6.861630 6.438370 -1.935000
vn -0.608761 0.793353 0.000000
f 12859//4287 12860//4287 12861//4287
v 6.785000 6.379571 -2.065000
v 6.861630 6.438370 -1.935000
v 6.861630 6.438370 -2.065000
vn -0.608761 0.793353 0.000000
f 12862//4288 12863//4288 12864//4288
v 6.932340 6.367660 -2.065000
v 6.835000 6.292968 -2.065000
v 6.785000 6.379571 -2.065000
vn -0.000000 0.000000 -1.000000
f 12865//4289 12866//4289 12867//4289
v 6.932340 6.367660 -2.065000
v 6.785000 6.379571 -2.065000
v 6.861630 6.438370 -2.065000
vn 0.000000 0.000000 -1.000000
f 12868//4290 12869//4290 12870//4290
v 6.835000 6.292968 -1.935000
v 6.932340 6.367660 -1.935000
v 6.861630 6.438370 -1.935000
vn 0.000000 0.000000 1.000000
f 12871//4291 12872//4291 12873//4291
v 6.835000 6.292968 -1.935000
v 6.861630 6.438370 -1.935000
v 6.785000 6.379571 -1.935000
vn 0.000000 -0.000000 1.000000
f 12874//4292 12875//4292 12876//4292
v 6.932340 6.367660 -2.065000
v 7.007032 6.465000 -2.065000
v 7.007032 6.465000 -1.935000
vn 0.793353 -0.608761 0.000000
f 12877//4293 12878//4293 12879//4293
v 6.932340 6.367660 -2.065000
v 7.007032 6.465000 -1.935000
v 6.932340 6.367660 -1.935000
vn 0.793353 -0.608761 0.000000
f 12880//4294 12881//4294 12882//4294
v 6.861630 6.438370 -2.065000
v 6.861630 6.438370 -1.935000
v 6.920429 6.515000 -1.935000
vn -0.793353 0.608761 0.000000
f 12883//4295 12884//4295 12885//4295
v 6.861630 6.438370 -2.065000
v 6.920429 6.515000 -1.935000
v 6.920429 6.515000 -2.065000
vn -0.793353 0.608761 0.000000
f 12886//4296 12887//4296 12888//4296
v 7.007032 6.465000 -2.065000
v 6.932340 6.367660 -2.065000
v 6.861630 6.438370 -2.065000
vn 0.000000 0.000000 -1.000000
f 12889//4297 12890//4297 12891//4297
v 7.007032 6.465000 -2.065000
v 6.861630 6.438370 -2.065000
v 6.920429 6.515000 -2.065000
vn -0.000000 0.000000 -1.000000
f 12892//4298 12893//4298 12894//4298
v 6.932340 6.367660 -1.935000
v 7.007032 6.465000 -1.935000
v 6.920429 6.515000 -1.935000
vn 0.000000 -0.000000 1.000000
f 12895//4299 12896//4299 12897//4299
v 6.932340 6.367660 -1.935000
v 6.920429 6.515000 -1.935000
v 6.861630 6.438370 -1.935000
vn 0.000000 0.000000 1.000000
f 12898//4300 12899//4300 12900//4300
v 7.007032 6.465000 -2.065000
v 7.053985 6.578355 -2.065000
v 7.053985 6.578355 -1.935000
vn 0.923880 -0.382683 0.000000
f 12901//4301 12902//4301 12903//4301
v 7.007032 6.465000 -2.065000
v 7.053985 6.578355 -1.935000
v 7.007032 6.465000 -1.935000
vn 0.923880 -0.382683 0.000000
f 12904//4302 12905//4302 12906//4302
v 6.920429 6.515000 -2.065000
v 6.920429 6.515000 -1.935000
v 6.957393 6.604237 -1.935000
vn -0.923880 0.382683 0.000000
f 12907//4303 12908//4303 12909//4303
v 6.920429 6.515000 -2.065000
v 6.957393 6.604237 -1.935000
v 6.957393 6.604237 -2.065000
vn -0.923880 0.382683 0.000000
f 12910//4304 12911//4304 12912//4304
v 7.053985 6.578355 -2.065000
v 7.007032 6.465000 -2.065000
v 6.920429 6.515000 -2.065000
vn 0.000000 0.000000 -1.000000
f 12913//4305 12914//4305 12915//4305
v 7.053985 6.578355 -2.065000
v 6.920429 6.515000 -2.065000
v 6.957393 6.604237 -2.065000
vn -0.000000 0.000000 -1.000000
f 12916//4306 12917//4306 12918//4306
v 7.007032 6.465000 -1.935000
v 7.053985 6.578355 -1.935000
v 6.957393 6.604237 -1.935000
vn 0.000000 -0.000000 1.000000
f 12919//4307 12920//4307 12921//4307
v 7.007032 6.465000 -1.935000
v 6.957393 6.604237 -1.935000
v 6.920429 6.515000 -1.935000
vn 0.000000 0.000000 1.000000
f 12922//4308 12923//4308 12924//4308
v 7.053985 6.578355 -2.065000
v 7.070000 6.700000 -2.065000
v 7.070000 6.700000 -1.935000
vn 0.991445 -0.130526 0.000000
f 12925//4309 12926//4309 12927//4309
v 7.053985 6.578355 -2.065000
v 7.070000 6.700000 -1.935000
v 7.053985 6.578355 -1.935000
vn 0.991445 -0.130526 0.000000
f 12928//4310 12929//4310 12930//4310
v 6.957393 6.604237 -2.065000
v 6.957393 6.604237 -1.935000
v 6.970000 6.700000 -1.935000
vn -0.991445 0.130526 0.000000
f 12931//4311 12932//4311 12933//4311
v 6.957393 6.604237 -2.065000
v 6.970000 6.700000 -1.935000
v 6.970000 6.700000 -2.065000
vn -0.991445 0.130526 0.000000
f 12934//4312 12935//4312 12936//4312
v 7.070000 6.700000 -2.065000
v 7.053985 6.578355 -2.065000
v 6.957393 6.604237 -2.065000
vn 0.000000 0.000000 -1.000000
f 12937//4313 12938//4313 12939//4313
v 7.070000 6.700000 -2.065000
v 6.957393 6.604237 -2.065000
v 6.970000 6.700000 -2.065000
vn -0.000000 0.000000 -1.000000
f 12940//4314 12941//4314 12942//4314
v 7.053985 6.578355 -1.935000
v 7.070000 6.700000 -1.935000
v 6.970000 6.700000 -1.935000
vn 0.000000 -0.000000 1.000000
f 12943//4315 12944//4315 12945//4315
v 7.053985 6.578355 -1.935000
v 6.970000 6.700000 -1.935000
v 6.957393 6.604237 -1.935000
vn 0.000000 0.000000 1.000000
f 12946//4316 12947//4316 12948//4316
v 7.070000 6.700000 -2.065000
v 7.053985 6.821645 -2.065000
v 7.053985 6.821645 -1.935000
vn 0.991445 0.130526 0.000000
f 12949//4317 12950//4317 12951//4317
v 7.070000 6.700000 -2.065000
v 7.053985 6.821645 -1.935000
v 7.070000 6.700000 -1.935000
vn 0.991445 0.130526 -0.000000
f 12952//4318 12953//4318 12954//4318
v 6.970000 6.700000 -2.065000
v 6.970000 6.700000 -1.935000
v 6.957393 6.795763 -1.935000
vn -0.991445 -0.130526 0.000000
f 12955//4319 12956//4319 12957//4319
v 6.970000 6.700000 -2.065000
v 6.957393 6.795763 -1.935000
v 6.957393 6.795763 -2.065000
vn -0.991445 -0.130526 0.000000
f 12958//4320 12959//4320 12960//4320
v 7.053985 6.821645 -2.065000
v 7.070000 6.700000 -2.065000
v 6.970000 6.700000 -2.065000
vn 0.000000 -0.000000 -1.000000
f 12961//4321 12962//4321 12963//4321
v 7.053985 6.821645 -2.065000
v 6.970000 6.700000 -2.065000
v 6.957393 6.795763 -2.065000
vn 0.000000 0.000000 -1.000000
f 12964//4322 12965//4322 12966//4322
v 7.070000 6.700000 -1.935000
v 7.053985 6.821645 -1.935000
v 6.957393 6.795763 -1.935000
vn 0.000000 0.000000 1.000000
f 12967//4323 12968//4323 12969//4323
v 7.070000 6.700000 -1.935000
v 6.957393 6.795763 -1.935000
v 6.970000 6.700000 -1.935000
vn 0.000000 0.000000 1.000000
f 12970//4324 12971//4324 12972//4324
v 7.053985 6.821645 -2.065000
v 7.007032 6.935000 -2.065000
v 7.007032 6.935000 -1.935000
vn 0.923880 0.382683 0.000000
f 12973//4325 12974//4325 12975//4325
v 7.053985 6.821645 -2.065000
v 7.007032 6.935000 -1.935000
v 7.053985 6.821645 -1.935000
vn 0.923880 0.382683 -0.000000
f 12976//4326 12977//4326 12978//4326
v 6.957393 6.795763 -2.065000
v 6.957393 6.795763 -1.935000
v 6.920429 6.885000 -1.935000
vn -0.923880 -0.382683 0.000000
f 12979//4327 12980//4327 12981//4327
v 6.957393 6.795763 -2.065000
v 6.920429 6.885000 -1.935000
v 6.920429 6.885000 -2.065000
vn -0.923880 -0.382683 0.000000
f 12982//4328 12983//4328 12984//4328
v 7.007032 6.935000 -2.065000
v 7.053985 6.821645 -2.065000
v 6.957393 6.795763 -2.065000
vn 0.000000 -0.000000 -1.000000
f 12985//4329 12986//4329 12987//4329
v 7.007032 6.935000 -2.065000
v 6.957393 6.795763 -2.065000
v 6.920429 6.885000 -2.065000
vn 0.000000 0.000000 -1.000000
f 12988//4330 12989//4330 12990//4330
v 7.053985 6.821645 -1.935000
v 7.007032 6.935000 -1.935000
v 6.920429 6.885000 -1.935000
vn 0.000000 0.000000 1.000000
f 12991//4331 12992//4331 12993//4331
v 7.053985 6.821645 -1.935000
v 6.920429 6.885000 -1.935000
v 6.957393 6.795763 -1.935000
vn 0.000000 0.000000 1.000000
f 12994//4332 12995//4332 12996//4332
v 7.007032 6.935000 -2.065000
v 6.932340 7.032340 -2.065000
v 6.932340 7.032340 -1.935000
vn 0.793353 0.608761 0.000000
f 12997//4333 12998//4333 12999//4333
v 7.007032 6.935000 -2.065000
v 6.932340 7.032340 -1.935000
v 7.007032 6.935000 -1.935000
vn 0.793353 0.608761 -0.000000
f 13000//4334 13001//4334 13002//4334
v 6.920429 6.885000 -2.065000
v 6.920429 6.885000 -1.935000
v 6.861630 6.961630 -1.935000
vn -0.793353 -0.608761 0.000000
f 13003//4335 13004//4335 13005//4335
v 6.920429 6.885000 -2.065000
v 6.861630 6.961630 -1.935000
v 6.861630 6.961630 -2.065000
vn -0.793353 -0.608761 0.000000
f 13006//4336 13007//4336 13008//4336
v 6.932340 7.032340 -2.065000
v 7.007032 6.935000 -2.065000
v 6.920429 6.885000 -2.065000
vn 0.000000 -0.000000 -1.000000
f 13009//4337 13010//4337 13011//4337
v 6.932340 7.032340 -2.065000
v 6.920429 6.885000 -2.065000
v 6.861630 6.961630 -2.065000
vn 0.000000 0.000000 -1.000000
f 13012//4338 13013//4338 13014//4338
v 7.007032 6.935000 -1.935000
v 6.932340 7.032340 -1.935000
v 6.861630 6.961630 -1.935000
vn 0.000000 0.000000 1.000000
f 13015//4339 13016//4339 13017//4339
v 7.007032 6.935000 -1.935000
v 6.861630 6.961630 -1.935000
v 6.920429 6.885000 -1.935000
vn 0.000000 0.000000 1.000000
f 13018//4340 13019//4340 13020//4340
v 6.932340 7.032340 -2.065000
v 6.835000 7.107032 -2.065000
v 6.835000 7.107032 -1.935000
vn 0.608761 0.793353 0.000000
f 13021//4341 13022//4341 13023//4341
v 6.932340 7.032340 -2.065000
v 6.835000 7.107032 -1.935000
v 6.932340 7.032340 -1.935000
vn 0.608761 0.793353 -0.000000
f 13024//4342 13025//4342 13026//4342
v 6.861630 6.961630 -2.065000
v 6.861630 6.961630 -1.935000
v 6.785000 7.020429 -1.935000
vn -0.608761 -0.793353 0.000000
f 13027//4343 13028//4343 13029//4343
v 6.861630 6.961630 -2.065000
v 6.785000 7.020429 -1.935000
v 6.785000 7.020429 -2.065000
vn -0.608761 -0.793353 0.000000
f 13030//4344 13031//4344 13032//4344
v 6.835000 7.107032 -2.065000
v 6.932340 7.032340 -2.065000
v 6.861630 6.961630 -2.065000
vn 0.000000 0.000000 -1.000000
f 13033//4345 13034//4345 13035//4345
v 6.835000 7.107032 -2.065000
v 6.861630 6.961630 -2.065000
v 6.785000 7.020429 -2.065000
vn 0.000000 -0.000000 -1.000000
f 13036//4346 13037//4346 13038//4346
v 6.932340 7.032340 -1.935000
v 6.835000 7.107032 -1.935000
v 6.785000 7.020429 -1.935000
vn 0.000000 0.000000 1.000000
f 13039//4347 13040//4347 13041//4347
v 6.932340 7.032340 -1.935000
v 6.785000 7.020429 -1.935000
v 6.861630 6.961630 -1.935000
vn 0.000000 0.000000 1.000000
f 13042//4348 13043//4348 13044//4348
v 6.835000 7.107032 -2.065000
v 6.721645 7.153985 -2.065000
v 6.721645 7.153985 -1.935000
vn 0.382683 0.923880 0.000000
f 13045//4349 13046//4349 13047//4349
v 6.835000 7.107032 -2.065000
v 6.721645 7.153985 -1.935000
v 6.835000 7.107032 -1.935000
vn 0.382683 0.923880 -0.000000
f 13048//4350 13049//4350 13050//4350
v 6.785000 7.020429 -2.065000
v 6.785000 7.020429 -1.935000
v 6.695763 7.057393 -1.935000
vn -0.382683 -0.923880 0.000000
f 13051//4351 13052//4351 13053//4351
v 6.785000 7.020429 -2.065000
v 6.695763 7.057393 -1.935000
v 6.695763 7.057393 -2.065000
vn -0.382683 -0.923880 0.000000
f 13054//4352 13055//4352 13056//4352
v 6.721645 7.153985 -2.065000
v 6.835000 7.107032 -2.065000
v 6.785000 7.020429 -2.065000
vn 0.000000 0.000000 -1.000000
f 13057//4353 13058//4353 13059//4353
v 6.721645 7.153985 -2.065000
v 6.785000 7.020429 -2.065000
v 6.695763 7.057393 -2.065000
vn 0.000000 -0.000000 -1.000000
f 13060//4354 13061//4354 13062//4354
v 6.835000 7.107032 -1.935000
v 6.721645 7.153985 -1.935000
v 6.695763 7.057393 -1.935000
vn 0.000000 0.000000 1.000000
f 13063//4355 13064//4355 13065//4355
v 6.835000 7.107032 -1.935000
v 6.695763 7.057393 -1.935000
v 6.785000 7.020429 -1.935000
vn 0.000000 0.000000 1.000000
f 13066//4356 13067//4356 13068//4356
v 6.721645 7.153985 -2.065000
v 6.600000 7.170000 -2.065000
v 6.600000 7.170000 -1.935000
vn 0.130526 0.991445 0.000000
f 13069//4357 13070//4357 13071//4357
v 6.721645 7.153985 -2.065000
v 6.600000 7.170000 -1.935000
v 6.721645 7.153985 -1.935000
vn 0.130526 0.991445 -0.000000
f 13072//4358 13073//4358 13074//4358
v 6.695763 7.057393 -2.065000
v 6.695763 7.057393 -1.935000
v 6.600000 7.070000 -1.935000
vn -0.130526 -0.991445 0.000000
f 13075//4359 13076//4359 13077//4359
v 6.695763 7.057393 -2.065000
v 6.600000 7.070000 -1.935000
v 6.600000 7.070000 -2.065000
vn -0.130526 -0.991445 0.000000
f 13078//4360 13079//4360 13080//4360
v 6.600000 7.170000 -2.065000
v 6.721645 7.153985 -2.065000
v 6.695763 7.057393 -2.065000
vn 0.000000 0.000000 -1.000000
f 13081//4361 13082//4361 13083//4361
v 6.600000 7.170000 -2.065000
v 6.695763 7.057393 -2.065000
v 6.600000 7.070000 -2.065000
vn 0.000000 0.000000 -1.000000
f 13084//4362 13085//4362 13086//4362
v 6.721645 7.153985 -1.935000
v 6.600000 7.170000 -1.935000
v 6.600000 7.070000 -1.935000
vn 0.000000 0.000000 1.000000
f 13087//4363 13088//4363 13089//4363
v 6.721645 7.153985 -1.935000
v 6.600000 7.070000 -1.935000
v 6.695763 7.057393 -1.935000
vn 0.000000 0.000000 1.000000
f 13090//4364 13091//4364 13092//4364
v 6.600000 7.170000 -2.065000
v 6.478355 7.153985 -2.065000
v 6.478355 7.153985 -1.935000
vn -0.130526 0.991445 0.000000
f 13093//4365 13094//4365 13095//4365
v 6.600000 7.170000 -2.065000
v 6.478355 7.153985 -1.935000
v 6.600000 7.170000 -1.935000
vn -0.130526 0.991445 0.000000
f 13096//4366 13097//4366 13098//4366
v 6.600000 7.070000 -2.065000
v 6.600000 7.070000 -1.935000
v 6.504237 7.057393 -1.935000
vn 0.130526 -0.991445 0.000000
f 13099//4367 13100//4367 13101//4367
v 6.600000 7.070000 -2.065000
v 6.504237 7.057393 -1.935000
v 6.504237 7.057393 -2.065000
vn 0.130526 -0.991445 0.000000
f 13102//4368 13103//4368 13104//4368
v 6.478355 7.153985 -2.065000
v 6.600000 7.170000 -2.065000
v 6.600000 7.070000 -2.065000
vn 0.000000 0.000000 -1.000000
f 13105//4369 13106//4369 13107//4369
v 6.478355 7.153985 -2.065000
v 6.600000 7.070000 -2.065000
v 6.504237 7.057393 -2.065000
vn 0.000000 0.000000 -1.000000
f 13108//4370 13109//4370 13110//4370
v 6.600000 7.170000 -1.935000
v 6.478355 7.153985 -1.935000
v 6.504237 7.057393 -1.935000
vn 0.000000 0.000000 1.000000
f 13111//4371 13112//4371 13113//4371
v 6.600000 7.170000 -1.935000
v 6.504237 7.057393 -1.935000
v 6.600000 7.070000 -1.935000
vn 0.000000 0.000000 1.000000
f 13114//4372 13115//4372 13116//4372
v 6.478355 7.153985 -2.065000
v 6.365000 7.107032 -2.065000
v 6.365000 7.107032 -1.935000
vn -0.382683 0.923880 0.000000
f 13117//4373 13118//4373 13119//4373
v 6.478355 7.153985 -2.065000
v 6.365000 7.107032 -1.935000
v 6.478355 7.153985 -1.935000
vn -0.382683 0.923880 0.000000
f 13120//4374 13121//4374 13122//4374
v 6.504237 7.057393 -2.065000
v 6.504237 7.057393 -1.935000
v 6.415000 7.020429 -1.935000
vn 0.382683 -0.923880 0.000000
f 13123//4375 13124//4375 13125//4375
v 6.504237 7.057393 -2.065000
v 6.415000 7.020429 -1.935000
v 6.415000 7.020429 -2.065000
vn 0.382683 -0.923880 0.000000
f 13126//4376 13127//4376 13128//4376
v 6.365000 7.107032 -2.065000
v 6.478355 7.153985 -2.065000
v 6.504237 7.057393 -2.065000
vn 0.000000 0.000000 -1.000000
f 13129//4377 13130//4377 13131//4377
v 6.365000 7.107032 -2.065000
v 6.504237 7.057393 -2.065000
v 6.415000 7.020429 -2.065000
vn 0.000000 0.000000 -1.000000
f 13132//4378 13133//4378 13134//4378
v 6.478355 7.153985 -1.935000
v 6.365000 7.107032 -1.935000
v 6.415000 7.020429 -1.935000
vn 0.000000 0.000000 1.000000
f 13135//4379 13136//4379 13137//4379
v 6.478355 7.153985 -1.935000
v 6.415000 7.020429 -1.935000
v 6.504237 7.057393 -1.935000
vn 0.000000 0.000000 1.000000
f 13138//4380 13139//4380 13140//4380
v 6.365000 7.107032 -2.065000
v 6.267660 7.032340 -2.065000
v 6.267660 7.032340 -1.935000
vn -0.608761 0.793353 0.000000
f 13141//4381 13142//4381 13143//4381
v 6.365000 7.107032 -2.065000
v 6.267660 7.032340 -1.935000
v 6.365000 7.107032 -1.935000
vn -0.608761 0.793353 0.000000
f 13144//4382 13145//4382 13146//4382
v 6.415000 7.020429 -2.065000
v 6.415000 7.020429 -1.935000
v 6.338370 6.961630 -1.935000
vn 0.608761 -0.793353 0.000000
f 13147//4383 13148//4383 13149//4383
v 6.415000 7.020429 -2.065000
v 6.338370 6.961630 -1.935000
v 6.338370 6.961630 -2.065000
vn 0.608761 -0.793353 0.000000
f 13150//4384 13151//4384 13152//4384
v 6.267660 7.032340 -2.065000
v 6.365000 7.107032 -2.065000
v 6.415000 7.020429 -2.065000
vn 0.000000 0.000000 -1.000000
f 13153//4385 13154//4385 13155//4385
v 6.267660 7.032340 -2.065000
v 6.415000 7.020429 -2.065000
v 6.338370 6.961630 -2.065000
vn 0.000000 0.000000 -1.000000
f 13156//4386 13157//4386 13158//4386
v 6.365000 7.107032 -1.935000
v 6.267660 7.032340 -1.935000
v 6.338370 6.961630 -1.935000
vn 0.000000 0.000000 1.000000
f 13159//4387 13160//4387 13161//4387
v 6.365000 7.107032 -1.935000
v 6.338370 6.961630 -1.935000
v 6.415000 7.020429 -1.935000
vn 0.000000 0.000000 1.000000
f 13162//4388 13163//4388 13164//4388
v 6.267660 7.032340 -2.065000
v 6.192968 6.935000 -2.065000
v 6.192968 6.935000 -1.935000
vn -0.793353 0.608761 0.000000
f 13165//4389 13166//4389 13167//4389
v 6.267660 7.032340 -2.065000
v 6.192968 6.935000 -1.935000
v 6.267660 7.032340 -1.935000
vn -0.793353 0.608761 0.000000
f 13168//4390 13169//4390 13170//4390
v 6.338370 6.961630 -2.065000
v 6.338370 6.961630 -1.935000
v 6.279571 6.885000 -1.935000
vn 0.793353 -0.608761 0.000000
f 13171//4391 13172//4391 13173//4391
v 6.338370 6.961630 -2.065000
v 6.279571 6.885000 -1.935000
v 6.279571 6.885000 -2.065000
vn 0.793353 -0.608761 0.000000
f 13174//4392 13175//4392 13176//4392
v 6.192968 6.935000 -2.065000
v 6.267660 7.032340 -2.065000
v 6.338370 6.961630 -2.065000
vn 0.000000 0.000000 -1.000000
f 13177//4393 13178//4393 13179//4393
v 6.192968 6.935000 -2.065000
v 6.338370 6.961630 -2.065000
v 6.279571 6.885000 -2.065000
vn 0.000000 0.000000 -1.000000
f 13180//4394 13181//4394 13182//4394
v 6.267660 7.032340 -1.935000
v 6.192968 6.935000 -1.935000
v 6.279571 6.885000 -1.935000
vn 0.000000 0.000000 1.000000
f 13183//4395 13184//4395 13185//4395
v 6.267660 7.032340 -1.935000
v 6.279571 6.885000 -1.935000
v 6.338370 6.961630 -1.935000
vn 0.000000 0.000000 1.000000
f 13186//4396 13187//4396 13188//4396
v 6.192968 6.935000 -2.065000
v 6.146015 6.821645 -2.065000
v 6.146015 6.821645 -1.935000
vn -0.923880 0.382683 0.000000
f 13189//4397 13190//4397 13191//4397
v 6.192968 6.935000 -2.065000
v 6.146015 6.821645 -1.935000
v 6.192968 6.935000 -1.935000
vn -0.923880 0.382683 0.000000
f 13192//4398 13193//4398 13194//4398
v 6.279571 6.885000 -2.065000
v 6.279571 6.885000 -1.935000
v 6.242607 6.795763 -1.935000
vn 0.923880 -0.382683 0.000000
f 13195//4399 13196//4399 13197//4399
v 6.279571 6.885000 -2.065000
v 6.242607 6.795763 -1.935000
v 6.242607 6.795763 -2.065000
vn 0.923880 -0.382683 0.000000
f 13198//4400 13199//4400 13200//4400
v 6.146015 6.821645 -2.065000
v 6.192968 6.935000 -2.065000
v 6.279571 6.885000 -2.065000
vn 0.000000 0.000000 -1.000000
f 13201//4401 13202//4401 13203//4401
v 6.146015 6.821645 -2.065000
v 6.279571 6.885000 -2.065000
v 6.242607 6.795763 -2.065000
vn 0.000000 0.000000 -1.000000
f 13204//4402 13205//4402 13206//4402
v 6.192968 6.935000 -1.935000
v 6.146015 6.821645 -1.935000
v 6.242607 6.795763 -1.935000
vn 0.000000 0.000000 1.000000
f 13207//4403 13208//4403 13209//4403
v 6.192968 6.935000 -1.935000
v 6.242607 6.795763 -1.935000
v 6.279571 6.885000 -1.935000
vn 0.000000 0.000000 1.000000
f 13210//4404 13211//4404 13212//4404
v 6.146015 6.821645 -2.065000
v 6.130000 6.700000 -2.065000
v 6.130000 6.700000 -1.935000
vn -0.991445 0.130526 0.000000
f 13213//4405 13214//4405 13215//4405
v 6.146015 6.821645 -2.065000
v 6.130000 6.700000 -1.935000
v 6.146015 6.821645 -1.935000
vn -0.991445 0.130526 0.000000
f 13216//4406 13217//4406 13218//4406
v 6.242607 6.795763 -2.065000
v 6.242607 6.795763 -1.935000
v 6.230000 6.700000 -1.935000
vn 0.991445 -0.130526 0.000000
f 13219//4407 13220//4407 13221//4407
v 6.242607 6.795763 -2.065000
v 6.230000 6.700000 -1.935000
v 6.230000 6.700000 -2.065000
vn 0.991445 -0.130526 0.000000
f 13222//4408 13223//4408 13224//4408
v 6.130000 6.700000 -2.065000
v 6.146015 6.821645 -2.065000
v 6.242607 6.795763 -2.065000
vn 0.000000 0.000000 -1.000000
f 13225//4409 13226//4409 13227//4409
v 6.130000 6.700000 -2.065000
v 6.242607 6.795763 -2.065000
v 6.230000 6.700000 -2.065000
vn 0.000000 0.000000 -1.000000
f 13228//4410 13229//4410 13230//4410
v 6.146015 6.821645 -1.935000
v 6.130000 6.700000 -1.935000
v 6.230000 6.700000 -1.935000
vn 0.000000 0.000000 1.000000
f 13231//4411 13232//4411 13233//4411
v 6.146015 6.821645 -1.935000
v 6.230000 6.700000 -1.935000
v 6.242607 6.795763 -1.935000
vn 0.000000 0.000000 1.000000
f 13234//4412 13235//4412 13236//4412
v 6.130000 6.700000 1.935000
v 6.146015 6.578355 1.935000
v 6.146015 6.578355 2.065000
vn -0.991445 -0.130526 0.000000
f 13237//4413 13238//4413 13239//4413
v 6.130000 6.700000 1.935000
v 6.146015 6.578355 2.065000
v 6.130000 6.700000 2.065000
vn -0.991445 -0.130526 0.000000
f 13240//4414 13241//4414 13242//4414
v 6.230000 6.700000 1.935000
v 6.230000 6.700000 2.065000
v 6.242607 6.604237 2.065000
vn 0.991445 0.130526 -0.000000
f 13243//4415 13244//4415 13245//4415
v 6.230000 6.700000 1.935000
v 6.242607 6.604237 2.065000
v 6.242607 6.604237 1.935000
vn 0.991445 0.130526 0.000000
f 13246//4416 13247//4416 13248//4416
v 6.146015 6.578355 1.935000
v 6.130000 6.700000 1.935000
v 6.230000 6.700000 1.935000
vn 0.000000 0.000000 -1.000000
f 13249//4417 13250//4417 13251//4417
v 6.146015 6.578355 1.935000
v 6.230000 6.700000 1.935000
v 6.242607 6.604237 1.935000
vn 0.000000 0.000000 -1.000000
f 13252//4418 13253//4418 13254//4418
v 6.130000 6.700000 2.065000
v 6.146015 6.578355 2.065000
v 6.242607 6.604237 2.065000
vn 0.000000 0.000000 1.000000
f 13255//4419 13256//4419 13257//4419
v 6.130000 6.700000 2.065000
v 6.242607 6.604237 2.065000
v 6.230000 6.700000 2.065000
vn -0.000000 0.000000 1.000000
f 13258//4420 13259//4420 13260//4420
v 6.146015 6.578355 1.935000
v 6.192968 6.465000 1.935000
v 6.192968 6.465000 2.065000
vn -0.923880 -0.382683 0.000000
f 13261//4421 13262//4421 13263//4421
v 6.146015 6.578355 1.935000
v 6.192968 6.465000 2.065000
v 6.146015 6.578355 2.065000
vn -0.923880 -0.382683 0.000000
f 13264//4422 13265//4422 13266//4422
v 6.242607 6.604237 1.935000
v 6.242607 6.604237 2.065000
v 6.279571 6.515000 2.065000
vn 0.923880 0.382683 -0.000000
f 13267//4423 13268//4423 13269//4423
v 6.242607 6.604237 1.935000
v 6.279571 6.515000 2.065000
v 6.279571 6.515000 1.935000
vn 0.923880 0.382683 0.000000
f 13270//4424 13271//4424 13272//4424
v 6.192968 6.465000 1.935000
v 6.146015 6.578355 1.935000
v 6.242607 6.604237 1.935000
vn 0.000000 0.000000 -1.000000
f 13273//4425 13274//4425 13275//4425
v 6.192968 6.465000 1.935000
v 6.242607 6.604237 1.935000
v 6.279571 6.515000 1.935000
vn 0.000000 0.000000 -1.000000
f 13276//4426 13277//4426 13278//4426
v 6.146015 6.578355 2.065000
v 6.192968 6.465000 2.065000
v 6.279571 6.515000 2.065000
vn 0.000000 0.000000 1.000000
f 13279//4427 13280//4427 13281//4427
v 6.146015 6.578355 2.065000
v 6.279571 6.515000 2.065000
v 6.242607 6.604237 2.065000
vn -0.000000 0.000000 1.000000
f 13282//4428 13283//4428 13284//4428
v 6.192968 6.465000 1.935000
v 6.267660 6.367660 1.935000
v 6.267660 6.367660 2.065000
vn -0.793353 -0.608761 0.000000
f 13285//4429 13286//4429 13287//4429
v 6.192968 6.465000 1.935000
v 6.267660 6.367660 2.065000
v 6.192968 6.465000 2.065000
vn -0.793353 -0.608761 0.000000
f 13288//4430 13289//4430 13290//4430
v 6.279571 6.515000 1.935000
v 6.279571 6.515000 2.065000
v 6.338370 6.438370 2.065000
vn 0.793353 0.608761 -0.000000
f 13291//4431 13292//4431 13293//4431
v 6.279571 6.515000 1.935000
v 6.338370 6.438370 2.065000
v 6.338370 6.438370 1.935000
vn 0.793353 0.608761 0.000000
f 13294//4432 13295//4432 13296//4432
v 6.267660 6.367660 1.935000
v 6.192968 6.465000 1.935000
v 6.279571 6.515000 1.935000
vn 0.000000 0.000000 -1.000000
f 13297//4433 13298//4433 13299//4433
v 6.267660 6.367660 1.935000
v 6.279571 6.515000 1.935000
v 6.338370 6.438370 1.935000
vn 0.000000 0.000000 -1.000000
f 13300//4434 13301//4434 13302//4434
v 6.192968 6.465000 2.065000
v 6.267660 6.367660 2.065000
v 6.338370 6.438370 2.065000
vn 0.000000 0.000000 1.000000
f 13303//4435 13304//4435 13305//4435
v 6.192968 6.465000 2.065000
v 6.338370 6.438370 2.065000
v 6.279571 6.515000 2.065000
vn -0.000000 0.000000 1.000000
f 13306//4436 13307//4436 13308//4436
v 6.267660 6.367660 1.935000
v 6.365000 6.292968 1.935000
v 6.365000 6.292968 2.065000
vn -0.608761 -0.793353 0.000000
f 13309//4437 13310//4437 13311//4437
v 6.267660 6.367660 1.935000
v 6.365000 6.292968 2.065000
v 6.267660 6.367660 2.065000
vn -0.608761 -0.793353 0.000000
f 13312//4438 13313//4438 13314//4438
v 6.338370 6.438370 1.935000
v 6.338370 6.438370 2.065000
v 6.415000 6.379571 2.065000
vn 0.608761 0.793353 -0.000000
f 13315//4439 13316//4439 13317//4439
v 6.338370 6.438370 1.935000
v 6.415000 6.379571 2.065000
v 6.415000 6.379571 1.935000
vn 0.608761 0.793353 0.000000
f 13318//4440 13319//4440 13320//4440
v 6.365000 6.292968 1.935000
v 6.267660 6.367660 1.935000
v 6.338370 6.438370 1.935000
vn 0.000000 0.000000 -1.000000
f 13321//4441 13322//4441 13323//4441
v 6.365000 6.292968 1.935000
v 6.338370 6.438370 1.935000
v 6.415000 6.379571 1.935000
vn 0.000000 0.000000 -1.000000
f 13324//4442 13325//4442 13326//4442
v 6.267660 6.367660 2.065000
v 6.365000 6.292968 2.065000
v 6.415000 6.379571 2.065000
vn -0.000000 0.000000 1.000000
f 13327//4443 13328//4443 13329//4443
v 6.267660 6.367660 2.065000
v 6.415000 6.379571 2.065000
v 6.338370 6.438370 2.065000
vn 0.000000 0.000000 1.000000
f 13330//4444 13331//4444 13332//4444
v 6.365000 6.292968 1.935000
v 6.478355 6.246015 1.935000
v 6.478355 6.246015 2.065000
vn -0.382683 -0.923880 0.000000
f 13333//4445 13334//4445 13335//4445
v 6.365000 6.292968 1.935000
v 6.478355 6.246015 2.065000
v 6.365000 6.292968 2.065000
vn -0.382683 -0.923880 0.000000
f 13336//4446 13337//4446 13338//4446
v 6.415000 6.379571 1.935000
v 6.415000 6.379571 2.065000
v 6.504237 6.342607 2.065000
vn 0.382683 0.923880 -0.000000
f 13339//4447 13340//4447 13341//4447
v 6.415000 6.379571 1.935000
v 6.504237 6.342607 2.065000
v 6.504237 6.342607 1.935000
vn 0.382683 0.923880 0.000000
f 13342//4448 13343//4448 13344//4448
v 6.478355 6.246015 1.935000
v 6.365000 6.292968 1.935000
v 6.415000 6.379571 1.935000
vn 0.000000 0.000000 -1.000000
f 13345//4449 13346//4449 13347//4449
v 6.478355 6.246015 1.935000
v 6.415000 6.379571 1.935000
v 6.504237 6.342607 1.935000
vn 0.000000 0.000000 -1.000000
f 13348//4450 13349//4450 13350//4450
v 6.365000 6.292968 2.065000
v 6.478355 6.246015 2.065000
v 6.504237 6.342607 2.065000
vn -0.000000 0.000000 1.000000
f 13351//4451 13352//4451 13353//4451
v 6.365000 6.292968 2.065000
v 6.504237 6.342607 2.065000
v 6.415000 6.379571 2.065000
vn 0.000000 0.000000 1.000000
f 13354//4452 13355//4452 13356//4452
v 6.478355 6.246015 1.935000
v 6.600000 6.230000 1.935000
v 6.600000 6.230000 2.065000
vn -0.130526 -0.991445 0.000000
f 13357//4453 13358//4453 13359//4453
v 6.478355 6.246015 1.935000
v 6.600000 6.230000 2.065000
v 6.478355 6.246015 2.065000
vn -0.130526 -0.991445 0.000000
f 13360//4454 13361//4454 13362//4454
v 6.504237 6.342607 1.935000
v 6.504237 6.342607 2.065000
v 6.600000 6.330000 2.065000
vn 0.130526 0.991445 -0.000000
f 13363//4455 13364//4455 13365//4455
v 6.504237 6.342607 1.935000
v 6.600000 6.330000 2.065000
v 6.600000 6.330000 1.935000
vn 0.130526 0.991445 0.000000
f 13366//4456 13367//4456 13368//4456
v 6.600000 6.230000 1.935000
v 6.478355 6.246015 1.935000
v 6.504237 6.342607 1.935000
vn 0.000000 0.000000 -1.000000
f 13369//4457 13370//4457 13371//4457
v 6.600000 6.230000 1.935000
v 6.504237 6.342607 1.935000
v 6.600000 6.330000 1.935000
vn 0.000000 0.000000 -1.000000
f 13372//4458 13373//4458 13374//4458
v 6.478355 6.246015 2.065000
v 6.600000 6.230000 2.065000
v 6.600000 6.330000 2.065000
vn -0.000000 0.000000 1.000000
f 13375//4459 13376//4459 13377//4459
v 6.478355 6.246015 2.065000
v 6.600000 6.330000 2.065000
v 6.504237 6.342607 2.065000
vn 0.000000 0.000000 1.000000
f 13378//4460 13379//4460 13380//4460
v 6.600000 6.230000 1.935000
v 6.721645 6.246015 1.935000
v 6.721645 6.246015 2.065000
vn 0.130526 -0.991445 0.000000
f 13381//4461 13382//4461 13383//4461
v 6.600000 6.230000 1.935000
v 6.721645 6.246015 2.065000
v 6.600000 6.230000 2.065000
vn 0.130526 -0.991445 0.000000
f 13384//4462 13385//4462 13386//4462
v 6.600000 6.330000 1.935000
v 6.600000 6.330000 2.065000
v 6.695763 6.342607 2.065000
vn -0.130526 0.991445 0.000000
f 13387//4463 13388//4463 13389//4463
v 6.600000 6.330000 1.935000
v 6.695763 6.342607 2.065000
v 6.695763 6.342607 1.935000
vn -0.130526 0.991445 0.000000
f 13390//4464 13391//4464 13392//4464
v 6.721645 6.246015 1.935000
v 6.600000 6.230000 1.935000
v 6.600000 6.330000 1.935000
vn -0.000000 0.000000 -1.000000
f 13393//4465 13394//4465 13395//4465
v 6.721645 6.246015 1.935000
v 6.600000 6.330000 1.935000
v 6.695763 6.342607 1.935000
vn 0.000000 0.000000 -1.000000
f 13396//4466 13397//4466 13398//4466
v 6.600000 6.230000 2.065000
v 6.721645 6.246015 2.065000
v 6.695763 6.342607 2.065000
vn 0.000000 0.000000 1.000000
f 13399//4467 13400//4467 13401//4467
v 6.600000 6.230000 2.065000
v 6.695763 6.342607 2.065000
v 6.600000 6.330000 2.065000
vn 0.000000 0.000000 1.000000
f 13402//4468 13403//4468 13404//4468
v 6.721645 6.246015 1.935000
v 6.835000 6.292968 1.935000
v 6.835000 6.292968 2.065000
vn 0.382683 -0.923880 0.000000
f 13405//4469 13406//4469 13407//4469
v 6.721645 6.246015 1.935000
v 6.835000 6.292968 2.065000
v 6.721645 6.246015 2.065000
vn 0.382683 -0.923880 0.000000
f 13408//4470 13409//4470 13410//4470
v 6.695763 6.342607 1.935000
v 6.695763 6.342607 2.065000
v 6.785000 6.379571 2.065000
vn -0.382683 0.923880 0.000000
f 13411//4471 13412//4471 13413//4471
v 6.695763 6.342607 1.935000
v 6.785000 6.379571 2.065000
v 6.785000 6.379571 1.935000
vn -0.382683 0.923880 0.000000
f 13414//4472 13415//4472 13416//4472
v 6.835000 6.292968 1.935000
v 6.721645 6.246015 1.935000
v 6.695763 6.342607 1.935000
vn -0.000000 0.000000 -1.000000
f 13417//4473 13418//4473 13419//4473
v 6.835000 6.292968 1.935000
v 6.695763 6.342607 1.935000
v 6.785000 6.379571 1.935000
vn 0.000000 0.000000 -1.000000
f 13420//4474 13421//4474 13422//4474
v 6.721645 6.246015 2.065000
v 6.835000 6.292968 2.065000
v 6.785000 6.379571 2.065000
vn 0.000000 0.000000 1.000000
f 13423//4475 13424//4475 13425//4475
v 6.721645 6.246015 2.065000
v 6.785000 6.379571 2.065000
v 6.695763 6.342607 2.065000
vn 0.000000 -0.000000 1.000000
f 13426//4476 13427//4476 13428//4476
v 6.835000 6.292968 1.935000
v 6.932340 6.367660 1.935000
v 6.932340 6.367660 2.065000
vn 0.608761 -0.793353 0.000000
f 13429//4477 13430//4477 13431//4477
v 6.835000 6.292968 1.935000
v 6.932340 6.367660 2.065000
v 6.835000 6.292968 2.065000
vn 0.608761 -0.793353 0.000000
f 13432//4478 13433//4478 13434//4478
v 6.785000 6.379571 1.935000
v 6.785000 6.379571 2.065000
v 6.861630 6.438370 2.065000
vn -0.608761 0.793353 0.000000
f 13435//4479 13436//4479 13437//4479
v 6.785000 6.379571 1.935000
v 6.861630 6.438370 2.065000
v 6.861630 6.438370 1.935000
vn -0.608761 0.793353 0.000000
f 13438//4480 13439//4480 13440//4480
v 6.932340 6.367660 1.935000
v 6.835000 6.292968 1.935000
v 6.785000 6.379571 1.935000
vn -0.000000 0.000000 -1.000000
f 13441//4481 13442//4481 13443//4481
v 6.932340 6.367660 1.935000
v 6.785000 6.379571 1.935000
v 6.861630 6.438370 1.935000
vn 0.000000 0.000000 -1.000000
f 13444//4482 13445//4482 13446//4482
v 6.835000 6.292968 2.065000
v 6.932340 6.367660 2.065000
v 6.861630 6.438370 2.065000
vn 0.000000 0.000000 1.000000
f 13447//4483 13448//4483 13449//4483
v 6.835000 6.292968 2.065000
v 6.861630 6.438370 2.065000
v 6.785000 6.379571 2.065000
vn 0.000000 -0.000000 1.000000
f 13450//4484 13451//4484 13452//4484
v 6.932340 6.367660 1.935000
v 7.007032 6.465000 1.935000
v 7.007032 6.465000 2.065000
vn 0.793353 -0.608761 0.000000
f 13453//4485 13454//4485 13455//4485
v 6.932340 6.367660 1.935000
v 7.007032 6.465000 2.065000
v 6.932340 6.367660 2.065000
vn 0.793353 -0.608761 0.000000
f 13456//4486 13457//4486 13458//4486
v 6.861630 6.438370 1.935000
v 6.861630 6.438370 2.065000
v 6.920429 6.515000 2.065000
vn -0.793353 0.608761 0.000000
f 13459//4487 13460//4487 13461//4487
v 6.861630 6.438370 1.935000
v 6.920429 6.515000 2.065000
v 6.920429 6.515000 1.935000
vn -0.793353 0.608761 0.000000
f 13462//4488 13463//4488 13464//4488
v 7.007032 6.465000 1.935000
v 6.932340 6.367660 1.935000
v 6.861630 6.438370 1.935000
vn 0.000000 0.000000 -1.000000
f 13465//4489 13466//4489 13467//4489
v 7.007032 6.465000 1.935000
v 6.861630 6.438370 1.935000
v 6.920429 6.515000 1.935000
vn -0.000000 0.000000 -1.000000
f 13468//4490 13469//4490 13470//4490
v 6.932340 6.367660 2.065000
v 7.007032 6.465000 2.065000
v 6.920429 6.515000 2.065000
vn 0.000000 -0.000000 1.000000
f 13471//4491 13472//4491 13473//4491
v 6.932340 6.367660 2.065000
v 6.920429 6.515000 2.065000
v 6.861630 6.438370 2.065000
vn 0.000000 0.000000 1.000000
f 13474//4492 13475//4492 13476//4492
v 7.007032 6.465000 1.935000
v 7.053985 6.578355 1.935000
v 7.053985 6.578355 2.065000
vn 0.923880 -0.382683 0.000000
f 13477//4493 13478//4493 13479//4493
v 7.007032 6.465000 1.935000
v 7.053985 6.578355 2.065000
v 7.007032 6.465000 2.065000
vn 0.923880 -0.382683 0.000000
f 13480//4494 13481//4494 13482//4494
v 6.920429 6.515000 1.935000
v 6.920429 6.515000 2.065000
v 6.957393 6.604237 2.065000
vn -0.923880 0.382683 0.000000
f 13483//4495 13484//4495 13485//4495
v 6.920429 6.515000 1.935000
v 6.957393 6.604237 2.065000
v 6.957393 6.604237 1.935000
vn -0.923880 0.382683 0.000000
f 13486//4496 13487//4496 13488//4496
v 7.053985 6.578355 1.935000
v 7.007032 6.465000 1.935000
v 6.920429 6.515000 1.935000
vn 0.000000 0.000000 -1.000000
f 13489//4497 13490//4497 13491//4497
v 7.053985 6.578355 1.935000
v 6.920429 6.515000 1.935000
v 6.957393 6.604237 1.935000
vn -0.000000 0.000000 -1.000000
f 13492//4498 13493//4498 13494//4498
v 7.007032 6.465000 2.065000
v 7.053985 6.578355 2.065000
v 6.957393 6.604237 2.065000
vn 0.000000 -0.000000 1.000000
f 13495//4499 13496//4499 13497//4499
v 7.007032 6.465000 2.065000
v 6.957393 6.604237 2.065000
v 6.920429 6.515000 2.065000
vn 0.000000 0.000000 1.000000
f 13498//4500 13499//4500 13500//4500
v 7.053985 6.578355 1.935000
v 7.070000 6.700000 1.935000
v 7.070000 6.700000 2.065000
vn 0.991445 -0.130526 0.000000
f 13501//4501 13502//4501 13503//4501
v 7.053985 6.578355 1.935000
v 7.070000 6.700000 2.065000
v 7.053985 6.578355 2.065000
vn 0.991445 -0.130526 0.000000
f 13504//4502 13505//4502 13506//4502
v 6.957393 6.604237 1.935000
v 6.957393 6.604237 2.065000
v 6.970000 6.700000 2.065000
vn -0.991445 0.130526 0.000000
f 13507//4503 13508//4503 13509//4503
v 6.957393 6.604237 1.935000
v 6.970000 6.700000 2.065000
v 6.970000 6.700000 1.935000
vn -0.991445 0.130526 0.000000
f 13510//4504 13511//4504 13512//4504
v 7.070000 6.700000 1.935000
v 7.053985 6.578355 1.935000
v 6.957393 6.604237 1.935000
vn 0.000000 0.000000 -1.000000
f 13513//4505 13514//4505 13515//4505
v 7.070000 6.700000 1.935000
v 6.957393 6.604237 1.935000
v 6.970000 6.700000 1.935000
vn -0.000000 0.000000 -1.000000
f 13516//4506 13517//4506 13518//4506
v 7.053985 6.578355 2.065000
v 7.070000 6.700000 2.065000
v 6.970000 6.700000 2.065000
vn 0.000000 -0.000000 1.000000
f 13519//4507 13520//4507 13521//4507
v 7.053985 6.578355 2.065000
v 6.970000 6.700000 2.065000
v 6.957393 6.604237 2.065000
vn 0.000000 0.000000 1.000000
f 13522//4508 13523//4508 13524//4508
v 7.070000 6.700000 1.935000
v 7.053985 6.821645 1.935000
v 7.053985 6.821645 2.065000
vn 0.991445 0.130526 0.000000
f 13525//4509 13526//4509 13527//4509
v 7.070000 6.700000 1.935000
v 7.053985 6.821645 2.065000
v 7.070000 6.700000 2.065000
vn 0.991445 0.130526 -0.000000
f 13528//4510 13529//4510 13530//4510
v 6.970000 6.700000 1.935000
v 6.970000 6.700000 2.065000
v 6.957393 6.795763 2.065000
vn -0.991445 -0.130526 0.000000
f 13531//4511 13532//4511 13533//4511
v 6.970000 6.700000 1.935000
v 6.957393 6.795763 2.065000
v 6.957393 6.795763 1.935000
vn -0.991445 -0.130526 0.000000
f 13534//4512 13535//4512 13536//4512
v 7.053985 6.821645 1.935000
v 7.070000 6.700000 1.935000
v 6.970000 6.700000 1.935000
vn 0.000000 -0.000000 -1.000000
f 13537//4513 13538//4513 13539//4513
v 7.053985 6.821645 1.935000
v 6.970000 6.700000 1.935000
v 6.957393 6.795763 1.935000
vn 0.000000 0.000000 -1.000000
f 13540//4514 13541//4514 13542//4514
v 7.070000 6.700000 2.065000
v 7.053985 6.821645 2.065000
v 6.957393 6.795763 2.065000
vn 0.000000 0.000000 1.000000
f 13543//4515 13544//4515 13545//4515
v 7.070000 6.700000 2.065000
v 6.957393 6.795763 2.065000
v 6.970000 6.700000 2.065000
vn 0.000000 0.000000 1.000000
f 13546//4516 13547//4516 13548//4516
v 7.053985 6.821645 1.935000
v 7.007032 6.935000 1.935000
v 7.007032 6.935000 2.065000
vn 0.923880 0.382683 0.000000
f 13549//4517 13550//4517 13551//4517
v 7.053985 6.821645 1.935000
v 7.007032 6.935000 2.065000
v 7.053985 6.821645 2.065000
vn 0.923880 0.382683 -0.000000
f 13552//4518 13553//4518 13554//4518
v 6.957393 6.795763 1.935000
v 6.957393 6.795763 2.065000
v 6.920429 6.885000 2.065000
vn -0.923880 -0.382683 0.000000
f 13555//4519 13556//4519 13557//4519
v 6.957393 6.795763 1.935000
v 6.920429 6.885000 2.065000
v 6.920429 6.885000 1.935000
vn -0.923880 -0.382683 0.000000
f 13558//4520 13559//4520 13560//4520
v 7.007032 6.935000 1.935000
v 7.053985 6.821645 1.935000
v 6.957393 6.795763 1.935000
vn 0.000000 -0.000000 -1.000000
f 13561//4521 13562//4521 13563//4521
v 7.007032 6.935000 1.935000
v 6.957393 6.795763 1.935000
v 6.920429 6.885000 1.935000
vn 0.000000 0.000000 -1.000000
f 13564//4522 13565//4522 13566//4522
v 7.053985 6.821645 2.065000
v 7.007032 6.935000 2.065000
v 6.920429 6.885000 2.065000
vn 0.000000 0.000000 1.000000
f 13567//4523 13568//4523 13569//4523
v 7.053985 6.821645 2.065000
v 6.920429 6.885000 2.065000
v 6.957393 6.795763 2.065000
vn 0.000000 0.000000 1.000000
f 13570//4524 13571//4524 13572//4524
v 7.007032 6.935000 1.935000
v 6.932340 7.032340 1.935000
v 6.932340 7.032340 2.065000
vn 0.793353 0.608761 0.000000
f 13573//4525 13574//4525 13575//4525
v 7.007032 6.935000 1.935000
v 6.932340 7.032340 2.065000
v 7.007032 6.935000 2.065000
vn 0.793353 0.608761 -0.000000
f 13576//4526 13577//4526 13578//4526
v 6.920429 6.885000 1.935000
v 6.920429 6.885000 2.065000
v 6.861630 6.961630 2.065000
vn -0.793353 -0.608761 0.000000
f 13579//4527 13580//4527 13581//4527
v 6.920429 6.885000 1.935000
v 6.861630 6.961630 2.065000
v 6.861630 6.961630 1.935000
vn -0.793353 -0.608761 0.000000
f 13582//4528 13583//4528 13584//4528
v 6.932340 7.032340 1.935000
v 7.007032 6.935000 1.935000
v 6.920429 6.885000 1.935000
vn 0.000000 -0.000000 -1.000000
f 13585//4529 13586//4529 13587//4529
v 6.932340 7.032340 1.935000
v 6.920429 6.885000 1.935000
v 6.861630 6.961630 1.935000
vn 0.000000 0.000000 -1.000000
f 13588//4530 13589//4530 13590//4530
v 7.007032 6.935000 2.065000
v 6.932340 7.032340 2.065000
v 6.861630 6.961630 2.065000
vn 0.000000 0.000000 1.000000
f 13591//4531 13592//4531 13593//4531
v 7.007032 6.935000 2.065000
v 6.861630 6.961630 2.065000
v 6.920429 6.885000 2.065000
vn 0.000000 0.000000 1.000000
f 13594//4532 13595//4532 13596//4532
v 6.932340 7.032340 1.935000
v 6.835000 7.107032 1.935000
v 6.835000 7.107032 2.065000
vn 0.608761 0.793353 0.000000
f 13597//4533 13598//4533 13599//4533
v 6.932340 7.032340 1.935000
v 6.835000 7.107032 2.065000
v 6.932340 7.032340 2.065000
vn 0.608761 0.793353 -0.000000
f 13600//4534 13601//4534 13602//4534
v 6.861630 6.961630 1.935000
v 6.861630 6.961630 2.065000
v 6.785000 7.020429 2.065000
vn -0.608761 -0.793353 0.000000
f 13603//4535 13604//4535 13605//4535
v 6.861630 6.961630 1.935000
v 6.785000 7.020429 2.065000
v 6.785000 7.020429 1.935000
vn -0.608761 -0.793353 0.000000
f 13606//4536 13607//4536 13608//4536
v 6.835000 7.107032 1.935000
v 6.932340 7.032340 1.935000
v 6.861630 6.961630 1.935000
vn 0.000000 0.000000 -1.000000
f 13609//4537 13610//4537 13611//4537
v 6.835000 7.107032 1.935000
v 6.861630 6.961630 1.935000
v 6.785000 7.020429 1.935000
vn 0.000000 -0.000000 -1.000000
f 13612//4538 13613//4538 13614//4538
v 6.932340 7.032340 2.065000
v 6.835000 7.107032 2.065000
v 6.785000 7.020429 2.065000
vn 0.000000 0.000000 1.000000
f 13615//4539 13616//4539 13617//4539
v 6.932340 7.032340 2.065000
v 6.785000 7.020429 2.065000
v 6.861630 6.961630 2.065000
vn 0.000000 0.000000 1.000000
f 13618//4540 13619//4540 13620//4540
v 6.835000 7.107032 1.935000
v 6.721645 7.153985 1.935000
v 6.721645 7.153985 2.065000
vn 0.382683 0.923880 0.000000
f 13621//4541 13622//4541 13623//4541
v 6.835000 7.107032 1.935000
v 6.721645 7.153985 2.065000
v 6.835000 7.107032 2.065000
vn 0.382683 0.923880 -0.000000
f 13624//4542 13625//4542 13626//4542
v 6.785000 7.020429 1.935000
v 6.785000 7.020429 2.065000
v 6.695763 7.057393 2.065000
vn -0.382683 -0.923880 0.000000
f 13627//4543 13628//4543 13629//4543
v 6.785000 7.020429 1.935000
v 6.695763 7.057393 2.065000
v 6.695763 7.057393 1.935000
vn -0.382683 -0.923880 0.000000
f 13630//4544 13631//4544 13632//4544
v 6.721645 7.153985 1.935000
v 6.835000 7.107032 1.935000
v 6.785000 7.020429 1.935000
vn 0.000000 0.000000 -1.000000
f 13633//4545 13634//4545 13635//4545
v 6.721645 7.153985 1.935000
v 6.785000 7.020429 1.935000
v 6.695763 7.057393 1.935000
vn 0.000000 -0.000000 -1.000000
f 13636//4546 13637//4546 13638//4546
v 6.835000 7.107032 2.065000
v 6.721645 7.153985 2.065000
v 6.695763 7.057393 2.065000
vn 0.000000 0.000000 1.000000
f 13639//4547 13640//4547 13641//4547
v 6.835000 7.107032 2.065000
v 6.695763 7.057393 2.065000
v 6.785000 7.020429 2.065000
vn 0.000000 0.000000 1.000000
f 13642//4548 13643//4548 13644//4548
v 6.721645 7.153985 1.935000
v 6.600000 7.170000 1.935000
v 6.600000 7.170000 2.065000
vn 0.130526 0.991445 0.000000
f 13645//4549 13646//4549 13647//4549
v 6.721645 7.153985 1.935000
v 6.600000 7.170000 2.065000
v 6.721645 7.153985 2.065000
vn 0.130526 0.991445 -0.000000
f 13648//4550 13649//4550 13650//4550
v 6.695763 7.057393 1.935000
v 6.695763 7.057393 2.065000
v 6.600000 7.070000 2.065000
vn -0.130526 -0.991445 0.000000
f 13651//4551 13652//4551 13653//4551
v 6.695763 7.057393 1.935000
v 6.600000 7.070000 2.065000
v 6.600000 7.070000 1.935000
vn -0.130526 -0.991445 0.000000
f 13654//4552 13655//4552 13656//4552
v 6.600000 7.170000 1.935000
v 6.721645 7.153985 1.935000
v 6.695763 7.057393 1.935000
vn 0.000000 0.000000 -1.000000
f 13657//4553 13658//4553 13659//4553
v 6.600000 7.170000 1.935000
v 6.695763 7.057393 1.935000
v 6.600000 7.070000 1.935000
vn 0.000000 0.000000 -1.000000
f 13660//4554 13661//4554 13662//4554
v 6.721645 7.153985 2.065000
v 6.600000 7.170000 2.065000
v 6.600000 7.070000 2.065000
vn 0.000000 0.000000 1.000000
f 13663//4555 13664//4555 13665//4555
v 6.721645 7.153985 2.065000
v 6.600000 7.070000 2.065000
v 6.695763 7.057393 2.065000
vn 0.000000 0.000000 1.000000
f 13666//4556 13667//4556 13668//4556
v 6.600000 7.170000 1.935000
v 6.478355 7.153985 1.935000
v 6.478355 7.153985 2.065000
vn -0.130526 0.991445 0.000000
f 13669//4557 13670//4557 13671//4557
v 6.600000 7.170000 1.935000
v 6.478355 7.153985 2.065000
v 6.600000 7.170000 2.065000
vn -0.130526 0.991445 0.000000
f 13672//4558 13673//4558 13674//4558
v 6.600000 7.070000 1.935000
v 6.600000 7.070000 2.065000
v 6.504237 7.057393 2.065000
vn 0.130526 -0.991445 0.000000
f 13675//4559 13676//4559 13677//4559
v 6.600000 7.070000 1.935000
v 6.504237 7.057393 2.065000
v 6.504237 7.057393 1.935000
vn 0.130526 -0.991445 0.000000
f 13678//4560 13679//4560 13680//4560
v 6.478355 7.153985 1.935000
v 6.600000 7.170000 1.935000
v 6.600000 7.070000 1.935000
vn 0.000000 0.000000 -1.000000
f 13681//4561 13682//4561 13683//4561
v 6.478355 7.153985 1.935000
v 6.600000 7.070000 1.935000
v 6.504237 7.057393 1.935000
vn 0.000000 0.000000 -1.000000
f 13684//4562 13685//4562 13686//4562
v 6.600000 7.170000 2.065000
v 6.478355 7.153985 2.065000
v 6.504237 7.057393 2.065000
vn 0.000000 0.000000 1.000000
f 13687//4563 13688//4563 13689//4563
v 6.600000 7.170000 2.065000
v 6.504237 7.057393 2.065000
v 6.600000 7.070000 2.065000
vn 0.000000 0.000000 1.000000
f 13690//4564 13691//4564 13692//4564
v 6.478355 7.153985 1.935000
v 6.365000 7.107032 1.935000
v 6.365000 7.107032 2.065000
vn -0.382683 0.923880 0.000000
f 13693//4565 13694//4565 13695//4565
v 6.478355 7.153985 1.935000
v 6.365000 7.107032 2.065000
v 6.478355 7.153985 2.065000
vn -0.382683 0.923880 0.000000
f 13696//4566 13697//4566 13698//4566
v 6.504237 7.057393 1.935000
v 6.504237 7.057393 2.065000
v 6.415000 7.020429 2.065000
vn 0.382683 -0.923880 0.000000
f 13699//4567 13700//4567 13701//4567
v 6.504237 7.057393 1.935000
v 6.415000 7.020429 2.065000
v 6.415000 7.020429 1.935000
vn 0.382683 -0.923880 0.000000
f 13702//4568 13703//4568 13704//4568
v 6.365000 7.107032 1.935000
v 6.478355 7.153985 1.935000
v 6.504237 7.057393 1.935000
vn 0.000000 0.000000 -1.000000
f 13705//4569 13706//4569 13707//4569
v 6.365000 7.107032 1.935000
v 6.504237 7.057393 1.935000
v 6.415000 7.020429 1.935000
vn 0.000000 0.000000 -1.000000
f 13708//4570 13709//4570 13710//4570
v 6.478355 7.153985 2.065000
v 6.365000 7.107032 2.065000
v 6.415000 7.020429 2.065000
vn 0.000000 0.000000 1.000000
f 13711//4571 13712//4571 13713//4571
v 6.478355 7.153985 2.065000
v 6.415000 7.020429 2.065000
v 6.504237 7.057393 2.065000
vn 0.000000 0.000000 1.000000
f 13714//4572 13715//4572 13716//4572
v 6.365000 7.107032 1.935000
v 6.267660 7.032340 1.935000
v 6.267660 7.032340 2.065000
vn -0.608761 0.793353 0.000000
f 13717//4573 13718//4573 13719//4573
v 6.365000 7.107032 1.935000
v 6.267660 7.032340 2.065000
v 6.365000 7.107032 2.065000
vn -0.608761 0.793353 0.000000
f 13720//4574 13721//4574 13722//4574
v 6.415000 7.020429 1.935000
v 6.415000 7.020429 2.065000
v 6.338370 6.961630 2.065000
vn 0.608761 -0.793353 0.000000
f 13723//4575 13724//4575 13725//4575
v 6.415000 7.020429 1.935000
v 6.338370 6.961630 2.065000
v 6.338370 6.961630 1.935000
vn 0.608761 -0.793353 0.000000
f 13726//4576 13727//4576 13728//4576
v 6.267660 7.032340 1.935000
v 6.365000 7.107032 1.935000
v 6.415000 7.020429 1.935000
vn 0.000000 0.000000 -1.000000
f 13729//4577 13730//4577 13731//4577
v 6.267660 7.032340 1.935000
v 6.415000 7.020429 1.935000
v 6.338370 6.961630 1.935000
vn 0.000000 0.000000 -1.000000
f 13732//4578 13733//4578 13734//4578
v 6.365000 7.107032 2.065000
v 6.267660 7.032340 2.065000
v 6.338370 6.961630 2.065000
vn 0.000000 0.000000 1.000000
f 13735//4579 13736//4579 13737//4579
v 6.365000 7.107032 2.065000
v 6.338370 6.961630 2.065000
v 6.415000 7.020429 2.065000
vn 0.000000 0.000000 1.000000
f 13738//4580 13739//4580 13740//4580
v 6.267660 7.032340 1.935000
v 6.192968 6.935000 1.935000
v 6.192968 6.935000 2.065000
vn -0.793353 0.608761 0.000000
f 13741//4581 13742//4581 13743//4581
v 6.267660 7.032340 1.935000
v 6.192968 6.935000 2.065000
v 6.267660 7.032340 2.065000
vn -0.793353 0.608761 0.000000
f 13744//4582 13745//4582 13746//4582
v 6.338370 6.961630 1.935000
v 6.338370 6.961630 2.065000
v 6.279571 6.885000 2.065000
vn 0.793353 -0.608761 0.000000
f 13747//4583 13748//4583 13749//4583
v 6.338370 6.961630 1.935000
v 6.279571 6.885000 2.065000
v 6.279571 6.885000 1.935000
vn 0.793353 -0.608761 0.000000
f 13750//4584 13751//4584 13752//4584
v 6.192968 6.935000 1.935000
v 6.267660 7.032340 1.935000
v 6.338370 6.961630 1.935000
vn 0.000000 0.000000 -1.000000
f 13753//4585 13754//4585 13755//4585
v 6.192968 6.935000 1.935000
v 6.338370 6.961630 1.935000
v 6.279571 6.885000 1.935000
vn 0.000000 0.000000 -1.000000
f 13756//4586 13757//4586 13758//4586
v 6.267660 7.032340 2.065000
v 6.192968 6.935000 2.065000
v 6.279571 6.885000 2.065000
vn 0.000000 0.000000 1.000000
f 13759//4587 13760//4587 13761//4587
v 6.267660 7.032340 2.065000
v 6.279571 6.885000 2.065000
v 6.338370 6.961630 2.065000
vn 0.000000 0.000000 1.000000
f 13762//4588 13763//4588 13764//4588
v 6.192968 6.935000 1.935000
v 6.146015 6.821645 1.935000
v 6.146015 6.821645 2.065000
vn -0.923880 0.382683 0.000000
f 13765//4589 13766//4589 13767//4589
v 6.192968 6.935000 1.935000
v 6.146015 6.821645 2.065000
v 6.192968 6.935000 2.065000
vn -0.923880 0.382683 0.000000
f 13768//4590 13769//4590 13770//4590
v 6.279571 6.885000 1.935000
v 6.279571 6.885000 2.065000
v 6.242607 6.795763 2.065000
vn 0.923880 -0.382683 0.000000
f 13771//4591 13772//4591 13773//4591
v 6.279571 6.885000 1.935000
v 6.242607 6.795763 2.065000
v 6.242607 6.795763 1.935000
vn 0.923880 -0.382683 0.000000
f 13774//4592 13775//4592 13776//4592
v 6.146015 6.821645 1.935000
v 6.192968 6.935000 1.935000
v 6.279571 6.885000 1.935000
vn 0.000000 0.000000 -1.000000
f 13777//4593 13778//4593 13779//4593
v 6.146015 6.821645 1.935000
v 6.279571 6.885000 1.935000
v 6.242607 6.795763 1.935000
vn 0.000000 0.000000 -1.000000
f 13780//4594 13781//4594 13782//4594
v 6.192968 6.935000 2.065000
v 6.146015 6.821645 2.065000
v 6.242607 6.795763 2.065000
vn 0.000000 0.000000 1.000000
f 13783//4595 13784//4595 13785//4595
v 6.192968 6.935000 2.065000
v 6.242607 6.795763 2.065000
v 6.279571 6.885000 2.065000
vn 0.000000 0.000000 1.000000
f 13786//4596 13787//4596 13788//4596
v 6.146015 6.821645 1.935000
v 6.130000 6.700000 1.935000
v 6.130000 6.700000 2.065000
vn -0.991445 0.130526 0.000000
f 13789//4597 13790//4597 13791//4597
v 6.146015 6.821645 1.935000
v 6.130000 6.700000 2.065000
v 6.146015 6.821645 2.065000
vn -0.991445 0.130526 0.000000
f 13792//4598 13793//4598 13794//4598
v 6.242607 6.795763 1.935000
v 6.242607 6.795763 2.065000
v 6.230000 6.700000 2.065000
vn 0.991445 -0.130526 0.000000
f 13795//4599 13796//4599 13797//4599
v 6.242607 6.795763 1.935000
v 6.230000 6.700000 2.065000
v 6.230000 6.700000 1.935000
vn 0.991445 -0.130526 0.000000
f 13798//4600 13799//4600 13800//4600
v 6.130000 6.700000 1.935000
v 6.146015 6.821645 1.935000
v 6.242607 6.795763 1.935000
vn 0.000000 0.000000 -1.000000
f 13801//4601 13802//4601 13803//4601
v 6.130000 6.700000 1.935000
v 6.242607 6.795763 1.935000
v 6.230000 6.700000 1.935000
vn 0.000000 0.000000 -1.000000
f 13804//4602 13805//4602 13806//4602
v 6.146015 6.821645 2.065000
v 6.130000 6.700000 2.065000
v 6.230000 6.700000 2.065000
vn 0.000000 0.000000 1.000000
f 13807//4603 13808//4603 13809//4603
v 6.146015 6.821645 2.065000
v 6.230000 6.700000 2.065000
v 6.242607 6.795763 2.065000
vn 0.000000 0.000000 1.000000
f 13810//4604 13811//4604 13812//4604
v 6.130000 6.700000 5.935000
v 6.146015 6.578355 5.935000
v 6.146015 6.578355 6.065000
vn -0.991445 -0.130526 0.000000
f 13813//4605 13814//4605 13815//4605
v 6.130000 6.700000 5.935000
v 6.146015 6.578355 6.065000
v 6.130000 6.700000 6.065000
vn -0.991445 -0.130526 0.000000
f 13816//4606 13817//4606 13818//4606
v 6.230000 6.700000 5.935000
v 6.230000 6.700000 6.065000
v 6.242607 6.604237 6.065000
vn 0.991445 0.130526 -0.000000
f 13819//4607 13820//4607 13821//4607
v 6.230000 6.700000 5.935000
v 6.242607 6.604237 6.065000
v 6.242607 6.604237 5.935000
vn 0.991445 0.130526 0.000000
f 13822//4608 13823//4608 13824//4608
v 6.146015 6.578355 5.935000
v 6.130000 6.700000 5.935000
v 6.230000 6.700000 5.935000
vn 0.000000 0.000000 -1.000000
f 13825//4609 13826//4609 13827//4609
v 6.146015 6.578355 5.935000
v 6.230000 6.700000 5.935000
v 6.242607 6.604237 5.935000
vn 0.000000 0.000000 -1.000000
f 13828//4610 13829//4610 13830//4610
v 6.130000 6.700000 6.065000
v 6.146015 6.578355 6.065000
v 6.242607 6.604237 6.065000
vn 0.000000 0.000000 1.000000
f 13831//4611 13832//4611 13833//4611
v 6.130000 6.700000 6.065000
v 6.242607 6.604237 6.065000
v 6.230000 6.700000 6.065000
vn -0.000000 0.000000 1.000000
f 13834//4612 13835//4612 13836//4612
v 6.146015 6.578355 5.935000
v 6.192968 6.465000 5.935000
v 6.192968 6.465000 6.065000
vn -0.923880 -0.382683 0.000000
f 13837//4613 13838//4613 13839//4613
v 6.146015 6.578355 5.935000
v 6.192968 6.465000 6.065000
v 6.146015 6.578355 6.065000
vn -0.923880 -0.382683 0.000000
f 13840//4614 13841//4614 13842//4614
v 6.242607 6.604237 5.935000
v 6.242607 6.604237 6.065000
v 6.279571 6.515000 6.065000
vn 0.923880 0.382683 -0.000000
f 13843//4615 13844//4615 13845//4615
v 6.242607 6.604237 5.935000
v 6.279571 6.515000 6.065000
v 6.279571 6.515000 5.935000
vn 0.923880 0.382683 0.000000
f 13846//4616 13847//4616 13848//4616
v 6.192968 6.465000 5.935000
v 6.146015 6.578355 5.935000
v 6.242607 6.604237 5.935000
vn 0.000000 0.000000 -1.000000
f 13849//4617 13850//4617 13851//4617
v 6.192968 6.465000 5.935000
v 6.242607 6.604237 5.935000
v 6.279571 6.515000 5.935000
vn 0.000000 0.000000 -1.000000
f 13852//4618 13853//4618 13854//4618
v 6.146015 6.578355 6.065000
v 6.192968 6.465000 6.065000
v 6.279571 6.515000 6.065000
vn 0.000000 0.000000 1.000000
f 13855//4619 13856//4619 13857//4619
v 6.146015 6.578355 6.065000
v 6.279571 6.515000 6.065000
v 6.242607 6.604237 6.065000
vn -0.000000 0.000000 1.000000
f 13858//4620 13859//4620 13860//4620
v 6.192968 6.465000 5.935000
v 6.267660 6.367660 5.935000
v 6.267660 6.367660 6.065000
vn -0.793353 -0.608761 0.000000
f 13861//4621 13862//4621 13863//4621
v 6.192968 6.465000 5.935000
v 6.267660 6.367660 6.065000
v 6.192968 6.465000 6.065000
vn -0.793353 -0.608761 0.000000
f 13864//4622 13865//4622 13866//4622
v 6.279571 6.515000 5.935000
v 6.279571 6.515000 6.065000
v 6.338370 6.438370 6.065000
vn 0.793353 0.608761 -0.000000
f 13867//4623 13868//4623 13869//4623
v 6.279571 6.515000 5.935000
v 6.338370 6.438370 6.065000
v 6.338370 6.438370 5.935000
vn 0.793353 0.608761 0.000000
f 13870//4624 13871//4624 13872//4624
v 6.267660 6.367660 5.935000
v 6.192968 6.465000 5.935000
v 6.279571 6.515000 5.935000
vn 0.000000 0.000000 -1.000000
f 13873//4625 13874//4625 13875//4625
v 6.267660 6.367660 5.935000
v 6.279571 6.515000 5.935000
v 6.338370 6.438370 5.935000
vn 0.000000 0.000000 -1.000000
f 13876//4626 13877//4626 13878//4626
v 6.192968 6.465000 6.065000
v 6.267660 6.367660 6.065000
v 6.338370 6.438370 6.065000
vn 0.000000 0.000000 1.000000
f 13879//4627 13880//4627 13881//4627
v 6.192968 6.465000 6.065000
v 6.338370 6.438370 6.065000
v 6.279571 6.515000 6.065000
vn -0.000000 0.000000 1.000000
f 13882//4628 13883//4628 13884//4628
v 6.267660 6.367660 5.935000
v 6.365000 6.292968 5.935000
v 6.365000 6.292968 6.065000
vn -0.608761 -0.793353 0.000000
f 13885//4629 13886//4629 13887//4629
v 6.267660 6.367660 5.935000
v 6.365000 6.292968 6.065000
v 6.267660 6.367660 6.065000
vn -0.608761 -0.793353 0.000000
f 13888//4630 13889//4630 13890//4630
v 6.338370 6.438370 5.935000
v 6.338370 6.438370 6.065000
v 6.415000 6.379571 6.065000
vn 0.608761 0.793353 -0.000000
f 13891//4631 13892//4631 13893//4631
v 6.338370 6.438370 5.935000
v 6.415000 6.379571 6.065000
v 6.415000 6.379571 5.935000
vn 0.608761 0.793353 0.000000
f 13894//4632 13895//4632 13896//4632
v 6.365000 6.292968 5.935000
v 6.267660 6.367660 5.935000
v 6.338370 6.438370 5.935000
vn 0.000000 0.000000 -1.000000
f 13897//4633 13898//4633 13899//4633
v 6.365000 6.292968 5.935000
v 6.338370 6.438370 5.935000
v 6.415000 6.379571 5.935000
vn 0.000000 0.000000 -1.000000
f 13900//4634 13901//4634 13902//4634
v 6.267660 6.367660 6.065000
v 6.365000 6.292968 6.065000
v 6.415000 6.379571 6.065000
vn -0.000000 0.000000 1.000000
f 13903//4635 13904//4635 13905//4635
v 6.267660 6.367660 6.065000
v 6.415000 6.379571 6.065000
v 6.338370 6.438370 6.065000
vn 0.000000 0.000000 1.000000
f 13906//4636 13907//4636 13908//4636
v 6.365000 6.292968 5.935000
v 6.478355 6.246015 5.935000
v 6.478355 6.246015 6.065000
vn -0.382683 -0.923880 0.000000
f 13909//4637 13910//4637 13911//4637
v 6.365000 6.292968 5.935000
v 6.478355 6.246015 6.065000
v 6.365000 6.292968 6.065000
vn -0.382683 -0.923880 0.000000
f 13912//4638 13913//4638 13914//4638
v 6.415000 6.379571 5.935000
v 6.415000 6.379571 6.065000
v 6.504237 6.342607 6.065000
vn 0.382683 0.923880 -0.000000
f 13915//4639 13916//4639 13917//4639
v 6.415000 6.379571 5.935000
v 6.504237 6.342607 6.065000
v 6.504237 6.342607 5.935000
vn 0.382683 0.923880 0.000000
f 13918//4640 13919//4640 13920//4640
v 6.478355 6.246015 5.935000
v 6.365000 6.292968 5.935000
v 6.415000 6.379571 5.935000
vn 0.000000 0.000000 -1.000000
f 13921//4641 13922//4641 13923//4641
v 6.478355 6.246015 5.935000
v 6.415000 6.379571 5.935000
v 6.504237 6.342607 5.935000
vn 0.000000 0.000000 -1.000000
f 13924//4642 13925//4642 13926//4642
v 6.365000 6.292968 6.065000
v 6.478355 6.246015 6.065000
v 6.504237 6.342607 6.065000
vn -0.000000 0.000000 1.000000
f 13927//4643 13928//4643 13929//4643
v 6.365000 6.292968 6.065000
v 6.504237 6.342607 6.065000
v 6.415000 6.379571 6.065000
vn 0.000000 0.000000 1.000000
f 13930//4644 13931//4644 13932//4644
v 6.478355 6.246015 5.935000
v 6.600000 6.230000 5.935000
v 6.600000 6.230000 6.065000
vn -0.130526 -0.991445 0.000000
f 13933//4645 13934//4645 13935//4645
v 6.478355 6.246015 5.935000
v 6.600000 6.230000 6.065000
v 6.478355 6.246015 6.065000
vn -0.130526 -0.991445 0.000000
f 13936//4646 13937//4646 13938//4646
v 6.504237 6.342607 5.935000
v 6.504237 6.342607 6.065000
v 6.600000 6.330000 6.065000
vn 0.130526 0.991445 -0.000000
f 13939//4647 13940//4647 13941//4647
v 6.504237 6.342607 5.935000
v 6.600000 6.330000 6.065000
v 6.600000 6.330000 5.935000
vn 0.130526 0.991445 0.000000
f 13942//4648 13943//4648 13944//4648
v 6.600000 6.230000 5.935000
v 6.478355 6.246015 5.935000
v 6.504237 6.342607 5.935000
vn 0.000000 0.000000 -1.000000
f 13945//4649 13946//4649 13947//4649
v 6.600000 6.230000 5.935000
v 6.504237 6.342607 5.935000
v 6.600000 6.330000 5.935000
vn 0.000000 0.000000 -1.000000
f 13948//4650 13949//4650 13950//4650
v 6.478355 6.246015 6.065000
v 6.600000 6.230000 6.065000
v 6.600000 6.330000 6.065000
vn -0.000000 0.000000 1.000000
f 13951//4651 13952//4651 13953//4651
v 6.478355 6.246015 6.065000
v 6.600000 6.330000 6.065000
v 6.504237 6.342607 6.065000
vn 0.000000 0.000000 1.000000
f 13954//4652 13955//4652 13956//4652
v 6.600000 6.230000 5.935000
v 6.721645 6.246015 5.935000
v 6.721645 6.246015 6.065000
vn 0.130526 -0.991445 0.000000
f 13957//4653 13958//4653 13959//4653
v 6.600000 6.230000 5.935000
v 6.721645 6.246015 6.065000
v 6.600000 6.230000 6.065000
vn 0.130526 -0.991445 0.000000
f 13960//4654 13961//4654 13962//4654
v 6.600000 6.330000 5.935000
v 6.600000 6.330000 6.065000
v 6.695763 6.342607 6.065000
vn -0.130526 0.991445 0.000000
f 13963//4655 13964//4655 13965//4655
v 6.600000 6.330000 5.935000
v 6.695763 6.342607 6.065000
v 6.695763 6.342607 5.935000
vn -0.130526 0.991445 0.000000
f 13966//4656 13967//4656 13968//4656
v 6.721645 6.246015 5.935000
v 6.600000 6.230000 5.935000
v 6.600000 6.330000 5.935000
vn -0.000000 0.000000 -1.000000
f 13969//4657 13970//4657 13971//4657
v 6.721645 6.246015 5.935000
v 6.600000 6.330000 5.935000
v 6.695763 6.342607 5.935000
vn 0.000000 0.000000 -1.000000
f 13972//4658 13973//4658 13974//4658
v 6.600000 6.230000 6.065000
v 6.721645 6.246015 6.065000
v 6.695763 6.342607 6.065000
vn 0.000000 0.000000 1.000000
f 13975//4659 13976//4659 13977//4659
v 6.600000 6.230000 6.065000
v 6.695763 6.342607 6.065000
v 6.600000 6.330000 6.065000
vn 0.000000 0.000000 1.000000
f 13978//4660 13979//4660 13980//4660
v 6.721645 6.246015 5.935000
v 6.835000 6.292968 5.935000
v 6.835000 6.292968 6.065000
vn 0.382683 -0.923880 0.000000
f 13981//4661 13982//4661 13983//4661
v 6.721645 6.246015 5.935000
v 6.835000 6.292968 6.065000
v 6.721645 6.246015 6.065000
vn 0.382683 -0.923880 0.000000
f 13984//4662 13985//4662 13986//4662
v 6.695763 6.342607 5.935000
v 6.695763 6.342607 6.065000
v 6.785000 6.379571 6.065000
vn -0.382683 0.923880 0.000000
f 13987//4663 13988//4663 13989//4663
v 6.695763 6.342607 5.935000
v 6.785000 6.379571 6.065000
v 6.785000 6.379571 5.935000
vn -0.382683 0.923880 0.000000
f 13990//4664 13991//4664 13992//4664
v 6.835000 6.292968 5.935000
v 6.721645 6.246015 5.935000
v 6.695763 6.342607 5.935000
vn -0.000000 0.000000 -1.000000
f 13993//4665 13994//4665 13995//4665
v 6.835000 6.292968 5.935000
v 6.695763 6.342607 5.935000
v 6.785000 6.379571 5.935000
vn 0.000000 0.000000 -1.000000
f 13996//4666 13997//4666 13998//4666
v 6.721645 6.246015 6.065000
v 6.835000 6.292968 6.065000
v 6.785000 6.379571 6.065000
vn 0.000000 0.000000 1.000000
f 13999//4667 14000//4667 14001//4667
v 6.721645 6.246015 6.065000
v 6.785000 6.379571 6.065000
v 6.695763 6.342607 6.065000
vn 0.000000 -0.000000 1.000000
f 14002//4668 14003//4668 14004//4668
v 6.835000 6.292968 5.935000
v 6.932340 6.367660 5.935000
v 6.932340 6.367660 6.065000
vn 0.608761 -0.793353 0.000000
f 14005//4669 14006//4669 14007//4669
v 6.835000 6.292968 5.935000
v 6.932340 6.367660 6.065000
v 6.835000 6.292968 6.065000
vn 0.608761 -0.793353 0.000000
f 14008//4670 14009//4670 14010//4670
v 6.785000 6.379571 5.935000
v 6.785000 6.379571 6.065000
v 6.861630 6.438370 6.065000
vn -0.608761 0.793353 0.000000
f 14011//4671 14012//4671 14013//4671
v 6.785000 6.379571 5.935000
v 6.861630 6.438370 6.065000
v 6.861630 6.438370 5.935000
vn -0.608761 0.793353 0.000000
f 14014//4672 14015//4672 14016//4672
v 6.932340 6.367660 5.935000
v 6.835000 6.292968 5.935000
v 6.785000 6.379571 5.935000
vn -0.000000 0.000000 -1.000000
f 14017//4673 14018//4673 14019//4673
v 6.932340 6.367660 5.935000
v 6.785000 6.379571 5.935000
v 6.861630 6.438370 5.935000
vn 0.000000 0.000000 -1.000000
f 14020//4674 14021//4674 14022//4674
v 6.835000 6.292968 6.065000
v 6.932340 6.367660 6.065000
v 6.861630 6.438370 6.065000
vn 0.000000 0.000000 1.000000
f 14023//4675 14024//4675 14025//4675
v 6.835000 6.292968 6.065000
v 6.861630 6.438370 6.065000
v 6.785000 6.379571 6.065000
vn 0.000000 -0.000000 1.000000
f 14026//4676 14027//4676 14028//4676
v 6.932340 6.367660 5.935000
v 7.007032 6.465000 5.935000
v 7.007032 6.465000 6.065000
vn 0.793353 -0.608761 0.000000
f 14029//4677 14030//4677 14031//4677
v 6.932340 6.367660 5.935000
v 7.007032 6.465000 6.065000
v 6.932340 6.367660 6.065000
vn 0.793353 -0.608761 0.000000
f 14032//4678 14033//4678 14034//4678
v 6.861630 6.438370 5.935000
v 6.861630 6.438370 6.065000
v 6.920429 6.515000 6.065000
vn -0.793353 0.608761 0.000000
f 14035//4679 14036//4679 14037//4679
v 6.861630 6.438370 5.935000
v 6.920429 6.515000 6.065000
v 6.920429 6.515000 5.935000
vn -0.793353 0.608761 0.000000
f 14038//4680 14039//4680 14040//4680
v 7.007032 6.465000 5.935000
v 6.932340 6.367660 5.935000
v 6.861630 6.438370 5.935000
vn 0.000000 0.000000 -1.000000
f 14041//4681 14042//4681 14043//4681
v 7.007032 6.465000 5.935000
v 6.861630 6.438370 5.935000
v 6.920429 6.515000 5.935000
vn -0.000000 0.000000 -1.000000
f 14044//4682 14045//4682 14046//4682
v 6.932340 6.367660 6.065000
v 7.007032 6.465000 6.065000
v 6.920429 6.515000 6.065000
vn 0.000000 -0.000000 1.000000
f 14047//4683 14048//4683 14049//4683
v 6.932340 6.367660 6.065000
v 6.920429 6.515000 6.065000
v 6.861630 6.438370 6.065000
vn 0.000000 0.000000 1.000000
f 14050//4684 14051//4684 14052//4684
v 7.007032 6.465000 5.935000
v 7.053985 6.578355 5.935000
v 7.053985 6.578355 6.065000
vn 0.923880 -0.382683 0.000000
f 14053//4685 14054//4685 14055//4685
v 7.007032 6.465000 5.935000
v 7.053985 6.578355 6.065000
v 7.007032 6.465000 6.065000
vn 0.923880 -0.382683 0.000000
f 14056//4686 14057//4686 14058//4686
v 6.920429 6.515000 5.935000
v 6.920429 6.515000 6.065000
v 6.957393 6.604237 6.065000
vn -0.923880 0.382683 0.000000
f 14059//4687 14060//4687 14061//4687
v 6.920429 6.515000 5.935000
v 6.957393 6.604237 6.065000
v 6.957393 6.604237 5.935000
vn -0.923880 0.382683 0.000000
f 14062//4688 14063//4688 14064//4688
v 7.053985 6.578355 5.935000
v 7.007032 6.465000 5.935000
v 6.920429 6.515000 5.935000
vn 0.000000 0.000000 -1.000000
f 14065//4689 14066//4689 14067//4689
v 7.053985 6.578355 5.935000
v 6.920429 6.515000 5.935000
v 6.957393 6.604237 5.935000
vn -0.000000 0.000000 -1.000000
f 14068//4690 14069//4690 14070//4690
v 7.007032 6.465000 6.065000
v 7.053985 6.578355 6.065000
v 6.957393 6.604237 6.065000
vn 0.000000 -0.000000 1.000000
f 14071//4691 14072//4691 14073//4691
v 7.007032 6.465000 6.065000
v 6.957393 6.604237 6.065000
v 6.920429 6.515000 6.065000
vn 0.000000 0.000000 1.000000
f 14074//4692 14075//4692 14076//4692
v 7.053985 6.578355 5.935000
v 7.070000 6.700000 5.935000
v 7.070000 6.700000 6.065000
vn 0.991445 -0.130526 0.000000
f 14077//4693 14078//4693 14079//4693
v 7.053985 6.578355 5.935000
v 7.070000 6.700000 6.065000
v 7.053985 6.578355 6.065000
vn 0.991445 -0.130526 0.000000
f 14080//4694 14081//4694 14082//4694
v 6.957393 6.604237 5.935000
v 6.957393 6.604237 6.065000
v 6.970000 6.700000 6.065000
vn -0.991445 0.130526 0.000000
f 14083//4695 14084//4695 14085//4695
v 6.957393 6.604237 5.935000
v 6.970000 6.700000 6.065000
v 6.970000 6.700000 5.935000
vn -0.991445 0.130526 0.000000
f 14086//4696 14087//4696 14088//4696
v 7.070000 6.700000 5.935000
v 7.053985 6.578355 5.935000
v 6.957393 6.604237 5.935000
vn 0.000000 0.000000 -1.000000
f 14089//4697 14090//4697 14091//4697
v 7.070000 6.700000 5.935000
v 6.957393 6.604237 5.935000
v 6.970000 6.700000 5.935000
vn -0.000000 0.000000 -1.000000
f 14092//4698 14093//4698 14094//4698
v 7.053985 6.578355 6.065000
v 7.070000 6.700000 6.065000
v 6.970000 6.700000 6.065000
vn 0.000000 -0.000000 1.000000
f 14095//4699 14096//4699 14097//4699
v 7.053985 6.578355 6.065000
v 6.970000 6.700000 6.065000
v 6.957393 6.604237 6.065000
vn 0.000000 0.000000 1.000000
f 14098//4700 14099//4700 14100//4700
v 7.070000 6.700000 5.935000
v 7.053985 6.821645 5.935000
v 7.053985 6.821645 6.065000
vn 0.991445 0.130526 0.000000
f 14101//4701 14102//4701 14103//4701
v 7.070000 6.700000 5.935000
v 7.053985 6.821645 6.065000
v 7.070000 6.700000 6.065000
vn 0.991445 0.130526 -0.000000
f 14104//4702 14105//4702 14106//4702
v 6.970000 6.700000 5.935000
v 6.970000 6.700000 6.065000
v 6.957393 6.795763 6.065000
vn -0.991445 -0.130526 0.000000
f 14107//4703 14108//4703 14109//4703
v 6.970000 6.700000 5.935000
v 6.957393 6.795763 6.065000
v 6.957393 6.795763 5.935000
vn -0.991445 -0.130526 0.000000
f 14110//4704 14111//4704 14112//4704
v 7.053985 6.821645 5.935000
v 7.070000 6.700000 5.935000
v 6.970000 6.700000 5.935000
vn 0.000000 -0.000000 -1.000000
f 14113//4705 14114//4705 14115//4705
v 7.053985 6.821645 5.935000
v 6.970000 6.700000 5.935000
v 6.957393 6.795763 5.935000
vn 0.000000 0.000000 -1.000000
f 14116//4706 14117//4706 14118//4706
v 7.070000 6.700000 6.065000
v 7.053985 6.821645 6.065000
v 6.957393 6.795763 6.065000
vn 0.000000 0.000000 1.000000
f 14119//4707 14120//4707 14121//4707
v 7.070000 6.700000 6.065000
v 6.957393 6.795763 6.065000
v 6.970000 6.700000 6.065000
vn 0.000000 0.000000 1.000000
f 14122//4708 14123//4708 14124//4708
v 7.053985 6.821645 5.935000
v 7.007032 6.935000 5.935000
v 7.007032 6.935000 6.065000
vn 0.923880 0.382683 0.000000
f 14125//4709 14126//4709 14127//4709
v 7.053985 6.821645 5.935000
v 7.007032 6.935000 6.065000
v 7.053985 6.821645 6.065000
vn 0.923880 0.382683 -0.000000
f 14128//4710 14129//4710 14130//4710
v 6.957393 6.795763 5.935000
v 6.957393 6.795763 6.065000
v 6.920429 6.885000 6.065000
vn -0.923880 -0.382683 0.000000
f 14131//4711 14132//4711 14133//4711
v 6.957393 6.795763 5.935000
v 6.920429 6.885000 6.065000
v 6.920429 6.885000 5.935000
vn -0.923880 -0.382683 0.000000
f 14134//4712 14135//4712 14136//4712
v 7.007032 6.935000 5.935000
v 7.053985 6.821645 5.935000
v 6.957393 6.795763 5.935000
vn 0.000000 -0.000000 -1.000000
f 14137//4713 14138//4713 14139//4713
v 7.007032 6.935000 5.935000
v 6.957393 6.795763 5.935000
v 6.920429 6.885000 5.935000
vn 0.000000 0.000000 -1.000000
f 14140//4714 14141//4714 14142//4714
v 7.053985 6.821645 6.065000
v 7.007032 6.935000 6.065000
v 6.920429 6.885000 6.065000
vn 0.000000 0.000000 1.000000
f 14143//4715 14144//4715 14145//4715
v 7.053985 6.821645 6.065000
v 6.920429 6.885000 6.065000
v 6.957393 6.795763 6.065000
vn 0.000000 0.000000 1.000000
f 14146//4716 14147//4716 14148//4716
v 7.007032 6.935000 5.935000
v 6.932340 7.032340 5.935000
v 6.932340 7.032340 6.065000
vn 0.793353 0.608761 0.000000
f 14149//4717 14150//4717 14151//4717
v 7.007032 6.935000 5.935000
v 6.932340 7.032340 6.065000
v 7.007032 6.935000 6.065000
vn 0.793353 0.608761 -0.000000
f 14152//4718 14153//4718 14154//4718
v 6.920429 6.885000 5.935000
v 6.920429 6.885000 6.065000
v 6.861630 6.961630 6.065000
vn -0.793353 -0.608761 0.000000
f 14155//4719 14156//4719 14157//4719
v 6.920429 6.885000 5.935000
v 6.861630 6.961630 6.065000
v 6.861630 6.961630 5.935000
vn -0.793353 -0.608761 0.000000
f 14158//4720 14159//4720 14160//4720
v 6.932340 7.032340 5.935000
v 7.007032 6.935000 5.935000
v 6.920429 6.885000 5.935000
vn 0.000000 -0.000000 -1.000000
f 14161//4721 14162//4721 14163//4721
v 6.932340 7.032340 5.935000
v 6.920429 6.885000 5.935000
v 6.861630 6.961630 5.935000
vn 0.000000 0.000000 -1.000000
f 14164//4722 14165//4722 14166//4722
v 7.007032 6.935000 6.065000
v 6.932340 7.032340 6.065000
v 6.861630 6.961630 6.065000
vn 0.000000 0.000000 1.000000
f 14167//4723 14168//4723 14169//4723
v 7.007032 6.935000 6.065000
v 6.861630 6.961630 6.065000
v 6.920429 6.885000 6.065000
vn 0.000000 0.000000 1.000000
f 14170//4724 14171//4724 14172//4724
v 6.932340 7.032340 5.935000
v 6.835000 7.107032 5.935000
v 6.835000 7.107032 6.065000
vn 0.608761 0.793353 0.000000
f 14173//4725 14174//4725 14175//4725
v 6.932340 7.032340 5.935000
v 6.835000 7.107032 6.065000
v 6.932340 7.032340 6.065000
vn 0.608761 0.793353 -0.000000
f 14176//4726 14177//4726 14178//4726
v 6.861630 6.961630 5.935000
v 6.861630 6.961630 6.065000
v 6.785000 7.020429 6.065000
vn -0.608761 -0.793353 0.000000
f 14179//4727 14180//4727 14181//4727
v 6.861630 6.961630 5.935000
v 6.785000 7.020429 6.065000
v 6.785000 7.020429 5.935000
vn -0.608761 -0.793353 0.000000
f 14182//4728 14183//4728 14184//4728
v 6.835000 7.107032 5.935000
v 6.932340 7.032340 5.935000
v 6.861630 6.961630 5.935000
vn 0.000000 0.000000 -1.000000
f 14185//4729 14186//4729 14187//4729
v 6.835000 7.107032 5.935000
v 6.861630 6.961630 5.935000
v 6.785000 7.020429 5.935000
vn 0.000000 -0.000000 -1.000000
f 14188//4730 14189//4730 14190//4730
v 6.932340 7.032340 6.065000
v 6.835000 7.107032 6.065000
v 6.785000 7.020429 6.065000
vn 0.000000 0.000000 1.000000
f 14191//4731 14192//4731 14193//4731
v 6.932340 7.032340 6.065000
v 6.785000 7.020429 6.065000
v 6.861630 6.961630 6.065000
vn 0.000000 0.000000 1.000000
f 14194//4732 14195//4732 14196//4732
v 6.835000 7.107032 5.935000
v 6.721645 7.153985 5.935000
v 6.721645 7.153985 6.065000
vn 0.382683 0.923880 0.000000
f 14197//4733 14198//4733 14199//4733
v 6.835000 7.107032 5.935000
v 6.721645 7.153985 6.065000
v 6.835000 7.107032 6.065000
vn 0.382683 0.923880 -0.000000
f 14200//4734 14201//4734 14202//4734
v 6.785000 7.020429 5.935000
v 6.785000 7.020429 6.065000
v 6.695763 7.057393 6.065000
vn -0.382683 -0.923880 0.000000
f 14203//4735 14204//4735 14205//4735
v 6.785000 7.020429 5.935000
v 6.695763 7.057393 6.065000
v 6.695763 7.057393 5.935000
vn -0.382683 -0.923880 0.000000
f 14206//4736 14207//4736 14208//4736
v 6.721645 7.153985 5.935000
v 6.835000 7.107032 5.935000
v 6.785000 7.020429 5.935000
vn 0.000000 0.000000 -1.000000
f 14209//4737 14210//4737 14211//4737
v 6.721645 7.153985 5.935000
v 6.785000 7.020429 5.935000
v 6.695763 7.057393 5.935000
vn 0.000000 -0.000000 -1.000000
f 14212//4738 14213//4738 14214//4738
v 6.835000 7.107032 6.065000
v 6.721645 7.153985 6.065000
v 6.695763 7.057393 6.065000
vn 0.000000 0.000000 1.000000
f 14215//4739 14216//4739 14217//4739
v 6.835000 7.107032 6.065000
v 6.695763 7.057393 6.065000
v 6.785000 7.020429 6.065000
vn 0.000000 0.000000 1.000000
f 14218//4740 14219//4740 14220//4740
v 6.721645 7.153985 5.935000
v 6.600000 7.170000 5.935000
v 6.600000 7.170000 6.065000
vn 0.130526 0.991445 0.000000
f 14221//4741 14222//4741 14223//4741
v 6.721645 7.153985 5.935000
v 6.600000 7.170000 6.065000
v 6.721645 7.153985 6.065000
vn 0.130526 0.991445 -0.000000
f 14224//4742 14225//4742 14226//4742
v 6.695763 7.057393 5.935000
v 6.695763 7.057393 6.065000
v 6.600000 7.070000 6.065000
vn -0.130526 -0.991445 0.000000
f 14227//4743 14228//4743 14229//4743
v 6.695763 7.057393 5.935000
v 6.600000 7.070000 6.065000
v 6.600000 7.070000 5.935000
vn -0.130526 -0.991445 0.000000
f 14230//4744 14231//4744 14232//4744
v 6.600000 7.170000 5.935000
v 6.721645 7.153985 5.935000
v 6.695763 7.057393 5.935000
vn 0.000000 0.000000 -1.000000
f 14233//4745 14234//4745 14235//4745
v 6.600000 7.170000 5.935000
v 6.695763 7.057393 5.935000
v 6.600000 7.070000 5.935000
vn 0.000000 0.000000 -1.000000
f 14236//4746 14237//4746 14238//4746
v 6.721645 7.153985 6.065000
v 6.600000 7.170000 6.065000
v 6.600000 7.070000 6.065000
vn 0.000000 0.000000 1.000000
f 14239//4747 14240//4747 14241//4747
v 6.721645 7.153985 6.065000
v 6.600000 7.070000 6.065000
v 6.695763 7.057393 6.065000
vn 0.000000 0.000000 1.000000
f 14242//4748 14243//4748 14244//4748
v 6.600000 7.170000 5.935000
v 6.478355 7.153985 5.935000
v 6.478355 7.153985 6.065000
vn -0.130526 0.991445 0.000000
f 14245//4749 14246//4749 14247//4749
v 6.600000 7.170000 5.935000
v 6.478355 7.153985 6.065000
v 6.600000 7.170000 6.065000
vn -0.130526 0.991445 0.000000
f 14248//4750 14249//4750 14250//4750
v 6.600000 7.070000 5.935000
v 6.600000 7.070000 6.065000
v 6.504237 7.057393 6.065000
vn 0.130526 -0.991445 0.000000
f 14251//4751 14252//4751 14253//4751
v 6.600000 7.070000 5.935000
v 6.504237 7.057393 6.065000
v 6.504237 7.057393 5.935000
vn 0.130526 -0.991445 0.000000
f 14254//4752 14255//4752 14256//4752
v 6.478355 7.153985 5.935000
v 6.600000 7.170000 5.935000
v 6.600000 7.070000 5.935000
vn 0.000000 0.000000 -1.000000
f 14257//4753 14258//4753 14259//4753
v 6.478355 7.153985 5.935000
v 6.600000 7.070000 5.935000
v 6.504237 7.057393 5.935000
vn 0.000000 0.000000 -1.000000
f 14260//4754 14261//4754 14262//4754
v 6.600000 7.170000 6.065000
v 6.478355 7.153985 6.065000
v 6.504237 7.057393 6.065000
vn 0.000000 0.000000 1.000000
f 14263//4755 14264//4755 14265//4755
v 6.600000 7.170000 6.065000
v 6.504237 7.057393 6.065000
v 6.600000 7.070000 6.065000
vn 0.000000 0.000000 1.000000
f 14266//4756 14267//4756 14268//4756
v 6.478355 7.153985 5.935000
v 6.365000 7.107032 5.935000
v 6.365000 7.107032 6.065000
vn -0.382683 0.923880 0.000000
f 14269//4757 14270//4757 14271//4757
v 6.478355 7.153985 5.935000
v 6.365000 7.107032 6.065000
v 6.478355 7.153985 6.065000
vn -0.382683 0.923880 0.000000
f 14272//4758 14273//4758 14274//4758
v 6.504237 7.057393 5.935000
v 6.504237 7.057393 6.065000
v 6.415000 7.020429 6.065000
vn 0.382683 -0.923880 0.000000
f 14275//4759 14276//4759 14277//4759
v 6.504237 7.057393 5.935000
v 6.415000 7.020429 6.065000
v 6.415000 7.020429 5.935000
vn 0.382683 -0.923880 0.000000
f 14278//4760 14279//4760 14280//4760
v 6.365000 7.107032 5.935000
v 6.478355 7.153985 5.935000
v 6.504237 7.057393 5.935000
vn 0.000000 0.000000 -1.000000
f 14281//4761 14282//4761 14283//4761
v 6.365000 7.107032 5.935000
v 6.504237 7.057393 5.935000
v 6.415000 7.020429 5.935000
vn 0.000000 0.000000 -1.000000
f 14284//4762 14285//4762 14286//4762
v 6.478355 7.153985 6.065000
v 6.365000 7.107032 6.065000
v 6.415000 7.020429 6.065000
vn 0.000000 0.000000 1.000000
f 14287//4763 14288//4763 14289//4763
v 6.478355 7.153985 6.065000
v 6.415000 7.020429 6.065000
v 6.504237 7.057393 6.065000
vn 0.000000 0.000000 1.000000
f 14290//4764 14291//4764 14292//4764
v 6.365000 7.107032 5.935000
v 6.267660 7.032340 5.935000
v 6.267660 7.032340 6.065000
vn -0.608761 0.793353 0.000000
f 14293//4765 14294//4765 14295//4765
v 6.365000 7.107032 5.935000
v 6.267660 7.032340 6.065000
v 6.365000 7.107032 6.065000
vn -0.608761 0.793353 0.000000
f 14296//4766 14297//4766 14298//4766
v 6.415000 7.020429 5.935000
v 6.415000 7.020429 6.065000
v 6.338370 6.961630 6.065000
vn 0.608761 -0.793353 0.000000
f 14299//4767 14300//4767 14301//4767
v 6.415000 7.020429 5.935000
v 6.338370 6.961630 6.065000
v 6.338370 6.961630 5.935000
vn 0.608761 -0.793353 0.000000
f 14302//4768 14303//4768 14304//4768
v 6.267660 7.032340 5.935000
v 6.365000 7.107032 5.935000
v 6.415000 7.020429 5.935000
vn 0.000000 0.000000 -1.000000
f 14305//4769 14306//4769 14307//4769
v 6.267660 7.032340 5.935000
v 6.415000 7.020429 5.935000
v 6.338370 6.961630 5.935000
vn 0.000000 0.000000 -1.000000
f 14308//4770 14309//4770 14310//4770
v 6.365000 7.107032 6.065000
v 6.267660 7.032340 6.065000
v 6.338370 6.961630 6.065000
vn 0.000000 0.000000 1.000000
f 14311//4771 14312//4771 14313//4771
v 6.365000 7.107032 6.065000
v 6.338370 6.961630 6.065000
v 6.415000 7.020429 6.065000
vn 0.000000 0.000000 1.000000
f 14314//4772 14315//4772 14316//4772
v 6.267660 7.032340 5.935000
v 6.192968 6.935000 5.935000
v 6.192968 6.935000 6.065000
vn -0.793353 0.608761 0.000000
f 14317//4773 14318//4773 14319//4773
v 6.267660 7.032340 5.935000
v 6.192968 6.935000 6.065000
v 6.267660 7.032340 6.065000
vn -0.793353 0.608761 0.000000
f 14320//4774 14321//4774 14322//4774
v 6.338370 6.961630 5.935000
v 6.338370 6.961630 6.065000
v 6.279571 6.885000 6.065000
vn 0.793353 -0.608761 0.000000
f 14323//4775 14324//4775 14325//4775
v 6.338370 6.961630 5.935000
v 6.279571 6.885000 6.065000
v 6.279571 6.885000 5.935000
vn 0.793353 -0.608761 0.000000
f 14326//4776 14327//4776 14328//4776
v 6.192968 6.935000 5.935000
v 6.267660 7.032340 5.935000
v 6.338370 6.961630 5.935000
vn 0.000000 0.000000 -1.000000
f 14329//4777 14330//4777 14331//4777
v 6.192968 6.935000 5.935000
v 6.338370 6.961630 5.935000
v 6.279571 6.885000 5.935000
vn 0.000000 0.000000 -1.000000
f 14332//4778 14333//4778 14334//4778
v 6.267660 7.032340 6.065000
v 6.192968 6.935000 6.065000
v 6.279571 6.885000 6.065000
vn 0.000000 0.000000 1.000000
f 14335//4779 14336//4779 14337//4779
v 6.267660 7.032340 6.065000
v 6.279571 6.885000 6.065000
v 6.338370 6.961630 6.065000
vn 0.000000 0.000000 1.000000
f 14338//4780 14339//4780 14340//4780
v 6.192968 6.935000 5.935000
v 6.146015 6.821645 5.935000
v 6.146015 6.821645 6.065000
vn -0.923880 0.382683 0.000000
f 14341//4781 14342//4781 14343//4781
v 6.192968 6.935000 5.935000
v 6.146015 6.821645 6.065000
v 6.192968 6.935000 6.065000
vn -0.923880 0.382683 0.000000
f 14344//4782 14345//4782 14346//4782
v 6.279571 6.885000 5.935000
v 6.279571 6.885000 6.065000
v 6.242607 6.795763 6.065000
vn 0.923880 -0.382683 0.000000
f 14347//4783 14348//4783 14349//4783
v 6.279571 6.885000 5.935000
v 6.242607 6.795763 6.065000
v 6.242607 6.795763 5.935000
vn 0.923880 -0.382683 0.000000
f 14350//4784 14351//4784 14352//4784
v 6.146015 6.821645 5.935000
v 6.192968 6.935000 5.935000
v 6.279571 6.885000 5.935000
vn 0.000000 0.000000 -1.000000
f 14353//4785 14354//4785 14355//4785
v 6.146015 6.821645 5.935000
v 6.279571 6.885000 5.935000
v 6.242607 6.795763 5.935000
vn 0.000000 0.000000 -1.000000
f 14356//4786 14357//4786 14358//4786
v 6.192968 6.935000 6.065000
v 6.146015 6.821645 6.065000
v 6.242607 6.795763 6.065000
vn 0.000000 0.000000 1.000000
f 14359//4787 14360//4787 14361//4787
v 6.192968 6.935000 6.065000
v 6.242607 6.795763 6.065000
v 6.279571 6.885000 6.065000
vn 0.000000 0.000000 1.000000
f 14362//4788 14363//4788 14364//4788
v 6.146015 6.821645 5.935000
v 6.130000 6.700000 5.935000
v 6.130000 6.700000 6.065000
vn -0.991445 0.130526 0.000000
f 14365//4789 14366//4789 14367//4789
v 6.146015 6.821645 5.935000
v 6.130000 6.700000 6.065000
v 6.146015 6.821645 6.065000
vn -0.991445 0.130526 0.000000
f 14368//4790 14369//4790 14370//4790
v 6.242607 6.795763 5.935000
v 6.242607 6.795763 6.065000
v 6.230000 6.700000 6.065000
vn 0.991445 -0.130526 0.000000
f 14371//4791 14372//4791 14373//4791
v 6.242607 6.795763 5.935000
v 6.230000 6.700000 6.065000
v 6.230000 6.700000 5.935000
vn 0.991445 -0.130526 0.000000
f 14374//4792 14375//4792 14376//4792
v 6.130000 6.700000 5.935000
v 6.146015 6.821645 5.935000
v 6.242607 6.795763 5.935000
vn 0.000000 0.000000 -1.000000
f 14377//4793 14378//4793 14379//4793
v 6.130000 6.700000 5.935000
v 6.242607 6.795763 5.935000
v 6.230000 6.700000 5.935000
vn 0.000000 0.000000 -1.000000
f 14380//4794 14381//4794 14382//4794
v 6.146015 6.821645 6.065000
v 6.130000 6.700000 6.065000
v 6.230000 6.700000 6.065000
vn 0.000000 0.000000 1.000000
f 14383//4795 14384//4795 14385//4795
v 6.146015 6.821645 6.065000
v 6.230000 6.700000 6.065000
v 6.242607 6.795763 6.065000
vn 0.000000 0.000000 1.000000
f 14386//4796 14387//4796 14388//4796
v 6.130000 6.700000 8.935000
v 6.146015 6.578355 8.935000
v 6.146015 6.578355 9.065000
vn -0.991445 -0.130526 0.000000
f 14389//4797 14390//4797 14391//4797
v 6.130000 6.700000 8.935000
v 6.146015 6.578355 9.065000
v 6.130000 6.700000 9.065000
vn -0.991445 -0.130526 0.000000
f 14392//4798 14393//4798 14394//4798
v 6.230000 6.700000 8.935000
v 6.230000 6.700000 9.065000
v 6.242607 6.604237 9.065000
vn 0.991445 0.130526 -0.000000
f 14395//4799 14396//4799 14397//4799
v 6.230000 6.700000 8.935000
v 6.242607 6.604237 9.065000
v 6.242607 6.604237 8.935000
vn 0.991445 0.130526 0.000000
f 14398//4800 14399//4800 14400//4800
v 6.146015 6.578355 8.935000
v 6.130000 6.700000 8.935000
v 6.230000 6.700000 8.935000
vn 0.000000 0.000000 -1.000000
f 14401//4801 14402//4801 14403//4801
v 6.146015 6.578355 8.935000
v 6.230000 6.700000 8.935000
v 6.242607 6.604237 8.935000
vn 0.000000 0.000000 -1.000000
f 14404//4802 14405//4802 14406//4802
v 6.130000 6.700000 9.065000
v 6.146015 6.578355 9.065000
v 6.242607 6.604237 9.065000
vn 0.000000 0.000000 1.000000
f 14407//4803 14408//4803 14409//4803
v 6.130000 6.700000 9.065000
v 6.242607 6.604237 9.065000
v 6.230000 6.700000 9.065000
vn -0.000000 0.000000 1.000000
f 14410//4804 14411//4804 14412//4804
v 6.146015 6.578355 8.935000
v 6.192968 6.465000 8.935000
v 6.192968 6.465000 9.065000
vn -0.923880 -0.382683 0.000000
f 14413//4805 14414//4805 14415//4805
v 6.146015 6.578355 8.935000
v 6.192968 6.465000 9.065000
v 6.146015 6.578355 9.065000
vn -0.923880 -0.382683 0.000000
f 14416//4806 14417//4806 14418//4806
v 6.242607 6.604237 8.935000
v 6.242607 6.604237 9.065000
v 6.279571 6.515000 9.065000
vn 0.923880 0.382683 -0.000000
f 14419//4807 14420//4807 14421//4807
v 6.242607 6.604237 8.935000
v 6.279571 6.515000 9.065000
v 6.279571 6.515000 8.935000
vn 0.923880 0.382683 0.000000
f 14422//4808 14423//4808 14424//4808
v 6.192968 6.465000 8.935000
v 6.146015 6.578355 8.935000
v 6.242607 6.604237 8.935000
vn 0.000000 0.000000 -1.000000
f 14425//4809 14426//4809 14427//4809
v 6.192968 6.465000 8.935000
v 6.242607 6.604237 8.935000
v 6.279571 6.515000 8.935000
vn 0.000000 0.000000 -1.000000
f 14428//4810 14429//4810 14430//4810
v 6.146015 6.578355 9.065000
v 6.192968 6.465000 9.065000
v 6.279571 6.515000 9.065000
vn 0.000000 0.000000 1.000000
f 14431//4811 14432//4811 14433//4811
v 6.146015 6.578355 9.065000
v 6.279571 6.515000 9.065000
v 6.242607 6.604237 9.065000
vn -0.000000 0.000000 1.000000
f 14434//4812 14435//4812 14436//4812
v 6.192968 6.465000 8.935000
v 6.267660 6.367660 8.935000
v 6.267660 6.367660 9.065000
vn -0.793353 -0.608761 0.000000
f 14437//4813 14438//4813 14439//4813
v 6.192968 6.465000 8.935000
v 6.267660 6.367660 9.065000
v 6.192968 6.465000 9.065000
vn -0.793353 -0.608761 0.000000
f 14440//4814 14441//4814 14442//4814
v 6.279571 6.515000 8.935000
v 6.279571 6.515000 9.065000
v 6.338370 6.438370 9.065000
vn 0.793353 0.608761 -0.000000
f 14443//4815 14444//4815 14445//4815
v 6.279571 6.515000 8.935000
v 6.338370 6.438370 9.065000
v 6.338370 6.438370 8.935000
vn 0.793353 0.608761 0.000000
f 14446//4816 14447//4816 14448//4816
v 6.267660 6.367660 8.935000
v 6.192968 6.465000 8.935000
v 6.279571 6.515000 8.935000
vn 0.000000 0.000000 -1.000000
f 14449//4817 14450//4817 14451//4817
v 6.267660 6.367660 8.935000
v 6.279571 6.515000 8.935000
v 6.338370 6.438370 8.935000
vn 0.000000 0.000000 -1.000000
f 14452//4818 14453//4818 14454//4818
v 6.192968 6.465000 9.065000
v 6.267660 6.367660 9.065000
v 6.338370 6.438370 9.065000
vn 0.000000 0.000000 1.000000
f 14455//4819 14456//4819 14457//4819
v 6.192968 6.465000 9.065000
v 6.338370 6.438370 9.065000
v 6.279571 6.515000 9.065000
vn -0.000000 0.000000 1.000000
f 14458//4820 14459//4820 14460//4820
v 6.267660 6.367660 8.935000
v 6.365000 6.292968 8.935000
v 6.365000 6.292968 9.065000
vn -0.608761 -0.793353 0.000000
f 14461//4821 14462//4821 14463//4821
v 6.267660 6.367660 8.935000
v 6.365000 6.292968 9.065000
v 6.267660 6.367660 9.065000
vn -0.608761 -0.793353 0.000000
f 14464//4822 14465//4822 14466//4822
v 6.338370 6.438370 8.935000
v 6.338370 6.438370 9.065000
v 6.415000 6.379571 9.065000
vn 0.608761 0.793353 -0.000000
f 14467//4823 14468//4823 14469//4823
v 6.338370 6.438370 8.935000
v 6.415000 6.379571 9.065000
v 6.415000 6.379571 8.935000
vn 0.608761 0.793353 0.000000
f 14470//4824 14471//4824 14472//4824
v 6.365000 6.292968 8.935000
v 6.267660 6.367660 8.935000
v 6.338370 6.438370 8.935000
vn 0.000000 0.000000 -1.000000
f 14473//4825 14474//4825 14475//4825
v 6.365000 6.292968 8.935000
v 6.338370 6.438370 8.935000
v 6.415000 6.379571 8.935000
vn 0.000000 0.000000 -1.000000
f 14476//4826 14477//4826 14478//4826
v 6.267660 6.367660 9.065000
v 6.365000 6.292968 9.065000
v 6.415000 6.379571 9.065000
vn -0.000000 0.000000 1.000000
f 14479//4827 14480//4827 14481//4827
v 6.267660 6.367660 9.065000
v 6.415000 6.379571 9.065000
v 6.338370 6.438370 9.065000
vn 0.000000 0.000000 1.000000
f 14482//4828 14483//4828 14484//4828
v 6.365000 6.292968 8.935000
v 6.478355 6.246015 8.935000
v 6.478355 6.246015 9.065000
vn -0.382683 -0.923880 0.000000
f 14485//4829 14486//4829 14487//4829
v 6.365000 6.292968 8.935000
v 6.478355 6.246015 9.065000
v 6.365000 6.292968 9.065000
vn -0.382683 -0.923880 0.000000
f 14488//4830 14489//4830 14490//4830
v 6.415000 6.379571 8.935000
v 6.415000 6.379571 9.065000
v 6.504237 6.342607 9.065000
vn 0.382683 0.923880 -0.000000
f 14491//4831 14492//4831 14493//4831
v 6.415000 6.379571 8.935000
v 6.504237 6.342607 9.065000
v 6.504237 6.342607 8.935000
vn 0.382683 0.923880 0.000000
f 14494//4832 14495//4832 14496//4832
v 6.478355 6.246015 8.935000
v 6.365000 6.292968 8.935000
v 6.415000 6.379571 8.935000
vn 0.000000 0.000000 -1.000000
f 14497//4833 14498//4833 14499//4833
v 6.478355 6.246015 8.935000
v 6.415000 6.379571 8.935000
v 6.504237 6.342607 8.935000
vn 0.000000 0.000000 -1.000000
f 14500//4834 14501//4834 14502//4834
v 6.365000 6.292968 9.065000
v 6.478355 6.246015 9.065000
v 6.504237 6.342607 9.065000
vn -0.000000 0.000000 1.000000
f 14503//4835 14504//4835 14505//4835
v 6.365000 6.292968 9.065000
v 6.504237 6.342607 9.065000
v 6.415000 6.379571 9.065000
vn 0.000000 0.000000 1.000000
f 14506//4836 14507//4836 14508//4836
v 6.478355 6.246015 8.935000
v 6.600000 6.230000 8.935000
v 6.600000 6.230000 9.065000
vn -0.130526 -0.991445 0.000000
f 14509//4837 14510//4837 14511//4837
v 6.478355 6.246015 8.935000
v 6.600000 6.230000 9.065000
v 6.478355 6.246015 9.065000
vn -0.130526 -0.991445 0.000000
f 14512//4838 14513//4838 14514//4838
v 6.504237 6.342607 8.935000
v 6.504237 6.342607 9.065000
v 6.600000 6.330000 9.065000
vn 0.130526 0.991445 -0.000000
f 14515//4839 14516//4839 14517//4839
v 6.504237 6.342607 8.935000
v 6.600000 6.330000 9.065000
v 6.600000 6.330000 8.935000
vn 0.130526 0.991445 0.000000
f 14518//4840 14519//4840 14520//4840
v 6.600000 6.230000 8.935000
v 6.478355 6.246015 8.935000
v 6.504237 6.342607 8.935000
vn 0.000000 0.000000 -1.000000
f 14521//4841 14522//4841 14523//4841
v 6.600000 6.230000 8.935000
v 6.504237 6.342607 8.935000
v 6.600000 6.330000 8.935000
vn 0.000000 0.000000 -1.000000
f 14524//4842 14525//4842 14526//4842
v 6.478355 6.246015 9.065000
v 6.600000 6.230000 9.065000
v 6.600000 6.330000 9.065000
vn -0.000000 0.000000 1.000000
f 14527//4843 14528//4843 14529//4843
v 6.478355 6.246015 9.065000
v 6.600000 6.330000 9.065000
v 6.504237 6.342607 9.065000
vn 0.000000 0.000000 1.000000
f 14530//4844 14531//4844 14532//4844
v 6.600000 6.230000 8.935000
v 6.721645 6.246015 8.935000
v 6.721645 6.246015 9.065000
vn 0.130526 -0.991445 0.000000
f 14533//4845 14534//4845 14535//4845
v 6.600000 6.230000 8.935000
v 6.721645 6.246015 9.065000
v 6.600000 6.230000 9.065000
vn 0.130526 -0.991445 0.000000
f 14536//4846 14537//4846 14538//4846
v 6.600000 6.330000 8.935000
v 6.600000 6.330000 9.065000
v 6.695763 6.342607 9.065000
vn -0.130526 0.991445 0.000000
f 14539//4847 14540//4847 14541//4847
v 6.600000 6.330000 8.935000
v 6.695763 6.342607 9.065000
v 6.695763 6.342607 8.935000
vn -0.130526 0.991445 0.000000
f 14542//4848 14543//4848 14544//4848
v 6.721645 6.246015 8.935000
v 6.600000 6.230000 8.935000
v 6.600000 6.330000 8.935000
vn -0.000000 0.000000 -1.000000
f 14545//4849 14546//4849 14547//4849
v 6.721645 6.246015 8.935000
v 6.600000 6.330000 8.935000
v 6.695763 6.342607 8.935000
vn 0.000000 0.000000 -1.000000
f 14548//4850 14549//4850 14550//4850
v 6.600000 6.230000 9.065000
v 6.721645 6.246015 9.065000
v 6.695763 6.342607 9.065000
vn 0.000000 0.000000 1.000000
f 14551//4851 14552//4851 14553//4851
v 6.600000 6.230000 9.065000
v 6.695763 6.342607 9.065000
v 6.600000 6.330000 9.065000
vn 0.000000 0.000000 1.000000
f 14554//4852 14555//4852 14556//4852
v 6.721645 6.246015 8.935000
v 6.835000 6.292968 8.935000
v 6.835000 6.292968 9.065000
vn 0.382683 -0.923880 0.000000
f 14557//4853 14558//4853 14559//4853
v 6.721645 6.246015 8.935000
v 6.835000 6.292968 9.065000
v 6.721645 6.246015 9.065000
vn 0.382683 -0.923880 0.000000
f 14560//4854 14561//4854 14562//4854
v 6.695763 6.342607 8.935000
v 6.695763 6.342607 9.065000
v 6.785000 6.379571 9.065000
vn -0.382683 0.923880 0.000000
f 14563//4855 14564//4855 14565//4855
v 6.695763 6.342607 8.935000
v 6.785000 6.379571 9.065000
v 6.785000 6.379571 8.935000
vn -0.382683 0.923880 0.000000
f 14566//4856 14567//4856 14568//4856
v 6.835000 6.292968 8.935000
v 6.721645 6.246015 8.935000
v 6.695763 6.342607 8.935000
vn -0.000000 0.000000 -1.000000
f 14569//4857 14570//4857 14571//4857
v 6.835000 6.292968 8.935000
v 6.695763 6.342607 8.935000
v 6.785000 6.379571 8.935000
vn 0.000000 0.000000 -1.000000
f 14572//4858 14573//4858 14574//4858
v 6.721645 6.246015 9.065000
v 6.835000 6.292968 9.065000
v 6.785000 6.379571 9.065000
vn 0.000000 0.000000 1.000000
f 14575//4859 14576//4859 14577//4859
v 6.721645 6.246015 9.065000
v 6.785000 6.379571 9.065000
v 6.695763 6.342607 9.065000
vn 0.000000 -0.000000 1.000000
f 14578//4860 14579//4860 14580//4860
v 6.835000 6.292968 8.935000
v 6.932340 6.367660 8.935000
v 6.932340 6.367660 9.065000
vn 0.608761 -0.793353 0.000000
f 14581//4861 14582//4861 14583//4861
v 6.835000 6.292968 8.935000
v 6.932340 6.367660 9.065000
v 6.835000 6.292968 9.065000
vn 0.608761 -0.793353 0.000000
f 14584//4862 14585//4862 14586//4862
v 6.785000 6.379571 8.935000
v 6.785000 6.379571 9.065000
v 6.861630 6.438370 9.065000
vn -0.608761 0.793353 0.000000
f 14587//4863 14588//4863 14589//4863
v 6.785000 6.379571 8.935000
v 6.861630 6.438370 9.065000
v 6.861630 6.438370 8.935000
vn -0.608761 0.793353 0.000000
f 14590//4864 14591//4864 14592//4864
v 6.932340 6.367660 8.935000
v 6.835000 6.292968 8.935000
v 6.785000 6.379571 8.935000
vn -0.000000 0.000000 -1.000000
f 14593//4865 14594//4865 14595//4865
v 6.932340 6.367660 8.935000
v 6.785000 6.379571 8.935000
v 6.861630 6.438370 8.935000
vn 0.000000 0.000000 -1.000000
f 14596//4866 14597//4866 14598//4866
v 6.835000 6.292968 9.065000
v 6.932340 6.367660 9.065000
v 6.861630 6.438370 9.065000
vn 0.000000 0.000000 1.000000
f 14599//4867 14600//4867 14601//4867
v 6.835000 6.292968 9.065000
v 6.861630 6.438370 9.065000
v 6.785000 6.379571 9.065000
vn 0.000000 -0.000000 1.000000
f 14602//4868 14603//4868 14604//4868
v 6.932340 6.367660 8.935000
v 7.007032 6.465000 8.935000
v 7.007032 6.465000 9.065000
vn 0.793353 -0.608761 0.000000
f 14605//4869 14606//4869 14607//4869
v 6.932340 6.367660 8.935000
v 7.007032 6.465000 9.065000
v 6.932340 6.367660 9.065000
vn 0.793353 -0.608761 0.000000
f 14608//4870 14609//4870 14610//4870
v 6.861630 6.438370 8.935000
v 6.861630 6.438370 9.065000
v 6.920429 6.515000 9.065000
vn -0.793353 0.608761 0.000000
f 14611//4871 14612//4871 14613//4871
v 6.861630 6.438370 8.935000
v 6.920429 6.515000 9.065000
v 6.920429 6.515000 8.935000
vn -0.793353 0.608761 0.000000
f 14614//4872 14615//4872 14616//4872
v 7.007032 6.465000 8.935000
v 6.932340 6.367660 8.935000
v 6.861630 6.438370 8.935000
vn 0.000000 0.000000 -1.000000
f 14617//4873 14618//4873 14619//4873
v 7.007032 6.465000 8.935000
v 6.861630 6.438370 8.935000
v 6.920429 6.515000 8.935000
vn -0.000000 0.000000 -1.000000
f 14620//4874 14621//4874 14622//4874
v 6.932340 6.367660 9.065000
v 7.007032 6.465000 9.065000
v 6.920429 6.515000 9.065000
vn 0.000000 -0.000000 1.000000
f 14623//4875 14624//4875 14625//4875
v 6.932340 6.367660 9.065000
v 6.920429 6.515000 9.065000
v 6.861630 6.438370 9.065000
vn 0.000000 0.000000 1.000000
f 14626//4876 14627//4876 14628//4876
v 7.007032 6.465000 8.935000
v 7.053985 6.578355 8.935000
v 7.053985 6.578355 9.065000
vn 0.923880 -0.382683 0.000000
f 14629//4877 14630//4877 14631//4877
v 7.007032 6.465000 8.935000
v 7.053985 6.578355 9.065000
v 7.007032 6.465000 9.065000
vn 0.923880 -0.382683 0.000000
f 14632//4878 14633//4878 14634//4878
v 6.920429 6.515000 8.935000
v 6.920429 6.515000 9.065000
v 6.957393 6.604237 9.065000
vn -0.923880 0.382683 0.000000
f 14635//4879 14636//4879 14637//4879
v 6.920429 6.515000 8.935000
v 6.957393 6.604237 9.065000
v 6.957393 6.604237 8.935000
vn -0.923880 0.382683 0.000000
f 14638//4880 14639//4880 14640//4880
v 7.053985 6.578355 8.935000
v 7.007032 6.465000 8.935000
v 6.920429 6.515000 8.935000
vn 0.000000 0.000000 -1.000000
f 14641//4881 14642//4881 14643//4881
v 7.053985 6.578355 8.935000
v 6.920429 6.515000 8.935000
v 6.957393 6.604237 8.935000
vn -0.000000 0.000000 -1.000000
f 14644//4882 14645//4882 14646//4882
v 7.007032 6.465000 9.065000
v 7.053985 6.578355 9.065000
v 6.957393 6.604237 9.065000
vn 0.000000 -0.000000 1.000000
f 14647//4883 14648//4883 14649//4883
v 7.007032 6.465000 9.065000
v 6.957393 6.604237 9.065000
v 6.920429 6.515000 9.065000
vn 0.000000 0.000000 1.000000
f 14650//4884 14651//4884 14652//4884
v 7.053985 6.578355 8.935000
v 7.070000 6.700000 8.935000
v 7.070000 6.700000 9.065000
vn 0.991445 -0.130526 0.000000
f 14653//4885 14654//4885 14655//4885
v 7.053985 6.578355 8.935000
v 7.070000 6.700000 9.065000
v 7.053985 6.578355 9.065000
vn 0.991445 -0.130526 0.000000
f 14656//4886 14657//4886 14658//4886
v 6.957393 6.604237 8.935000
v 6.957393 6.604237 9.065000
v 6.970000 6.700000 9.065000
vn -0.991445 0.130526 0.000000
f 14659//4887 14660//4887 14661//4887
v 6.957393 6.604237 8.935000
v 6.970000 6.700000 9.065000
v 6.970000 6.700000 8.935000
vn -0.991445 0.130526 0.000000
f 14662//4888 14663//4888 14664//4888
v 7.070000 6.700000 8.935000
v 7.053985 6.578355 8.935000
v 6.957393 6.604237 8.935000
vn 0.000000 0.000000 -1.000000
f 14665//4889 14666//4889 14667//4889
v 7.070000 6.700000 8.935000
v 6.957393 6.604237 8.935000
v 6.970000 6.700000 8.935000
vn -0.000000 0.000000 -1.000000
f 14668//4890 14669//4890 14670//4890
v 7.053985 6.578355 9.065000
v 7.070000 6.700000 9.065000
v 6.970000 6.700000 9.065000
vn 0.000000 -0.000000 1.000000
f 14671//4891 14672//4891 14673//4891
v 7.053985 6.578355 9.065000
v 6.970000 6.700000 9.065000
v 6.957393 6.604237 9.065000
vn 0.000000 0.000000 1.000000
f 14674//4892 14675//4892 14676//4892
v 7.070000 6.700000 8.935000
v 7.053985 6.821645 8.935000
v 7.053985 6.821645 9.065000
vn 0.991445 0.130526 0.000000
f 14677//4893 14678//4893 14679//4893
v 7.070000 6.700000 8.935000
v 7.053985 6.821645 9.065000
v 7.070000 6.700000 9.065000
vn 0.991445 0.130526 -0.000000
f 14680//4894 14681//4894 14682//4894
v 6.970000 6.700000 8.935000
v 6.970000 6.700000 9.065000
v 6.957393 6.795763 9.065000
vn -0.991445 -0.130526 0.000000
f 14683//4895 14684//4895 14685//4895
v 6.970000 6.700000 8.935000
v 6.957393 6.795763 9.065000
v 6.957393 6.795763 8.935000
vn -0.991445 -0.130526 0.000000
f 14686//4896 14687//4896 14688//4896
v 7.053985 6.821645 8.935000
v 7.070000 6.700000 8.935000
v 6.970000 6.700000 8.935000
vn 0.000000 -0.000000 -1.000000
f 14689//4897 14690//4897 14691//4897
v 7.053985 6.821645 8.935000
v 6.970000 6.700000 8.935000
v 6.957393 6.795763 8.935000
vn 0.000000 0.000000 -1.000000
f 14692//4898 14693//4898 14694//4898
v 7.070000 6.700000 9.065000
v 7.053985 6.821645 9.065000
v 6.957393 6.795763 9.065000
vn 0.000000 0.000000 1.000000
f 14695//4899 14696//4899 14697//4899
v 7.070000 6.700000 9.065000
v 6.957393 6.795763 9.065000
v 6.970000 6.700000 9.065000
vn 0.000000 0.000000 1.000000
f 14698//4900 14699//4900 14700//4900
v 7.053985 6.821645 8.935000
v 7.007032 6.935000 8.935000
v 7.007032 6.935000 9.065000
vn 0.923880 0.382683 0.000000
f 14701//4901 14702//4901 14703//4901
v 7.053985 6.821645 8.935000
v 7.007032 6.935000 9.065000
v 7.053985 6.821645 9.065000
vn 0.923880 0.382683 -0.000000
f 14704//4902 14705//4902 14706//4902
v 6.957393 6.795763 8.935000
v 6.957393 6.795763 9.065000
v 6.920429 6.885000 9.065000
vn -0.923880 -0.382683 0.000000
f 14707//4903 14708//4903 14709//4903
v 6.957393 6.795763 8.935000
v 6.920429 6.885000 9.065000
v 6.920429 6.885000 8.935000
vn -0.923880 -0.382683 0.000000
f 14710//4904 14711//4904 14712//4904
v 7.007032 6.935000 8.935000
v 7.053985 6.821645 8.935000
v 6.957393 6.795763 8.935000
vn 0.000000 -0.000000 -1.000000
f 14713//4905 14714//4905 14715//4905
v 7.007032 6.935000 8.935000
v 6.957393 6.795763 8.935000
v 6.920429 6.885000 8.935000
vn 0.000000 0.000000 -1.000000
f 14716//4906 14717//4906 14718//4906
v 7.053985 6.821645 9.065000
v 7.007032 6.935000 9.065000
v 6.920429 6.885000 9.065000
vn 0.000000 0.000000 1.000000
f 14719//4907 14720//4907 14721//4907
v 7.053985 6.821645 9.065000
v 6.920429 6.885000 9.065000
v 6.957393 6.795763 9.065000
vn 0.000000 0.000000 1.000000
f 14722//4908 14723//4908 14724//4908
v 7.007032 6.935000 8.935000
v 6.932340 7.032340 8.935000
v 6.932340 7.032340 9.065000
vn 0.793353 0.608761 0.000000
f 14725//4909 14726//4909 14727//4909
v 7.007032 6.935000 8.935000
v 6.932340 7.032340 9.065000
v 7.007032 6.935000 9.065000
vn 0.793353 0.608761 -0.000000
f 14728//4910 14729//4910 14730//4910
v 6.920429 6.885000 8.935000
v 6.920429 6.885000 9.065000
v 6.861630 6.961630 9.065000
vn -0.793353 -0.608761 0.000000
f 14731//4911 14732//4911 14733//4911
v 6.920429 6.885000 8.935000
v 6.861630 6.961630 9.065000
v 6.861630 6.961630 8.935000
vn -0.793353 -0.608761 0.000000
f 14734//4912 14735//4912 14736//4912
v 6.932340 7.032340 8.935000
v 7.007032 6.935000 8.935000
v 6.920429 6.885000 8.935000
vn 0.000000 -0.000000 -1.000000
f 14737//4913 14738//4913 14739//4913
v 6.932340 7.032340 8.935000
v 6.920429 6.885000 8.935000
v 6.861630 6.961630 8.935000
vn 0.000000 0.000000 -1.000000
f 14740//4914 14741//4914 14742//4914
v 7.007032 6.935000 9.065000
v 6.932340 7.032340 9.065000
v 6.861630 6.961630 9.065000
vn 0.000000 0.000000 1.000000
f 14743//4915 14744//4915 14745//4915
v 7.007032 6.935000 9.065000
v 6.861630 6.961630 9.065000
v 6.920429 6.885000 9.065000
vn 0.000000 0.000000 1.000000
f 14746//4916 14747//4916 14748//4916
v 6.932340 7.032340 8.935000
v 6.835000 7.107032 8.935000
v 6.835000 7.107032 9.065000
vn 0.608761 0.793353 0.000000
f 14749//4917 14750//4917 14751//4917
v 6.932340 7.032340 8.935000
v 6.835000 7.107032 9.065000
v 6.932340 7.032340 9.065000
vn 0.608761 0.793353 -0.000000
f 14752//4918 14753//4918 14754//4918
v 6.861630 6.961630 8.935000
v 6.861630 6.961630 9.065000
v 6.785000 7.020429 9.065000
vn -0.608761 -0.793353 0.000000
f 14755//4919 14756//4919 14757//4919
v 6.861630 6.961630 8.935000
v 6.785000 7.020429 9.065000
v 6.785000 7.020429 8.935000
vn -0.608761 -0.793353 0.000000
f 14758//4920 14759//4920 14760//4920
v 6.835000 7.107032 8.935000
v 6.932340 7.032340 8.935000
v 6.861630 6.961630 8.935000
vn 0.000000 0.000000 -1.000000
f 14761//4921 14762//4921 14763//4921
v 6.835000 7.107032 8.935000
v 6.861630 6.961630 8.935000
v 6.785000 7.020429 8.935000
vn 0.000000 -0.000000 -1.000000
f 14764//4922 14765//4922 14766//4922
v 6.932340 7.032340 9.065000
v 6.835000 7.107032 9.065000
v 6.785000 7.020429 9.065000
vn 0.000000 0.000000 1.000000
f 14767//4923 14768//4923 14769//4923
v 6.932340 7.032340 9.065000
v 6.785000 7.020429 9.065000
v 6.861630 6.961630 9.065000
vn 0.000000 0.000000 1.000000
f 14770//4924 14771//4924 14772//4924
v 6.835000 7.107032 8.935000
v 6.721645 7.153985 8.935000
v 6.721645 7.153985 9.065000
vn 0.382683 0.923880 0.000000
f 14773//4925 14774//4925 14775//4925
v 6.835000 7.107032 8.935000
v 6.721645 7.153985 9.065000
v 6.835000 7.107032 9.065000
vn 0.382683 0.923880 -0.000000
f 14776//4926 14777//4926 14778//4926
v 6.785000 7.020429 8.935000
v 6.785000 7.020429 9.065000
v 6.695763 7.057393 9.065000
vn -0.382683 -0.923880 0.000000
f 14779//4927 14780//4927 14781//4927
v 6.785000 7.020429 8.935000
v 6.695763 7.057393 9.065000
v 6.695763 7.057393 8.935000
vn -0.382683 -0.923880 0.000000
f 14782//4928 14783//4928 14784//4928
v 6.721645 7.153985 8.935000
v 6.835000 7.107032 8.935000
v 6.785000 7.020429 8.935000
vn 0.000000 0.000000 -1.000000
f 14785//4929 14786//4929 14787//4929
v 6.721645 7.153985 8.935000
v 6.785000 7.020429 8.935000
v 6.695763 7.057393 8.935000
vn 0.000000 -0.000000 -1.000000
f 14788//4930 14789//4930 14790//4930
v 6.835000 7.107032 9.065000
v 6.721645 7.153985 9.065000
v 6.695763 7.057393 9.065000
vn 0.000000 0.000000 1.000000
f 14791//4931 14792//4931 14793//4931
v 6.835000 7.107032 9.065000
v 6.695763 7.057393 9.065000
v 6.785000 7.020429 9.065000
vn 0.000000 0.000000 1.000000
f 14794//4932 14795//4932 14796//4932
v 6.721645 7.153985 8.935000
v 6.600000 7.170000 8.935000
v 6.600000 7.170000 9.065000
vn 0.130526 0.991445 0.000000
f 14797//4933 14798//4933 14799//4933
v 6.721645 7.153985 8.935000
v 6.600000 7.170000 9.065000
v 6.721645 7.153985 9.065000
vn 0.130526 0.991445 -0.000000
f 14800//4934 14801//4934 14802//4934
v 6.695763 7.057393 8.935000
v 6.695763 7.057393 9.065000
v 6.600000 7.070000 9.065000
vn -0.130526 -0.991445 0.000000
f 14803//4935 14804//4935 14805//4935
v 6.695763 7.057393 8.935000
v 6.600000 7.070000 9.065000
v 6.600000 7.070000 8.935000
vn -0.130526 -0.991445 0.000000
f 14806//4936 14807//4936 14808//4936
v 6.600000 7.170000 8.935000
v 6.721645 7.153985 8.935000
v 6.695763 7.057393 8.935000
vn 0.000000 0.000000 -1.000000
f 14809//4937 14810//4937 14811//4937
v 6.600000 7.170000 8.935000
v 6.695763 7.057393 8.935000
v 6.600000 7.070000 8.935000
vn 0.000000 0.000000 -1.000000
f 14812//4938 14813//4938 14814//4938
v 6.721645 7.153985 9.065000
v 6.600000 7.170000 9.065000
v 6.600000 7.070000 9.065000
vn 0.000000 0.000000 1.000000
f 14815//4939 14816//4939 14817//4939
v 6.721645 7.153985 9.065000
v 6.600000 7.070000 9.065000
v 6.695763 7.057393 9.065000
vn 0.000000 0.000000 1.000000
f 14818//4940 14819//4940 14820//4940
v 6.600000 7.170000 8.935000
v 6.478355 7.153985 8.935000
v 6.478355 7.153985 9.065000
vn -0.130526 0.991445 0.000000
f 14821//4941 14822//4941 14823//4941
v 6.600000 7.170000 8.935000
v 6.478355 7.153985 9.065000
v 6.600000 7.170000 9.065000
vn -0.130526 0.991445 0.000000
f 14824//4942 14825//4942 14826//4942
v 6.600000 7.070000 8.935000
v 6.600000 7.070000 9.065000
v 6.504237 7.057393 9.065000
vn 0.130526 -0.991445 0.000000
f 14827//4943 14828//4943 14829//4943
v 6.600000 7.070000 8.935000
v 6.504237 7.057393 9.065000
v 6.504237 7.057393 8.935000
vn 0.130526 -0.991445 0.000000
f 14830//4944 14831//4944 14832//4944
v 6.478355 7.153985 8.935000
v 6.600000 7.170000 8.935000
v 6.600000 7.070000 8.935000
vn 0.000000 0.000000 -1.000000
f 14833//4945 14834//4945 14835//4945
v 6.478355 7.153985 8.935000
v 6.600000 7.070000 8.935000
v 6.504237 7.057393 8.935000
vn 0.000000 0.000000 -1.000000
f 14836//4946 14837//4946 14838//4946
v 6.600000 7.170000 9.065000
v 6.478355 7.153985 9.065000
v 6.504237 7.057393 9.065000
vn 0.000000 0.000000 1.000000
f 14839//4947 14840//4947 14841//4947
v 6.600000 7.170000 9.065000
v 6.504237 7.057393 9.065000
v 6.600000 7.070000 9.065000
vn 0.000000 0.000000 1.000000
f 14842//4948 14843//4948 14844//4948
v 6.478355 7.153985 8.935000
v 6.365000 7.107032 8.935000
v 6.365000 7.107032 9.065000
vn -0.382683 0.923880 0.000000
f 14845//4949 14846//4949 14847//4949
v 6.478355 7.153985 8.935000
v 6.365000 7.107032 9.065000
v 6.478355 7.153985 9.065000
vn -0.382683 0.923880 0.000000
f 14848//4950 14849//4950 14850//4950
v 6.504237 7.057393 8.935000
v 6.504237 7.057393 9.065000
v 6.415000 7.020429 9.065000
vn 0.382683 -0.923880 0.000000
f 14851//4951 14852//4951 14853//4951
v 6.504237 7.057393 8.935000
v 6.415000 7.020429 9.065000
v 6.415000 7.020429 8.935000
vn 0.382683 -0.923880 0.000000
f 14854//4952 14855//4952 14856//4952
v 6.365000 7.107032 8.935000
v 6.478355 7.153985 8.935000
v 6.504237 7.057393 8.935000
vn 0.000000 0.000000 -1.000000
f 14857//4953 14858//4953 14859//4953
v 6.365000 7.107032 8.935000
v 6.504237 7.057393 8.935000
v 6.415000 7.020429 8.935000
vn 0.000000 0.000000 -1.000000
f 14860//4954 14861//4954 14862//4954
v 6.478355 7.153985 9.065000
v 6.365000 7.107032 9.065000
v 6.415000 7.020429 9.065000
vn 0.000000 0.000000 1.000000
f 14863//4955 14864//4955 14865//4955
v 6.478355 7.153985 9.065000
v 6.415000 7.020429 9.065000
v 6.504237 7.057393 9.065000
vn 0.000000 0.000000 1.000000
f 14866//4956 14867//4956 14868//4956
v 6.365000 7.107032 8.935000
v 6.267660 7.032340 8.935000
v 6.267660 7.032340 9.065000
vn -0.608761 0.793353 0.000000
f 14869//4957 14870//4957 14871//4957
v 6.365000 7.107032 8.935000
v 6.267660 7.032340 9.065000
v 6.365000 7.107032 9.065000
vn -0.608761 0.793353 0.000000
f 14872//4958 14873//4958 14874//4958
v 6.415000 7.020429 8.935000
v 6.415000 7.020429 9.065000
v 6.338370 6.961630 9.065000
vn 0.608761 -0.793353 0.000000
f 14875//4959 14876//4959 14877//4959
v 6.415000 7.020429 8.935000
v 6.338370 6.961630 9.065000
v 6.338370 6.961630 8.935000
vn 0.608761 -0.793353 0.000000
f 14878//4960 14879//4960 14880//4960
v 6.267660 7.032340 8.935000
v 6.365000 7.107032 8.935000
v 6.415000 7.020429 8.935000
vn 0.000000 0.000000 -1.000000
f 14881//4961 14882//4961 14883//4961
v 6.267660 7.032340 8.935000
v 6.415000 7.020429 8.935000
v 6.338370 6.961630 8.935000
vn 0.000000 0.000000 -1.000000
f 14884//4962 14885//4962 14886//4962
v 6.365000 7.107032 9.065000
v 6.267660 7.032340 9.065000
v 6.338370 6.961630 9.065000
vn 0.000000 0.000000 1.000000
f 14887//4963 14888//4963 14889//4963
v 6.365000 7.107032 9.065000
v 6.338370 6.961630 9.065000
v 6.415000 7.020429 9.065000
vn 0.000000 0.000000 1.000000
f 14890//4964 14891//4964 14892//4964
v 6.267660 7.032340 8.935000
v 6.192968 6.935000 8.935000
v 6.192968 6.935000 9.065000
vn -0.793353 0.608761 0.000000
f 14893//4965 14894//4965 14895//4965
v 6.267660 7.032340 8.935000
v 6.192968 6.935000 9.065000
v 6.267660 7.032340 9.065000
vn -0.793353 0.608761 0.000000
f 14896//4966 14897//4966 14898//4966
v 6.338370 6.961630 8.935000
v 6.338370 6.961630 9.065000
v 6.279571 6.885000 9.065000
vn 0.793353 -0.608761 0.000000
f 14899//4967 14900//4967 14901//4967
v 6.338370 6.961630 8.935000
v 6.279571 6.885000 9.065000
v 6.279571 6.885000 8.935000
vn 0.793353 -0.608761 0.000000
f 14902//4968 14903//4968 14904//4968
v 6.192968 6.935000 8.935000
v 6.267660 7.032340 8.935000
v 6.338370 6.961630 8.935000
vn 0.000000 0.000000 -1.000000
f 14905//4969 14906//4969 14907//4969
v 6.192968 6.935000 8.935000
v 6.338370 6.961630 8.935000
v 6.279571 6.885000 8.935000
vn 0.000000 0.000000 -1.000000
f 14908//4970 14909//4970 14910//4970
v 6.267660 7.032340 9.065000
v 6.192968 6.935000 9.065000
v 6.279571 6.885000 9.065000
vn 0.000000 0.000000 1.000000
f 14911//4971 14912//4971 14913//4971
v 6.267660 7.032340 9.065000
v 6.279571 6.885000 9.065000
v 6.338370 6.961630 9.065000
vn 0.000000 0.000000 1.000000
f 14914//4972 14915//4972 14916//4972
v 6.192968 6.935000 8.935000
v 6.146015 6.821645 8.935000
v 6.146015 6.821645 9.065000
vn -0.923880 0.382683 0.000000
f 14917//4973 14918//4973 14919//4973
v 6.192968 6.935000 8.935000
v 6.146015 6.821645 9.065000
v 6.192968 6.935000 9.065000
vn -0.923880 0.382683 0.000000
f 14920//4974 14921//4974 14922//4974
v 6.279571 6.885000 8.935000
v 6.279571 6.885000 9.065000
v 6.242607 6.795763 9.065000
vn 0.923880 -0.382683 0.000000
f 14923//4975 14924//4975 14925//4975
v 6.279571 6.885000 8.935000
v 6.242607 6.795763 9.065000
v 6.242607 6.795763 8.935000
vn 0.923880 -0.382683 0.000000
f 14926//4976 14927//4976 14928//4976
v 6.146015 6.821645 8.935000
v 6.192968 6.935000 8.935000
v 6.279571 6.885000 8.935000
vn 0.000000 0.000000 -1.000000
f 14929//4977 14930//4977 14931//4977
v 6.146015 6.821645 8.935000
v 6.279571 6.885000 8.935000
v 6.242607 6.795763 8.935000
vn 0.000000 0.000000 -1.000000
f 14932//4978 14933//4978 14934//4978
v 6.192968 6.935000 9.065000
v 6.146015 6.821645 9.065000
v 6.242607 6.795763 9.065000
vn 0.000000 0.000000 1.000000
f 14935//4979 14936//4979 14937//4979
v 6.192968 6.935000 9.065000
v 6.242607 6.795763 9.065000
v 6.279571 6.885000 9.065000
vn 0.000000 0.000000 1.000000
f 14938//4980 14939//4980 14940//4980
v 6.146015 6.821645 8.935000
v 6.130000 6.700000 8.935000
v 6.130000 6.700000 9.065000
vn -0.991445 0.130526 0.000000
f 14941//4981 14942//4981 14943//4981
v 6.146015 6.821645 8.935000
v 6.130000 6.700000 9.065000
v 6.146015 6.821645 9.065000
vn -0.991445 0.130526 0.000000
f 14944//4982 14945//4982 14946//4982
v 6.242607 6.795763 8.935000
v 6.242607 6.795763 9.065000
v 6.230000 6.700000 9.065000
vn 0.991445 -0.130526 0.000000
f 14947//4983 14948//4983 14949//4983
v 6.242607 6.795763 8.935000
v 6.230000 6.700000 9.065000
v 6.230000 6.700000 8.935000
vn 0.991445 -0.130526 0.000000
f 14950//4984 14951//4984 14952//4984
v 6.130000 6.700000 8.935000
v 6.146015 6.821645 8.935000
v 6.242607 6.795763 8.935000
vn 0.000000 0.000000 -1.000000
f 14953//4985 14954//4985 14955//4985
v 6.130000 6.700000 8.935000
v 6.242607 6.795763 8.935000
v 6.230000 6.700000 8.935000
vn 0.000000 0.000000 -1.000000
f 14956//4986 14957//4986 14958//4986
v 6.146015 6.821645 9.065000
v 6.130000 6.700000 9.065000
v 6.230000 6.700000 9.065000
vn 0.000000 0.000000 1.000000
f 14959//4987 14960//4987 14961//4987
v 6.146015 6.821645 9.065000
v 6.230000 6.700000 9.065000
v 6.242607 6.795763 9.065000
vn 0.000000 0.000000 1.000000
f 14962//4988 14963//4988 14964//4988
v 13.457500 1.177500 -11.250000
v 13.457500 1.222500 -11.250000
v 13.502500 1.222500 -11.250000
vn 0.000000 0.000000 -1.000000
f 14965//4989 14966//4989 14967//4989
v 13.457500 1.177500 -11.250000
v 13.502500 1.222500 -11.250000
v 13.502500 1.177500 -11.250000
vn 0.000000 0.000000 -1.000000
f 14968//4990 14969//4990 14970//4990
v 13.457500 1.177500 -8.750000
v 13.502500 1.177500 -8.750000
v 13.502500 1.222500 -8.750000
vn 0.000000 0.000000 1.000000
f 14971//4991 14972//4991 14973//4991
v 13.457500 1.177500 -8.750000
v 13.502500 1.222500 -8.750000
v 13.457500 1.222500 -8.750000
vn 0.000000 0.000000 1.000000
f 14974//4992 14975//4992 14976//4992
v 13.457500 1.177500 -11.250000
v 13.457500 1.177500 -8.750000
v 13.457500 1.222500 -8.750000
vn -1.000000 0.000000 0.000000
f 14977//4993 14978//4993 14979//4993
v 13.457500 1.177500 -11.250000
v 13.457500 1.222500 -8.750000
v 13.457500 1.222500 -11.250000
vn -1.000000 0.000000 0.000000
f 14980//4994 14981//4994 14982//4994
v 13.502500 1.177500 -11.250000
v 13.502500 1.222500 -11.250000
v 13.502500 1.222500 -8.750000
vn 1.000000 0.000000 0.000000
f 14983//4995 14984//4995 14985//4995
v 13.502500 1.177500 -11.250000
v 13.502500 1.222500 -8.750000
v 13.502500 1.177500 -8.750000
vn 1.000000 0.000000 0.000000
f 14986//4996 14987//4996 14988//4996
v 13.457500 1.177500 -11.250000
v 13.502500 1.177500 -11.250000
v 13.502500 1.177500 -8.750000
vn 0.000000 -1.000000 0.000000
f 14989//4997 14990//4997 14991//4997
v 13.457500 1.177500 -11.250000
v 13.502500 1.177500 -8.750000
v 13.457500 1.177500 -8.750000
vn 0.000000 -1.000000 0.000000
f 14992//4998 14993//4998 14994//4998
v 13.457500 1.222500 -11.250000
v 13.457500 1.222500 -8.750000
v 13.502500 1.222500 -8.750000
vn 0.000000 1.000000 0.000000
f 14995//4999 14996//4999 14997//4999
v 13.457500 1.222500 -11.250000
v 13.502500 1.222500 -8.750000
v 13.502500 1.222500 -11.250000
vn 0.000000 1.000000 0.000000
f 14998//5000 14999//5000 15000//5000
v 13.457500 1.337500 -11.250000
v 13.457500 1.382500 -11.250000
v 13.502500 1.382500 -11.250000
vn 0.000000 0.000000 -1.000000
f 15001//5001 15002//5001 15003//5001
v 13.457500 1.337500 -11.250000
v 13.502500 1.382500 -11.250000
v 13.502500 1.337500 -11.250000
vn 0.000000 0.000000 -1.000000
f 15004//5002 15005//5002 15006//5002
v 13.457500 1.337500 -8.750000
v 13.502500 1.337500 -8.750000
v 13.502500 1.382500 -8.750000
vn 0.000000 0.000000 1.000000
f 15007//5003 15008//5003 15009//5003
v 13.457500 1.337500 -8.750000
v 13.502500 1.382500 -8.750000
v 13.457500 1.382500 -8.750000
vn 0.000000 0.000000 1.000000
f 15010//5004 15011//5004 15012//5004
v 13.457500 1.337500 -11.250000
v 13.457500 1.337500 -8.750000
v 13.457500 1.382500 -8.750000
vn -1.000000 0.000000 0.000000
f 15013//5005 15014//5005 15015//5005
v 13.457500 1.337500 -11.250000
v 13.457500 1.382500 -8.750000
v 13.457500 1.382500 -11.250000
vn -1.000000 0.000000 0.000000
f 15016//5006 15017//5006 15018//5006
v 13.502500 1.337500 -11.250000
v 13.502500 1.382500 -11.250000
v 13.502500 1.382500 -8.750000
vn 1.000000 0.000000 0.000000
f 15019//5007 15020//5007 15021//5007
v 13.502500 1.337500 -11.250000
v 13.502500 1.382500 -8.750000
v 13.502500 1.337500 -8.750000
vn 1.000000 0.000000 0.000000
f 15022//5008 15023//5008 15024//5008
v 13.457500 1.337500 -11.250000
v 13.502500 1.337500 -11.250000
v 13.502500 1.337500 -8.750000
vn 0.000000 -1.000000 0.000000
f 15025//5009 15026//5009 15027//5009
v 13.457500 1.337500 -11.250000
v 13.502500 1.337500 -8.750000
v 13.457500 1.337500 -8.750000
vn 0.000000 -1.000000 0.000000
f 15028//5010 15029//5010 15030//5010
v 13.457500 1.382500 -11.250000
v 13.457500 1.382500 -8.750000
v 13.502500 1.382500 -8.750000
vn 0.000000 1.000000 0.000000
f 15031//5011 15032//5011 15033//5011
v 13.457500 1.382500 -11.250000
v 13.502500 1.382500 -8.750000
v 13.502500 1.382500 -11.250000
vn 0.000000 1.000000 0.000000
f 15034//5012 15035//5012 15036//5012
v 13.457500 1.497500 -11.250000
v 13.457500 1.542500 -11.250000
v 13.502500 1.542500 -11.250000
vn 0.000000 0.000000 -1.000000
f 15037//5013 15038//5013 15039//5013
v 13.457500 1.497500 -11.250000
v 13.502500 1.542500 -11.250000
v 13.502500 1.497500 -11.250000
vn 0.000000 0.000000 -1.000000
f 15040//5014 15041//5014 15042//5014
v 13.457500 1.497500 -8.750000
v 13.502500 1.497500 -8.750000
v 13.502500 1.542500 -8.750000
vn 0.000000 0.000000 1.000000
f 15043//5015 15044//5015 15045//5015
v 13.457500 1.497500 -8.750000
v 13.502500 1.542500 -8.750000
v 13.457500 1.542500 -8.750000
vn 0.000000 0.000000 1.000000
f 15046//5016 15047//5016 15048//5016
v 13.457500 1.497500 -11.250000
v 13.457500 1.497500 -8.750000
v 13.457500 1.542500 -8.750000
vn -1.000000 0.000000 0.000000
f 15049//5017 15050//5017 15051//5017
v 13.457500 1.497500 -11.250000
v 13.457500 1.542500 -8.750000
v 13.457500 1.542500 -11.250000
vn -1.000000 0.000000 0.000000
f 15052//5018 15053//5018 15054//5018
v 13.502500 1.497500 -11.250000
v 13.502500 1.542500 -11.250000
v 13.502500 1.542500 -8.750000
vn 1.000000 0.000000 0.000000
f 15055//5019 15056//5019 15057//5019
v 13.502500 1.497500 -11.250000
v 13.502500 1.542500 -8.750000
v 13.502500 1.497500 -8.750000
vn 1.000000 0.000000 0.000000
f 15058//5020 15059//5020 15060//5020
v 13.457500 1.497500 -11.250000
v 13.502500 1.497500 -11.250000
v 13.502500 1.497500 -8.750000
vn 0.000000 -1.000000 0.000000
f 15061//5021 15062//5021 15063//5021
v 13.457500 1.497500 -11.250000
v 13.502500 1.497500 -8.750000
v 13.457500 1.497500 -8.750000
vn 0.000000 -1.000000 0.000000
f 15064//5022 15065//5022 15066//5022
v 13.457500 1.542500 -11.250000
v 13.457500 1.542500 -8.750000
v 13.502500 1.542500 -8.750000
vn 0.000000 1.000000 0.000000
f 15067//5023 15068//5023 15069//5023
v 13.457500 1.542500 -11.250000
v 13.502500 1.542500 -8.750000
v 13.502500 1.542500 -11.250000
vn 0.000000 1.000000 0.000000
f 15070//5024 15071//5024 15072//5024
v 13.457500 1.657500 -11.250000
v 13.457500 1.702500 -11.250000
v 13.502500 1.702500 -11.250000
vn 0.000000 0.000000 -1.000000
f 15073//5025 15074//5025 15075//5025
v 13.457500 1.657500 -11.250000
v 13.502500 1.702500 -11.250000
v 13.502500 1.657500 -11.250000
vn 0.000000 0.000000 -1.000000
f 15076//5026 15077//5026 15078//5026
v 13.457500 1.657500 -8.750000
v 13.502500 1.657500 -8.750000
v 13.502500 1.702500 -8.750000
vn 0.000000 0.000000 1.000000
f 15079//5027 15080//5027 15081//5027
v 13.457500 1.657500 -8.750000
v 13.502500 1.702500 -8.750000
v 13.457500 1.702500 -8.750000
vn 0.000000 0.000000 1.000000
f 15082//5028 15083//5028 15084//5028
v 13.457500 1.657500 -11.250000
v 13.457500 1.657500 -8.750000
v 13.457500 1.702500 -8.750000
vn -1.000000 0.000000 0.000000
f 15085//5029 15086//5029 15087//5029
v 13.457500 1.657500 -11.250000
v 13.457500 1.702500 -8.750000
v 13.457500 1.702500 -11.250000
vn -1.000000 0.000000 0.000000
f 15088//5030 15089//5030 15090//5030
v 13.502500 1.657500 -11.250000
v 13.502500 1.702500 -11.250000
v 13.502500 1.702500 -8.750000
vn 1.000000 0.000000 0.000000
f 15091//5031 15092//5031 15093//5031
v 13.502500 1.657500 -11.250000
v 13.502500 1.702500 -8.750000
v 13.502500 1.657500 -8.750000
vn 1.000000 0.000000 0.000000
f 15094//5032 15095//5032 15096//5032
v 13.457500 1.657500 -11.250000
v 13.502500 1.657500 -11.250000
v 13.502500 1.657500 -8.750000
vn 0.000000 -1.000000 0.000000
f 15097//5033 15098//5033 15099//5033
v 13.457500 1.657500 -11.250000
v 13.502500 1.657500 -8.750000
v 13.457500 1.657500 -8.750000
vn 0.000000 -1.000000 0.000000
f 15100//5034 15101//5034 15102//5034
v 13.457500 1.702500 -11.250000
v 13.457500 1.702500 -8.750000
v 13.502500 1.702500 -8.750000
vn 0.000000 1.000000 0.000000
f 15103//5035 15104//5035 15105//5035
v 13.457500 1.702500 -11.250000
v 13.502500 1.702500 -8.750000
v 13.502500 1.702500 -11.250000
vn 0.000000 1.000000 0.000000
f 15106//5036 15107//5036 15108//5036
v 13.457500 1.817500 -11.250000
v 13.457500 1.862500 -11.250000
v 13.502500 1.862500 -11.250000
vn 0.000000 0.000000 -1.000000
f 15109//5037 15110//5037 15111//5037
v 13.457500 1.817500 -11.250000
v 13.502500 1.862500 -11.250000
v 13.502500 1.817500 -11.250000
vn 0.000000 0.000000 -1.000000
f 15112//5038 15113//5038 15114//5038
v 13.457500 1.817500 -8.750000
v 13.502500 1.817500 -8.750000
v 13.502500 1.862500 -8.750000
vn 0.000000 0.000000 1.000000
f 15115//5039 15116//5039 15117//5039
v 13.457500 1.817500 -8.750000
v 13.502500 1.862500 -8.750000
v 13.457500 1.862500 -8.750000
vn 0.000000 0.000000 1.000000
f 15118//5040 15119//5040 15120//5040
v 13.457500 1.817500 -11.250000
v 13.457500 1.817500 -8.750000
v 13.457500 1.862500 -8.750000
vn -1.000000 0.000000 0.000000
f 15121//5041 15122//5041 15123//5041
v 13.457500 1.817500 -11.250000
v 13.457500 1.862500 -8.750000
v 13.457500 1.862500 -11.250000
vn -1.000000 0.000000 0.000000
f 15124//5042 15125//5042 15126//5042
v 13.502500 1.817500 -11.250000
v 13.502500 1.862500 -11.250000
v 13.502500 1.862500 -8.750000
vn 1.000000 0.000000 0.000000
f 15127//5043 15128//5043 15129//5043
v 13.502500 1.817500 -11.250000
v 13.502500 1.862500 -8.750000
v 13.502500 1.817500 -8.750000
vn 1.000000 0.000000 0.000000
f 15130//5044 15131//5044 15132//5044
v 13.457500 1.817500 -11.250000
v 13.502500 1.817500 -11.250000
v 13.502500 1.817500 -8.750000
vn 0.000000 -1.000000 0.000000
f 15133//5045 15134//5045 15135//5045
v 13.457500 1.817500 -11.250000
v 13.502500 1.817500 -8.750000
v 13.457500 1.817500 -8.750000
vn 0.000000 -1.000000 0.000000
f 15136//5046 15137//5046 15138//5046
v 13.457500 1.862500 -11.250000
v 13.457500 1.862500 -8.750000
v 13.502500 1.862500 -8.750000
vn 0.000000 1.000000 0.000000
f 15139//5047 15140//5047 15141//5047
v 13.457500 1.862500 -11.250000
v 13.502500 1.862500 -8.750000
v 13.502500 1.862500 -11.250000
vn 0.000000 1.000000 0.000000
f 15142//5048 15143//5048 15144//5048
v 13.457500 1.977500 -11.250000
v 13.457500 2.022500 -11.250000
v 13.502500 2.022500 -11.250000
vn 0.000000 0.000000 -1.000000
f 15145//5049 15146//5049 15147//5049
v 13.457500 1.977500 -11.250000
v 13.502500 2.022500 -11.250000
v 13.502500 1.977500 -11.250000
vn 0.000000 0.000000 -1.000000
f 15148//5050 15149//5050 15150//5050
v 13.457500 1.977500 -8.750000
v 13.502500 1.977500 -8.750000
v 13.502500 2.022500 -8.750000
vn 0.000000 0.000000 1.000000
f 15151//5051 15152//5051 15153//5051
v 13.457500 1.977500 -8.750000
v 13.502500 2.022500 -8.750000
v 13.457500 2.022500 -8.750000
vn 0.000000 0.000000 1.000000
f 15154//5052 15155//5052 15156//5052
v 13.457500 1.977500 -11.250000
v 13.457500 1.977500 -8.750000
v 13.457500 2.022500 -8.750000
vn -1.000000 0.000000 0.000000
f 15157//5053 15158//5053 15159//5053
v 13.457500 1.977500 -11.250000
v 13.457500 2.022500 -8.750000
v 13.457500 2.022500 -11.250000
vn -1.000000 0.000000 0.000000
f 15160//5054 15161//5054 15162//5054
v 13.502500 1.977500 -11.250000
v 13.502500 2.022500 -11.250000
v 13.502500 2.022500 -8.750000
vn 1.000000 0.000000 0.000000
f 15163//5055 15164//5055 15165//5055
v 13.502500 1.977500 -11.250000
v 13.502500 2.022500 -8.750000
v 13.502500 1.977500 -8.750000
vn 1.000000 0.000000 0.000000
f 15166//5056 15167//5056 15168//5056
v 13.457500 1.977500 -11.250000
v 13.502500 1.977500 -11.250000
v 13.502500 1.977500 -8.750000
vn 0.000000 -1.000000 0.000000
f 15169//5057 15170//5057 15171//5057
v 13.457500 1.977500 -11.250000
v 13.502500 1.977500 -8.750000
v 13.457500 1.977500 -8.750000
vn 0.000000 -1.000000 0.000000
f 15172//5058 15173//5058 15174//5058
v 13.457500 2.022500 -11.250000
v 13.457500 2.022500 -8.750000
v 13.502500 2.022500 -8.750000
vn 0.000000 1.000000 0.000000
f 15175//5059 15176//5059 15177//5059
v 13.457500 2.022500 -11.250000
v 13.502500 2.022500 -8.750000
v 13.502500 2.022500 -11.250000
vn 0.000000 1.000000 0.000000
f 15178//5060 15179//5060 15180//5060
v 13.457500 2.137500 -11.250000
v 13.457500 2.182500 -11.250000
v 13.502500 2.182500 -11.250000
vn 0.000000 0.000000 -1.000000
f 15181//5061 15182//5061 15183//5061
v 13.457500 2.137500 -11.250000
v 13.502500 2.182500 -11.250000
v 13.502500 2.137500 -11.250000
vn 0.000000 0.000000 -1.000000
f 15184//5062 15185//5062 15186//5062
v 13.457500 2.137500 -8.750000
v 13.502500 2.137500 -8.750000
v 13.502500 2.182500 -8.750000
vn 0.000000 0.000000 1.000000
f 15187//5063 15188//5063 15189//5063
v 13.457500 2.137500 -8.750000
v 13.502500 2.182500 -8.750000
v 13.457500 2.182500 -8.750000
vn 0.000000 0.000000 1.000000
f 15190//5064 15191//5064 15192//5064
v 13.457500 2.137500 -11.250000
v 13.457500 2.137500 -8.750000
v 13.457500 2.182500 -8.750000
vn -1.000000 0.000000 0.000000
f 15193//5065 15194//5065 15195//5065
v 13.457500 2.137500 -11.250000
v 13.457500 2.182500 -8.750000
v 13.457500 2.182500 -11.250000
vn -1.000000 0.000000 0.000000
f 15196//5066 15197//5066 15198//5066
v 13.502500 2.137500 -11.250000
v 13.502500 2.182500 -11.250000
v 13.502500 2.182500 -8.750000
vn 1.000000 0.000000 0.000000
f 15199//5067 15200//5067 15201//5067
v 13.502500 2.137500 -11.250000
v 13.502500 2.182500 -8.750000
v 13.502500 2.137500 -8.750000
vn 1.000000 0.000000 0.000000
f 15202//5068 15203//5068 15204//5068
v 13.457500 2.137500 -11.250000
v 13.502500 2.137500 -11.250000
v 13.502500 2.137500 -8.750000
vn 0.000000 -1.000000 0.000000
f 15205//5069 15206//5069 15207//5069
v 13.457500 2.137500 -11.250000
v 13.502500 2.137500 -8.750000
v 13.457500 2.137500 -8.750000
vn 0.000000 -1.000000 0.000000
f 15208//5070 15209//5070 15210//5070
v 13.457500 2.182500 -11.250000
v 13.457500 2.182500 -8.750000
v 13.502500 2.182500 -8.750000
vn 0.000000 1.000000 0.000000
f 15211//5071 15212//5071 15213//5071
v 13.457500 2.182500 -11.250000
v 13.502500 2.182500 -8.750000
v 13.502500 2.182500 -11.250000
vn 0.000000 1.000000 0.000000
f 15214//5072 15215//5072 15216//5072
v 13.457500 1.177500 -1.250000
v 13.457500 1.222500 -1.250000
v 13.502500 1.222500 -1.250000
vn 0.000000 0.000000 -1.000000
f 15217//5073 15218//5073 15219//5073
v 13.457500 1.177500 -1.250000
v 13.502500 1.222500 -1.250000
v 13.502500 1.177500 -1.250000
vn 0.000000 0.000000 -1.000000
f 15220//5074 15221//5074 15222//5074
v 13.457500 1.177500 1.250000
v 13.502500 1.177500 1.250000
v 13.502500 1.222500 1.250000
vn 0.000000 0.000000 1.000000
f 15223//5075 15224//5075 15225//5075
v 13.457500 1.177500 1.250000
v 13.502500 1.222500 1.250000
v 13.457500 1.222500 1.250000
vn 0.000000 0.000000 1.000000
f 15226//5076 15227//5076 15228//5076
v 13.457500 1.177500 -1.250000
v 13.457500 1.177500 1.250000
v 13.457500 1.222500 1.250000
vn -1.000000 0.000000 0.000000
f 15229//5077 15230//5077 15231//5077
v 13.457500 1.177500 -1.250000
v 13.457500 1.222500 1.250000
v 13.457500 1.222500 -1.250000
vn -1.000000 0.000000 0.000000
f 15232//5078 15233//5078 15234//5078
v 13.502500 1.177500 -1.250000
v 13.502500 1.222500 -1.250000
v 13.502500 1.222500 1.250000
vn 1.000000 0.000000 0.000000
f 15235//5079 15236//5079 15237//5079
v 13.502500 1.177500 -1.250000
v 13.502500 1.222500 1.250000
v 13.502500 1.177500 1.250000
vn 1.000000 0.000000 0.000000
f 15238//5080 15239//5080 15240//5080
v 13.457500 1.177500 -1.250000
v 13.502500 1.177500 -1.250000
v 13.502500 1.177500 1.250000
vn 0.000000 -1.000000 0.000000
f 15241//5081 15242//5081 15243//5081
v 13.457500 1.177500 -1.250000
v 13.502500 1.177500 1.250000
v 13.457500 1.177500 1.250000
vn 0.000000 -1.000000 0.000000
f 15244//5082 15245//5082 15246//5082
v 13.457500 1.222500 -1.250000
v 13.457500 1.222500 1.250000
v 13.502500 1.222500 1.250000
vn 0.000000 1.000000 0.000000
f 15247//5083 15248//5083 15249//5083
v 13.457500 1.222500 -1.250000
v 13.502500 1.222500 1.250000
v 13.502500 1.222500 -1.250000
vn 0.000000 1.000000 0.000000
f 15250//5084 15251//5084 15252//5084
v 13.457500 1.337500 -1.250000
v 13.457500 1.382500 -1.250000
v 13.502500 1.382500 -1.250000
vn 0.000000 0.000000 -1.000000
f 15253//5085 15254//5085 15255//5085
v 13.457500 1.337500 -1.250000
v 13.502500 1.382500 -1.250000
v 13.502500 1.337500 -1.250000
vn 0.000000 0.000000 -1.000000
f 15256//5086 15257//5086 15258//5086
v 13.457500 1.337500 1.250000
v 13.502500 1.337500 1.250000
v 13.502500 1.382500 1.250000
vn 0.000000 0.000000 1.000000
f 15259//5087 15260//5087 15261//5087
v 13.457500 1.337500 1.250000
v 13.502500 1.382500 1.250000
v 13.457500 1.382500 1.250000
vn 0.000000 0.000000 1.000000
f 15262//5088 15263//5088 15264//5088
v 13.457500 1.337500 -1.250000
v 13.457500 1.337500 1.250000
v 13.457500 1.382500 1.250000
vn -1.000000 0.000000 0.000000
f 15265//5089 15266//5089 15267//5089
v 13.457500 1.337500 -1.250000
v 13.457500 1.382500 1.250000
v 13.457500 1.382500 -1.250000
vn -1.000000 0.000000 0.000000
f 15268//5090 15269//5090 15270//5090
v 13.502500 1.337500 -1.250000
v 13.502500 1.382500 -1.250000
v 13.502500 1.382500 1.250000
vn 1.000000 0.000000 0.000000
f 15271//5091 15272//5091 15273//5091
v 13.502500 1.337500 -1.250000
v 13.502500 1.382500 1.250000
v 13.502500 1.337500 1.250000
vn 1.000000 0.000000 0.000000
f 15274//5092 15275//5092 15276//5092
v 13.457500 1.337500 -1.250000
v 13.502500 1.337500 -1.250000
v 13.502500 1.337500 1.250000
vn 0.000000 -1.000000 0.000000
f 15277//5093 15278//5093 15279//5093
v 13.457500 1.337500 -1.250000
v 13.502500 1.337500 1.250000
v 13.457500 1.337500 1.250000
vn 0.000000 -1.000000 0.000000
f 15280//5094 15281//5094 15282//5094
v 13.457500 1.382500 -1.250000
v 13.457500 1.382500 1.250000
v 13.502500 1.382500 1.250000
vn 0.000000 1.000000 0.000000
f 15283//5095 15284//5095 15285//5095
v 13.457500 1.382500 -1.250000
v 13.502500 1.382500 1.250000
v 13.502500 1.382500 -1.250000
vn 0.000000 1.000000 0.000000
f 15286//5096 15287//5096 15288//5096
v 13.457500 1.497500 -1.250000
v 13.457500 1.542500 -1.250000
v 13.502500 1.542500 -1.250000
vn 0.000000 0.000000 -1.000000
f 15289//5097 15290//5097 15291//5097
v 13.457500 1.497500 -1.250000
v 13.502500 1.542500 -1.250000
v 13.502500 1.497500 -1.250000
vn 0.000000 0.000000 -1.000000
f 15292//5098 15293//5098 15294//5098
v 13.457500 1.497500 1.250000
v 13.502500 1.497500 1.250000
v 13.502500 1.542500 1.250000
vn 0.000000 0.000000 1.000000
f 15295//5099 15296//5099 15297//5099
v 13.457500 1.497500 1.250000
v 13.502500 1.542500 1.250000
v 13.457500 1.542500 1.250000
vn 0.000000 0.000000 1.000000
f 15298//5100 15299//5100 15300//5100
v 13.457500 1.497500 -1.250000
v 13.457500 1.497500 1.250000
v 13.457500 1.542500 1.250000
vn -1.000000 0.000000 0.000000
f 15301//5101 15302//5101 15303//5101
v 13.457500 1.497500 -1.250000
v 13.457500 1.542500 1.250000
v 13.457500 1.542500 -1.250000
vn -1.000000 0.000000 0.000000
f 15304//5102 15305//5102 15306//5102
v 13.502500 1.497500 -1.250000
v 13.502500 1.542500 -1.250000
v 13.502500 1.542500 1.250000
vn 1.000000 0.000000 0.000000
f 15307//5103 15308//5103 15309//5103
v 13.502500 1.497500 -1.250000
v 13.502500 1.542500 1.250000
v 13.502500 1.497500 1.250000
vn 1.000000 0.000000 0.000000
f 15310//5104 15311//5104 15312//5104
v 13.457500 1.497500 -1.250000
v 13.502500 1.497500 -1.250000
v 13.502500 1.497500 1.250000
vn 0.000000 -1.000000 0.000000
f 15313//5105 15314//5105 15315//5105
v 13.457500 1.497500 -1.250000
v 13.502500 1.497500 1.250000
v 13.457500 1.497500 1.250000
vn 0.000000 -1.000000 0.000000
f 15316//5106 15317//5106 15318//5106
v 13.457500 1.542500 -1.250000
v 13.457500 1.542500 1.250000
v 13.502500 1.542500 1.250000
vn 0.000000 1.000000 0.000000
f 15319//5107 15320//5107 15321//5107
v 13.457500 1.542500 -1.250000
v 13.502500 1.542500 1.250000
v 13.502500 1.542500 -1.250000
vn 0.000000 1.000000 0.000000
f 15322//5108 15323//5108 15324//5108
v 13.457500 1.657500 -1.250000
v 13.457500 1.702500 -1.250000
v 13.502500 1.702500 -1.250000
vn 0.000000 0.000000 -1.000000
f 15325//5109 15326//5109 15327//5109
v 13.457500 1.657500 -1.250000
v 13.502500 1.702500 -1.250000
v 13.502500 1.657500 -1.250000
vn 0.000000 0.000000 -1.000000
f 15328//5110 15329//5110 15330//5110
v 13.457500 1.657500 1.250000
v 13.502500 1.657500 1.250000
v 13.502500 1.702500 1.250000
vn 0.000000 0.000000 1.000000
f 15331//5111 15332//5111 15333//5111
v 13.457500 1.657500 1.250000
v 13.502500 1.702500 1.250000
v 13.457500 1.702500 1.250000
vn 0.000000 0.000000 1.000000
f 15334//5112 15335//5112 15336//5112
v 13.457500 1.657500 -1.250000
v 13.457500 1.657500 1.250000
v 13.457500 1.702500 1.250000
vn -1.000000 0.000000 0.000000
f 15337//5113 15338//5113 15339//5113
v 13.457500 1.657500 -1.250000
v 13.457500 1.702500 1.250000
v 13.457500 1.702500 -1.250000
vn -1.000000 0.000000 0.000000
f 15340//5114 15341//5114 15342//5114
v 13.502500 1.657500 -1.250000
v 13.502500 1.702500 -1.250000
v 13.502500 1.702500 1.250000
vn 1.000000 0.000000 0.000000
f 15343//5115 15344//5115 15345//5115
v 13.502500 1.657500 -1.250000
v 13.502500 1.702500 1.250000
v 13.502500 1.657500 1.250000
vn 1.000000 0.000000 0.000000
f 15346//5116 15347//5116 15348//5116
v 13.457500 1.657500 -1.250000
v 13.502500 1.657500 -1.250000
v 13.502500 1.657500 1.250000
vn 0.000000 -1.000000 0.000000
f 15349//5117 15350//5117 15351//5117
v 13.457500 1.657500 -1.250000
v 13.502500 1.657500 1.250000
v 13.457500 1.657500 1.250000
vn 0.000000 -1.000000 0.000000
f 15352//5118 15353//5118 15354//5118
v 13.457500 1.702500 -1.250000
v 13.457500 1.702500 1.250000
v 13.502500 1.702500 1.250000
vn 0.000000 1.000000 0.000000
f 15355//5119 15356//5119 15357//5119
v 13.457500 1.702500 -1.250000
v 13.502500 1.702500 1.250000
v 13.502500 1.702500 -1.250000
vn 0.000000 1.000000 0.000000
f 15358//5120 15359//5120 15360//5120
v 13.457500 1.817500 -1.250000
v 13.457500 1.862500 -1.250000
v 13.502500 1.862500 -1.250000
vn 0.000000 0.000000 -1.000000
f 15361//5121 15362//5121 15363//5121
v 13.457500 1.817500 -1.250000
v 13.502500 1.862500 -1.250000
v 13.502500 1.817500 -1.250000
vn 0.000000 0.000000 -1.000000
f 15364//5122 15365//5122 15366//5122
v 13.457500 1.817500 1.250000
v 13.502500 1.817500 1.250000
v 13.502500 1.862500 1.250000
vn 0.000000 0.000000 1.000000
f 15367//5123 15368//5123 15369//5123
v 13.457500 1.817500 1.250000
v 13.502500 1.862500 1.250000
v 13.457500 1.862500 1.250000
vn 0.000000 0.000000 1.000000
f 15370//5124 15371//5124 15372//5124
v 13.457500 1.817500 -1.250000
v 13.457500 1.817500 1.250000
v 13.457500 1.862500 1.250000
vn -1.000000 0.000000 0.000000
f 15373//5125 15374//5125 15375//5125
v 13.457500 1.817500 -1.250000
v 13.457500 1.862500 1.250000
v 13.457500 1.862500 -1.250000
vn -1.000000 0.000000 0.000000
f 15376//5126 15377//5126 15378//5126
v 13.502500 1.817500 -1.250000
v 13.502500 1.862500 -1.250000
v 13.502500 1.862500 1.250000
vn 1.000000 0.000000 0.000000
f 15379//5127 15380//5127 15381//5127
v 13.502500 1.817500 -1.250000
v 13.502500 1.862500 1.250000
v 13.502500 1.817500 1.250000
vn 1.000000 0.000000 0.000000
f 15382//5128 15383//5128 15384//5128
v 13.457500 1.817500 -1.250000
v 13.502500 1.817500 -1.250000
v 13.502500 1.817500 1.250000
vn 0.000000 -1.000000 0.000000
f 15385//5129 15386//5129 15387//5129
v 13.457500 1.817500 -1.250000
v 13.502500 1.817500 1.250000
v 13.457500 1.817500 1.250000
vn 0.000000 -1.000000 0.000000
f 15388//5130 15389//5130 15390//5130
v 13.457500 1.862500 -1.250000
v 13.457500 1.862500 1.250000
v 13.502500 1.862500 1.250000
vn 0.000000 1.000000 0.000000
f 15391//5131 15392//5131 15393//5131
v 13.457500 1.862500 -1.250000
v 13.502500 1.862500 1.250000
v 13.502500 1.862500 -1.250000
vn 0.000000 1.000000 0.000000
f 15394//5132 15395//5132 15396//5132
v 13.457500 1.977500 -1.250000
v 13.457500 2.022500 -1.250000
v 13.502500 2.022500 -1.250000
vn 0.000000 0.000000 -1.000000
f 15397//5133 15398//5133 15399//5133
v 13.457500 1.977500 -1.250000
v 13.502500 2.022500 -1.250000
v 13.502500 1.977500 -1.250000
vn 0.000000 0.000000 -1.000000
f 15400//5134 15401//5134 15402//5134
v 13.457500 1.977500 1.250000
v 13.502500 1.977500 1.250000
v 13.502500 2.022500 1.250000
vn 0.000000 0.000000 1.000000
f 15403//5135 15404//5135 15405//5135
v 13.457500 1.977500 1.250000
v 13.502500 2.022500 1.250000
v 13.457500 2.022500 1.250000
vn 0.000000 0.000000 1.000000
f 15406//5136 15407//5136 15408//5136
v 13.457500 1.977500 -1.250000
v 13.457500 1.977500 1.250000
v 13.457500 2.022500 1.250000
vn -1.000000 0.000000 0.000000
f 15409//5137 15410//5137 15411//5137
v 13.457500 1.977500 -1.250000
v 13.457500 2.022500 1.250000
v 13.457500 2.022500 -1.250000
vn -1.000000 0.000000 0.000000
f 15412//5138 15413//5138 15414//5138
v 13.502500 1.977500 -1.250000
v 13.502500 2.022500 -1.250000
v 13.502500 2.022500 1.250000
vn 1.000000 0.000000 0.000000
f 15415//5139 15416//5139 15417//5139
v 13.502500 1.977500 -1.250000
v 13.502500 2.022500 1.250000
v 13.502500 1.977500 1.250000
vn 1.000000 0.000000 0.000000
f 15418//5140 15419//5140 15420//5140
v 13.457500 1.977500 -1.250000
v 13.502500 1.977500 -1.250000
v 13.502500 1.977500 1.250000
vn 0.000000 -1.000000 0.000000
f 15421//5141 15422//5141 15423//5141
v 13.457500 1.977500 -1.250000
v 13.502500 1.977500 1.250000
v 13.457500 1.977500 1.250000
vn 0.000000 -1.000000 0.000000
f 15424//5142 15425//5142 15426//5142
v 13.457500 2.022500 -1.250000
v 13.457500 2.022500 1.250000
v 13.502500 2.022500 1.250000
vn 0.000000 1.000000 0.000000
f 15427//5143 15428//5143 15429//5143
v 13.457500 2.022500 -1.250000
v 13.502500 2.022500 1.250000
v 13.502500 2.022500 -1.250000
vn 0.000000 1.000000 0.000000
f 15430//5144 15431//5144 15432//5144
v 13.457500 2.137500 -1.250000
v 13.457500 2.182500 -1.250000
v 13.502500 2.182500 -1.250000
vn 0.000000 0.000000 -1.000000
f 15433//5145 15434//5145 15435//5145
v 13.457500 2.137500 -1.250000
v 13.502500 2.182500 -1.250000
v 13.502500 2.137500 -1.250000
vn 0.000000 0.000000 -1.000000
f 15436//5146 15437//5146 15438//5146
v 13.457500 2.137500 1.250000
v 13.502500 2.137500 1.250000
v 13.502500 2.182500 1.250000
vn 0.000000 0.000000 1.000000
f 15439//5147 15440//5147 15441//5147
v 13.457500 2.137500 1.250000
v 13.502500 2.182500 1.250000
v 13.457500 2.182500 1.250000
vn 0.000000 0.000000 1.000000
f 15442//5148 15443//5148 15444//5148
v 13.457500 2.137500 -1.250000
v 13.457500 2.137500 1.250000
v 13.457500 2.182500 1.250000
vn -1.000000 0.000000 0.000000
f 15445//5149 15446//5149 15447//5149
v 13.457500 2.137500 -1.250000
v 13.457500 2.182500 1.250000
v 13.457500 2.182500 -1.250000
vn -1.000000 0.000000 0.000000
f 15448//5150 15449//5150 15450//5150
v 13.502500 2.137500 -1.250000
v 13.502500 2.182500 -1.250000
v 13.502500 2.182500 1.250000
vn 1.000000 0.000000 0.000000
f 15451//5151 15452//5151 15453//5151
v 13.502500 2.137500 -1.250000
v 13.502500 2.182500 1.250000
v 13.502500 2.137500 1.250000
vn 1.000000 0.000000 0.000000
f 15454//5152 15455//5152 15456//5152
v 13.457500 2.137500 -1.250000
v 13.502500 2.137500 -1.250000
v 13.502500 2.137500 1.250000
vn 0.000000 -1.000000 0.000000
f 15457//5153 15458//5153 15459//5153
v 13.457500 2.137500 -1.250000
v 13.502500 2.137500 1.250000
v 13.457500 2.137500 1.250000
vn 0.000000 -1.000000 0.000000
f 15460//5154 15461//5154 15462//5154
v 13.457500 2.182500 -1.250000
v 13.457500 2.182500 1.250000
v 13.502500 2.182500 1.250000
vn 0.000000 1.000000 0.000000
f 15463//5155 15464//5155 15465//5155
v 13.457500 2.182500 -1.250000
v 13.502500 2.182500 1.250000
v 13.502500 2.182500 -1.250000
vn 0.000000 1.000000 0.000000
f 15466//5156 15467//5156 15468//5156
v 13.457500 1.177500 7.750000
v 13.457500 1.222500 7.750000
v 13.502500 1.222500 7.750000
vn 0.000000 0.000000 -1.000000
f 15469//5157 15470//5157 15471//5157
v 13.457500 1.177500 7.750000
v 13.502500 1.222500 7.750000
v 13.502500 1.177500 7.750000
vn 0.000000 0.000000 -1.000000
f 15472//5158 15473//5158 15474//5158
v 13.457500 1.177500 10.250000
v 13.502500 1.177500 10.250000
v 13.502500 1.222500 10.250000
vn 0.000000 0.000000 1.000000
f 15475//5159 15476//5159 15477//5159
v 13.457500 1.177500 10.250000
v 13.502500 1.222500 10.250000
v 13.457500 1.222500 10.250000
vn 0.000000 0.000000 1.000000
f 15478//5160 15479//5160 15480//5160
v 13.457500 1.177500 7.750000
v 13.457500 1.177500 10.250000
v 13.457500 1.222500 10.250000
vn -1.000000 0.000000 0.000000
f 15481//5161 15482//5161 15483//5161
v 13.457500 1.177500 7.750000
v 13.457500 1.222500 10.250000
v 13.457500 1.222500 7.750000
vn -1.000000 0.000000 0.000000
f 15484//5162 15485//5162 15486//5162
v 13.502500 1.177500 7.750000
v 13.502500 1.222500 7.750000
v 13.502500 1.222500 10.250000
vn 1.000000 0.000000 0.000000
f 15487//5163 15488//5163 15489//5163
v 13.502500 1.177500 7.750000
v 13.502500 1.222500 10.250000
v 13.502500 1.177500 10.250000
vn 1.000000 0.000000 0.000000
f 15490//5164 15491//5164 15492//5164
v 13.457500 1.177500 7.750000
v 13.502500 1.177500 7.750000
v 13.502500 1.177500 10.250000
vn 0.000000 -1.000000 0.000000
f 15493//5165 15494//5165 15495//5165
v 13.457500 1.177500 7.750000
v 13.502500 1.177500 10.250000
v 13.457500 1.177500 10.250000
vn 0.000000 -1.000000 0.000000
f 15496//5166 15497//5166 15498//5166
v 13.457500 1.222500 7.750000
v 13.457500 1.222500 10.250000
v 13.502500 1.222500 10.250000
vn 0.000000 1.000000 0.000000
f 15499//5167 15500//5167 15501//5167
v 13.457500 1.222500 7.750000
v 13.502500 1.222500 10.250000
v 13.502500 1.222500 7.750000
vn 0.000000 1.000000 0.000000
f 15502//5168 15503//5168 15504//5168
v 13.457500 1.337500 7.750000
v 13.457500 1.382500 7.750000
v 13.502500 1.382500 7.750000
vn 0.000000 0.000000 -1.000000
f 15505//5169 15506//5169 15507//5169
v 13.457500 1.337500 7.750000
v 13.502500 1.382500 7.750000
v 13.502500 1.337500 7.750000
vn 0.000000 0.000000 -1.000000
f 15508//5170 15509//5170 15510//5170
v 13.457500 1.337500 10.250000
v 13.502500 1.337500 10.250000
v 13.502500 1.382500 10.250000
vn 0.000000 0.000000 1.000000
f 15511//5171 15512//5171 15513//5171
v 13.457500 1.337500 10.250000
v 13.502500 1.382500 10.250000
v 13.457500 1.382500 10.250000
vn 0.000000 0.000000 1.000000
f 15514//5172 15515//5172 15516//5172
v 13.457500 1.337500 7.750000
v 13.457500 1.337500 10.250000
v 13.457500 1.382500 10.250000
vn -1.000000 0.000000 0.000000
f 15517//5173 15518//5173 15519//5173
v 13.457500 1.337500 7.750000
v 13.457500 1.382500 10.250000
v 13.457500 1.382500 7.750000
vn -1.000000 0.000000 0.000000
f 15520//5174 15521//5174 15522//5174
v 13.502500 1.337500 7.750000
v 13.502500 1.382500 7.750000
v 13.502500 1.382500 10.250000
vn 1.000000 0.000000 0.000000
f 15523//5175 15524//5175 15525//5175
v 13.502500 1.337500 7.750000
v 13.502500 1.382500 10.250000
v 13.502500 1.337500 10.250000
vn 1.000000 0.000000 0.000000
f 15526//5176 15527//5176 15528//5176
v 13.457500 1.337500 7.750000
v 13.502500 1.337500 7.750000
v 13.502500 1.337500 10.250000
vn 0.000000 -1.000000 0.000000
f 15529//5177 15530//5177 15531//5177
v 13.457500 1.337500 7.750000
v 13.502500 1.337500 10.250000
v 13.457500 1.337500 10.250000
vn 0.000000 -1.000000 0.000000
f 15532//5178 15533//5178 15534//5178
v 13.457500 1.382500 7.750000
v 13.457500 1.382500 10.250000
v 13.502500 1.382500 10.250000
vn 0.000000 1.000000 0.000000
f 15535//5179 15536//5179 15537//5179
v 13.457500 1.382500 7.750000
v 13.502500 1.382500 10.250000
v 13.502500 1.382500 7.750000
vn 0.000000 1.000000 0.000000
f 15538//5180 15539//5180 15540//5180
v 13.457500 1.497500 7.750000
v 13.457500 1.542500 7.750000
v 13.502500 1.542500 7.750000
vn 0.000000 0.000000 -1.000000
f 15541//5181 15542//5181 15543//5181
v 13.457500 1.497500 7.750000
v 13.502500 1.542500 7.750000
v 13.502500 1.497500 7.750000
vn 0.000000 0.000000 -1.000000
f 15544//5182 15545//5182 15546//5182
v 13.457500 1.497500 10.250000
v 13.502500 1.497500 10.250000
v 13.502500 1.542500 10.250000
vn 0.000000 0.000000 1.000000
f 15547//5183 15548//5183 15549//5183
v 13.457500 1.497500 10.250000
v 13.502500 1.542500 10.250000
v 13.457500 1.542500 10.250000
vn 0.000000 0.000000 1.000000
f 15550//5184 15551//5184 15552//5184
v 13.457500 1.497500 7.750000
v 13.457500 1.497500 10.250000
v 13.457500 1.542500 10.250000
vn -1.000000 0.000000 0.000000
f 15553//5185 15554//5185 15555//5185
v 13.457500 1.497500 7.750000
v 13.457500 1.542500 10.250000
v 13.457500 1.542500 7.750000
vn -1.000000 0.000000 0.000000
f 15556//5186 15557//5186 15558//5186
v 13.502500 1.497500 7.750000
v 13.502500 1.542500 7.750000
v 13.502500 1.542500 10.250000
vn 1.000000 0.000000 0.000000
f 15559//5187 15560//5187 15561//5187
v 13.502500 1.497500 7.750000
v 13.502500 1.542500 10.250000
v 13.502500 1.497500 10.250000
vn 1.000000 0.000000 0.000000
f 15562//5188 15563//5188 15564//5188
v 13.457500 1.497500 7.750000
v 13.502500 1.497500 7.750000
v 13.502500 1.497500 10.250000
vn 0.000000 -1.000000 0.000000
f 15565//5189 15566//5189 15567//5189
v 13.457500 1.497500 7.750000
v 13.502500 1.497500 10.250000
v 13.457500 1.497500 10.250000
vn 0.000000 -1.000000 0.000000
f 15568//5190 15569//5190 15570//5190
v 13.457500 1.542500 7.750000
v 13.457500 1.542500 10.250000
v 13.502500 1.542500 10.250000
vn 0.000000 1.000000 0.000000
f 15571//5191 15572//5191 15573//5191
v 13.457500 1.542500 7.750000
v 13.502500 1.542500 10.250000
v 13.502500 1.542500 7.750000
vn 0.000000 1.000000 0.000000
f 15574//5192 15575//5192 15576//5192
v 13.457500 1.657500 7.750000
v 13.457500 1.702500 7.750000
v 13.502500 1.702500 7.750000
vn 0.000000 0.000000 -1.000000
f 15577//5193 15578//5193 15579//5193
v 13.457500 1.657500 7.750000
v 13.502500 1.702500 7.750000
v 13.502500 1.657500 7.750000
vn 0.000000 0.000000 -1.000000
f 15580//5194 15581//5194 15582//5194
v 13.457500 1.657500 10.250000
v 13.502500 1.657500 10.250000
v 13.502500 1.702500 10.250000
vn 0.000000 0.000000 1.000000
f 15583//5195 15584//5195 15585//5195
v 13.457500 1.657500 10.250000
v 13.502500 1.702500 10.250000
v 13.457500 1.702500 10.250000
vn 0.000000 0.000000 1.000000
f 15586//5196 15587//5196 15588//5196
v 13.457500 1.657500 7.750000
v 13.457500 1.657500 10.250000
v 13.457500 1.702500 10.250000
vn -1.000000 0.000000 0.000000
f 15589//5197 15590//5197 15591//5197
v 13.457500 1.657500 7.750000
v 13.457500 1.702500 10.250000
v 13.457500 1.702500 7.750000
vn -1.000000 0.000000 0.000000
f 15592//5198 15593//5198 15594//5198
v 13.502500 1.657500 7.750000
v 13.502500 1.702500 7.750000
v 13.502500 1.702500 10.250000
vn 1.000000 0.000000 0.000000
f 15595//5199 15596//5199 15597//5199
v 13.502500 1.657500 7.750000
v 13.502500 1.702500 10.250000
v 13.502500 1.657500 10.250000
vn 1.000000 0.000000 0.000000
f 15598//5200 15599//5200 15600//5200
v 13.457500 1.657500 7.750000
v 13.502500 1.657500 7.750000
v 13.502500 1.657500 10.250000
vn 0.000000 -1.000000 0.000000
f 15601//5201 15602//5201 15603//5201
v 13.457500 1.657500 7.750000
v 13.502500 1.657500 10.250000
v 13.457500 1.657500 10.250000
vn 0.000000 -1.000000 0.000000
f 15604//5202 15605//5202 15606//5202
v 13.457500 1.702500 7.750000
v 13.457500 1.702500 10.250000
v 13.502500 1.702500 10.250000
vn 0.000000 1.000000 0.000000
f 15607//5203 15608//5203 15609//5203
v 13.457500 1.702500 7.750000
v 13.502500 1.702500 10.250000
v 13.502500 1.702500 7.750000
vn 0.000000 1.000000 0.000000
f 15610//5204 15611//5204 15612//5204
v 13.457500 1.817500 7.750000
v 13.457500 1.862500 7.750000
v 13.502500 1.862500 7.750000
vn 0.000000 0.000000 -1.000000
f 15613//5205 15614//5205 15615//5205
v 13.457500 1.817500 7.750000
v 13.502500 1.862500 7.750000
v 13.502500 1.817500 7.750000
vn 0.000000 0.000000 -1.000000
f 15616//5206 15617//5206 15618//5206
v 13.457500 1.817500 10.250000
v 13.502500 1.817500 10.250000
v 13.502500 1.862500 10.250000
vn 0.000000 0.000000 1.000000
f 15619//5207 15620//5207 15621//5207
v 13.457500 1.817500 10.250000
v 13.502500 1.862500 10.250000
v 13.457500 1.862500 10.250000
vn 0.000000 0.000000 1.000000
f 15622//5208 15623//5208 15624//5208
v 13.457500 1.817500 7.750000
v 13.457500 1.817500 10.250000
v 13.457500 1.862500 10.250000
vn -1.000000 0.000000 0.000000
f 15625//5209 15626//5209 15627//5209
v 13.457500 1.817500 7.750000
v 13.457500 1.862500 10.250000
v 13.457500 1.862500 7.750000
vn -1.000000 0.000000 0.000000
f 15628//5210 15629//5210 15630//5210
v 13.502500 1.817500 7.750000
v 13.502500 1.862500 7.750000
v 13.502500 1.862500 10.250000
vn 1.000000 0.000000 0.000000
f 15631//5211 15632//5211 15633//5211
v 13.502500 1.817500 7.750000
v 13.502500 1.862500 10.250000
v 13.502500 1.817500 10.250000
vn 1.000000 0.000000 0.000000
f 15634//5212 15635//5212 15636//5212
v 13.457500 1.817500 7.750000
v 13.502500 1.817500 7.750000
v 13.502500 1.817500 10.250000
vn 0.000000 -1.000000 0.000000
f 15637//5213 15638//5213 15639//5213
v 13.457500 1.817500 7.750000
v 13.502500 1.817500 10.250000
v 13.457500 1.817500 10.250000
vn 0.000000 -1.000000 0.000000
f 15640//5214 15641//5214 15642//5214
v 13.457500 1.862500 7.750000
v 13.457500 1.862500 10.250000
v 13.502500 1.862500 10.250000
vn 0.000000 1.000000 0.000000
f 15643//5215 15644//5215 15645//5215
v 13.457500 1.862500 7.750000
v 13.502500 1.862500 10.250000
v 13.502500 1.862500 7.750000
vn 0.000000 1.000000 0.000000
f 15646//5216 15647//5216 15648//5216
v 13.457500 1.977500 7.750000
v 13.457500 2.022500 7.750000
v 13.502500 2.022500 7.750000
vn 0.000000 0.000000 -1.000000
f 15649//5217 15650//5217 15651//5217
v 13.457500 1.977500 7.750000
v 13.502500 2.022500 7.750000
v 13.502500 1.977500 7.750000
vn 0.000000 0.000000 -1.000000
f 15652//5218 15653//5218 15654//5218
v 13.457500 1.977500 10.250000
v 13.502500 1.977500 10.250000
v 13.502500 2.022500 10.250000
vn 0.000000 0.000000 1.000000
f 15655//5219 15656//5219 15657//5219
v 13.457500 1.977500 10.250000
v 13.502500 2.022500 10.250000
v 13.457500 2.022500 10.250000
vn 0.000000 0.000000 1.000000
f 15658//5220 15659//5220 15660//5220
v 13.457500 1.977500 7.750000
v 13.457500 1.977500 10.250000
v 13.457500 2.022500 10.250000
vn -1.000000 0.000000 0.000000
f 15661//5221 15662//5221 15663//5221
v 13.457500 1.977500 7.750000
v 13.457500 2.022500 10.250000
v 13.457500 2.022500 7.750000
vn -1.000000 0.000000 0.000000
f 15664//5222 15665//5222 15666//5222
v 13.502500 1.977500 7.750000
v 13.502500 2.022500 7.750000
v 13.502500 2.022500 10.250000
vn 1.000000 0.000000 0.000000
f 15667//5223 15668//5223 15669//5223
v 13.502500 1.977500 7.750000
v 13.502500 2.022500 10.250000
v 13.502500 1.977500 10.250000
vn 1.000000 0.000000 0.000000
f 15670//5224 15671//5224 15672//5224
v 13.457500 1.977500 7.750000
v 13.502500 1.977500 7.750000
v 13.502500 1.977500 10.250000
vn 0.000000 -1.000000 0.000000
f 15673//5225 15674//5225 15675//5225
v 13.457500 1.977500 7.750000
v 13.502500 1.977500 10.250000
v 13.457500 1.977500 10.250000
vn 0.000000 -1.000000 0.000000
f 15676//5226 15677//5226 15678//5226
v 13.457500 2.022500 7.750000
v 13.457500 2.022500 10.250000
v 13.502500 2.022500 10.250000
vn 0.000000 1.000000 0.000000
f 15679//5227 15680//5227 15681//5227
v 13.457500 2.022500 7.750000
v 13.502500 2.022500 10.250000
v 13.502500 2.022500 7.750000
vn 0.000000 1.000000 0.000000
f 15682//5228 15683//5228 15684//5228
v 13.457500 2.137500 7.750000
v 13.457500 2.182500 7.750000
v 13.502500 2.182500 7.750000
vn 0.000000 0.000000 -1.000000
f 15685//5229 15686//5229 15687//5229
v 13.457500 2.137500 7.750000
v 13.502500 2.182500 7.750000
v 13.502500 2.137500 7.750000
vn 0.000000 0.000000 -1.000000
f 15688//5230 15689//5230 15690//5230
v 13.457500 2.137500 10.250000
v 13.502500 2.137500 10.250000
v 13.502500 2.182500 10.250000
vn 0.000000 0.000000 1.000000
f 15691//5231 15692//5231 15693//5231
v 13.457500 2.137500 10.250000
v 13.502500 2.182500 10.250000
v 13.457500 2.182500 10.250000
vn 0.000000 0.000000 1.000000
f 15694//5232 15695//5232 15696//5232
v 13.457500 2.137500 7.750000
v 13.457500 2.137500 10.250000
v 13.457500 2.182500 10.250000
vn -1.000000 0.000000 0.000000
f 15697//5233 15698//5233 15699//5233
v 13.457500 2.137500 7.750000
v 13.457500 2.182500 10.250000
v 13.457500 2.182500 7.750000
vn -1.000000 0.000000 0.000000
f 15700//5234 15701//5234 15702//5234
v 13.502500 2.137500 7.750000
v 13.502500 2.182500 7.750000
v 13.502500 2.182500 10.250000
vn 1.000000 0.000000 0.000000
f 15703//5235 15704//5235 15705//5235
v 13.502500 2.137500 7.750000
v 13.502500 2.182500 10.250000
v 13.502500 2.137500 10.250000
vn 1.000000 0.000000 0.000000
f 15706//5236 15707//5236 15708//5236
v 13.457500 2.137500 7.750000
v 13.502500 2.137500 7.750000
v 13.502500 2.137500 10.250000
vn 0.000000 -1.000000 0.000000
f 15709//5237 15710//5237 15711//5237
v 13.457500 2.137500 7.750000
v 13.502500 2.137500 10.250000
v 13.457500 2.137500 10.250000
vn 0.000000 -1.000000 0.000000
f 15712//5238 15713//5238 15714//5238
v 13.457500 2.182500 7.750000
v 13.457500 2.182500 10.250000
v 13.502500 2.182500 10.250000
vn 0.000000 1.000000 0.000000
f 15715//5239 15716//5239 15717//5239
v 13.457500 2.182500 7.750000
v 13.502500 2.182500 10.250000
v 13.502500 2.182500 7.750000
vn 0.000000 1.000000 0.000000
f 15718//5240 15719//5240 15720//5240
v -7.050000 1.350000 8.450000
v -7.050000 1.430000 8.450000
v -4.550000 1.430000 8.450000
vn 0.000000 0.000000 -1.000000
f 15721//5241 15722//5241 15723//5241
v -7.050000 1.350000 8.450000
v -4.550000 1.430000 8.450000
v -4.550000 1.350000 8.450000
vn 0.000000 0.000000 -1.000000
f 15724//5242 15725//5242 15726//5242
v -7.050000 1.350000 9.550000
v -4.550000 1.350000 9.550000
v -4.550000 1.430000 9.550000
vn 0.000000 0.000000 1.000000
f 15727//5243 15728//5243 15729//5243
v -7.050000 1.350000 9.550000
v -4.550000 1.430000 9.550000
v -7.050000 1.430000 9.550000
vn 0.000000 0.000000 1.000000
f 15730//5244 15731//5244 15732//5244
v -7.050000 1.350000 8.450000
v -7.050000 1.350000 9.550000
v -7.050000 1.430000 9.550000
vn -1.000000 0.000000 0.000000
f 15733//5245 15734//5245 15735//5245
v -7.050000 1.350000 8.450000
v -7.050000 1.430000 9.550000
v -7.050000 1.430000 8.450000
vn -1.000000 0.000000 0.000000
f 15736//5246 15737//5246 15738//5246
v -4.550000 1.350000 8.450000
v -4.550000 1.430000 8.450000
v -4.550000 1.430000 9.550000
vn 1.000000 0.000000 0.000000
f 15739//5247 15740//5247 15741//5247
v -4.550000 1.350000 8.450000
v -4.550000 1.430000 9.550000
v -4.550000 1.350000 9.550000
vn 1.000000 0.000000 0.000000
f 15742//5248 15743//5248 15744//5248
v -7.050000 1.350000 8.450000
v -4.550000 1.350000 8.450000
v -4.550000 1.350000 9.550000
vn 0.000000 -1.000000 0.000000
f 15745//5249 15746//5249 15747//5249
v -7.050000 1.350000 8.450000
v -4.550000 1.350000 9.550000
v -7.050000 1.350000 9.550000
vn 0.000000 -1.000000 0.000000
f 15748//5250 15749//5250 15750//5250
v -7.050000 1.430000 8.450000
v -7.050000 1.430000 9.550000
v -4.550000 1.430000 9.550000
vn 0.000000 1.000000 0.000000
f 15751//5251 15752//5251 15753//5251
v -7.050000 1.430000 8.450000
v -4.550000 1.430000 9.550000
v -4.550000 1.430000 8.450000
vn 0.000000 1.000000 0.000000
f 15754//5252 15755//5252 15756//5252
v 4.550000 1.350000 8.450000
v 4.550000 1.430000 8.450000
v 7.050000 1.430000 8.450000
vn 0.000000 0.000000 -1.000000
f 15757//5253 15758//5253 15759//5253
v 4.550000 1.350000 8.450000
v 7.050000 1.430000 8.450000
v 7.050000 1.350000 8.450000
vn 0.000000 0.000000 -1.000000
f 15760//5254 15761//5254 15762//5254
v 4.550000 1.350000 9.550000
v 7.050000 1.350000 9.550000
v 7.050000 1.430000 9.550000
vn 0.000000 0.000000 1.000000
f 15763//5255 15764//5255 15765//5255
v 4.550000 1.350000 9.550000
v 7.050000 1.430000 9.550000
v 4.550000 1.430000 9.550000
vn 0.000000 0.000000 1.000000
f 15766//5256 15767//5256 15768//5256
v 4.550000 1.350000 8.450000
v 4.550000 1.350000 9.550000
v 4.550000 1.430000 9.550000
vn -1.000000 0.000000 0.000000
f 15769//5257 15770//5257 15771//5257
v 4.550000 1.350000 8.450000
v 4.550000 1.430000 9.550000
v 4.550000 1.430000 8.450000
vn -1.000000 0.000000 0.000000
f 15772//5258 15773//5258 15774//5258
v 7.050000 1.350000 8.450000
v 7.050000 1.430000 8.450000
v 7.050000 1.430000 9.550000
vn 1.000000 0.000000 0.000000
f 15775//5259 15776//5259 15777//5259
v 7.050000 1.350000 8.450000
v 7.050000 1.430000 9.550000
v 7.050000 1.350000 9.550000
vn 1.000000 0.000000 0.000000
f 15778//5260 15779//5260 15780//5260
v 4.550000 1.350000 8.450000
v 7.050000 1.350000 8.450000
v 7.050000 1.350000 9.550000
vn 0.000000 -1.000000 0.000000
f 15781//5261 15782//5261 15783//5261
v 4.550000 1.350000 8.450000
v 7.050000 1.350000 9.550000
v 4.550000 1.350000 9.550000
vn 0.000000 -1.000000 0.000000
f 15784//5262 15785//5262 15786//5262
v 4.550000 1.430000 8.450000
v 4.550000 1.430000 9.550000
v 7.050000 1.430000 9.550000
vn 0.000000 1.000000 0.000000
f 15787//5263 15788//5263 15789//5263
v 4.550000 1.430000 8.450000
v 7.050000 1.430000 9.550000
v 7.050000 1.430000 8.450000
vn 0.000000 1.000000 0.000000
f 15790//5264 15791//5264 15792//5264
v -6.400000 0.003000 12.420000
v -6.400000 0.025000 12.420000
v -5.600000 0.025000 12.420000
vn 0.000000 0.000000 -1.000000
f 15793//5265 15794//5265 15795//5265
v -6.400000 0.003000 12.420000
v -5.600000 0.025000 12.420000
v -5.600000 0.003000 12.420000
vn 0.000000 0.000000 -1.000000
f 15796//5266 15797//5266 15798//5266
v -6.400000 0.003000 12.580000
v -5.600000 0.003000 12.580000
v -5.600000 0.025000 12.580000
vn 0.000000 0.000000 1.000000
f 15799//5267 15800//5267 15801//5267
v -6.400000 0.003000 12.580000
v -5.600000 0.025000 12.580000
v -6.400000 0.025000 12.580000
vn 0.000000 0.000000 1.000000
f 15802//5268 15803//5268 15804//5268
v -6.400000 0.003000 12.420000
v -6.400000 0.003000 12.580000
v -6.400000 0.025000 12.580000
vn -1.000000 0.000000 0.000000
f 15805//5269 15806//5269 15807//5269
v -6.400000 0.003000 12.420000
v -6.400000 0.025000 12.580000
v -6.400000 0.025000 12.420000
vn -1.000000 0.000000 0.000000
f 15808//5270 15809//5270 15810//5270
v -5.600000 0.003000 12.420000
v -5.600000 0.025000 12.420000
v -5.600000 0.025000 12.580000
vn 1.000000 0.000000 0.000000
f 15811//5271 15812//5271 15813//5271
v -5.600000 0.003000 12.420000
v -5.600000 0.025000 12.580000
v -5.600000 0.003000 12.580000
vn 1.000000 0.000000 0.000000
f 15814//5272 15815//5272 15816//5272
v -6.400000 0.003000 12.420000
v -5.600000 0.003000 12.420000
v -5.600000 0.003000 12.580000
vn 0.000000 -1.000000 0.000000
f 15817//5273 15818//5273 15819//5273
v -6.400000 0.003000 12.420000
v -5.600000 0.003000 12.580000
v -6.400000 0.003000 12.580000
vn 0.000000 -1.000000 0.000000
f 15820//5274 15821//5274 15822//5274
v -6.400000 0.025000 12.420000
v -6.400000 0.025000 12.580000
v -5.600000 0.025000 12.580000
vn 0.000000 1.000000 0.000000
f 15823//5275 15824//5275 15825//5275
v -6.400000 0.025000 12.420000
v -5.600000 0.025000 12.580000
v -5.600000 0.025000 12.420000
vn 0.000000 1.000000 0.000000
f 15826//5276 15827//5276 15828//5276
v -6.400000 0.003000 11.620000
v -6.400000 0.025000 11.620000
v -5.600000 0.025000 11.620000
vn 0.000000 0.000000 -1.000000
f 15829//5277 15830//5277 15831//5277
v -6.400000 0.003000 11.620000
v -5.600000 0.025000 11.620000
v -5.600000 0.003000 11.620000
vn 0.000000 0.000000 -1.000000
f 15832//5278 15833//5278 15834//5278
v -6.400000 0.003000 11.780000
v -5.600000 0.003000 11.780000
v -5.600000 0.025000 11.780000
vn 0.000000 0.000000 1.000000
f 15835//5279 15836//5279 15837//5279
v -6.400000 0.003000 11.780000
v -5.600000 0.025000 11.780000
v -6.400000 0.025000 11.780000
vn 0.000000 0.000000 1.000000
f 15838//5280 15839//5280 15840//5280
v -6.400000 0.003000 11.620000
v -6.400000 0.003000 11.780000
v -6.400000 0.025000 11.780000
vn -1.000000 0.000000 0.000000
f 15841//5281 15842//5281 15843//5281
v -6.400000 0.003000 11.620000
v -6.400000 0.025000 11.780000
v -6.400000 0.025000 11.620000
vn -1.000000 0.000000 0.000000
f 15844//5282 15845//5282 15846//5282
v -5.600000 0.003000 11.620000
v -5.600000 0.025000 11.620000
v -5.600000 0.025000 11.780000
vn 1.000000 0.000000 0.000000
f 15847//5283 15848//5283 15849//5283
v -5.600000 0.003000 11.620000
v -5.600000 0.025000 11.780000
v -5.600000 0.003000 11.780000
vn 1.000000 0.000000 0.000000
f 15850//5284 15851//5284 15852//5284
v -6.400000 0.003000 11.620000
v -5.600000 0.003000 11.620000
v -5.600000 0.003000 11.780000
vn 0.000000 -1.000000 0.000000
f 15853//5285 15854//5285 15855//5285
v -6.400000 0.003000 11.620000
v -5.600000 0.003000 11.780000
v -6.400000 0.003000 11.780000
vn 0.000000 -1.000000 0.000000
f 15856//5286 15857//5286 15858//5286
v -6.400000 0.025000 11.620000
v -6.400000 0.025000 11.780000
v -5.600000 0.025000 11.780000
vn 0.000000 1.000000 0.000000
f 15859//5287 15860//5287 15861//5287
v -6.400000 0.025000 11.620000
v -5.600000 0.025000 11.780000
v -5.600000 0.025000 11.620000
vn 0.000000 1.000000 0.000000
f 15862//5288 15863//5288 15864//5288
v -6.400000 0.003000 10.820000
v -6.400000 0.025000 10.820000
v -5.600000 0.025000 10.820000
vn 0.000000 0.000000 -1.000000
f 15865//5289 15866//5289 15867//5289
v -6.400000 0.003000 10.820000
v -5.600000 0.025000 10.820000
v -5.600000 0.003000 10.820000
vn 0.000000 0.000000 -1.000000
f 15868//5290 15869//5290 15870//5290
v -6.400000 0.003000 10.980000
v -5.600000 0.003000 10.980000
v -5.600000 0.025000 10.980000
vn 0.000000 0.000000 1.000000
f 15871//5291 15872//5291 15873//5291
v -6.400000 0.003000 10.980000
v -5.600000 0.025000 10.980000
v -6.400000 0.025000 10.980000
vn 0.000000 0.000000 1.000000
f 15874//5292 15875//5292 15876//5292
v -6.400000 0.003000 10.820000
v -6.400000 0.003000 10.980000
v -6.400000 0.025000 10.980000
vn -1.000000 0.000000 0.000000
f 15877//5293 15878//5293 15879//5293
v -6.400000 0.003000 10.820000
v -6.400000 0.025000 10.980000
v -6.400000 0.025000 10.820000
vn -1.000000 0.000000 0.000000
f 15880//5294 15881//5294 15882//5294
v -5.600000 0.003000 10.820000
v -5.600000 0.025000 10.820000
v -5.600000 0.025000 10.980000
vn 1.000000 0.000000 0.000000
f 15883//5295 15884//5295 15885//5295
v -5.600000 0.003000 10.820000
v -5.600000 0.025000 10.980000
v -5.600000 0.003000 10.980000
vn 1.000000 0.000000 0.000000
f 15886//5296 15887//5296 15888//5296
v -6.400000 0.003000 10.820000
v -5.600000 0.003000 10.820000
v -5.600000 0.003000 10.980000
vn 0.000000 -1.000000 0.000000
f 15889//5297 15890//5297 15891//5297
v -6.400000 0.003000 10.820000
v -5.600000 0.003000 10.980000
v -6.400000 0.003000 10.980000
vn 0.000000 -1.000000 0.000000
f 15892//5298 15893//5298 15894//5298
v -6.400000 0.025000 10.820000
v -6.400000 0.025000 10.980000
v -5.600000 0.025000 10.980000
vn 0.000000 1.000000 0.000000
f 15895//5299 15896//5299 15897//5299
v -6.400000 0.025000 10.820000
v -5.600000 0.025000 10.980000
v -5.600000 0.025000 10.820000
vn 0.000000 1.000000 0.000000
f 15898//5300 15899//5300 15900//5300
v 5.600000 0.003000 12.420000
v 5.600000 0.025000 12.420000
v 6.400000 0.025000 12.420000
vn 0.000000 0.000000 -1.000000
f 15901//5301 15902//5301 15903//5301
v 5.600000 0.003000 12.420000
v 6.400000 0.025000 12.420000
v 6.400000 0.003000 12.420000
vn 0.000000 0.000000 -1.000000
f 15904//5302 15905//5302 15906//5302
v 5.600000 0.003000 12.580000
v 6.400000 0.003000 12.580000
v 6.400000 0.025000 12.580000
vn 0.000000 0.000000 1.000000
f 15907//5303 15908//5303 15909//5303
v 5.600000 0.003000 12.580000
v 6.400000 0.025000 12.580000
v 5.600000 0.025000 12.580000
vn 0.000000 0.000000 1.000000
f 15910//5304 15911//5304 15912//5304
v 5.600000 0.003000 12.420000
v 5.600000 0.003000 12.580000
v 5.600000 0.025000 12.580000
vn -1.000000 0.000000 0.000000
f 15913//5305 15914//5305 15915//5305
v 5.600000 0.003000 12.420000
v 5.600000 0.025000 12.580000
v 5.600000 0.025000 12.420000
vn -1.000000 0.000000 0.000000
f 15916//5306 15917//5306 15918//5306
v 6.400000 0.003000 12.420000
v 6.400000 0.025000 12.420000
v 6.400000 0.025000 12.580000
vn 1.000000 0.000000 0.000000
f 15919//5307 15920//5307 15921//5307
v 6.400000 0.003000 12.420000
v 6.400000 0.025000 12.580000
v 6.400000 0.003000 12.580000
vn 1.000000 0.000000 0.000000
f 15922//5308 15923//5308 15924//5308
v 5.600000 0.003000 12.420000
v 6.400000 0.003000 12.420000
v 6.400000 0.003000 12.580000
vn 0.000000 -1.000000 0.000000
f 15925//5309 15926//5309 15927//5309
v 5.600000 0.003000 12.420000
v 6.400000 0.003000 12.580000
v 5.600000 0.003000 12.580000
vn 0.000000 -1.000000 0.000000
f 15928//5310 15929//5310 15930//5310
v 5.600000 0.025000 12.420000
v 5.600000 0.025000 12.580000
v 6.400000 0.025000 12.580000
vn 0.000000 1.000000 0.000000
f 15931//5311 15932//5311 15933//5311
v 5.600000 0.025000 12.420000
v 6.400000 0.025000 12.580000
v 6.400000 0.025000 12.420000
vn 0.000000 1.000000 0.000000
f 15934//5312 15935//5312 15936//5312
v 5.600000 0.003000 11.620000
v 5.600000 0.025000 11.620000
v 6.400000 0.025000 11.620000
vn 0.000000 0.000000 -1.000000
f 15937//5313 15938//5313 15939//5313
v 5.600000 0.003000 11.620000
v 6.400000 0.025000 11.620000
v 6.400000 0.003000 11.620000
vn 0.000000 0.000000 -1.000000
f 15940//5314 15941//5314 15942//5314
v 5.600000 0.003000 11.780000
v 6.400000 0.003000 11.780000
v 6.400000 0.025000 11.780000
vn 0.000000 0.000000 1.000000
f 15943//5315 15944//5315 15945//5315
v 5.600000 0.003000 11.780000
v 6.400000 0.025000 11.780000
v 5.600000 0.025000 11.780000
vn 0.000000 0.000000 1.000000
f 15946//5316 15947//5316 15948//5316
v 5.600000 0.003000 11.620000
v 5.600000 0.003000 11.780000
v 5.600000 0.025000 11.780000
vn -1.000000 0.000000 0.000000
f 15949//5317 15950//5317 15951//5317
v 5.600000 0.003000 11.620000
v 5.600000 0.025000 11.780000
v 5.600000 0.025000 11.620000
vn -1.000000 0.000000 0.000000
f 15952//5318 15953//5318 15954//5318
v 6.400000 0.003000 11.620000
v 6.400000 0.025000 11.620000
v 6.400000 0.025000 11.780000
vn 1.000000 0.000000 0.000000
f 15955//5319 15956//5319 15957//5319
v 6.400000 0.003000 11.620000
v 6.400000 0.025000 11.780000
v 6.400000 0.003000 11.780000
vn 1.000000 0.000000 0.000000
f 15958//5320 15959//5320 15960//5320
v 5.600000 0.003000 11.620000
v 6.400000 0.003000 11.620000
v 6.400000 0.003000 11.780000
vn 0.000000 -1.000000 0.000000
f 15961//5321 15962//5321 15963//5321
v 5.600000 0.003000 11.620000
v 6.400000 0.003000 11.780000
v 5.600000 0.003000 11.780000
vn 0.000000 -1.000000 0.000000
f 15964//5322 15965//5322 15966//5322
v 5.600000 0.025000 11.620000
v 5.600000 0.025000 11.780000
v 6.400000 0.025000 11.780000
vn 0.000000 1.000000 0.000000
f 15967//5323 15968//5323 15969//5323
v 5.600000 0.025000 11.620000
v 6.400000 0.025000 11.780000
v 6.400000 0.025000 11.620000
vn 0.000000 1.000000 0.000000
f 15970//5324 15971//5324 15972//5324
v 5.600000 0.003000 10.820000
v 5.600000 0.025000 10.820000
v 6.400000 0.025000 10.820000
vn 0.000000 0.000000 -1.000000
f 15973//5325 15974//5325 15975//5325
v 5.600000 0.003000 10.820000
v 6.400000 0.025000 10.820000
v 6.400000 0.003000 10.820000
vn 0.000000 0.000000 -1.000000
f 15976//5326 15977//5326 15978//5326
v 5.600000 0.003000 10.980000
v 6.400000 0.003000 10.980000
v 6.400000 0.025000 10.980000
vn 0.000000 0.000000 1.000000
f 15979//5327 15980//5327 15981//5327
v 5.600000 0.003000 10.980000
v 6.400000 0.025000 10.980000
v 5.600000 0.025000 10.980000
vn 0.000000 0.000000 1.000000
f 15982//5328 15983//5328 15984//5328
v 5.600000 0.003000 10.820000
v 5.600000 0.003000 10.980000
v 5.600000 0.025000 10.980000
vn -1.000000 0.000000 0.000000
f 15985//5329 15986//5329 15987//5329
v 5.600000 0.003000 10.820000
v 5.600000 0.025000 10.980000
v 5.600000 0.025000 10.820000
vn -1.000000 0.000000 0.000000
f 15988//5330 15989//5330 15990//5330
v 6.400000 0.003000 10.820000
v 6.400000 0.025000 10.820000
v 6.400000 0.025000 10.980000
vn 1.000000 0.000000 0.000000
f 15991//5331 15992//5331 15993//5331
v 6.400000 0.003000 10.820000
v 6.400000 0.025000 10.980000
v 6.400000 0.003000 10.980000
vn 1.000000 0.000000 0.000000
f 15994//5332 15995//5332 15996//5332
v 5.600000 0.003000 10.820000
v 6.400000 0.003000 10.820000
v 6.400000 0.003000 10.980000
vn 0.000000 -1.000000 0.000000
f 15997//5333 15998//5333 15999//5333
v 5.600000 0.003000 10.820000
v 6.400000 0.003000 10.980000
v 5.600000 0.003000 10.980000
vn 0.000000 -1.000000 0.000000
f 16000//5334 16001//5334 16002//5334
v 5.600000 0.025000 10.820000
v 5.600000 0.025000 10.980000
v 6.400000 0.025000 10.980000
vn 0.000000 1.000000 0.000000
f 16003//5335 16004//5335 16005//5335
v 5.600000 0.025000 10.820000
v 6.400000 0.025000 10.980000
v 6.400000 0.025000 10.820000
vn 0.000000 1.000000 0.000000
f 16006//5336 16007//5336 16008//5336
