# Original Breakwater Station authored geometry
o pump_hall_teal_enamel
v -13.6575 1.08 -11.65
v -13.6575 1.22 -11.65
v -13.6025 1.22 -11.65
v -13.6025 1.08 -11.65
vt 0 0
vt 0.14 0
vt 0.14 0.055
vt 0 0.055
vn 0 0 -1
vn 0 0 -1
vn 0 0 -1
vn 0 0 -1
f 1/1/1 2/2/2 3/3/3
f 1/1/1 3/3/3 4/4/4
v -13.6575 1.08 11.65
v -13.6025 1.08 11.65
v -13.6025 1.22 11.65
v -13.6575 1.22 11.65
vt 0 0
vt 0.055 0
vt 0.055 0.14
vt 0 0.14
vn 0 0 1
vn 0 0 1
vn 0 0 1
vn 0 0 1
f 5/5/5 6/6/6 7/7/7
f 5/5/5 7/7/7 8/8/8
v -13.6575 1.08 -11.65
v -13.6575 1.08 11.65
v -13.6575 1.22 11.65
v -13.6575 1.22 -11.65
vt 0 0
vt 23.3 0
vt 23.3 0.14
vt 0 0.14
vn -1 0 0
vn -1 0 0
vn -1 0 0
vn -1 0 0
f 9/9/9 10/10/10 11/11/11
f 9/9/9 11/11/11 12/12/12
v -13.6025 1.08 -11.65
v -13.6025 1.22 -11.65
v -13.6025 1.22 11.65
v -13.6025 1.08 11.65
vt 0 0
vt 0.14 0
vt 0.14 23.3
vt 0 23.3
vn 1 0 0
vn 1 0 0
vn 1 0 0
vn 1 0 0
f 13/13/13 14/14/14 15/15/15
f 13/13/13 15/15/15 16/16/16
v -13.6575 1.08 -11.65
v -13.6025 1.08 -11.65
v -13.6025 1.08 11.65
v -13.6575 1.08 11.65
vt 0 0
vt 0.055 0
vt 0.055 23.3
vt 0 23.3
vn 0 -1 0
vn 0 -1 0
vn 0 -1 0
vn 0 -1 0
f 17/17/17 18/18/18 19/19/19
f 17/17/17 19/19/19 20/20/20
v -13.6575 1.22 -11.65
v -13.6575 1.22 11.65
v -13.6025 1.22 11.65
v -13.6025 1.22 -11.65
vt 0 0
vt 23.3 0
vt 23.3 0.055
vt 0 0.055
vn 0 1 0
vn 0 1 0
vn 0 1 0
vn 0 1 0
f 21/21/21 22/22/22 23/23/23
f 21/21/21 23/23/23 24/24/24
v 13.6025 1.08 -11.65
v 13.6025 1.22 -11.65
v 13.6575 1.22 -11.65
v 13.6575 1.08 -11.65
vt 0 0
vt 0.14 0
vt 0.14 0.055
vt 0 0.055
vn 0 0 -1
vn 0 0 -1
vn 0 0 -1
vn 0 0 -1
f 25/25/25 26/26/26 27/27/27
f 25/25/25 27/27/27 28/28/28
v 13.6025 1.08 11.65
v 13.6575 1.08 11.65
v 13.6575 1.22 11.65
v 13.6025 1.22 11.65
vt 0 0
vt 0.055 0
vt 0.055 0.14
vt 0 0.14
vn 0 0 1
vn 0 0 1
vn 0 0 1
vn 0 0 1
f 29/29/29 30/30/30 31/31/31
f 29/29/29 31/31/31 32/32/32
v 13.6025 1.08 -11.65
v 13.6025 1.08 11.65
v 13.6025 1.22 11.65
v 13.6025 1.22 -11.65
vt 0 0
vt 23.3 0
vt 23.3 0.14
vt 0 0.14
vn -1 0 0
vn -1 0 0
vn -1 0 0
vn -1 0 0
f 33/33/33 34/34/34 35/35/35
f 33/33/33 35/35/35 36/36/36
v 13.6575 1.08 -11.65
v 13.6575 1.22 -11.65
v 13.6575 1.22 11.65
v 13.6575 1.08 11.65
vt 0 0
vt 0.14 0
vt 0.14 23.3
vt 0 23.3
vn 1 0 0
vn 1 0 0
vn 1 0 0
vn 1 0 0
f 37/37/37 38/38/38 39/39/39
f 37/37/37 39/39/39 40/40/40
v 13.6025 1.08 -11.65
v 13.6575 1.08 -11.65
v 13.6575 1.08 11.65
v 13.6025 1.08 11.65
vt 0 0
vt 0.055 0
vt 0.055 23.3
vt 0 23.3
vn 0 -1 0
vn 0 -1 0
vn 0 -1 0
vn 0 -1 0
f 41/41/41 42/42/42 43/43/43
f 41/41/41 43/43/43 44/44/44
v 13.6025 1.22 -11.65
v 13.6025 1.22 11.65
v 13.6575 1.22 11.65
v 13.6575 1.22 -11.65
vt 0 0
vt 23.3 0
vt 23.3 0.055
vt 0 0.055
vn 0 1 0
vn 0 1 0
vn 0 1 0
vn 0 1 0
f 45/45/45 46/46/46 47/47/47
f 45/45/45 47/47/47 48/48/48
v -3.16 1.85 -2.675
v -3.116385 2.181288 -2.675
v -2.988513 2.49 -2.675
v -2.785097 2.755097 -2.675
v -2.52 2.958513 -2.675
v -2.211288 3.086385 -2.675
v -1.88 3.13 -2.675
v -1.548712 3.086385 -2.675
v -1.24 2.958513 -2.675
v -0.974903 2.755097 -2.675
v -0.771487 2.49 -2.675
v -0.643615 2.181288 -2.675
v -0.6 1.85 -2.675
v -0.643615 1.518712 -2.675
v -0.771487 1.21 -2.675
v -0.974903 0.944903 -2.675
v -1.24 0.741487 -2.675
v -1.548712 0.613615 -2.675
v -1.88 0.57 -2.675
v -2.211288 0.613615 -2.675
v -2.52 0.741487 -2.675
v -2.785097 0.944903 -2.675
v -2.988513 1.21 -2.675
v -3.116385 1.518712 -2.675
vt 0 0
vt 0.334147 0
vt 0.656908 0.086484
vt 0.946288 0.253557
vt 1.182566 0.489835
vt 1.349639 0.779215
vt 1.436123 1.101976
vt 1.436123 1.436123
vt 1.349639 1.758884
vt 1.182566 2.048264
vt 0.946288 2.284542
vt 0.656908 2.451615
vt 0.334147 2.538099
vt 0 2.538099
vt -0.322761 2.451615
vt -0.612141 2.284542
vt -0.848419 2.048264
vt -1.015492 1.758884
vt -1.101976 1.436123
vt -1.101976 1.101976
vt -1.015492 0.779215
vt -0.848419 0.489835
vt -0.612141 0.253557
vt -0.322761 0.086484
vn 0 0 -1
vn 0 0 -1
vn 0 0 -1
vn 0 0 -1
vn 0 0 -1
vn 0 0 -1
vn 0 0 -1
vn 0 0 -1
vn 0 0 -1
vn 0 0 -1
vn 0 0 -1
vn 0 0 -1
vn 0 0 -1
vn 0 0 -1
vn 0 0 -1
vn 0 0 -1
vn 0 0 -1
vn 0 0 -1
vn 0 0 -1
vn 0 0 -1
vn 0 0 -1
vn 0 0 -1
vn 0 0 -1
vn 0 0 -1
f 49/49/49 50/50/50 51/51/51
f 49/49/49 51/51/51 52/52/52
f 49/49/49 52/52/52 53/53/53
f 49/49/49 53/53/53 54/54/54
f 49/49/49 54/54/54 55/55/55
f 49/49/49 55/55/55 56/56/56
f 49/49/49 56/56/56 57/57/57
f 49/49/49 57/57/57 58/58/58
f 49/49/49 58/58/58 59/59/59
f 49/49/49 59/59/59 60/60/60
f 49/49/49 60/60/60 61/61/61
f 49/49/49 61/61/61 62/62/62
f 49/49/49 62/62/62 63/63/63
f 49/49/49 63/63/63 64/64/64
f 49/49/49 64/64/64 65/65/65
f 49/49/49 65/65/65 66/66/66
f 49/49/49 66/66/66 67/67/67
f 49/49/49 67/67/67 68/68/68
f 49/49/49 68/68/68 69/69/69
f 49/49/49 69/69/69 70/70/70
f 49/49/49 70/70/70 71/71/71
f 49/49/49 71/71/71 72/72/72
v -3.116385 1.518712 2.675
v -2.988513 1.21 2.675
v -2.785097 0.944903 2.675
v -2.52 0.741487 2.675
v -2.211288 0.613615 2.675
v -1.88 0.57 2.675
v -1.548712 0.613615 2.675
v -1.24 0.741487 2.675
v -0.974903 0.944903 2.675
v -0.771487 1.21 2.675
v -0.643615 1.518712 2.675
v -0.6 1.85 2.675
v -0.643615 2.181288 2.675
v -0.771487 2.49 2.675
v -0.974903 2.755097 2.675
v -1.24 2.958513 2.675
v -1.548712 3.086385 2.675
v -1.88 3.13 2.675
v -2.211288 3.086385 2.675
v -2.52 2.958513 2.675
v -2.785097 2.755097 2.675
v -2.988513 2.49 2.675
v -3.116385 2.181288 2.675
v -3.16 1.85 2.675
vt 0 0
vt 0.334147 0
vt 0.656908 0.086484
vt 0.946288 0.253557
vt 1.182566 0.489835
vt 1.349639 0.779215
vt 1.436123 1.101976
vt 1.436123 1.436123
vt 1.349639 1.758884
vt 1.182566 2.048264
vt 0.946288 2.284542
vt 0.656908 2.451615
vt 0.334147 2.538099
vt 0 2.538099
vt -0.322761 2.451615
vt -0.612141 2.284542
vt -0.848419 2.048264
vt -1.015492 1.758884
vt -1.101976 1.436123
vt -1.101976 1.101976
vt -1.015492 0.779215
vt -0.848419 0.489835
vt -0.612141 0.253557
vt -0.322761 0.086484
vn 0 0 1
vn 0 0 1
vn 0 0 1
vn 0 0 1
vn 0 0 1
vn 0 0 1
vn 0 0 1
vn 0 0 1
vn 0 0 1
vn 0 0 1
vn 0 0 1
vn 0 0 1
vn 0 0 1
vn 0 0 1
vn 0 0 1
vn 0 0 1
vn 0 0 1
vn 0 0 1
vn 0 0 1
vn 0 0 1
vn 0 0 1
vn 0 0 1
vn 0 0 1
vn 0 0 1
f 73/73/73 74/74/74 75/75/75
f 73/73/73 75/75/75 76/76/76
f 73/73/73 76/76/76 77/77/77
f 73/73/73 77/77/77 78/78/78
f 73/73/73 78/78/78 79/79/79
f 73/73/73 79/79/79 80/80/80
f 73/73/73 80/80/80 81/81/81
f 73/73/73 81/81/81 82/82/82
f 73/73/73 82/82/82 83/83/83
f 73/73/73 83/83/83 84/84/84
f 73/73/73 84/84/84 85/85/85
f 73/73/73 85/85/85 86/86/86
f 73/73/73 86/86/86 87/87/87
f 73/73/73 87/87/87 88/88/88
f 73/73/73 88/88/88 89/89/89
f 73/73/73 89/89/89 90/90/90
f 73/73/73 90/90/90 91/91/91
f 73/73/73 91/91/91 92/92/92
f 73/73/73 92/92/92 93/93/93
f 73/73/73 93/93/93 94/94/94
f 73/73/73 94/94/94 95/95/95
f 73/73/73 95/95/95 96/96/96
v -3.16 1.85 -2.675
v -3.16 1.85 2.675
v -3.116385 2.181288 2.675
v -3.116385 2.181288 -2.675
vt 0 0
vt 5.35 0
vt 5.35 0.334147
vt 0 0.334147
vn -0.991445 0.130526 0
vn -0.991445 0.130526 0
vn -0.991445 0.130526 0
vn -0.991445 0.130526 0
f 97/97/97 98/98/98 99/99/99
f 97/97/97 99/99/99 100/100/100
v -3.116385 2.181288 -2.675
v -3.116385 2.181288 2.675
v -2.988513 2.49 2.675
v -2.988513 2.49 -2.675
vt 0 0
vt 5.35 0
vt 5.35 0.334147
vt 0 0.334147
vn -0.92388 0.382683 0
vn -0.92388 0.382683 0
vn -0.92388 0.382683 0
vn -0.92388 0.382683 0
f 101/101/101 102/102/102 103/103/103
f 101/101/101 103/103/103 104/104/104
v -2.988513 2.49 -2.675
v -2.988513 2.49 2.675
v -2.785097 2.755097 2.675
v -2.785097 2.755097 -2.675
vt 0 0
vt 5.35 0
vt 5.35 0.334147
vt 0 0.334147
vn -0.793353 0.608761 0
vn -0.793353 0.608761 0
vn -0.793353 0.608761 0
vn -0.793353 0.608761 0
f 105/105/105 106/106/106 107/107/107
f 105/105/105 107/107/107 108/108/108
v -2.785097 2.755097 -2.675
v -2.785097 2.755097 2.675
v -2.52 2.958513 2.675
v -2.52 2.958513 -2.675
vt 0 0
vt 5.35 0
vt 5.35 0.334147
vt 0 0.334147
vn -0.608761 0.793353 0
vn -0.608761 0.793353 0
vn -0.608761 0.793353 0
vn -0.608761 0.793353 0
f 109/109/109 110/110/110 111/111/111
f 109/109/109 111/111/111 112/112/112
v -2.52 2.958513 -2.675
v -2.52 2.958513 2.675
v -2.211288 3.086385 2.675
v -2.211288 3.086385 -2.675
vt 0 0
vt 5.35 0
vt 5.35 0.334147
vt 0 0.334147
vn -0.382683 0.92388 0
vn -0.382683 0.92388 0
vn -0.382683 0.92388 0
vn -0.382683 0.92388 0
f 113/113/113 114/114/114 115/115/115
f 113/113/113 115/115/115 116/116/116
v -2.211288 3.086385 -2.675
v -2.211288 3.086385 2.675
v -1.88 3.13 2.675
v -1.88 3.13 -2.675
vt 0 0
vt 5.35 0
vt 5.35 0.334147
vt 0 0.334147
vn -0.130526 0.991445 0
vn -0.130526 0.991445 0
vn -0.130526 0.991445 0
vn -0.130526 0.991445 0
f 117/117/117 118/118/118 119/119/119
f 117/117/117 119/119/119 120/120/120
v -1.88 3.13 -2.675
v -1.88 3.13 2.675
v -1.548712 3.086385 2.675
v -1.548712 3.086385 -2.675
vt 0 0
vt 5.35 0
vt 5.35 0.334147
vt 0 0.334147
vn 0.130526 0.991445 0
vn 0.130526 0.991445 0
vn 0.130526 0.991445 0
vn 0.130526 0.991445 0
f 121/121/121 122/122/122 123/123/123
f 121/121/121 123/123/123 124/124/124
v -1.548712 3.086385 -2.675
v -1.548712 3.086385 2.675
v -1.24 2.958513 2.675
v -1.24 2.958513 -2.675
vt 0 0
vt 5.35 0
vt 5.35 0.334147
vt 0 0.334147
vn 0.382683 0.92388 0
vn 0.382683 0.92388 0
vn 0.382683 0.92388 0
vn 0.382683 0.92388 0
f 125/125/125 126/126/126 127/127/127
f 125/125/125 127/127/127 128/128/128
v -1.24 2.958513 -2.675
v -1.24 2.958513 2.675
v -0.974903 2.755097 2.675
v -0.974903 2.755097 -2.675
vt 0 0
vt 5.35 0
vt 5.35 0.334147
vt 0 0.334147
vn 0.608761 0.793353 0
vn 0.608761 0.793353 0
vn 0.608761 0.793353 0
vn 0.608761 0.793353 0
f 129/129/129 130/130/130 131/131/131
f 129/129/129 131/131/131 132/132/132
v -0.974903 2.755097 -2.675
v -0.974903 2.755097 2.675
v -0.771487 2.49 2.675
v -0.771487 2.49 -2.675
vt 0 0
vt 5.35 0
vt 5.35 0.334147
vt 0 0.334147
vn 0.793353 0.608761 0
vn 0.793353 0.608761 0
vn 0.793353 0.608761 0
vn 0.793353 0.608761 0
f 133/133/133 134/134/134 135/135/135
f 133/133/133 135/135/135 136/136/136
v -0.771487 2.49 -2.675
v -0.771487 2.49 2.675
v -0.643615 2.181288 2.675
v -0.643615 2.181288 -2.675
vt 0 0
vt 5.35 0
vt 5.35 0.334147
vt 0 0.334147
vn 0.92388 0.382683 0
vn 0.92388 0.382683 0
vn 0.92388 0.382683 0
vn 0.92388 0.382683 0
f 137/137/137 138/138/138 139/139/139
f 137/137/137 139/139/139 140/140/140
v -0.643615 2.181288 -2.675
v -0.643615 2.181288 2.675
v -0.6 1.85 2.675
v -0.6 1.85 -2.675
vt 0 0
vt 5.35 0
vt 5.35 0.334147
vt 0 0.334147
vn 0.991445 0.130526 0
vn 0.991445 0.130526 0
vn 0.991445 0.130526 0
vn 0.991445 0.130526 0
f 141/141/141 142/142/142 143/143/143
f 141/141/141 143/143/143 144/144/144
v -0.6 1.85 -2.675
v -0.6 1.85 2.675
v -0.643615 1.518712 2.675
v -0.643615 1.518712 -2.675
vt 0 0
vt 5.35 0
vt 5.35 0.334147
vt 0 0.334147
vn 0.991445 -0.130526 0
vn 0.991445 -0.130526 0
vn 0.991445 -0.130526 0
vn 0.991445 -0.130526 0
f 145/145/145 146/146/146 147/147/147
f 145/145/145 147/147/147 148/148/148
v -0.643615 1.518712 -2.675
v -0.643615 1.518712 2.675
v -0.771487 1.21 2.675
v -0.771487 1.21 -2.675
vt 0 0
vt 5.35 0
vt 5.35 0.334147
vt 0 0.334147
vn 0.92388 -0.382683 0
vn 0.92388 -0.382683 0
vn 0.92388 -0.382683 0
vn 0.92388 -0.382683 0
f 149/149/149 150/150/150 151/151/151
f 149/149/149 151/151/151 152/152/152
v -0.771487 1.21 -2.675
v -0.771487 1.21 2.675
v -0.974903 0.944903 2.675
v -0.974903 0.944903 -2.675
vt 0 0
vt 5.35 0
vt 5.35 0.334147
vt 0 0.334147
vn 0.793353 -0.608761 0
vn 0.793353 -0.608761 0
vn 0.793353 -0.608761 0
vn 0.793353 -0.608761 0
f 153/153/153 154/154/154 155/155/155
f 153/153/153 155/155/155 156/156/156
v -0.974903 0.944903 -2.675
v -0.974903 0.944903 2.675
v -1.24 0.741487 2.675
v -1.24 0.741487 -2.675
vt 0 0
vt 5.35 0
vt 5.35 0.334147
vt 0 0.334147
vn 0.608761 -0.793353 0
vn 0.608761 -0.793353 0
vn 0.608761 -0.793353 0
vn 0.608761 -0.793353 0
f 157/157/157 158/158/158 159/159/159
f 157/157/157 159/159/159 160/160/160
v -1.24 0.741487 -2.675
v -1.24 0.741487 2.675
v -1.548712 0.613615 2.675
v -1.548712 0.613615 -2.675
vt 0 0
vt 5.35 0
vt 5.35 0.334147
vt 0 0.334147
vn 0.382683 -0.92388 0
vn 0.382683 -0.92388 0
vn 0.382683 -0.92388 0
vn 0.382683 -0.92388 0
f 161/161/161 162/162/162 163/163/163
f 161/161/161 163/163/163 164/164/164
v -1.548712 0.613615 -2.675
v -1.548712 0.613615 2.675
v -1.88 0.57 2.675
v -1.88 0.57 -2.675
vt 0 0
vt 5.35 0
vt 5.35 0.334147
vt 0 0.334147
vn 0.130526 -0.991445 0
vn 0.130526 -0.991445 0
vn 0.130526 -0.991445 0
vn 0.130526 -0.991445 0
f 165/165/165 166/166/166 167/167/167
f 165/165/165 167/167/167 168/168/168
v -1.88 0.57 -2.675
v -1.88 0.57 2.675
v -2.211288 0.613615 2.675
v -2.211288 0.613615 -2.675
vt 0 0
vt 5.35 0
vt 5.35 0.334147
vt 0 0.334147
vn -0.130526 -0.991445 0
vn -0.130526 -0.991445 0
vn -0.130526 -0.991445 0
vn -0.130526 -0.991445 0
f 169/169/169 170/170/170 171/171/171
f 169/169/169 171/171/171 172/172/172
v -2.211288 0.613615 -2.675
v -2.211288 0.613615 2.675
v -2.52 0.741487 2.675
v -2.52 0.741487 -2.675
vt 0 0
vt 5.35 0
vt 5.35 0.334147
vt 0 0.334147
vn -0.382683 -0.92388 0
vn -0.382683 -0.92388 0
vn -0.382683 -0.92388 0
vn -0.382683 -0.92388 0
f 173/173/173 174/174/174 175/175/175
f 173/173/173 175/175/175 176/176/176
v -2.52 0.741487 -2.675
v -2.52 0.741487 2.675
v -2.785097 0.944903 2.675
v -2.785097 0.944903 -2.675
vt 0 0
vt 5.35 0
vt 5.35 0.334147
vt 0 0.334147
vn -0.608761 -0.793353 0
vn -0.608761 -0.793353 0
vn -0.608761 -0.793353 0
vn -0.608761 -0.793353 0
f 177/177/177 178/178/178 179/179/179
f 177/177/177 179/179/179 180/180/180
v -2.785097 0.944903 -2.675
v -2.785097 0.944903 2.675
v -2.988513 1.21 2.675
v -2.988513 1.21 -2.675
vt 0 0
vt 5.35 0
vt 5.35 0.334147
vt 0 0.334147
vn -0.793353 -0.608761 0
vn -0.793353 -0.608761 0
vn -0.793353 -0.608761 0
vn -0.793353 -0.608761 0
f 181/181/181 182/182/182 183/183/183
f 181/181/181 183/183/183 184/184/184
v -2.988513 1.21 -2.675
v -2.988513 1.21 2.675
v -3.116385 1.518712 2.675
v -3.116385 1.518712 -2.675
vt 0 0
vt 5.35 0
vt 5.35 0.334147
vt 0 0.334147
vn -0.92388 -0.382683 0
vn -0.92388 -0.382683 0
vn -0.92388 -0.382683 0
vn -0.92388 -0.382683 0
f 185/185/185 186/186/186 187/187/187
f 185/185/185 187/187/187 188/188/188
v -3.116385 1.518712 -2.675
v -3.116385 1.518712 2.675
v -3.16 1.85 2.675
v -3.16 1.85 -2.675
vt 0 0
vt 5.35 0
vt 5.35 0.334147
vt 0 0.334147
vn -0.991445 -0.130526 0
vn -0.991445 -0.130526 0
vn -0.991445 -0.130526 0
vn -0.991445 -0.130526 0
f 189/189/189 190/190/190 191/191/191
f 189/189/189 191/191/191 192/192/192
v -2.19 1.85 -2.975
v -2.166403 1.968632 -2.975
v -2.099203 2.069203 -2.975
v -1.998632 2.136403 -2.975
v -1.88 2.16 -2.975
v -1.761368 2.136403 -2.975
v -1.660797 2.069203 -2.975
v -1.593597 1.968632 -2.975
v -1.57 1.85 -2.975
v -1.593597 1.731368 -2.975
v -1.660797 1.630797 -2.975
v -1.761368 1.563597 -2.975
v -1.88 1.54 -2.975
v -1.998632 1.563597 -2.975
v -2.099203 1.630797 -2.975
v -2.166403 1.731368 -2.975
vt 0 0
vt 0.120956 0
vt 0.232705 0.046288
vt 0.318234 0.131817
vt 0.364521 0.243565
vt 0.364521 0.364521
vt 0.318234 0.47627
vt 0.232705 0.561799
vt 0.120956 0.608087
vt 0 0.608087
vt -0.111749 0.561799
vt -0.197278 0.47627
vt -0.243565 0.364521
vt -0.243565 0.243565
vt -0.197278 0.131817
vt -0.111749 0.046288
vn 0 0 -1
vn 0 0 -1
vn 0 0 -1
vn 0 0 -1
vn 0 0 -1
vn 0 0 -1
vn 0 0 -1
vn 0 0 -1
vn 0 0 -1
vn 0 0 -1
vn 0 0 -1
vn 0 0 -1
vn 0 0 -1
vn 0 0 -1
vn 0 0 -1
vn 0 0 -1
f 193/193/193 194/194/194 195/195/195
f 193/193/193 195/195/195 196/196/196
f 193/193/193 196/196/196 197/197/197
f 193/193/193 197/197/197 198/198/198
f 193/193/193 198/198/198 199/199/199
f 193/193/193 199/199/199 200/200/200
f 193/193/193 200/200/200 201/201/201
f 193/193/193 201/201/201 202/202/202
f 193/193/193 202/202/202 203/203/203
f 193/193/193 203/203/203 204/204/204
f 193/193/193 204/204/204 205/205/205
f 193/193/193 205/205/205 206/206/206
f 193/193/193 206/206/206 207/207/207
f 193/193/193 207/207/207 208/208/208
v -2.166403 1.731368 -2.825
v -2.099203 1.630797 -2.825
v -1.998632 1.563597 -2.825
v -1.88 1.54 -2.825
v -1.761368 1.563597 -2.825
v -1.660797 1.630797 -2.825
v -1.593597 1.731368 -2.825
v -1.57 1.85 -2.825
v -1.593597 1.968632 -2.825
v -1.660797 2.069203 -2.825
v -1.761368 2.136403 -2.825
v -1.88 2.16 -2.825
v -1.998632 2.136403 -2.825
v -2.099203 2.069203 -2.825
v -2.166403 1.968632 -2.825
v -2.19 1.85 -2.825
vt 0 0
vt 0.120956 0
vt 0.232705 0.046288
vt 0.318234 0.131817
vt 0.364521 0.243565
vt 0.364521 0.364521
vt 0.318234 0.47627
vt 0.232705 0.561799
vt 0.120956 0.608087
vt 0 0.608087
vt -0.111749 0.561799
vt -0.197278 0.47627
vt -0.243565 0.364521
vt -0.243565 0.243565
vt -0.197278 0.131817
vt -0.111749 0.046288
vn 0 0 1
vn 0 0 1
vn 0 0 1
vn 0 0 1
vn 0 0 1
vn 0 0 1
vn 0 0 1
vn 0 0 1
vn 0 0 1
vn 0 0 1
vn 0 0 1
vn 0 0 1
vn 0 0 1
vn 0 0 1
vn 0 0 1
vn 0 0 1
f 209/209/209 210/210/210 211/211/211
f 209/209/209 211/211/211 212/212/212
f 209/209/209 212/212/212 213/213/213
f 209/209/209 213/213/213 214/214/214
f 209/209/209 214/214/214 215/215/215
f 209/209/209 215/215/215 216/216/216
f 209/209/209 216/216/216 217/217/217
f 209/209/209 217/217/217 218/218/218
f 209/209/209 218/218/218 219/219/219
f 209/209/209 219/219/219 220/220/220
f 209/209/209 220/220/220 221/221/221
f 209/209/209 221/221/221 222/222/222
f 209/209/209 222/222/222 223/223/223
f 209/209/209 223/223/223 224/224/224
v -2.19 1.85 -2.975
v -2.19 1.85 -2.825
v -2.166403 1.968632 -2.825
v -2.166403 1.968632 -2.975
vt 0 0
vt 0.15 0
vt 0.15 0.120956
vt 0 0.120956
vn -0.980785 0.19509 0
vn -0.980785 0.19509 0
vn -0.980785 0.19509 0
vn -0.980785 0.19509 0
f 225/225/225 226/226/226 227/227/227
f 225/225/225 227/227/227 228/228/228
v -2.166403 1.968632 -2.975
v -2.166403 1.968632 -2.825
v -2.099203 2.069203 -2.825
v -2.099203 2.069203 -2.975
vt 0 0
vt 0.15 0
vt 0.15 0.120956
vt 0 0.120956
vn -0.83147 0.55557 0
vn -0.83147 0.55557 0
vn -0.83147 0.55557 0
vn -0.83147 0.55557 0
f 229/229/229 230/230/230 231/231/231
f 229/229/229 231/231/231 232/232/232
v -2.099203 2.069203 -2.975
v -2.099203 2.069203 -2.825
v -1.998632 2.136403 -2.825
v -1.998632 2.136403 -2.975
vt 0 0
vt 0.15 0
vt 0.15 0.120956
vt 0 0.120956
vn -0.55557 0.83147 0
vn -0.55557 0.83147 0
vn -0.55557 0.83147 0
vn -0.55557 0.83147 0
f 233/233/233 234/234/234 235/235/235
f 233/233/233 235/235/235 236/236/236
v -1.998632 2.136403 -2.975
v -1.998632 2.136403 -2.825
v -1.88 2.16 -2.825
v -1.88 2.16 -2.975
vt 0 0
vt 0.15 0
vt 0.15 0.120956
vt 0 0.120956
vn -0.19509 0.980785 0
vn -0.19509 0.980785 0
vn -0.19509 0.980785 0
vn -0.19509 0.980785 0
f 237/237/237 238/238/238 239/239/239
f 237/237/237 239/239/239 240/240/240
v -1.88 2.16 -2.975
v -1.88 2.16 -2.825
v -1.761368 2.136403 -2.825
v -1.761368 2.136403 -2.975
vt 0 0
vt 0.15 0
vt 0.15 0.120956
vt 0 0.120956
vn 0.19509 0.980785 0
vn 0.19509 0.980785 0
vn 0.19509 0.980785 0
vn 0.19509 0.980785 0
f 241/241/241 242/242/242 243/243/243
f 241/241/241 243/243/243 244/244/244
v -1.761368 2.136403 -2.975
v -1.761368 2.136403 -2.825
v -1.660797 2.069203 -2.825
v -1.660797 2.069203 -2.975
vt 0 0
vt 0.15 0
vt 0.15 0.120956
vt 0 0.120956
vn 0.55557 0.83147 0
vn 0.55557 0.83147 0
vn 0.55557 0.83147 0
vn 0.55557 0.83147 0
f 245/245/245 246/246/246 247/247/247
f 245/245/245 247/247/247 248/248/248
v -1.660797 2.069203 -2.975
v -1.660797 2.069203 -2.825
v -1.593597 1.968632 -2.825
v -1.593597 1.968632 -2.975
vt 0 0
vt 0.15 0
vt 0.15 0.120956
vt 0 0.120956
vn 0.83147 0.55557 0
vn 0.83147 0.55557 0
vn 0.83147 0.55557 0
vn 0.83147 0.55557 0
f 249/249/249 250/250/250 251/251/251
f 249/249/249 251/251/251 252/252/252
v -1.593597 1.968632 -2.975
v -1.593597 1.968632 -2.825
v -1.57 1.85 -2.825
v -1.57 1.85 -2.975
vt 0 0
vt 0.15 0
vt 0.15 0.120956
vt 0 0.120956
vn 0.980785 0.19509 0
vn 0.980785 0.19509 0
vn 0.980785 0.19509 0
vn 0.980785 0.19509 0
f 253/253/253 254/254/254 255/255/255
f 253/253/253 255/255/255 256/256/256
v -1.57 1.85 -2.975
v -1.57 1.85 -2.825
v -1.593597 1.731368 -2.825
v -1.593597 1.731368 -2.975
vt 0 0
vt 0.15 0
vt 0.15 0.120956
vt 0 0.120956
vn 0.980785 -0.19509 0
vn 0.980785 -0.19509 0
vn 0.980785 -0.19509 0
vn 0.980785 -0.19509 0
f 257/257/257 258/258/258 259/259/259
f 257/257/257 259/259/259 260/260/260
v -1.593597 1.731368 -2.975
v -1.593597 1.731368 -2.825
v -1.660797 1.630797 -2.825
v -1.660797 1.630797 -2.975
vt 0 0
vt 0.15 0
vt 0.15 0.120956
vt 0 0.120956
vn 0.83147 -0.55557 0
vn 0.83147 -0.55557 0
vn 0.83147 -0.55557 0
vn 0.83147 -0.55557 0
f 261/261/261 262/262/262 263/263/263
f 261/261/261 263/263/263 264/264/264
v -1.660797 1.630797 -2.975
v -1.660797 1.630797 -2.825
v -1.761368 1.563597 -2.825
v -1.761368 1.563597 -2.975
vt 0 0
vt 0.15 0
vt 0.15 0.120956
vt 0 0.120956
vn 0.55557 -0.83147 0
vn 0.55557 -0.83147 0
vn 0.55557 -0.83147 0
vn 0.55557 -0.83147 0
f 265/265/265 266/266/266 267/267/267
f 265/265/265 267/267/267 268/268/268
v -1.761368 1.563597 -2.975
v -1.761368 1.563597 -2.825
v -1.88 1.54 -2.825
v -1.88 1.54 -2.975
vt 0 0
vt 0.15 0
vt 0.15 0.120956
vt 0 0.120956
vn 0.19509 -0.980785 0
vn 0.19509 -0.980785 0
vn 0.19509 -0.980785 0
vn 0.19509 -0.980785 0
f 269/269/269 270/270/270 271/271/271
f 269/269/269 271/271/271 272/272/272
v -1.88 1.54 -2.975
v -1.88 1.54 -2.825
v -1.998632 1.563597 -2.825
v -1.998632 1.563597 -2.975
vt 0 0
vt 0.15 0
vt 0.15 0.120956
vt 0 0.120956
vn -0.19509 -0.980785 0
vn -0.19509 -0.980785 0
vn -0.19509 -0.980785 0
vn -0.19509 -0.980785 0
f 273/273/273 274/274/274 275/275/275
f 273/273/273 275/275/275 276/276/276
v -1.998632 1.563597 -2.975
v -1.998632 1.563597 -2.825
v -2.099203 1.630797 -2.825
v -2.099203 1.630797 -2.975
vt 0 0
vt 0.15 0
vt 0.15 0.120956
vt 0 0.120956
vn -0.55557 -0.83147 0
vn -0.55557 -0.83147 0
vn -0.55557 -0.83147 0
vn -0.55557 -0.83147 0
f 277/277/277 278/278/278 279/279/279
f 277/277/277 279/279/279 280/280/280
v -2.099203 1.630797 -2.975
v -2.099203 1.630797 -2.825
v -2.166403 1.731368 -2.825
v -2.166403 1.731368 -2.975
vt 0 0
vt 0.15 0
vt 0.15 0.120956
vt 0 0.120956
vn -0.83147 -0.55557 0
vn -0.83147 -0.55557 0
vn -0.83147 -0.55557 0
vn -0.83147 -0.55557 0
f 281/281/281 282/282/282 283/283/283
f 281/281/281 283/283/283 284/284/284
v -2.166403 1.731368 -2.975
v -2.166403 1.731368 -2.825
v -2.19 1.85 -2.825
v -2.19 1.85 -2.975
vt 0 0
vt 0.15 0
vt 0.15 0.120956
vt 0 0.120956
vn -0.980785 -0.19509 0
vn -0.980785 -0.19509 0
vn -0.980785 -0.19509 0
vn -0.980785 -0.19509 0
f 285/285/285 286/286/286 287/287/287
f 285/285/285 287/287/287 288/288/288
v -2.19 1.85 2.825
v -2.166403 1.968632 2.825
v -2.099203 2.069203 2.825
v -1.998632 2.136403 2.825
v -1.88 2.16 2.825
v -1.761368 2.136403 2.825
v -1.660797 2.069203 2.825
v -1.593597 1.968632 2.825
v -1.57 1.85 2.825
v -1.593597 1.731368 2.825
v -1.660797 1.630797 2.825
v -1.761368 1.563597 2.825
v -1.88 1.54 2.825
v -1.998632 1.563597 2.825
v -2.099203 1.630797 2.825
v -2.166403 1.731368 2.825
vt 0 0
vt 0.120956 0
vt 0.232705 0.046288
vt 0.318234 0.131817
vt 0.364521 0.243565
vt 0.364521 0.364521
vt 0.318234 0.47627
vt 0.232705 0.561799
vt 0.120956 0.608087
vt 0 0.608087
vt -0.111749 0.561799
vt -0.197278 0.47627
vt -0.243565 0.364521
vt -0.243565 0.243565
vt -0.197278 0.131817
vt -0.111749 0.046288
vn 0 0 -1
vn 0 0 -1
vn 0 0 -1
vn 0 0 -1
vn 0 0 -1
vn 0 0 -1
vn 0 0 -1
vn 0 0 -1
vn 0 0 -1
vn 0 0 -1
vn 0 0 -1
vn 0 0 -1
vn 0 0 -1
vn 0 0 -1
vn 0 0 -1
vn 0 0 -1
f 289/289/289 290/290/290 291/291/291
f 289/289/289 291/291/291 292/292/292
f 289/289/289 292/292/292 293/293/293
f 289/289/289 293/293/293 294/294/294
f 289/289/289 294/294/294 295/295/295
f 289/289/289 295/295/295 296/296/296
f 289/289/289 296/296/296 297/297/297
f 289/289/289 297/297/297 298/298/298
f 289/289/289 298/298/298 299/299/299
f 289/289/289 299/299/299 300/300/300
f 289/289/289 300/300/300 301/301/301
f 289/289/289 301/301/301 302/302/302
f 289/289/289 302/302/302 303/303/303
f 289/289/289 303/303/303 304/304/304
v -2.166403 1.731368 2.975
v -2.099203 1.630797 2.975
v -1.998632 1.563597 2.975
v -1.88 1.54 2.975
v -1.761368 1.563597 2.975
v -1.660797 1.630797 2.975
v -1.593597 1.731368 2.975
v -1.57 1.85 2.975
v -1.593597 1.968632 2.975
v -1.660797 2.069203 2.975
v -1.761368 2.136403 2.975
v -1.88 2.16 2.975
v -1.998632 2.136403 2.975
v -2.099203 2.069203 2.975
v -2.166403 1.968632 2.975
v -2.19 1.85 2.975
vt 0 0
vt 0.120956 0
vt 0.232705 0.046288
vt 0.318234 0.131817
vt 0.364521 0.243565
vt 0.364521 0.364521
vt 0.318234 0.47627
vt 0.232705 0.561799
vt 0.120956 0.608087
vt 0 0.608087
vt -0.111749 0.561799
vt -0.197278 0.47627
vt -0.243565 0.364521
vt -0.243565 0.243565
vt -0.197278 0.131817
vt -0.111749 0.046288
vn 0 0 1
vn 0 0 1
vn 0 0 1
vn 0 0 1
vn 0 0 1
vn 0 0 1
vn 0 0 1
vn 0 0 1
vn 0 0 1
vn 0 0 1
vn 0 0 1
vn 0 0 1
vn 0 0 1
vn 0 0 1
vn 0 0 1
vn 0 0 1
f 305/305/305 306/306/306 307/307/307
f 305/305/305 307/307/307 308/308/308
f 305/305/305 308/308/308 309/309/309
f 305/305/305 309/309/309 310/310/310
f 305/305/305 310/310/310 311/311/311
f 305/305/305 311/311/311 312/312/312
f 305/305/305 312/312/312 313/313/313
f 305/305/305 313/313/313 314/314/314
f 305/305/305 314/314/314 315/315/315
f 305/305/305 315/315/315 316/316/316
f 305/305/305 316/316/316 317/317/317
f 305/305/305 317/317/317 318/318/318
f 305/305/305 318/318/318 319/319/319
f 305/305/305 319/319/319 320/320/320
v -2.19 1.85 2.825
v -2.19 1.85 2.975
v -2.166403 1.968632 2.975
v -2.166403 1.968632 2.825
vt 0 0
vt 0.15 0
vt 0.15 0.120956
vt 0 0.120956
vn -0.980785 0.19509 0
vn -0.980785 0.19509 0
vn -0.980785 0.19509 0
vn -0.980785 0.19509 0
f 321/321/321 322/322/322 323/323/323
f 321/321/321 323/323/323 324/324/324
v -2.166403 1.968632 2.825
v -2.166403 1.968632 2.975
v -2.099203 2.069203 2.975
v -2.099203 2.069203 2.825
vt 0 0
vt 0.15 0
vt 0.15 0.120956
vt 0 0.120956
vn -0.83147 0.55557 0
vn -0.83147 0.55557 0
vn -0.83147 0.55557 0
vn -0.83147 0.55557 0
f 325/325/325 326/326/326 327/327/327
f 325/325/325 327/327/327 328/328/328
v -2.099203 2.069203 2.825
v -2.099203 2.069203 2.975
v -1.998632 2.136403 2.975
v -1.998632 2.136403 2.825
vt 0 0
vt 0.15 0
vt 0.15 0.120956
vt 0 0.120956
vn -0.55557 0.83147 0
vn -0.55557 0.83147 0
vn -0.55557 0.83147 0
vn -0.55557 0.83147 0
f 329/329/329 330/330/330 331/331/331
f 329/329/329 331/331/331 332/332/332
v -1.998632 2.136403 2.825
v -1.998632 2.136403 2.975
v -1.88 2.16 2.975
v -1.88 2.16 2.825
vt 0 0
vt 0.15 0
vt 0.15 0.120956
vt 0 0.120956
vn -0.19509 0.980785 0
vn -0.19509 0.980785 0
vn -0.19509 0.980785 0
vn -0.19509 0.980785 0
f 333/333/333 334/334/334 335/335/335
f 333/333/333 335/335/335 336/336/336
v -1.88 2.16 2.825
v -1.88 2.16 2.975
v -1.761368 2.136403 2.975
v -1.761368 2.136403 2.825
vt 0 0
vt 0.15 0
vt 0.15 0.120956
vt 0 0.120956
vn 0.19509 0.980785 0
vn 0.19509 0.980785 0
vn 0.19509 0.980785 0
vn 0.19509 0.980785 0
f 337/337/337 338/338/338 339/339/339
f 337/337/337 339/339/339 340/340/340
v -1.761368 2.136403 2.825
v -1.761368 2.136403 2.975
v -1.660797 2.069203 2.975
v -1.660797 2.069203 2.825
vt 0 0
vt 0.15 0
vt 0.15 0.120956
vt 0 0.120956
vn 0.55557 0.83147 0
vn 0.55557 0.83147 0
vn 0.55557 0.83147 0
vn 0.55557 0.83147 0
f 341/341/341 342/342/342 343/343/343
f 341/341/341 343/343/343 344/344/344
v -1.660797 2.069203 2.825
v -1.660797 2.069203 2.975
v -1.593597 1.968632 2.975
v -1.593597 1.968632 2.825
vt 0 0
vt 0.15 0
vt 0.15 0.120956
vt 0 0.120956
vn 0.83147 0.55557 0
vn 0.83147 0.55557 0
vn 0.83147 0.55557 0
vn 0.83147 0.55557 0
f 345/345/345 346/346/346 347/347/347
f 345/345/345 347/347/347 348/348/348
v -1.593597 1.968632 2.825
v -1.593597 1.968632 2.975
v -1.57 1.85 2.975
v -1.57 1.85 2.825
vt 0 0
vt 0.15 0
vt 0.15 0.120956
vt 0 0.120956
vn 0.980785 0.19509 0
vn 0.980785 0.19509 0
vn 0.980785 0.19509 0
vn 0.980785 0.19509 0
f 349/349/349 350/350/350 351/351/351
f 349/349/349 351/351/351 352/352/352
v -1.57 1.85 2.825
v -1.57 1.85 2.975
v -1.593597 1.731368 2.975
v -1.593597 1.731368 2.825
vt 0 0
vt 0.15 0
vt 0.15 0.120956
vt 0 0.120956
vn 0.980785 -0.19509 0
vn 0.980785 -0.19509 0
vn 0.980785 -0.19509 0
vn 0.980785 -0.19509 0
f 353/353/353 354/354/354 355/355/355
f 353/353/353 355/355/355 356/356/356
v -1.593597 1.731368 2.825
v -1.593597 1.731368 2.975
v -1.660797 1.630797 2.975
v -1.660797 1.630797 2.825
vt 0 0
vt 0.15 0
vt 0.15 0.120956
vt 0 0.120956
vn 0.83147 -0.55557 0
vn 0.83147 -0.55557 0
vn 0.83147 -0.55557 0
vn 0.83147 -0.55557 0
f 357/357/357 358/358/358 359/359/359
f 357/357/357 359/359/359 360/360/360
v -1.660797 1.630797 2.825
v -1.660797 1.630797 2.975
v -1.761368 1.563597 2.975
v -1.761368 1.563597 2.825
vt 0 0
vt 0.15 0
vt 0.15 0.120956
vt 0 0.120956
vn 0.55557 -0.83147 0
vn 0.55557 -0.83147 0
vn 0.55557 -0.83147 0
vn 0.55557 -0.83147 0
f 361/361/361 362/362/362 363/363/363
f 361/361/361 363/363/363 364/364/364
v -1.761368 1.563597 2.825
v -1.761368 1.563597 2.975
v -1.88 1.54 2.975
v -1.88 1.54 2.825
vt 0 0
vt 0.15 0
vt 0.15 0.120956
vt 0 0.120956
vn 0.19509 -0.980785 0
vn 0.19509 -0.980785 0
vn 0.19509 -0.980785 0
vn 0.19509 -0.980785 0
f 365/365/365 366/366/366 367/367/367
f 365/365/365 367/367/367 368/368/368
v -1.88 1.54 2.825
v -1.88 1.54 2.975
v -1.998632 1.563597 2.975
v -1.998632 1.563597 2.825
vt 0 0
vt 0.15 0
vt 0.15 0.120956
vt 0 0.120956
vn -0.19509 -0.980785 0
vn -0.19509 -0.980785 0
vn -0.19509 -0.980785 0
vn -0.19509 -0.980785 0
f 369/369/369 370/370/370 371/371/371
f 369/369/369 371/371/371 372/372/372
v -1.998632 1.563597 2.825
v -1.998632 1.563597 2.975
v -2.099203 1.630797 2.975
v -2.099203 1.630797 2.825
vt 0 0
vt 0.15 0
vt 0.15 0.120956
vt 0 0.120956
vn -0.55557 -0.83147 0
vn -0.55557 -0.83147 0
vn -0.55557 -0.83147 0
vn -0.55557 -0.83147 0
f 373/373/373 374/374/374 375/375/375
f 373/373/373 375/375/375 376/376/376
v -2.099203 1.630797 2.825
v -2.099203 1.630797 2.975
v -2.166403 1.731368 2.975
v -2.166403 1.731368 2.825
vt 0 0
vt 0.15 0
vt 0.15 0.120956
vt 0 0.120956
vn -0.83147 -0.55557 0
vn -0.83147 -0.55557 0
vn -0.83147 -0.55557 0
vn -0.83147 -0.55557 0
f 377/377/377 378/378/378 379/379/379
f 377/377/377 379/379/379 380/380/380
v -2.166403 1.731368 2.825
v -2.166403 1.731368 2.975
v -2.19 1.85 2.975
v -2.19 1.85 2.825
vt 0 0
vt 0.15 0
vt 0.15 0.120956
vt 0 0.120956
vn -0.980785 -0.19509 0
vn -0.980785 -0.19509 0
vn -0.980785 -0.19509 0
vn -0.980785 -0.19509 0
f 381/381/381 382/382/382 383/383/383
f 381/381/381 383/383/383 384/384/384
v -1.54 2.815 -1.15
v -1.556641 2.815 -1.044934
v -1.604934 2.815 -0.950153
v -1.680153 2.815 -0.874934
v -1.774934 2.815 -0.826641
v -1.88 2.815 -0.81
v -1.985066 2.815 -0.826641
v -2.079847 2.815 -0.874934
v -2.155066 2.815 -0.950153
v -2.203359 2.815 -1.044934
v -2.22 2.815 -1.15
v -2.203359 2.815 -1.255066
v -2.155066 2.815 -1.349847
v -2.079847 2.815 -1.425066
v -1.985066 2.815 -1.473359
v -1.88 2.815 -1.49
v -1.774934 2.815 -1.473359
v -1.680153 2.815 -1.425066
v -1.604934 2.815 -1.349847
v -1.556641 2.815 -1.255066
vt 0 0
vt 0.106375 0
vt 0.207544 0.032872
vt 0.293604 0.095398
vt 0.35613 0.181457
vt 0.389002 0.282626
vt 0.389002 0.389002
vt 0.35613 0.490171
vt 0.293604 0.57623
vt 0.207544 0.638756
vt 0.106375 0.671628
vt 0 0.671628
vt -0.101169 0.638756
vt -0.187229 0.57623
vt -0.249755 0.490171
vt -0.282626 0.389002
vt -0.282626 0.282626
vt -0.249755 0.181457
vt -0.187229 0.095398
vt -0.101169 0.032872
vn 0 -1 0
vn 0 -1 0
vn 0 -1 0
vn 0 -1 0
vn 0 -1 0
vn 0 -1 0
vn 0 -1 0
vn 0 -1 0
vn 0 -1 0
vn 0 -1 0
vn 0 -1 0
vn 0 -1 0
vn 0 -1 0
vn 0 -1 0
vn 0 -1 0
vn 0 -1 0
vn 0 -1 0
vn 0 -1 0
vn 0 -1 0
vn 0 -1 0
f 385/385/385 386/386/386 387/387/387
f 385/385/385 387/387/387 388/388/388
f 385/385/385 388/388/388 389/389/389
f 385/385/385 389/389/389 390/390/390
f 385/385/385 390/390/390 391/391/391
f 385/385/385 391/391/391 392/392/392
f 385/385/385 392/392/392 393/393/393
f 385/385/385 393/393/393 394/394/394
f 385/385/385 394/394/394 395/395/395
f 385/385/385 395/395/395 396/396/396
f 385/385/385 396/396/396 397/397/397
f 385/385/385 397/397/397 398/398/398
f 385/385/385 398/398/398 399/399/399
f 385/385/385 399/399/399 400/400/400
f 385/385/385 400/400/400 401/401/401
f 385/385/385 401/401/401 402/402/402
f 385/385/385 402/402/402 403/403/403
f 385/385/385 403/403/403 404/404/404
v -1.556641 4.465 -1.255066
v -1.604934 4.465 -1.349847
v -1.680153 4.465 -1.425066
v -1.774934 4.465 -1.473359
v -1.88 4.465 -1.49
v -1.985066 4.465 -1.473359
v -2.079847 4.465 -1.425066
v -2.155066 4.465 -1.349847
v -2.203359 4.465 -1.255066
v -2.22 4.465 -1.15
v -2.203359 4.465 -1.044934
v -2.155066 4.465 -0.950153
v -2.079847 4.465 -0.874934
v -1.985066 4.465 -0.826641
v -1.88 4.465 -0.81
v -1.774934 4.465 -0.826641
v -1.680153 4.465 -0.874934
v -1.604934 4.465 -0.950153
v -1.556641 4.465 -1.044934
v -1.54 4.465 -1.15
vt 0 0
vt 0.106375 0
vt 0.207544 0.032872
vt 0.293604 0.095398
vt 0.35613 0.181457
vt 0.389002 0.282626
vt 0.389002 0.389002
vt 0.35613 0.490171
vt 0.293604 0.57623
vt 0.207544 0.638756
vt 0.106375 0.671628
vt 0 0.671628
vt -0.101169 0.638756
vt -0.187229 0.57623
vt -0.249755 0.490171
vt -0.282626 0.389002
vt -0.282626 0.282626
vt -0.249755 0.181457
vt -0.187229 0.095398
vt -0.101169 0.032872
vn 0 1 0
vn 0 1 0
vn 0 1 0
vn 0 1 0
vn 0 1 0
vn 0 1 0
vn 0 1 0
vn 0 1 0
vn 0 1 0
vn 0 1 0
vn 0 1 0
vn 0 1 0
vn 0 1 0
vn 0 1 0
vn 0 1 0
vn 0 1 0
vn 0 1 0
vn 0 1 0
vn 0 1 0
vn 0 1 0
f 405/405/405 406/406/406 407/407/407
f 405/405/405 407/407/407 408/408/408
f 405/405/405 408/408/408 409/409/409
f 405/405/405 409/409/409 410/410/410
f 405/405/405 410/410/410 411/411/411
f 405/405/405 411/411/411 412/412/412
f 405/405/405 412/412/412 413/413/413
f 405/405/405 413/413/413 414/414/414
f 405/405/405 414/414/414 415/415/415
f 405/405/405 415/415/415 416/416/416
f 405/405/405 416/416/416 417/417/417
f 405/405/405 417/417/417 418/418/418
f 405/405/405 418/418/418 419/419/419
f 405/405/405 419/419/419 420/420/420
f 405/405/405 420/420/420 421/421/421
f 405/405/405 421/421/421 422/422/422
f 405/405/405 422/422/422 423/423/423
f 405/405/405 423/423/423 424/424/424
v -1.54 2.815 -1.15
v -1.54 4.465 -1.15
v -1.556641 4.465 -1.044934
v -1.556641 2.815 -1.044934
vt 0 0
vt 1.65 0
vt 1.65 0.106375
vt 0 0.106375
vn 0.987688 0 0.156434
vn 0.987688 0 0.156434
vn 0.987688 0 0.156434
vn 0.987688 0 0.156434
f 425/425/425 426/426/426 427/427/427
f 425/425/425 427/427/427 428/428/428
v -1.556641 2.815 -1.044934
v -1.556641 4.465 -1.044934
v -1.604934 4.465 -0.950153
v -1.604934 2.815 -0.950153
vt 0 0
vt 1.65 0
vt 1.65 0.106375
vt 0 0.106375
vn 0.891007 0 0.45399
vn 0.891007 0 0.45399
vn 0.891007 0 0.45399
vn 0.891007 0 0.45399
f 429/429/429 430/430/430 431/431/431
f 429/429/429 431/431/431 432/432/432
v -1.604934 2.815 -0.950153
v -1.604934 4.465 -0.950153
v -1.680153 4.465 -0.874934
v -1.680153 2.815 -0.874934
vt 0 0
vt 1.65 0
vt 1.65 0.106375
vt 0 0.106375
vn 0.707107 0 0.707107
vn 0.707107 0 0.707107
vn 0.707107 0 0.707107
vn 0.707107 0 0.707107
f 433/433/433 434/434/434 435/435/435
f 433/433/433 435/435/435 436/436/436
v -1.680153 2.815 -0.874934
v -1.680153 4.465 -0.874934
v -1.774934 4.465 -0.826641
v -1.774934 2.815 -0.826641
vt 0 0
vt 1.65 0
vt 1.65 0.106375
vt 0 0.106375
vn 0.45399 0 0.891007
vn 0.45399 0 0.891007
vn 0.45399 0 0.891007
vn 0.45399 0 0.891007
f 437/437/437 438/438/438 439/439/439
f 437/437/437 439/439/439 440/440/440
v -1.774934 2.815 -0.826641
v -1.774934 4.465 -0.826641
v -1.88 4.465 -0.81
v -1.88 2.815 -0.81
vt 0 0
vt 1.65 0
vt 1.65 0.106375
vt 0 0.106375
vn 0.156434 0 0.987688
vn 0.156434 0 0.987688
vn 0.156434 0 0.987688
vn 0.156434 0 0.987688
f 441/441/441 442/442/442 443/443/443
f 441/441/441 443/443/443 444/444/444
v -1.88 2.815 -0.81
v -1.88 4.465 -0.81
v -1.985066 4.465 -0.826641
v -1.985066 2.815 -0.826641
vt 0 0
vt 1.65 0
vt 1.65 0.106375
vt 0 0.106375
vn -0.156434 0 0.987688
vn -0.156434 0 0.987688
vn -0.156434 0 0.987688
vn -0.156434 0 0.987688
f 445/445/445 446/446/446 447/447/447
f 445/445/445 447/447/447 448/448/448
v -1.985066 2.815 -0.826641
v -1.985066 4.465 -0.826641
v -2.079847 4.465 -0.874934
v -2.079847 2.815 -0.874934
vt 0 0
vt 1.65 0
vt 1.65 0.106375
vt 0 0.106375
vn -0.45399 0 0.891007
vn -0.45399 0 0.891007
vn -0.45399 0 0.891007
vn -0.45399 0 0.891007
f 449/449/449 450/450/450 451/451/451
f 449/449/449 451/451/451 452/452/452
v -2.079847 2.815 -0.874934
v -2.079847 4.465 -0.874934
v -2.155066 4.465 -0.950153
v -2.155066 2.815 -0.950153
vt 0 0
vt 1.65 0
vt 1.65 0.106375
vt 0 0.106375
vn -0.707107 0 0.707107
vn -0.707107 0 0.707107
vn -0.707107 0 0.707107
vn -0.707107 0 0.707107
f 453/453/453 454/454/454 455/455/455
f 453/453/453 455/455/455 456/456/456
v -2.155066 2.815 -0.950153
v -2.155066 4.465 -0.950153
v -2.203359 4.465 -1.044934
v -2.203359 2.815 -1.044934
vt 0 0
vt 1.65 0
vt 1.65 0.106375
vt 0 0.106375
vn -0.891007 0 0.45399
vn -0.891007 0 0.45399
vn -0.891007 0 0.45399
vn -0.891007 0 0.45399
f 457/457/457 458/458/458 459/459/459
f 457/457/457 459/459/459 460/460/460
v -2.203359 2.815 -1.044934
v -2.203359 4.465 -1.044934
v -2.22 4.465 -1.15
v -2.22 2.815 -1.15
vt 0 0
vt 1.65 0
vt 1.65 0.106375
vt 0 0.106375
vn -0.987688 0 0.156434
vn -0.987688 0 0.156434
vn -0.987688 0 0.156434
vn -0.987688 0 0.156434
f 461/461/461 462/462/462 463/463/463
f 461/461/461 463/463/463 464/464/464
v -2.22 2.815 -1.15
v -2.22 4.465 -1.15
v -2.203359 4.465 -1.255066
v -2.203359 2.815 -1.255066
vt 0 0
vt 1.65 0
vt 1.65 0.106375
vt 0 0.106375
vn -0.987688 0 -0.156434
vn -0.987688 0 -0.156434
vn -0.987688 0 -0.156434
vn -0.987688 0 -0.156434
f 465/465/465 466/466/466 467/467/467
f 465/465/465 467/467/467 468/468/468
v -2.203359 2.815 -1.255066
v -2.203359 4.465 -1.255066
v -2.155066 4.465 -1.349847
v -2.155066 2.815 -1.349847
vt 0 0
vt 1.65 0
vt 1.65 0.106375
vt 0 0.106375
vn -0.891007 0 -0.45399
vn -0.891007 0 -0.45399
vn -0.891007 0 -0.45399
vn -0.891007 0 -0.45399
f 469/469/469 470/470/470 471/471/471
f 469/469/469 471/471/471 472/472/472
v -2.155066 2.815 -1.349847
v -2.155066 4.465 -1.349847
v -2.079847 4.465 -1.425066
v -2.079847 2.815 -1.425066
vt 0 0
vt 1.65 0
vt 1.65 0.106375
vt 0 0.106375
vn -0.707107 0 -0.707107
vn -0.707107 0 -0.707107
vn -0.707107 0 -0.707107
vn -0.707107 0 -0.707107
f 473/473/473 474/474/474 475/475/475
f 473/473/473 475/475/475 476/476/476
v -2.079847 2.815 -1.425066
v -2.079847 4.465 -1.425066
v -1.985066 4.465 -1.473359
v -1.985066 2.815 -1.473359
vt 0 0
vt 1.65 0
vt 1.65 0.106375
vt 0 0.106375
vn -0.45399 0 -0.891007
vn -0.45399 0 -0.891007
vn -0.45399 0 -0.891007
vn -0.45399 0 -0.891007
f 477/477/477 478/478/478 479/479/479
f 477/477/477 479/479/479 480/480/480
v -1.985066 2.815 -1.473359
v -1.985066 4.465 -1.473359
v -1.88 4.465 -1.49
v -1.88 2.815 -1.49
vt 0 0
vt 1.65 0
vt 1.65 0.106375
vt 0 0.106375
vn -0.156434 0 -0.987688
vn -0.156434 0 -0.987688
vn -0.156434 0 -0.987688
vn -0.156434 0 -0.987688
f 481/481/481 482/482/482 483/483/483
f 481/481/481 483/483/483 484/484/484
v -1.88 2.815 -1.49
v -1.88 4.465 -1.49
v -1.774934 4.465 -1.473359
v -1.774934 2.815 -1.473359
vt 0 0
vt 1.65 0
vt 1.65 0.106375
vt 0 0.106375
vn 0.156434 0 -0.987688
vn 0.156434 0 -0.987688
vn 0.156434 0 -0.987688
vn 0.156434 0 -0.987688
f 485/485/485 486/486/486 487/487/487
f 485/485/485 487/487/487 488/488/488
v -1.774934 2.815 -1.473359
v -1.774934 4.465 -1.473359
v -1.680153 4.465 -1.425066
v -1.680153 2.815 -1.425066
vt 0 0
vt 1.65 0
vt 1.65 0.106375
vt 0 0.106375
vn 0.45399 0 -0.891007
vn 0.45399 0 -0.891007
vn 0.45399 0 -0.891007
vn 0.45399 0 -0.891007
f 489/489/489 490/490/490 491/491/491
f 489/489/489 491/491/491 492/492/492
v -1.680153 2.815 -1.425066
v -1.680153 4.465 -1.425066
v -1.604934 4.465 -1.349847
v -1.604934 2.815 -1.349847
vt 0 0
vt 1.65 0
vt 1.65 0.106375
vt 0 0.106375
vn 0.707107 0 -0.707107
vn 0.707107 0 -0.707107
vn 0.707107 0 -0.707107
vn 0.707107 0 -0.707107
f 493/493/493 494/494/494 495/495/495
f 493/493/493 495/495/495 496/496/496
v -1.604934 2.815 -1.349847
v -1.604934 4.465 -1.349847
v -1.556641 4.465 -1.255066
v -1.556641 2.815 -1.255066
vt 0 0
vt 1.65 0
vt 1.65 0.106375
vt 0 0.106375
vn 0.891007 0 -0.45399
vn 0.891007 0 -0.45399
vn 0.891007 0 -0.45399
vn 0.891007 0 -0.45399
f 497/497/497 498/498/498 499/499/499
f 497/497/497 499/499/499 500/500/500
v -1.556641 2.815 -1.255066
v -1.556641 4.465 -1.255066
v -1.54 4.465 -1.15
v -1.54 2.815 -1.15
vt 0 0
vt 1.65 0
vt 1.65 0.106375
vt 0 0.106375
vn 0.987688 0 -0.156434
vn 0.987688 0 -0.156434
vn 0.987688 0 -0.156434
vn 0.987688 0 -0.156434
f 501/501/501 502/502/502 503/503/503
f 501/501/501 503/503/503 504/504/504
v 0.6 1.85 -2.675
v 0.643615 2.181288 -2.675
v 0.771487 2.49 -2.675
v 0.974903 2.755097 -2.675
v 1.24 2.958513 -2.675
v 1.548712 3.086385 -2.675
v 1.88 3.13 -2.675
v 2.211288 3.086385 -2.675
v 2.52 2.958513 -2.675
v 2.785097 2.755097 -2.675
v 2.988513 2.49 -2.675
v 3.116385 2.181288 -2.675
v 3.16 1.85 -2.675
v 3.116385 1.518712 -2.675
v 2.988513 1.21 -2.675
v 2.785097 0.944903 -2.675
v 2.52 0.741487 -2.675
v 2.211288 0.613615 -2.675
v 1.88 0.57 -2.675
v 1.548712 0.613615 -2.675
v 1.24 0.741487 -2.675
v 0.974903 0.944903 -2.675
v 0.771487 1.21 -2.675
v 0.643615 1.518712 -2.675
vt 0 0
vt 0.334147 0
vt 0.656908 0.086484
vt 0.946288 0.253557
vt 1.182566 0.489835
vt 1.349639 0.779215
vt 1.436123 1.101976
vt 1.436123 1.436123
vt 1.349639 1.758884
vt 1.182566 2.048264
vt 0.946288 2.284542
vt 0.656908 2.451615
vt 0.334147 2.538099
vt 0 2.538099
vt -0.322761 2.451615
vt -0.612141 2.284542
vt -0.848419 2.048264
vt -1.015492 1.758884
vt -1.101976 1.436123
vt -1.101976 1.101976
vt -1.015492 0.779215
vt -0.848419 0.489835
vt -0.612141 0.253557
vt -0.322761 0.086484
vn 0 0 -1
vn 0 0 -1
vn 0 0 -1
vn 0 0 -1
vn 0 0 -1
vn 0 0 -1
vn 0 0 -1
vn 0 0 -1
vn 0 0 -1
vn 0 0 -1
vn 0 0 -1
vn 0 0 -1
vn 0 0 -1
vn 0 0 -1
vn 0 0 -1
vn 0 0 -1
vn 0 0 -1
vn 0 0 -1
vn 0 0 -1
vn 0 0 -1
vn 0 0 -1
vn 0 0 -1
vn 0 0 -1
vn 0 0 -1
f 505/505/505 506/506/506 507/507/507
f 505/505/505 507/507/507 508/508/508
f 505/505/505 508/508/508 509/509/509
f 505/505/505 509/509/509 510/510/510
f 505/505/505 510/510/510 511/511/511
f 505/505/505 511/511/511 512/512/512
f 505/505/505 512/512/512 513/513/513
f 505/505/505 513/513/513 514/514/514
f 505/505/505 514/514/514 515/515/515
f 505/505/505 515/515/515 516/516/516
f 505/505/505 516/516/516 517/517/517
f 505/505/505 517/517/517 518/518/518
f 505/505/505 518/518/518 519/519/519
f 505/505/505 519/519/519 520/520/520
f 505/505/505 520/520/520 521/521/521
f 505/505/505 521/521/521 522/522/522
f 505/505/505 522/522/522 523/523/523
f 505/505/505 523/523/523 524/524/524
f 505/505/505 524/524/524 525/525/525
f 505/505/505 525/525/525 526/526/526
f 505/505/505 526/526/526 527/527/527
f 505/505/505 527/527/527 528/528/528
v 0.643615 1.518712 2.675
v 0.771487 1.21 2.675
v 0.974903 0.944903 2.675
v 1.24 0.741487 2.675
v 1.548712 0.613615 2.675
v 1.88 0.57 2.675
v 2.211288 0.613615 2.675
v 2.52 0.741487 2.675
v 2.785097 0.944903 2.675
v 2.988513 1.21 2.675
v 3.116385 1.518712 2.675
v 3.16 1.85 2.675
v 3.116385 2.181288 2.675
v 2.988513 2.49 2.675
v 2.785097 2.755097 2.675
v 2.52 2.958513 2.675
v 2.211288 3.086385 2.675
v 1.88 3.13 2.675
v 1.548712 3.086385 2.675
v 1.24 2.958513 2.675
v 0.974903 2.755097 2.675
v 0.771487 2.49 2.675
v 0.643615 2.181288 2.675
v 0.6 1.85 2.675
vt 0 0
vt 0.334147 0
vt 0.656908 0.086484
vt 0.946288 0.253557
vt 1.182566 0.489835
vt 1.349639 0.779215
vt 1.436123 1.101976
vt 1.436123 1.436123
vt 1.349639 1.758884
vt 1.182566 2.048264
vt 0.946288 2.284542
vt 0.656908 2.451615
vt 0.334147 2.538099
vt 0 2.538099
vt -0.322761 2.451615
vt -0.612141 2.284542
vt -0.848419 2.048264
vt -1.015492 1.758884
vt -1.101976 1.436123
vt -1.101976 1.101976
vt -1.015492 0.779215
vt -0.848419 0.489835
vt -0.612141 0.253557
vt -0.322761 0.086484
vn 0 0 1
vn 0 0 1
vn 0 0 1
vn 0 0 1
vn 0 0 1
vn 0 0 1
vn 0 0 1
vn 0 0 1
vn 0 0 1
vn 0 0 1
vn 0 0 1
vn 0 0 1
vn 0 0 1
vn 0 0 1
vn 0 0 1
vn 0 0 1
vn 0 0 1
vn 0 0 1
vn 0 0 1
vn 0 0 1
vn 0 0 1
vn 0 0 1
vn 0 0 1
vn 0 0 1
f 529/529/529 530/530/530 531/531/531
f 529/529/529 531/531/531 532/532/532
f 529/529/529 532/532/532 533/533/533
f 529/529/529 533/533/533 534/534/534
f 529/529/529 534/534/534 535/535/535
f 529/529/529 535/535/535 536/536/536
f 529/529/529 536/536/536 537/537/537
f 529/529/529 537/537/537 538/538/538
f 529/529/529 538/538/538 539/539/539
f 529/529/529 539/539/539 540/540/540
f 529/529/529 540/540/540 541/541/541
f 529/529/529 541/541/541 542/542/542
f 529/529/529 542/542/542 543/543/543
f 529/529/529 543/543/543 544/544/544
f 529/529/529 544/544/544 545/545/545
f 529/529/529 545/545/545 546/546/546
f 529/529/529 546/546/546 547/547/547
f 529/529/529 547/547/547 548/548/548
f 529/529/529 548/548/548 549/549/549
f 529/529/529 549/549/549 550/550/550
f 529/529/529 550/550/550 551/551/551
f 529/529/529 551/551/551 552/552/552
v 0.6 1.85 -2.675
v 0.6 1.85 2.675
v 0.643615 2.181288 2.675
v 0.643615 2.181288 -2.675
vt 0 0
vt 5.35 0
vt 5.35 0.334147
vt 0 0.334147
vn -0.991445 0.130526 0
vn -0.991445 0.130526 0
vn -0.991445 0.130526 0
vn -0.991445 0.130526 0
f 553/553/553 554/554/554 555/555/555
f 553/553/553 555/555/555 556/556/556
v 0.643615 2.181288 -2.675
v 0.643615 2.181288 2.675
v 0.771487 2.49 2.675
v 0.771487 2.49 -2.675
vt 0 0
vt 5.35 0
vt 5.35 0.334147
vt 0 0.334147
vn -0.92388 0.382683 0
vn -0.92388 0.382683 0
vn -0.92388 0.382683 0
vn -0.92388 0.382683 0
f 557/557/557 558/558/558 559/559/559
f 557/557/557 559/559/559 560/560/560
v 0.771487 2.49 -2.675
v 0.771487 2.49 2.675
v 0.974903 2.755097 2.675
v 0.974903 2.755097 -2.675
vt 0 0
vt 5.35 0
vt 5.35 0.334147
vt 0 0.334147
vn -0.793353 0.608761 0
vn -0.793353 0.608761 0
vn -0.793353 0.608761 0
vn -0.793353 0.608761 0
f 561/561/561 562/562/562 563/563/563
f 561/561/561 563/563/563 564/564/564
v 0.974903 2.755097 -2.675
v 0.974903 2.755097 2.675
v 1.24 2.958513 2.675
v 1.24 2.958513 -2.675
vt 0 0
vt 5.35 0
vt 5.35 0.334147
vt 0 0.334147
vn -0.608761 0.793353 0
vn -0.608761 0.793353 0
vn -0.608761 0.793353 0
vn -0.608761 0.793353 0
f 565/565/565 566/566/566 567/567/567
f 565/565/565 567/567/567 568/568/568
v 1.24 2.958513 -2.675
v 1.24 2.958513 2.675
v 1.548712 3.086385 2.675
v 1.548712 3.086385 -2.675
vt 0 0
vt 5.35 0
vt 5.35 0.334147
vt 0 0.334147
vn -0.382683 0.92388 0
vn -0.382683 0.92388 0
vn -0.382683 0.92388 0
vn -0.382683 0.92388 0
f 569/569/569 570/570/570 571/571/571
f 569/569/569 571/571/571 572/572/572
v 1.548712 3.086385 -2.675
v 1.548712 3.086385 2.675
v 1.88 3.13 2.675
v 1.88 3.13 -2.675
vt 0 0
vt 5.35 0
vt 5.35 0.334147
vt 0 0.334147
vn -0.130526 0.991445 0
vn -0.130526 0.991445 0
vn -0.130526 0.991445 0
vn -0.130526 0.991445 0
f 573/573/573 574/574/574 575/575/575
f 573/573/573 575/575/575 576/576/576
v 1.88 3.13 -2.675
v 1.88 3.13 2.675
v 2.211288 3.086385 2.675
v 2.211288 3.086385 -2.675
vt 0 0
vt 5.35 0
vt 5.35 0.334147
vt 0 0.334147
vn 0.130526 0.991445 0
vn 0.130526 0.991445 0
vn 0.130526 0.991445 0
vn 0.130526 0.991445 0
f 577/577/577 578/578/578 579/579/579
f 577/577/577 579/579/579 580/580/580
v 2.211288 3.086385 -2.675
v 2.211288 3.086385 2.675
v 2.52 2.958513 2.675
v 2.52 2.958513 -2.675
vt 0 0
vt 5.35 0
vt 5.35 0.334147
vt 0 0.334147
vn 0.382683 0.92388 0
vn 0.382683 0.92388 0
vn 0.382683 0.92388 0
vn 0.382683 0.92388 0
f 581/581/581 582/582/582 583/583/583
f 581/581/581 583/583/583 584/584/584
v 2.52 2.958513 -2.675
v 2.52 2.958513 2.675
v 2.785097 2.755097 2.675
v 2.785097 2.755097 -2.675
vt 0 0
vt 5.35 0
vt 5.35 0.334147
vt 0 0.334147
vn 0.608761 0.793353 0
vn 0.608761 0.793353 0
vn 0.608761 0.793353 0
vn 0.608761 0.793353 0
f 585/585/585 586/586/586 587/587/587
f 585/585/585 587/587/587 588/588/588
v 2.785097 2.755097 -2.675
v 2.785097 2.755097 2.675
v 2.988513 2.49 2.675
v 2.988513 2.49 -2.675
vt 0 0
vt 5.35 0
vt 5.35 0.334147
vt 0 0.334147
vn 0.793353 0.608761 0
vn 0.793353 0.608761 0
vn 0.793353 0.608761 0
vn 0.793353 0.608761 0
f 589/589/589 590/590/590 591/591/591
f 589/589/589 591/591/591 592/592/592
v 2.988513 2.49 -2.675
v 2.988513 2.49 2.675
v 3.116385 2.181288 2.675
v 3.116385 2.181288 -2.675
vt 0 0
vt 5.35 0
vt 5.35 0.334147
vt 0 0.334147
vn 0.92388 0.382683 0
vn 0.92388 0.382683 0
vn 0.92388 0.382683 0
vn 0.92388 0.382683 0
f 593/593/593 594/594/594 595/595/595
f 593/593/593 595/595/595 596/596/596
v 3.116385 2.181288 -2.675
v 3.116385 2.181288 2.675
v 3.16 1.85 2.675
v 3.16 1.85 -2.675
vt 0 0
vt 5.35 0
vt 5.35 0.334147
vt 0 0.334147
vn 0.991445 0.130526 0
vn 0.991445 0.130526 0
vn 0.991445 0.130526 0
vn 0.991445 0.130526 0
f 597/597/597 598/598/598 599/599/599
f 597/597/597 599/599/599 600/600/600
v 3.16 1.85 -2.675
v 3.16 1.85 2.675
v 3.116385 1.518712 2.675
v 3.116385 1.518712 -2.675
vt 0 0
vt 5.35 0
vt 5.35 0.334147
vt 0 0.334147
vn 0.991445 -0.130526 0
vn 0.991445 -0.130526 0
vn 0.991445 -0.130526 0
vn 0.991445 -0.130526 0
f 601/601/601 602/602/602 603/603/603
f 601/601/601 603/603/603 604/604/604
v 3.116385 1.518712 -2.675
v 3.116385 1.518712 2.675
v 2.988513 1.21 2.675
v 2.988513 1.21 -2.675
vt 0 0
vt 5.35 0
vt 5.35 0.334147
vt 0 0.334147
vn 0.92388 -0.382683 0
vn 0.92388 -0.382683 0
vn 0.92388 -0.382683 0
vn 0.92388 -0.382683 0
f 605/605/605 606/606/606 607/607/607
f 605/605/605 607/607/607 608/608/608
v 2.988513 1.21 -2.675
v 2.988513 1.21 2.675
v 2.785097 0.944903 2.675
v 2.785097 0.944903 -2.675
vt 0 0
vt 5.35 0
vt 5.35 0.334147
vt 0 0.334147
vn 0.793353 -0.608761 0
vn 0.793353 -0.608761 0
vn 0.793353 -0.608761 0
vn 0.793353 -0.608761 0
f 609/609/609 610/610/610 611/611/611
f 609/609/609 611/611/611 612/612/612
v 2.785097 0.944903 -2.675
v 2.785097 0.944903 2.675
v 2.52 0.741487 2.675
v 2.52 0.741487 -2.675
vt 0 0
vt 5.35 0
vt 5.35 0.334147
vt 0 0.334147
vn 0.608761 -0.793353 0
vn 0.608761 -0.793353 0
vn 0.608761 -0.793353 0
vn 0.608761 -0.793353 0
f 613/613/613 614/614/614 615/615/615
f 613/613/613 615/615/615 616/616/616
v 2.52 0.741487 -2.675
v 2.52 0.741487 2.675
v 2.211288 0.613615 2.675
v 2.211288 0.613615 -2.675
vt 0 0
vt 5.35 0
vt 5.35 0.334147
vt 0 0.334147
vn 0.382683 -0.92388 0
vn 0.382683 -0.92388 0
vn 0.382683 -0.92388 0
vn 0.382683 -0.92388 0
f 617/617/617 618/618/618 619/619/619
f 617/617/617 619/619/619 620/620/620
v 2.211288 0.613615 -2.675
v 2.211288 0.613615 2.675
v 1.88 0.57 2.675
v 1.88 0.57 -2.675
vt 0 0
vt 5.35 0
vt 5.35 0.334147
vt 0 0.334147
vn 0.130526 -0.991445 0
vn 0.130526 -0.991445 0
vn 0.130526 -0.991445 0
vn 0.130526 -0.991445 0
f 621/621/621 622/622/622 623/623/623
f 621/621/621 623/623/623 624/624/624
v 1.88 0.57 -2.675
v 1.88 0.57 2.675
v 1.548712 0.613615 2.675
v 1.548712 0.613615 -2.675
vt 0 0
vt 5.35 0
vt 5.35 0.334147
vt 0 0.334147
vn -0.130526 -0.991445 0
vn -0.130526 -0.991445 0
vn -0.130526 -0.991445 0
vn -0.130526 -0.991445 0
f 625/625/625 626/626/626 627/627/627
f 625/625/625 627/627/627 628/628/628
v 1.548712 0.613615 -2.675
v 1.548712 0.613615 2.675
v 1.24 0.741487 2.675
v 1.24 0.741487 -2.675
vt 0 0
vt 5.35 0
vt 5.35 0.334147
vt 0 0.334147
vn -0.382683 -0.92388 0
vn -0.382683 -0.92388 0
vn -0.382683 -0.92388 0
vn -0.382683 -0.92388 0
f 629/629/629 630/630/630 631/631/631
f 629/629/629 631/631/631 632/632/632
v 1.24 0.741487 -2.675
v 1.24 0.741487 2.675
v 0.974903 0.944903 2.675
v 0.974903 0.944903 -2.675
vt 0 0
vt 5.35 0
vt 5.35 0.334147
vt 0 0.334147
vn -0.608761 -0.793353 0
vn -0.608761 -0.793353 0
vn -0.608761 -0.793353 0
vn -0.608761 -0.793353 0
f 633/633/633 634/634/634 635/635/635
f 633/633/633 635/635/635 636/636/636
v 0.974903 0.944903 -2.675
v 0.974903 0.944903 2.675
v 0.771487 1.21 2.675
v 0.771487 1.21 -2.675
vt 0 0
vt 5.35 0
vt 5.35 0.334147
vt 0 0.334147
vn -0.793353 -0.608761 0
vn -0.793353 -0.608761 0
vn -0.793353 -0.608761 0
vn -0.793353 -0.608761 0
f 637/637/637 638/638/638 639/639/639
f 637/637/637 639/639/639 640/640/640
v 0.771487 1.21 -2.675
v 0.771487 1.21 2.675
v 0.643615 1.518712 2.675
v 0.643615 1.518712 -2.675
vt 0 0
vt 5.35 0
vt 5.35 0.334147
vt 0 0.334147
vn -0.92388 -0.382683 0
vn -0.92388 -0.382683 0
vn -0.92388 -0.382683 0
vn -0.92388 -0.382683 0
f 641/641/641 642/642/642 643/643/643
f 641/641/641 643/643/643 644/644/644
v 0.643615 1.518712 -2.675
v 0.643615 1.518712 2.675
v 0.6 1.85 2.675
v 0.6 1.85 -2.675
vt 0 0
vt 5.35 0
vt 5.35 0.334147
vt 0 0.334147
vn -0.991445 -0.130526 0
vn -0.991445 -0.130526 0
vn -0.991445 -0.130526 0
vn -0.991445 -0.130526 0
f 645/645/645 646/646/646 647/647/647
f 645/645/645 647/647/647 648/648/648
v 1.57 1.85 -2.975
v 1.593597 1.968632 -2.975
v 1.660797 2.069203 -2.975
v 1.761368 2.136403 -2.975
v 1.88 2.16 -2.975
v 1.998632 2.136403 -2.975
v 2.099203 2.069203 -2.975
v 2.166403 1.968632 -2.975
v 2.19 1.85 -2.975
v 2.166403 1.731368 -2.975
v 2.099203 1.630797 -2.975
v 1.998632 1.563597 -2.975
v 1.88 1.54 -2.975
v 1.761368 1.563597 -2.975
v 1.660797 1.630797 -2.975
v 1.593597 1.731368 -2.975
vt 0 0
vt 0.120956 0
vt 0.232705 0.046288
vt 0.318234 0.131817
vt 0.364521 0.243565
vt 0.364521 0.364521
vt 0.318234 0.47627
vt 0.232705 0.561799
vt 0.120956 0.608087
vt 0 0.608087
vt -0.111749 0.561799
vt -0.197278 0.47627
vt -0.243565 0.364521
vt -0.243565 0.243565
vt -0.197278 0.131817
vt -0.111749 0.046288
vn 0 0 -1
vn 0 0 -1
vn 0 0 -1
vn 0 0 -1
vn 0 0 -1
vn 0 0 -1
vn 0 0 -1
vn 0 0 -1
vn 0 0 -1
vn 0 0 -1
vn 0 0 -1
vn 0 0 -1
vn 0 0 -1
vn 0 0 -1
vn 0 0 -1
vn 0 0 -1
f 649/649/649 650/650/650 651/651/651
f 649/649/649 651/651/651 652/652/652
f 649/649/649 652/652/652 653/653/653
f 649/649/649 653/653/653 654/654/654
f 649/649/649 654/654/654 655/655/655
f 649/649/649 655/655/655 656/656/656
f 649/649/649 656/656/656 657/657/657
f 649/649/649 657/657/657 658/658/658
f 649/649/649 658/658/658 659/659/659
f 649/649/649 659/659/659 660/660/660
f 649/649/649 660/660/660 661/661/661
f 649/649/649 661/661/661 662/662/662
f 649/649/649 662/662/662 663/663/663
f 649/649/649 663/663/663 664/664/664
v 1.593597 1.731368 -2.825
v 1.660797 1.630797 -2.825
v 1.761368 1.563597 -2.825
v 1.88 1.54 -2.825
v 1.998632 1.563597 -2.825
v 2.099203 1.630797 -2.825
v 2.166403 1.731368 -2.825
v 2.19 1.85 -2.825
v 2.166403 1.968632 -2.825
v 2.099203 2.069203 -2.825
v 1.998632 2.136403 -2.825
v 1.88 2.16 -2.825
v 1.761368 2.136403 -2.825
v 1.660797 2.069203 -2.825
v 1.593597 1.968632 -2.825
v 1.57 1.85 -2.825
vt 0 0
vt 0.120956 0
vt 0.232705 0.046288
vt 0.318234 0.131817
vt 0.364521 0.243565
vt 0.364521 0.364521
vt 0.318234 0.47627
vt 0.232705 0.561799
vt 0.120956 0.608087
vt 0 0.608087
vt -0.111749 0.561799
vt -0.197278 0.47627
vt -0.243565 0.364521
vt -0.243565 0.243565
vt -0.197278 0.131817
vt -0.111749 0.046288
vn 0 0 1
vn 0 0 1
vn 0 0 1
vn 0 0 1
vn 0 0 1
vn 0 0 1
vn 0 0 1
vn 0 0 1
vn 0 0 1
vn 0 0 1
vn 0 0 1
vn 0 0 1
vn 0 0 1
vn 0 0 1
vn 0 0 1
vn 0 0 1
f 665/665/665 666/666/666 667/667/667
f 665/665/665 667/667/667 668/668/668
f 665/665/665 668/668/668 669/669/669
f 665/665/665 669/669/669 670/670/670
f 665/665/665 670/670/670 671/671/671
f 665/665/665 671/671/671 672/672/672
f 665/665/665 672/672/672 673/673/673
f 665/665/665 673/673/673 674/674/674
f 665/665/665 674/674/674 675/675/675
f 665/665/665 675/675/675 676/676/676
f 665/665/665 676/676/676 677/677/677
f 665/665/665 677/677/677 678/678/678
f 665/665/665 678/678/678 679/679/679
f 665/665/665 679/679/679 680/680/680
v 1.57 1.85 -2.975
v 1.57 1.85 -2.825
v 1.593597 1.968632 -2.825
v 1.593597 1.968632 -2.975
vt 0 0
vt 0.15 0
vt 0.15 0.120956
vt 0 0.120956
vn -0.980785 0.19509 0
vn -0.980785 0.19509 0
vn -0.980785 0.19509 0
vn -0.980785 0.19509 0
f 681/681/681 682/682/682 683/683/683
f 681/681/681 683/683/683 684/684/684
v 1.593597 1.968632 -2.975
v 1.593597 1.968632 -2.825
v 1.660797 2.069203 -2.825
v 1.660797 2.069203 -2.975
vt 0 0
vt 0.15 0
vt 0.15 0.120956
vt 0 0.120956
vn -0.83147 0.55557 0
vn -0.83147 0.55557 0
vn -0.83147 0.55557 0
vn -0.83147 0.55557 0
f 685/685/685 686/686/686 687/687/687
f 685/685/685 687/687/687 688/688/688
v 1.660797 2.069203 -2.975
v 1.660797 2.069203 -2.825
v 1.761368 2.136403 -2.825
v 1.761368 2.136403 -2.975
vt 0 0
vt 0.15 0
vt 0.15 0.120956
vt 0 0.120956
vn -0.55557 0.83147 0
vn -0.55557 0.83147 0
vn -0.55557 0.83147 0
vn -0.55557 0.83147 0
f 689/689/689 690/690/690 691/691/691
f 689/689/689 691/691/691 692/692/692
v 1.761368 2.136403 -2.975
v 1.761368 2.136403 -2.825
v 1.88 2.16 -2.825
v 1.88 2.16 -2.975
vt 0 0
vt 0.15 0
vt 0.15 0.120956
vt 0 0.120956
vn -0.19509 0.980785 0
vn -0.19509 0.980785 0
vn -0.19509 0.980785 0
vn -0.19509 0.980785 0
f 693/693/693 694/694/694 695/695/695
f 693/693/693 695/695/695 696/696/696
v 1.88 2.16 -2.975
v 1.88 2.16 -2.825
v 1.998632 2.136403 -2.825
v 1.998632 2.136403 -2.975
vt 0 0
vt 0.15 0
vt 0.15 0.120956
vt 0 0.120956
vn 0.19509 0.980785 0
vn 0.19509 0.980785 0
vn 0.19509 0.980785 0
vn 0.19509 0.980785 0
f 697/697/697 698/698/698 699/699/699
f 697/697/697 699/699/699 700/700/700
v 1.998632 2.136403 -2.975
v 1.998632 2.136403 -2.825
v 2.099203 2.069203 -2.825
v 2.099203 2.069203 -2.975
vt 0 0
vt 0.15 0
vt 0.15 0.120956
vt 0 0.120956
vn 0.55557 0.83147 0
vn 0.55557 0.83147 0
vn 0.55557 0.83147 0
vn 0.55557 0.83147 0
f 701/701/701 702/702/702 703/703/703
f 701/701/701 703/703/703 704/704/704
v 2.099203 2.069203 -2.975
v 2.099203 2.069203 -2.825
v 2.166403 1.968632 -2.825
v 2.166403 1.968632 -2.975
vt 0 0
vt 0.15 0
vt 0.15 0.120956
vt 0 0.120956
vn 0.83147 0.55557 0
vn 0.83147 0.55557 0
vn 0.83147 0.55557 0
vn 0.83147 0.55557 0
f 705/705/705 706/706/706 707/707/707
f 705/705/705 707/707/707 708/708/708
v 2.166403 1.968632 -2.975
v 2.166403 1.968632 -2.825
v 2.19 1.85 -2.825
v 2.19 1.85 -2.975
vt 0 0
vt 0.15 0
vt 0.15 0.120956
vt 0 0.120956
vn 0.980785 0.19509 0
vn 0.980785 0.19509 0
vn 0.980785 0.19509 0
vn 0.980785 0.19509 0
f 709/709/709 710/710/710 711/711/711
f 709/709/709 711/711/711 712/712/712
v 2.19 1.85 -2.975
v 2.19 1.85 -2.825
v 2.166403 1.731368 -2.825
v 2.166403 1.731368 -2.975
vt 0 0
vt 0.15 0
vt 0.15 0.120956
vt 0 0.120956
vn 0.980785 -0.19509 0
vn 0.980785 -0.19509 0
vn 0.980785 -0.19509 0
vn 0.980785 -0.19509 0
f 713/713/713 714/714/714 715/715/715
f 713/713/713 715/715/715 716/716/716
v 2.166403 1.731368 -2.975
v 2.166403 1.731368 -2.825
v 2.099203 1.630797 -2.825
v 2.099203 1.630797 -2.975
vt 0 0
vt 0.15 0
vt 0.15 0.120956
vt 0 0.120956
vn 0.83147 -0.55557 0
vn 0.83147 -0.55557 0
vn 0.83147 -0.55557 0
vn 0.83147 -0.55557 0
f 717/717/717 718/718/718 719/719/719
f 717/717/717 719/719/719 720/720/720
v 2.099203 1.630797 -2.975
v 2.099203 1.630797 -2.825
v 1.998632 1.563597 -2.825
v 1.998632 1.563597 -2.975
vt 0 0
vt 0.15 0
vt 0.15 0.120956
vt 0 0.120956
vn 0.55557 -0.83147 0
vn 0.55557 -0.83147 0
vn 0.55557 -0.83147 0
vn 0.55557 -0.83147 0
f 721/721/721 722/722/722 723/723/723
f 721/721/721 723/723/723 724/724/724
v 1.998632 1.563597 -2.975
v 1.998632 1.563597 -2.825
v 1.88 1.54 -2.825
v 1.88 1.54 -2.975
vt 0 0
vt 0.15 0
vt 0.15 0.120956
vt 0 0.120956
vn 0.19509 -0.980785 0
vn 0.19509 -0.980785 0
vn 0.19509 -0.980785 0
vn 0.19509 -0.980785 0
f 725/725/725 726/726/726 727/727/727
f 725/725/725 727/727/727 728/728/728
v 1.88 1.54 -2.975
v 1.88 1.54 -2.825
v 1.761368 1.563597 -2.825
v 1.761368 1.563597 -2.975
vt 0 0
vt 0.15 0
vt 0.15 0.120956
vt 0 0.120956
vn -0.19509 -0.980785 0
vn -0.19509 -0.980785 0
vn -0.19509 -0.980785 0
vn -0.19509 -0.980785 0
f 729/729/729 730/730/730 731/731/731
f 729/729/729 731/731/731 732/732/732
v 1.761368 1.563597 -2.975
v 1.761368 1.563597 -2.825
v 1.660797 1.630797 -2.825
v 1.660797 1.630797 -2.975
vt 0 0
vt 0.15 0
vt 0.15 0.120956
vt 0 0.120956
vn -0.55557 -0.83147 0
vn -0.55557 -0.83147 0
vn -0.55557 -0.83147 0
vn -0.55557 -0.83147 0
f 733/733/733 734/734/734 735/735/735
f 733/733/733 735/735/735 736/736/736
v 1.660797 1.630797 -2.975
v 1.660797 1.630797 -2.825
v 1.593597 1.731368 -2.825
v 1.593597 1.731368 -2.975
vt 0 0
vt 0.15 0
vt 0.15 0.120956
vt 0 0.120956
vn -0.83147 -0.55557 0
vn -0.83147 -0.55557 0
vn -0.83147 -0.55557 0
vn -0.83147 -0.55557 0
f 737/737/737 738/738/738 739/739/739
f 737/737/737 739/739/739 740/740/740
v 1.593597 1.731368 -2.975
v 1.593597 1.731368 -2.825
v 1.57 1.85 -2.825
v 1.57 1.85 -2.975
vt 0 0
vt 0.15 0
vt 0.15 0.120956
vt 0 0.120956
vn -0.980785 -0.19509 0
vn -0.980785 -0.19509 0
vn -0.980785 -0.19509 0
vn -0.980785 -0.19509 0
f 741/741/741 742/742/742 743/743/743
f 741/741/741 743/743/743 744/744/744
v 1.57 1.85 2.825
v 1.593597 1.968632 2.825
v 1.660797 2.069203 2.825
v 1.761368 2.136403 2.825
v 1.88 2.16 2.825
v 1.998632 2.136403 2.825
v 2.099203 2.069203 2.825
v 2.166403 1.968632 2.825
v 2.19 1.85 2.825
v 2.166403 1.731368 2.825
v 2.099203 1.630797 2.825
v 1.998632 1.563597 2.825
v 1.88 1.54 2.825
v 1.761368 1.563597 2.825
v 1.660797 1.630797 2.825
v 1.593597 1.731368 2.825
vt 0 0
vt 0.120956 0
vt 0.232705 0.046288
vt 0.318234 0.131817
vt 0.364521 0.243565
vt 0.364521 0.364521
vt 0.318234 0.47627
vt 0.232705 0.561799
vt 0.120956 0.608087
vt 0 0.608087
vt -0.111749 0.561799
vt -0.197278 0.47627
vt -0.243565 0.364521
vt -0.243565 0.243565
vt -0.197278 0.131817
vt -0.111749 0.046288
vn 0 0 -1
vn 0 0 -1
vn 0 0 -1
vn 0 0 -1
vn 0 0 -1
vn 0 0 -1
vn 0 0 -1
vn 0 0 -1
vn 0 0 -1
vn 0 0 -1
vn 0 0 -1
vn 0 0 -1
vn 0 0 -1
vn 0 0 -1
vn 0 0 -1
vn 0 0 -1
f 745/745/745 746/746/746 747/747/747
f 745/745/745 747/747/747 748/748/748
f 745/745/745 748/748/748 749/749/749
f 745/745/745 749/749/749 750/750/750
f 745/745/745 750/750/750 751/751/751
f 745/745/745 751/751/751 752/752/752
f 745/745/745 752/752/752 753/753/753
f 745/745/745 753/753/753 754/754/754
f 745/745/745 754/754/754 755/755/755
f 745/745/745 755/755/755 756/756/756
f 745/745/745 756/756/756 757/757/757
f 745/745/745 757/757/757 758/758/758
f 745/745/745 758/758/758 759/759/759
f 745/745/745 759/759/759 760/760/760
v 1.593597 1.731368 2.975
v 1.660797 1.630797 2.975
v 1.761368 1.563597 2.975
v 1.88 1.54 2.975
v 1.998632 1.563597 2.975
v 2.099203 1.630797 2.975
v 2.166403 1.731368 2.975
v 2.19 1.85 2.975
v 2.166403 1.968632 2.975
v 2.099203 2.069203 2.975
v 1.998632 2.136403 2.975
v 1.88 2.16 2.975
v 1.761368 2.136403 2.975
v 1.660797 2.069203 2.975
v 1.593597 1.968632 2.975
v 1.57 1.85 2.975
vt 0 0
vt 0.120956 0
vt 0.232705 0.046288
vt 0.318234 0.131817
vt 0.364521 0.243565
vt 0.364521 0.364521
vt 0.318234 0.47627
vt 0.232705 0.561799
vt 0.120956 0.608087
vt 0 0.608087
vt -0.111749 0.561799
vt -0.197278 0.47627
vt -0.243565 0.364521
vt -0.243565 0.243565
vt -0.197278 0.131817
vt -0.111749 0.046288
vn 0 0 1
vn 0 0 1
vn 0 0 1
vn 0 0 1
vn 0 0 1
vn 0 0 1
vn 0 0 1
vn 0 0 1
vn 0 0 1
vn 0 0 1
vn 0 0 1
vn 0 0 1
vn 0 0 1
vn 0 0 1
vn 0 0 1
vn 0 0 1
f 761/761/761 762/762/762 763/763/763
f 761/761/761 763/763/763 764/764/764
f 761/761/761 764/764/764 765/765/765
f 761/761/761 765/765/765 766/766/766
f 761/761/761 766/766/766 767/767/767
f 761/761/761 767/767/767 768/768/768
f 761/761/761 768/768/768 769/769/769
f 761/761/761 769/769/769 770/770/770
f 761/761/761 770/770/770 771/771/771
f 761/761/761 771/771/771 772/772/772
f 761/761/761 772/772/772 773/773/773
f 761/761/761 773/773/773 774/774/774
f 761/761/761 774/774/774 775/775/775
f 761/761/761 775/775/775 776/776/776
v 1.57 1.85 2.825
v 1.57 1.85 2.975
v 1.593597 1.968632 2.975
v 1.593597 1.968632 2.825
vt 0 0
vt 0.15 0
vt 0.15 0.120956
vt 0 0.120956
vn -0.980785 0.19509 0
vn -0.980785 0.19509 0
vn -0.980785 0.19509 0
vn -0.980785 0.19509 0
f 777/777/777 778/778/778 779/779/779
f 777/777/777 779/779/779 780/780/780
v 1.593597 1.968632 2.825
v 1.593597 1.968632 2.975
v 1.660797 2.069203 2.975
v 1.660797 2.069203 2.825
vt 0 0
vt 0.15 0
vt 0.15 0.120956
vt 0 0.120956
vn -0.83147 0.55557 0
vn -0.83147 0.55557 0
vn -0.83147 0.55557 0
vn -0.83147 0.55557 0
f 781/781/781 782/782/782 783/783/783
f 781/781/781 783/783/783 784/784/784
v 1.660797 2.069203 2.825
v 1.660797 2.069203 2.975
v 1.761368 2.136403 2.975
v 1.761368 2.136403 2.825
vt 0 0
vt 0.15 0
vt 0.15 0.120956
vt 0 0.120956
vn -0.55557 0.83147 0
vn -0.55557 0.83147 0
vn -0.55557 0.83147 0
vn -0.55557 0.83147 0
f 785/785/785 786/786/786 787/787/787
f 785/785/785 787/787/787 788/788/788
v 1.761368 2.136403 2.825
v 1.761368 2.136403 2.975
v 1.88 2.16 2.975
v 1.88 2.16 2.825
vt 0 0
vt 0.15 0
vt 0.15 0.120956
vt 0 0.120956
vn -0.19509 0.980785 0
vn -0.19509 0.980785 0
vn -0.19509 0.980785 0
vn -0.19509 0.980785 0
f 789/789/789 790/790/790 791/791/791
f 789/789/789 791/791/791 792/792/792
v 1.88 2.16 2.825
v 1.88 2.16 2.975
v 1.998632 2.136403 2.975
v 1.998632 2.136403 2.825
vt 0 0
vt 0.15 0
vt 0.15 0.120956
vt 0 0.120956
vn 0.19509 0.980785 0
vn 0.19509 0.980785 0
vn 0.19509 0.980785 0
vn 0.19509 0.980785 0
f 793/793/793 794/794/794 795/795/795
f 793/793/793 795/795/795 796/796/796
v 1.998632 2.136403 2.825
v 1.998632 2.136403 2.975
v 2.099203 2.069203 2.975
v 2.099203 2.069203 2.825
vt 0 0
vt 0.15 0
vt 0.15 0.120956
vt 0 0.120956
vn 0.55557 0.83147 0
vn 0.55557 0.83147 0
vn 0.55557 0.83147 0
vn 0.55557 0.83147 0
f 797/797/797 798/798/798 799/799/799
f 797/797/797 799/799/799 800/800/800
v 2.099203 2.069203 2.825
v 2.099203 2.069203 2.975
v 2.166403 1.968632 2.975
v 2.166403 1.968632 2.825
vt 0 0
vt 0.15 0
vt 0.15 0.120956
vt 0 0.120956
vn 0.83147 0.55557 0
vn 0.83147 0.55557 0
vn 0.83147 0.55557 0
vn 0.83147 0.55557 0
f 801/801/801 802/802/802 803/803/803
f 801/801/801 803/803/803 804/804/804
v 2.166403 1.968632 2.825
v 2.166403 1.968632 2.975
v 2.19 1.85 2.975
v 2.19 1.85 2.825
vt 0 0
vt 0.15 0
vt 0.15 0.120956
vt 0 0.120956
vn 0.980785 0.19509 0
vn 0.980785 0.19509 0
vn 0.980785 0.19509 0
vn 0.980785 0.19509 0
f 805/805/805 806/806/806 807/807/807
f 805/805/805 807/807/807 808/808/808
v 2.19 1.85 2.825
v 2.19 1.85 2.975
v 2.166403 1.731368 2.975
v 2.166403 1.731368 2.825
vt 0 0
vt 0.15 0
vt 0.15 0.120956
vt 0 0.120956
vn 0.980785 -0.19509 0
vn 0.980785 -0.19509 0
vn 0.980785 -0.19509 0
vn 0.980785 -0.19509 0
f 809/809/809 810/810/810 811/811/811
f 809/809/809 811/811/811 812/812/812
v 2.166403 1.731368 2.825
v 2.166403 1.731368 2.975
v 2.099203 1.630797 2.975
v 2.099203 1.630797 2.825
vt 0 0
vt 0.15 0
vt 0.15 0.120956
vt 0 0.120956
vn 0.83147 -0.55557 0
vn 0.83147 -0.55557 0
vn 0.83147 -0.55557 0
vn 0.83147 -0.55557 0
f 813/813/813 814/814/814 815/815/815
f 813/813/813 815/815/815 816/816/816
v 2.099203 1.630797 2.825
v 2.099203 1.630797 2.975
v 1.998632 1.563597 2.975
v 1.998632 1.563597 2.825
vt 0 0
vt 0.15 0
vt 0.15 0.120956
vt 0 0.120956
vn 0.55557 -0.83147 0
vn 0.55557 -0.83147 0
vn 0.55557 -0.83147 0
vn 0.55557 -0.83147 0
f 817/817/817 818/818/818 819/819/819
f 817/817/817 819/819/819 820/820/820
v 1.998632 1.563597 2.825
v 1.998632 1.563597 2.975
v 1.88 1.54 2.975
v 1.88 1.54 2.825
vt 0 0
vt 0.15 0
vt 0.15 0.120956
vt 0 0.120956
vn 0.19509 -0.980785 0
vn 0.19509 -0.980785 0
vn 0.19509 -0.980785 0
vn 0.19509 -0.980785 0
f 821/821/821 822/822/822 823/823/823
f 821/821/821 823/823/823 824/824/824
v 1.88 1.54 2.825
v 1.88 1.54 2.975
v 1.761368 1.563597 2.975
v 1.761368 1.563597 2.825
vt 0 0
vt 0.15 0
vt 0.15 0.120956
vt 0 0.120956
vn -0.19509 -0.980785 0
vn -0.19509 -0.980785 0
vn -0.19509 -0.980785 0
vn -0.19509 -0.980785 0
f 825/825/825 826/826/826 827/827/827
f 825/825/825 827/827/827 828/828/828
v 1.761368 1.563597 2.825
v 1.761368 1.563597 2.975
v 1.660797 1.630797 2.975
v 1.660797 1.630797 2.825
vt 0 0
vt 0.15 0
vt 0.15 0.120956
vt 0 0.120956
vn -0.55557 -0.83147 0
vn -0.55557 -0.83147 0
vn -0.55557 -0.83147 0
vn -0.55557 -0.83147 0
f 829/829/829 830/830/830 831/831/831
f 829/829/829 831/831/831 832/832/832
v 1.660797 1.630797 2.825
v 1.660797 1.630797 2.975
v 1.593597 1.731368 2.975
v 1.593597 1.731368 2.825
vt 0 0
vt 0.15 0
vt 0.15 0.120956
vt 0 0.120956
vn -0.83147 -0.55557 0
vn -0.83147 -0.55557 0
vn -0.83147 -0.55557 0
vn -0.83147 -0.55557 0
f 833/833/833 834/834/834 835/835/835
f 833/833/833 835/835/835 836/836/836
v 1.593597 1.731368 2.825
v 1.593597 1.731368 2.975
v 1.57 1.85 2.975
v 1.57 1.85 2.825
vt 0 0
vt 0.15 0
vt 0.15 0.120956
vt 0 0.120956
vn -0.980785 -0.19509 0
vn -0.980785 -0.19509 0
vn -0.980785 -0.19509 0
vn -0.980785 -0.19509 0
f 837/837/837 838/838/838 839/839/839
f 837/837/837 839/839/839 840/840/840
v 2.22 2.815 -1.15
v 2.203359 2.815 -1.044934
v 2.155066 2.815 -0.950153
v 2.079847 2.815 -0.874934
v 1.985066 2.815 -0.826641
v 1.88 2.815 -0.81
v 1.774934 2.815 -0.826641
v 1.680153 2.815 -0.874934
v 1.604934 2.815 -0.950153
v 1.556641 2.815 -1.044934
v 1.54 2.815 -1.15
v 1.556641 2.815 -1.255066
v 1.604934 2.815 -1.349847
v 1.680153 2.815 -1.425066
v 1.774934 2.815 -1.473359
v 1.88 2.815 -1.49
v 1.985066 2.815 -1.473359
v 2.079847 2.815 -1.425066
v 2.155066 2.815 -1.349847
v 2.203359 2.815 -1.255066
vt 0 0
vt 0.106375 0
vt 0.207544 0.032872
vt 0.293604 0.095398
vt 0.35613 0.181457
vt 0.389002 0.282626
vt 0.389002 0.389002
vt 0.35613 0.490171
vt 0.293604 0.57623
vt 0.207544 0.638756
vt 0.106375 0.671628
vt 0 0.671628
vt -0.101169 0.638756
vt -0.187229 0.57623
vt -0.249755 0.490171
vt -0.282626 0.389002
vt -0.282626 0.282626
vt -0.249755 0.181457
vt -0.187229 0.095398
vt -0.101169 0.032872
vn 0 -1 0
vn 0 -1 0
vn 0 -1 0
vn 0 -1 0
vn 0 -1 0
vn 0 -1 0
vn 0 -1 0
vn 0 -1 0
vn 0 -1 0
vn 0 -1 0
vn 0 -1 0
vn 0 -1 0
vn 0 -1 0
vn 0 -1 0
vn 0 -1 0
vn 0 -1 0
vn 0 -1 0
vn 0 -1 0
vn 0 -1 0
vn 0 -1 0
f 841/841/841 842/842/842 843/843/843
f 841/841/841 843/843/843 844/844/844
f 841/841/841 844/844/844 845/845/845
f 841/841/841 845/845/845 846/846/846
f 841/841/841 846/846/846 847/847/847
f 841/841/841 847/847/847 848/848/848
f 841/841/841 848/848/848 849/849/849
f 841/841/841 849/849/849 850/850/850
f 841/841/841 850/850/850 851/851/851
f 841/841/841 851/851/851 852/852/852
f 841/841/841 852/852/852 853/853/853
f 841/841/841 853/853/853 854/854/854
f 841/841/841 854/854/854 855/855/855
f 841/841/841 855/855/855 856/856/856
f 841/841/841 856/856/856 857/857/857
f 841/841/841 857/857/857 858/858/858
f 841/841/841 858/858/858 859/859/859
f 841/841/841 859/859/859 860/860/860
v 2.203359 4.465 -1.255066
v 2.155066 4.465 -1.349847
v 2.079847 4.465 -1.425066
v 1.985066 4.465 -1.473359
v 1.88 4.465 -1.49
v 1.774934 4.465 -1.473359
v 1.680153 4.465 -1.425066
v 1.604934 4.465 -1.349847
v 1.556641 4.465 -1.255066
v 1.54 4.465 -1.15
v 1.556641 4.465 -1.044934
v 1.604934 4.465 -0.950153
v 1.680153 4.465 -0.874934
v 1.774934 4.465 -0.826641
v 1.88 4.465 -0.81
v 1.985066 4.465 -0.826641
v 2.079847 4.465 -0.874934
v 2.155066 4.465 -0.950153
v 2.203359 4.465 -1.044934
v 2.22 4.465 -1.15
vt 0 0
vt 0.106375 0
vt 0.207544 0.032872
vt 0.293604 0.095398
vt 0.35613 0.181457
vt 0.389002 0.282626
vt 0.389002 0.389002
vt 0.35613 0.490171
vt 0.293604 0.57623
vt 0.207544 0.638756
vt 0.106375 0.671628
vt 0 0.671628
vt -0.101169 0.638756
vt -0.187229 0.57623
vt -0.249755 0.490171
vt -0.282626 0.389002
vt -0.282626 0.282626
vt -0.249755 0.181457
vt -0.187229 0.095398
vt -0.101169 0.032872
vn 0 1 0
vn 0 1 0
vn 0 1 0
vn 0 1 0
vn 0 1 0
vn 0 1 0
vn 0 1 0
vn 0 1 0
vn 0 1 0
vn 0 1 0
vn 0 1 0
vn 0 1 0
vn 0 1 0
vn 0 1 0
vn 0 1 0
vn 0 1 0
vn 0 1 0
vn 0 1 0
vn 0 1 0
vn 0 1 0
f 861/861/861 862/862/862 863/863/863
f 861/861/861 863/863/863 864/864/864
f 861/861/861 864/864/864 865/865/865
f 861/861/861 865/865/865 866/866/866
f 861/861/861 866/866/866 867/867/867
f 861/861/861 867/867/867 868/868/868
f 861/861/861 868/868/868 869/869/869
f 861/861/861 869/869/869 870/870/870
f 861/861/861 870/870/870 871/871/871
f 861/861/861 871/871/871 872/872/872
f 861/861/861 872/872/872 873/873/873
f 861/861/861 873/873/873 874/874/874
f 861/861/861 874/874/874 875/875/875
f 861/861/861 875/875/875 876/876/876
f 861/861/861 876/876/876 877/877/877
f 861/861/861 877/877/877 878/878/878
f 861/861/861 878/878/878 879/879/879
f 861/861/861 879/879/879 880/880/880
v 2.22 2.815 -1.15
v 2.22 4.465 -1.15
v 2.203359 4.465 -1.044934
v 2.203359 2.815 -1.044934
vt 0 0
vt 1.65 0
vt 1.65 0.106375
vt 0 0.106375
vn 0.987688 0 0.156434
vn 0.987688 0 0.156434
vn 0.987688 0 0.156434
vn 0.987688 0 0.156434
f 881/881/881 882/882/882 883/883/883
f 881/881/881 883/883/883 884/884/884
v 2.203359 2.815 -1.044934
v 2.203359 4.465 -1.044934
v 2.155066 4.465 -0.950153
v 2.155066 2.815 -0.950153
vt 0 0
vt 1.65 0
vt 1.65 0.106375
vt 0 0.106375
vn 0.891007 0 0.45399
vn 0.891007 0 0.45399
vn 0.891007 0 0.45399
vn 0.891007 0 0.45399
f 885/885/885 886/886/886 887/887/887
f 885/885/885 887/887/887 888/888/888
v 2.155066 2.815 -0.950153
v 2.155066 4.465 -0.950153
v 2.079847 4.465 -0.874934
v 2.079847 2.815 -0.874934
vt 0 0
vt 1.65 0
vt 1.65 0.106375
vt 0 0.106375
vn 0.707107 0 0.707107
vn 0.707107 0 0.707107
vn 0.707107 0 0.707107
vn 0.707107 0 0.707107
f 889/889/889 890/890/890 891/891/891
f 889/889/889 891/891/891 892/892/892
v 2.079847 2.815 -0.874934
v 2.079847 4.465 -0.874934
v 1.985066 4.465 -0.826641
v 1.985066 2.815 -0.826641
vt 0 0
vt 1.65 0
vt 1.65 0.106375
vt 0 0.106375
vn 0.45399 0 0.891007
vn 0.45399 0 0.891007
vn 0.45399 0 0.891007
vn 0.45399 0 0.891007
f 893/893/893 894/894/894 895/895/895
f 893/893/893 895/895/895 896/896/896
v 1.985066 2.815 -0.826641
v 1.985066 4.465 -0.826641
v 1.88 4.465 -0.81
v 1.88 2.815 -0.81
vt 0 0
vt 1.65 0
vt 1.65 0.106375
vt 0 0.106375
vn 0.156434 0 0.987688
vn 0.156434 0 0.987688
vn 0.156434 0 0.987688
vn 0.156434 0 0.987688
f 897/897/897 898/898/898 899/899/899
f 897/897/897 899/899/899 900/900/900
v 1.88 2.815 -0.81
v 1.88 4.465 -0.81
v 1.774934 4.465 -0.826641
v 1.774934 2.815 -0.826641
vt 0 0
vt 1.65 0
vt 1.65 0.106375
vt 0 0.106375
vn -0.156434 0 0.987688
vn -0.156434 0 0.987688
vn -0.156434 0 0.987688
vn -0.156434 0 0.987688
f 901/901/901 902/902/902 903/903/903
f 901/901/901 903/903/903 904/904/904
v 1.774934 2.815 -0.826641
v 1.774934 4.465 -0.826641
v 1.680153 4.465 -0.874934
v 1.680153 2.815 -0.874934
vt 0 0
vt 1.65 0
vt 1.65 0.106375
vt 0 0.106375
vn -0.45399 0 0.891007
vn -0.45399 0 0.891007
vn -0.45399 0 0.891007
vn -0.45399 0 0.891007
f 905/905/905 906/906/906 907/907/907
f 905/905/905 907/907/907 908/908/908
v 1.680153 2.815 -0.874934
v 1.680153 4.465 -0.874934
v 1.604934 4.465 -0.950153
v 1.604934 2.815 -0.950153
vt 0 0
vt 1.65 0
vt 1.65 0.106375
vt 0 0.106375
vn -0.707107 0 0.707107
vn -0.707107 0 0.707107
vn -0.707107 0 0.707107
vn -0.707107 0 0.707107
f 909/909/909 910/910/910 911/911/911
f 909/909/909 911/911/911 912/912/912
v 1.604934 2.815 -0.950153
v 1.604934 4.465 -0.950153
v 1.556641 4.465 -1.044934
v 1.556641 2.815 -1.044934
vt 0 0
vt 1.65 0
vt 1.65 0.106375
vt 0 0.106375
vn -0.891007 0 0.45399
vn -0.891007 0 0.45399
vn -0.891007 0 0.45399
vn -0.891007 0 0.45399
f 913/913/913 914/914/914 915/915/915
f 913/913/913 915/915/915 916/916/916
v 1.556641 2.815 -1.044934
v 1.556641 4.465 -1.044934
v 1.54 4.465 -1.15
v 1.54 2.815 -1.15
vt 0 0
vt 1.65 0
vt 1.65 0.106375
vt 0 0.106375
vn -0.987688 0 0.156434
vn -0.987688 0 0.156434
vn -0.987688 0 0.156434
vn -0.987688 0 0.156434
f 917/917/917 918/918/918 919/919/919
f 917/917/917 919/919/919 920/920/920
v 1.54 2.815 -1.15
v 1.54 4.465 -1.15
v 1.556641 4.465 -1.255066
v 1.556641 2.815 -1.255066
vt 0 0
vt 1.65 0
vt 1.65 0.106375
vt 0 0.106375
vn -0.987688 0 -0.156434
vn -0.987688 0 -0.156434
vn -0.987688 0 -0.156434
vn -0.987688 0 -0.156434
f 921/921/921 922/922/922 923/923/923
f 921/921/921 923/923/923 924/924/924
v 1.556641 2.815 -1.255066
v 1.556641 4.465 -1.255066
v 1.604934 4.465 -1.349847
v 1.604934 2.815 -1.349847
vt 0 0
vt 1.65 0
vt 1.65 0.106375
vt 0 0.106375
vn -0.891007 0 -0.45399
vn -0.891007 0 -0.45399
vn -0.891007 0 -0.45399
vn -0.891007 0 -0.45399
f 925/925/925 926/926/926 927/927/927
f 925/925/925 927/927/927 928/928/928
v 1.604934 2.815 -1.349847
v 1.604934 4.465 -1.349847
v 1.680153 4.465 -1.425066
v 1.680153 2.815 -1.425066
vt 0 0
vt 1.65 0
vt 1.65 0.106375
vt 0 0.106375
vn -0.707107 0 -0.707107
vn -0.707107 0 -0.707107
vn -0.707107 0 -0.707107
vn -0.707107 0 -0.707107
f 929/929/929 930/930/930 931/931/931
f 929/929/929 931/931/931 932/932/932
v 1.680153 2.815 -1.425066
v 1.680153 4.465 -1.425066
v 1.774934 4.465 -1.473359
v 1.774934 2.815 -1.473359
vt 0 0
vt 1.65 0
vt 1.65 0.106375
vt 0 0.106375
vn -0.45399 0 -0.891007
vn -0.45399 0 -0.891007
vn -0.45399 0 -0.891007
vn -0.45399 0 -0.891007
f 933/933/933 934/934/934 935/935/935
f 933/933/933 935/935/935 936/936/936
v 1.774934 2.815 -1.473359
v 1.774934 4.465 -1.473359
v 1.88 4.465 -1.49
v 1.88 2.815 -1.49
vt 0 0
vt 1.65 0
vt 1.65 0.106375
vt 0 0.106375
vn -0.156434 0 -0.987688
vn -0.156434 0 -0.987688
vn -0.156434 0 -0.987688
vn -0.156434 0 -0.987688
f 937/937/937 938/938/938 939/939/939
f 937/937/937 939/939/939 940/940/940
v 1.88 2.815 -1.49
v 1.88 4.465 -1.49
v 1.985066 4.465 -1.473359
v 1.985066 2.815 -1.473359
vt 0 0
vt 1.65 0
vt 1.65 0.106375
vt 0 0.106375
vn 0.156434 0 -0.987688
vn 0.156434 0 -0.987688
vn 0.156434 0 -0.987688
vn 0.156434 0 -0.987688
f 941/941/941 942/942/942 943/943/943
f 941/941/941 943/943/943 944/944/944
v 1.985066 2.815 -1.473359
v 1.985066 4.465 -1.473359
v 2.079847 4.465 -1.425066
v 2.079847 2.815 -1.425066
vt 0 0
vt 1.65 0
vt 1.65 0.106375
vt 0 0.106375
vn 0.45399 0 -0.891007
vn 0.45399 0 -0.891007
vn 0.45399 0 -0.891007
vn 0.45399 0 -0.891007
f 945/945/945 946/946/946 947/947/947
f 945/945/945 947/947/947 948/948/948
v 2.079847 2.815 -1.425066
v 2.079847 4.465 -1.425066
v 2.155066 4.465 -1.349847
v 2.155066 2.815 -1.349847
vt 0 0
vt 1.65 0
vt 1.65 0.106375
vt 0 0.106375
vn 0.707107 0 -0.707107
vn 0.707107 0 -0.707107
vn 0.707107 0 -0.707107
vn 0.707107 0 -0.707107
f 949/949/949 950/950/950 951/951/951
f 949/949/949 951/951/951 952/952/952
v 2.155066 2.815 -1.349847
v 2.155066 4.465 -1.349847
v 2.203359 4.465 -1.255066
v 2.203359 2.815 -1.255066
vt 0 0
vt 1.65 0
vt 1.65 0.106375
vt 0 0.106375
vn 0.891007 0 -0.45399
vn 0.891007 0 -0.45399
vn 0.891007 0 -0.45399
vn 0.891007 0 -0.45399
f 953/953/953 954/954/954 955/955/955
f 953/953/953 955/955/955 956/956/956
v 2.203359 2.815 -1.255066
v 2.203359 4.465 -1.255066
v 2.22 4.465 -1.15
v 2.22 2.815 -1.15
vt 0 0
vt 1.65 0
vt 1.65 0.106375
vt 0 0.106375
vn 0.987688 0 -0.156434
vn 0.987688 0 -0.156434
vn 0.987688 0 -0.156434
vn 0.987688 0 -0.156434
f 957/957/957 958/958/958 959/959/959
f 957/957/957 959/959/959 960/960/960
v -6 5.33 -1.15
v -6 5.348109 -1.035664
v -6 5.400664 -0.932519
v -6 5.482519 -0.850664
v -6 5.585664 -0.798109
v -6 5.7 -0.78
v -6 5.814336 -0.798109
v -6 5.917481 -0.850664
v -6 5.999336 -0.932519
v -6 6.051891 -1.035664
v -6 6.07 -1.15
v -6 6.051891 -1.264336
v -6 5.999336 -1.367481
v -6 5.917481 -1.449336
v -6 5.814336 -1.501891
v -6 5.7 -1.52
v -6 5.585664 -1.501891
v -6 5.482519 -1.449336
v -6 5.400664 -1.367481
v -6 5.348109 -1.264336
vt 0 0
vt 0.115762 0
vt 0.225857 0.035772
vt 0.31951 0.103815
vt 0.387553 0.197468
vt 0.423325 0.307564
vt 0.423325 0.423325
vt 0.387553 0.533421
vt 0.31951 0.627074
vt 0.225857 0.695117
vt 0.115762 0.730889
vt 0 0.730889
vt -0.110096 0.695117
vt -0.203749 0.627074
vt -0.271792 0.533421
vt -0.307564 0.423325
vt -0.307564 0.307564
vt -0.271792 0.197468
vt -0.203749 0.103815
vt -0.110096 0.035772
vn -1 0 0
vn -1 0 0
vn -1 0 0
vn -1 0 0
vn -1 0 0
vn -1 0 0
vn -1 0 0
vn -1 0 0
vn -1 0 0
vn -1 0 0
vn -1 0 0
vn -1 0 0
vn -1 0 0
vn -1 0 0
vn -1 0 0
vn -1 0 0
vn -1 0 0
vn -1 0 0
vn -1 0 0
vn -1 0 0
f 961/961/961 962/962/962 963/963/963
f 961/961/961 963/963/963 964/964/964
f 961/961/961 964/964/964 965/965/965
f 961/961/961 965/965/965 966/966/966
f 961/961/961 966/966/966 967/967/967
f 961/961/961 967/967/967 968/968/968
f 961/961/961 968/968/968 969/969/969
f 961/961/961 969/969/969 970/970/970
f 961/961/961 970/970/970 971/971/971
f 961/961/961 971/971/971 972/972/972
f 961/961/961 972/972/972 973/973/973
f 961/961/961 973/973/973 974/974/974
f 961/961/961 974/974/974 975/975/975
f 961/961/961 975/975/975 976/976/976
f 961/961/961 976/976/976 977/977/977
f 961/961/961 977/977/977 978/978/978
f 961/961/961 978/978/978 979/979/979
f 961/961/961 979/979/979 980/980/980
v 6 5.348109 -1.264336
v 6 5.400664 -1.367481
v 6 5.482519 -1.449336
v 6 5.585664 -1.501891
v 6 5.7 -1.52
v 6 5.814336 -1.501891
v 6 5.917481 -1.449336
v 6 5.999336 -1.367481
v 6 6.051891 -1.264336
v 6 6.07 -1.15
v 6 6.051891 -1.035664
v 6 5.999336 -0.932519
v 6 5.917481 -0.850664
v 6 5.814336 -0.798109
v 6 5.7 -0.78
v 6 5.585664 -0.798109
v 6 5.482519 -0.850664
v 6 5.400664 -0.932519
v 6 5.348109 -1.035664
v 6 5.33 -1.15
vt 0 0
vt 0.115762 0
vt 0.225857 0.035772
vt 0.31951 0.103815
vt 0.387553 0.197468
vt 0.423325 0.307564
vt 0.423325 0.423325
vt 0.387553 0.533421
vt 0.31951 0.627074
vt 0.225857 0.695117
vt 0.115762 0.730889
vt 0 0.730889
vt -0.110096 0.695117
vt -0.203749 0.627074
vt -0.271792 0.533421
vt -0.307564 0.423325
vt -0.307564 0.307564
vt -0.271792 0.197468
vt -0.203749 0.103815
vt -0.110096 0.035772
vn 1 0 0
vn 1 0 0
vn 1 0 0
vn 1 0 0
vn 1 0 0
vn 1 0 0
vn 1 0 0
vn 1 0 0
vn 1 0 0
vn 1 0 0
vn 1 0 0
vn 1 0 0
vn 1 0 0
vn 1 0 0
vn 1 0 0
vn 1 0 0
vn 1 0 0
vn 1 0 0
vn 1 0 0
vn 1 0 0
f 981/981/981 982/982/982 983/983/983
f 981/981/981 983/983/983 984/984/984
f 981/981/981 984/984/984 985/985/985
f 981/981/981 985/985/985 986/986/986
f 981/981/981 986/986/986 987/987/987
f 981/981/981 987/987/987 988/988/988
f 981/981/981 988/988/988 989/989/989
f 981/981/981 989/989/989 990/990/990
f 981/981/981 990/990/990 991/991/991
f 981/981/981 991/991/991 992/992/992
f 981/981/981 992/992/992 993/993/993
f 981/981/981 993/993/993 994/994/994
f 981/981/981 994/994/994 995/995/995
f 981/981/981 995/995/995 996/996/996
f 981/981/981 996/996/996 997/997/997
f 981/981/981 997/997/997 998/998/998
f 981/981/981 998/998/998 999/999/999
f 981/981/981 999/999/999 1000/1000/1000
v -6 5.33 -1.15
v 6 5.33 -1.15
v 6 5.348109 -1.035664
v -6 5.348109 -1.035664
vt 0 0
vt 12 0
vt 12 0.115762
vt 0 0.115762
vn 0 -0.987688 0.156434
vn 0 -0.987688 0.156434
vn 0 -0.987688 0.156434
vn 0 -0.987688 0.156434
f 1001/1001/1001 1002/1002/1002 1003/1003/1003
f 1001/1001/1001 1003/1003/1003 1004/1004/1004
v -6 5.348109 -1.035664
v 6 5.348109 -1.035664
v 6 5.400664 -0.932519
v -6 5.400664 -0.932519
vt 0 0
vt 12 0
vt 12 0.115762
vt 0 0.115762
vn 0 -0.891007 0.45399
vn 0 -0.891007 0.45399
vn 0 -0.891007 0.45399
vn 0 -0.891007 0.45399
f 1005/1005/1005 1006/1006/1006 1007/1007/1007
f 1005/1005/1005 1007/1007/1007 1008/1008/1008
v -6 5.400664 -0.932519
v 6 5.400664 -0.932519
v 6 5.482519 -0.850664
v -6 5.482519 -0.850664
vt 0 0
vt 12 0
vt 12 0.115762
vt 0 0.115762
vn 0 -0.707107 0.707107
vn 0 -0.707107 0.707107
vn 0 -0.707107 0.707107
vn 0 -0.707107 0.707107
f 1009/1009/1009 1010/1010/1010 1011/1011/1011
f 1009/1009/1009 1011/1011/1011 1012/1012/1012
v -6 5.482519 -0.850664
v 6 5.482519 -0.850664
v 6 5.585664 -0.798109
v -6 5.585664 -0.798109
vt 0 0
vt 12 0
vt 12 0.115762
vt 0 0.115762
vn 0 -0.45399 0.891007
vn 0 -0.45399 0.891007
vn 0 -0.45399 0.891007
vn 0 -0.45399 0.891007
f 1013/1013/1013 1014/1014/1014 1015/1015/1015
f 1013/1013/1013 1015/1015/1015 1016/1016/1016
v -6 5.585664 -0.798109
v 6 5.585664 -0.798109
v 6 5.7 -0.78
v -6 5.7 -0.78
vt 0 0
vt 12 0
vt 12 0.115762
vt 0 0.115762
vn 0 -0.156434 0.987688
vn 0 -0.156434 0.987688
vn 0 -0.156434 0.987688
vn 0 -0.156434 0.987688
f 1017/1017/1017 1018/1018/1018 1019/1019/1019
f 1017/1017/1017 1019/1019/1019 1020/1020/1020
v -6 5.7 -0.78
v 6 5.7 -0.78
v 6 5.814336 -0.798109
v -6 5.814336 -0.798109
vt 0 0
vt 12 0
vt 12 0.115762
vt 0 0.115762
vn 0 0.156434 0.987688
vn 0 0.156434 0.987688
vn 0 0.156434 0.987688
vn 0 0.156434 0.987688
f 1021/1021/1021 1022/1022/1022 1023/1023/1023
f 1021/1021/1021 1023/1023/1023 1024/1024/1024
v -6 5.814336 -0.798109
v 6 5.814336 -0.798109
v 6 5.917481 -0.850664
v -6 5.917481 -0.850664
vt 0 0
vt 12 0
vt 12 0.115762
vt 0 0.115762
vn 0 0.45399 0.891007
vn 0 0.45399 0.891007
vn 0 0.45399 0.891007
vn 0 0.45399 0.891007
f 1025/1025/1025 1026/1026/1026 1027/1027/1027
f 1025/1025/1025 1027/1027/1027 1028/1028/1028
v -6 5.917481 -0.850664
v 6 5.917481 -0.850664
v 6 5.999336 -0.932519
v -6 5.999336 -0.932519
vt 0 0
vt 12 0
vt 12 0.115762
vt 0 0.115762
vn 0 0.707107 0.707107
vn 0 0.707107 0.707107
vn 0 0.707107 0.707107
vn 0 0.707107 0.707107
f 1029/1029/1029 1030/1030/1030 1031/1031/1031
f 1029/1029/1029 1031/1031/1031 1032/1032/1032
v -6 5.999336 -0.932519
v 6 5.999336 -0.932519
v 6 6.051891 -1.035664
v -6 6.051891 -1.035664
vt 0 0
vt 12 0
vt 12 0.115762
vt 0 0.115762
vn 0 0.891007 0.45399
vn 0 0.891007 0.45399
vn 0 0.891007 0.45399
vn 0 0.891007 0.45399
f 1033/1033/1033 1034/1034/1034 1035/1035/1035
f 1033/1033/1033 1035/1035/1035 1036/1036/1036
v -6 6.051891 -1.035664
v 6 6.051891 -1.035664
v 6 6.07 -1.15
v -6 6.07 -1.15
vt 0 0
vt 12 0
vt 12 0.115762
vt 0 0.115762
vn 0 0.987688 0.156434
vn 0 0.987688 0.156434
vn 0 0.987688 0.156434
vn 0 0.987688 0.156434
f 1037/1037/1037 1038/1038/1038 1039/1039/1039
f 1037/1037/1037 1039/1039/1039 1040/1040/1040
v -6 6.07 -1.15
v 6 6.07 -1.15
v 6 6.051891 -1.264336
v -6 6.051891 -1.264336
vt 0 0
vt 12 0
vt 12 0.115762
vt 0 0.115762
vn 0 0.987688 -0.156434
vn 0 0.987688 -0.156434
vn 0 0.987688 -0.156434
vn 0 0.987688 -0.156434
f 1041/1041/1041 1042/1042/1042 1043/1043/1043
f 1041/1041/1041 1043/1043/1043 1044/1044/1044
v -6 6.051891 -1.264336
v 6 6.051891 -1.264336
v 6 5.999336 -1.367481
v -6 5.999336 -1.367481
vt 0 0
vt 12 0
vt 12 0.115762
vt 0 0.115762
vn 0 0.891007 -0.45399
vn 0 0.891007 -0.45399
vn 0 0.891007 -0.45399
vn 0 0.891007 -0.45399
f 1045/1045/1045 1046/1046/1046 1047/1047/1047
f 1045/1045/1045 1047/1047/1047 1048/1048/1048
v -6 5.999336 -1.367481
v 6 5.999336 -1.367481
v 6 5.917481 -1.449336
v -6 5.917481 -1.449336
vt 0 0
vt 12 0
vt 12 0.115762
vt 0 0.115762
vn 0 0.707107 -0.707107
vn 0 0.707107 -0.707107
vn 0 0.707107 -0.707107
vn 0 0.707107 -0.707107
f 1049/1049/1049 1050/1050/1050 1051/1051/1051
f 1049/1049/1049 1051/1051/1051 1052/1052/1052
v -6 5.917481 -1.449336
v 6 5.917481 -1.449336
v 6 5.814336 -1.501891
v -6 5.814336 -1.501891
vt 0 0
vt 12 0
vt 12 0.115762
vt 0 0.115762
vn 0 0.45399 -0.891007
vn 0 0.45399 -0.891007
vn 0 0.45399 -0.891007
vn 0 0.45399 -0.891007
f 1053/1053/1053 1054/1054/1054 1055/1055/1055
f 1053/1053/1053 1055/1055/1055 1056/1056/1056
v -6 5.814336 -1.501891
v 6 5.814336 -1.501891
v 6 5.7 -1.52
v -6 5.7 -1.52
vt 0 0
vt 12 0
vt 12 0.115762
vt 0 0.115762
vn 0 0.156434 -0.987688
vn 0 0.156434 -0.987688
vn 0 0.156434 -0.987688
vn 0 0.156434 -0.987688
f 1057/1057/1057 1058/1058/1058 1059/1059/1059
f 1057/1057/1057 1059/1059/1059 1060/1060/1060
v -6 5.7 -1.52
v 6 5.7 -1.52
v 6 5.585664 -1.501891
v -6 5.585664 -1.501891
vt 0 0
vt 12 0
vt 12 0.115762
vt 0 0.115762
vn 0 -0.156434 -0.987688
vn 0 -0.156434 -0.987688
vn 0 -0.156434 -0.987688
vn 0 -0.156434 -0.987688
f 1061/1061/1061 1062/1062/1062 1063/1063/1063
f 1061/1061/1061 1063/1063/1063 1064/1064/1064
v -6 5.585664 -1.501891
v 6 5.585664 -1.501891
v 6 5.482519 -1.449336
v -6 5.482519 -1.449336
vt 0 0
vt 12 0
vt 12 0.115762
vt 0 0.115762
vn 0 -0.45399 -0.891007
vn 0 -0.45399 -0.891007
vn 0 -0.45399 -0.891007
vn 0 -0.45399 -0.891007
f 1065/1065/1065 1066/1066/1066 1067/1067/1067
f 1065/1065/1065 1067/1067/1067 1068/1068/1068
v -6 5.482519 -1.449336
v 6 5.482519 -1.449336
v 6 5.400664 -1.367481
v -6 5.400664 -1.367481
vt 0 0
vt 12 0
vt 12 0.115762
vt 0 0.115762
vn 0 -0.707107 -0.707107
vn 0 -0.707107 -0.707107
vn 0 -0.707107 -0.707107
vn 0 -0.707107 -0.707107
f 1069/1069/1069 1070/1070/1070 1071/1071/1071
f 1069/1069/1069 1071/1071/1071 1072/1072/1072
v -6 5.400664 -1.367481
v 6 5.400664 -1.367481
v 6 5.348109 -1.264336
v -6 5.348109 -1.264336
vt 0 0
vt 12 0
vt 12 0.115762
vt 0 0.115762
vn 0 -0.891007 -0.45399
vn 0 -0.891007 -0.45399
vn 0 -0.891007 -0.45399
vn 0 -0.891007 -0.45399
f 1073/1073/1073 1074/1074/1074 1075/1075/1075
f 1073/1073/1073 1075/1075/1075 1076/1076/1076
v -6 5.348109 -1.264336
v 6 5.348109 -1.264336
v 6 5.33 -1.15
v -6 5.33 -1.15
vt 0 0
vt 12 0
vt 12 0.115762
vt 0 0.115762
vn 0 -0.987688 -0.156434
vn 0 -0.987688 -0.156434
vn 0 -0.987688 -0.156434
vn 0 -0.987688 -0.156434
f 1077/1077/1077 1078/1078/1078 1079/1079/1079
f 1077/1077/1077 1079/1079/1079 1080/1080/1080
v -6.32 6.35 -10.8
v -6.304338 6.448885 -10.8
v -6.258885 6.538091 -10.8
v -6.188091 6.608885 -10.8
v -6.098885 6.654338 -10.8
v -6 6.67 -10.8
v -5.901115 6.654338 -10.8
v -5.811909 6.608885 -10.8
v -5.741115 6.538091 -10.8
v -5.695662 6.448885 -10.8
v -5.68 6.35 -10.8
v -5.695662 6.251115 -10.8
v -5.741115 6.161909 -10.8
v -5.811909 6.091115 -10.8
v -5.901115 6.045662 -10.8
v -6 6.03 -10.8
v -6.098885 6.045662 -10.8
v -6.188091 6.091115 -10.8
v -6.258885 6.161909 -10.8
v -6.304338 6.251115 -10.8
vt 0 0
vt 0.100118 0
vt 0.195336 0.030938
vt 0.276333 0.089786
vt 0.335181 0.170783
vt 0.366119 0.266001
vt 0.366119 0.366119
vt 0.335181 0.461337
vt 0.276333 0.542334
vt 0.195336 0.601182
vt 0.100118 0.632121
vt 0 0.632121
vt -0.095218 0.601182
vt -0.176215 0.542334
vt -0.235063 0.461337
vt -0.266001 0.366119
vt -0.266001 0.266001
vt -0.235063 0.170783
vt -0.176215 0.089786
vt -0.095218 0.030938
vn 0 0 -1
vn 0 0 -1
vn 0 0 -1
vn 0 0 -1
vn 0 0 -1
vn 0 0 -1
vn 0 0 -1
vn 0 0 -1
vn 0 0 -1
vn 0 0 -1
vn 0 0 -1
vn 0 0 -1
vn 0 0 -1
vn 0 0 -1
vn 0 0 -1
vn 0 0 -1
vn 0 0 -1
vn 0 0 -1
vn 0 0 -1
vn 0 0 -1
f 1081/1081/1081 1082/1082/1082 1083/1083/1083
f 1081/1081/1081 1083/1083/1083 1084/1084/1084
f 1081/1081/1081 1084/1084/1084 1085/1085/1085
f 1081/1081/1081 1085/1085/1085 1086/1086/1086
f 1081/1081/1081 1086/1086/1086 1087/1087/1087
f 1081/1081/1081 1087/1087/1087 1088/1088/1088
f 1081/1081/1081 1088/1088/1088 1089/1089/1089
f 1081/1081/1081 1089/1089/1089 1090/1090/1090
f 1081/1081/1081 1090/1090/1090 1091/1091/1091
f 1081/1081/1081 1091/1091/1091 1092/1092/1092
f 1081/1081/1081 1092/1092/1092 1093/1093/1093
f 1081/1081/1081 1093/1093/1093 1094/1094/1094
f 1081/1081/1081 1094/1094/1094 1095/1095/1095
f 1081/1081/1081 1095/1095/1095 1096/1096/1096
f 1081/1081/1081 1096/1096/1096 1097/1097/1097
f 1081/1081/1081 1097/1097/1097 1098/1098/1098
f 1081/1081/1081 1098/1098/1098 1099/1099/1099
f 1081/1081/1081 1099/1099/1099 1100/1100/1100
v -6.304338 6.251115 9.8
v -6.258885 6.161909 9.8
v -6.188091 6.091115 9.8
v -6.098885 6.045662 9.8
v -6 6.03 9.8
v -5.901115 6.045662 9.8
v -5.811909 6.091115 9.8
v -5.741115 6.161909 9.8
v -5.695662 6.251115 9.8
v -5.68 6.35 9.8
v -5.695662 6.448885 9.8
v -5.741115 6.538091 9.8
v -5.811909 6.608885 9.8
v -5.901115 6.654338 9.8
v -6 6.67 9.8
v -6.098885 6.654338 9.8
v -6.188091 6.608885 9.8
v -6.258885 6.538091 9.8
v -6.304338 6.448885 9.8
v -6.32 6.35 9.8
vt 0 0
vt 0.100118 0
vt 0.195336 0.030938
vt 0.276333 0.089786
vt 0.335181 0.170783
vt 0.366119 0.266001
vt 0.366119 0.366119
vt 0.335181 0.461337
vt 0.276333 0.542334
vt 0.195336 0.601182
vt 0.100118 0.632121
vt 0 0.632121
vt -0.095218 0.601182
vt -0.176215 0.542334
vt -0.235063 0.461337
vt -0.266001 0.366119
vt -0.266001 0.266001
vt -0.235063 0.170783
vt -0.176215 0.089786
vt -0.095218 0.030938
vn 0 0 1
vn 0 0 1
vn 0 0 1
vn 0 0 1
vn 0 0 1
vn 0 0 1
vn 0 0 1
vn 0 0 1
vn 0 0 1
vn 0 0 1
vn 0 0 1
vn 0 0 1
vn 0 0 1
vn 0 0 1
vn 0 0 1
vn 0 0 1
vn 0 0 1
vn 0 0 1
vn 0 0 1
vn 0 0 1
f 1101/1101/1101 1102/1102/1102 1103/1103/1103
f 1101/1101/1101 1103/1103/1103 1104/1104/1104
f 1101/1101/1101 1104/1104/1104 1105/1105/1105
f 1101/1101/1101 1105/1105/1105 1106/1106/1106
f 1101/1101/1101 1106/1106/1106 1107/1107/1107
f 1101/1101/1101 1107/1107/1107 1108/1108/1108
f 1101/1101/1101 1108/1108/1108 1109/1109/1109
f 1101/1101/1101 1109/1109/1109 1110/1110/1110
f 1101/1101/1101 1110/1110/1110 1111/1111/1111
f 1101/1101/1101 1111/1111/1111 1112/1112/1112
f 1101/1101/1101 1112/1112/1112 1113/1113/1113
f 1101/1101/1101 1113/1113/1113 1114/1114/1114
f 1101/1101/1101 1114/1114/1114 1115/1115/1115
f 1101/1101/1101 1115/1115/1115 1116/1116/1116
f 1101/1101/1101 1116/1116/1116 1117/1117/1117
f 1101/1101/1101 1117/1117/1117 1118/1118/1118
f 1101/1101/1101 1118/1118/1118 1119/1119/1119
f 1101/1101/1101 1119/1119/1119 1120/1120/1120
v -6.32 6.35 -10.8
v -6.32 6.35 9.8
v -6.304338 6.448885 9.8
v -6.304338 6.448885 -10.8
vt 0 0
vt 20.6 0
vt 20.6 0.100118
vt 0 0.100118
vn -0.987688 0.156434 0
vn -0.987688 0.156434 0
vn -0.987688 0.156434 0
vn -0.987688 0.156434 0
f 1121/1121/1121 1122/1122/1122 1123/1123/1123
f 1121/1121/1121 1123/1123/1123 1124/1124/1124
v -6.304338 6.448885 -10.8
v -6.304338 6.448885 9.8
v -6.258885 6.538091 9.8
v -6.258885 6.538091 -10.8
vt 0 0
vt 20.6 0
vt 20.6 0.100118
vt 0 0.100118
vn -0.891007 0.45399 0
vn -0.891007 0.45399 0
vn -0.891007 0.45399 0
vn -0.891007 0.45399 0
f 1125/1125/1125 1126/1126/1126 1127/1127/1127
f 1125/1125/1125 1127/1127/1127 1128/1128/1128
v -6.258885 6.538091 -10.8
v -6.258885 6.538091 9.8
v -6.188091 6.608885 9.8
v -6.188091 6.608885 -10.8
vt 0 0
vt 20.6 0
vt 20.6 0.100118
vt 0 0.100118
vn -0.707107 0.707107 0
vn -0.707107 0.707107 0
vn -0.707107 0.707107 0
vn -0.707107 0.707107 0
f 1129/1129/1129 1130/1130/1130 1131/1131/1131
f 1129/1129/1129 1131/1131/1131 1132/1132/1132
v -6.188091 6.608885 -10.8
v -6.188091 6.608885 9.8
v -6.098885 6.654338 9.8
v -6.098885 6.654338 -10.8
vt 0 0
vt 20.6 0
vt 20.6 0.100118
vt 0 0.100118
vn -0.45399 0.891007 0
vn -0.45399 0.891007 0
vn -0.45399 0.891007 0
vn -0.45399 0.891007 0
f 1133/1133/1133 1134/1134/1134 1135/1135/1135
f 1133/1133/1133 1135/1135/1135 1136/1136/1136
v -6.098885 6.654338 -10.8
v -6.098885 6.654338 9.8
v -6 6.67 9.8
v -6 6.67 -10.8
vt 0 0
vt 20.6 0
vt 20.6 0.100118
vt 0 0.100118
vn -0.156434 0.987688 0
vn -0.156434 0.987688 0
vn -0.156434 0.987688 0
vn -0.156434 0.987688 0
f 1137/1137/1137 1138/1138/1138 1139/1139/1139
f 1137/1137/1137 1139/1139/1139 1140/1140/1140
v -6 6.67 -10.8
v -6 6.67 9.8
v -5.901115 6.654338 9.8
v -5.901115 6.654338 -10.8
vt 0 0
vt 20.6 0
vt 20.6 0.100118
vt 0 0.100118
vn 0.156434 0.987688 0
vn 0.156434 0.987688 0
vn 0.156434 0.987688 0
vn 0.156434 0.987688 0
f 1141/1141/1141 1142/1142/1142 1143/1143/1143
f 1141/1141/1141 1143/1143/1143 1144/1144/1144
v -5.901115 6.654338 -10.8
v -5.901115 6.654338 9.8
v -5.811909 6.608885 9.8
v -5.811909 6.608885 -10.8
vt 0 0
vt 20.6 0
vt 20.6 0.100118
vt 0 0.100118
vn 0.45399 0.891007 0
vn 0.45399 0.891007 0
vn 0.45399 0.891007 0
vn 0.45399 0.891007 0
f 1145/1145/1145 1146/1146/1146 1147/1147/1147
f 1145/1145/1145 1147/1147/1147 1148/1148/1148
v -5.811909 6.608885 -10.8
v -5.811909 6.608885 9.8
v -5.741115 6.538091 9.8
v -5.741115 6.538091 -10.8
vt 0 0
vt 20.6 0
vt 20.6 0.100118
vt 0 0.100118
vn 0.707107 0.707107 0
vn 0.707107 0.707107 0
vn 0.707107 0.707107 0
vn 0.707107 0.707107 0
f 1149/1149/1149 1150/1150/1150 1151/1151/1151
f 1149/1149/1149 1151/1151/1151 1152/1152/1152
v -5.741115 6.538091 -10.8
v -5.741115 6.538091 9.8
v -5.695662 6.448885 9.8
v -5.695662 6.448885 -10.8
vt 0 0
vt 20.6 0
vt 20.6 0.100118
vt 0 0.100118
vn 0.891007 0.45399 0
vn 0.891007 0.45399 0
vn 0.891007 0.45399 0
vn 0.891007 0.45399 0
f 1153/1153/1153 1154/1154/1154 1155/1155/1155
f 1153/1153/1153 1155/1155/1155 1156/1156/1156
v -5.695662 6.448885 -10.8
v -5.695662 6.448885 9.8
v -5.68 6.35 9.8
v -5.68 6.35 -10.8
vt 0 0
vt 20.6 0
vt 20.6 0.100118
vt 0 0.100118
vn 0.987688 0.156434 0
vn 0.987688 0.156434 0
vn 0.987688 0.156434 0
vn 0.987688 0.156434 0
f 1157/1157/1157 1158/1158/1158 1159/1159/1159
f 1157/1157/1157 1159/1159/1159 1160/1160/1160
v -5.68 6.35 -10.8
v -5.68 6.35 9.8
v -5.695662 6.251115 9.8
v -5.695662 6.251115 -10.8
vt 0 0
vt 20.6 0
vt 20.6 0.100118
vt 0 0.100118
vn 0.987688 -0.156434 0
vn 0.987688 -0.156434 0
vn 0.987688 -0.156434 0
vn 0.987688 -0.156434 0
f 1161/1161/1161 1162/1162/1162 1163/1163/1163
f 1161/1161/1161 1163/1163/1163 1164/1164/1164
v -5.695662 6.251115 -10.8
v -5.695662 6.251115 9.8
v -5.741115 6.161909 9.8
v -5.741115 6.161909 -10.8
vt 0 0
vt 20.6 0
vt 20.6 0.100118
vt 0 0.100118
vn 0.891007 -0.45399 0
vn 0.891007 -0.45399 0
vn 0.891007 -0.45399 0
vn 0.891007 -0.45399 0
f 1165/1165/1165 1166/1166/1166 1167/1167/1167
f 1165/1165/1165 1167/1167/1167 1168/1168/1168
v -5.741115 6.161909 -10.8
v -5.741115 6.161909 9.8
v -5.811909 6.091115 9.8
v -5.811909 6.091115 -10.8
vt 0 0
vt 20.6 0
vt 20.6 0.100118
vt 0 0.100118
vn 0.707107 -0.707107 0
vn 0.707107 -0.707107 0
vn 0.707107 -0.707107 0
vn 0.707107 -0.707107 0
f 1169/1169/1169 1170/1170/1170 1171/1171/1171
f 1169/1169/1169 1171/1171/1171 1172/1172/1172
v -5.811909 6.091115 -10.8
v -5.811909 6.091115 9.8
v -5.901115 6.045662 9.8
v -5.901115 6.045662 -10.8
vt 0 0
vt 20.6 0
vt 20.6 0.100118
vt 0 0.100118
vn 0.45399 -0.891007 0
vn 0.45399 -0.891007 0
vn 0.45399 -0.891007 0
vn 0.45399 -0.891007 0
f 1173/1173/1173 1174/1174/1174 1175/1175/1175
f 1173/1173/1173 1175/1175/1175 1176/1176/1176
v -5.901115 6.045662 -10.8
v -5.901115 6.045662 9.8
v -6 6.03 9.8
v -6 6.03 -10.8
vt 0 0
vt 20.6 0
vt 20.6 0.100118
vt 0 0.100118
vn 0.156434 -0.987688 0
vn 0.156434 -0.987688 0
vn 0.156434 -0.987688 0
vn 0.156434 -0.987688 0
f 1177/1177/1177 1178/1178/1178 1179/1179/1179
f 1177/1177/1177 1179/1179/1179 1180/1180/1180
v -6 6.03 -10.8
v -6 6.03 9.8
v -6.098885 6.045662 9.8
v -6.098885 6.045662 -10.8
vt 0 0
vt 20.6 0
vt 20.6 0.100118
vt 0 0.100118
vn -0.156434 -0.987688 0
vn -0.156434 -0.987688 0
vn -0.156434 -0.987688 0
vn -0.156434 -0.987688 0
f 1181/1181/1181 1182/1182/1182 1183/1183/1183
f 1181/1181/1181 1183/1183/1183 1184/1184/1184
v -6.098885 6.045662 -10.8
v -6.098885 6.045662 9.8
v -6.188091 6.091115 9.8
v -6.188091 6.091115 -10.8
vt 0 0
vt 20.6 0
vt 20.6 0.100118
vt 0 0.100118
vn -0.45399 -0.891007 0
vn -0.45399 -0.891007 0
vn -0.45399 -0.891007 0
vn -0.45399 -0.891007 0
f 1185/1185/1185 1186/1186/1186 1187/1187/1187
f 1185/1185/1185 1187/1187/1187 1188/1188/1188
v -6.188091 6.091115 -10.8
v -6.188091 6.091115 9.8
v -6.258885 6.161909 9.8
v -6.258885 6.161909 -10.8
vt 0 0
vt 20.6 0
vt 20.6 0.100118
vt 0 0.100118
vn -0.707107 -0.707107 0
vn -0.707107 -0.707107 0
vn -0.707107 -0.707107 0
vn -0.707107 -0.707107 0
f 1189/1189/1189 1190/1190/1190 1191/1191/1191
f 1189/1189/1189 1191/1191/1191 1192/1192/1192
v -6.258885 6.161909 -10.8
v -6.258885 6.161909 9.8
v -6.304338 6.251115 9.8
v -6.304338 6.251115 -10.8
vt 0 0
vt 20.6 0
vt 20.6 0.100118
vt 0 0.100118
vn -0.891007 -0.45399 0
vn -0.891007 -0.45399 0
vn -0.891007 -0.45399 0
vn -0.891007 -0.45399 0
f 1193/1193/1193 1194/1194/1194 1195/1195/1195
f 1193/1193/1193 1195/1195/1195 1196/1196/1196
v -6.304338 6.251115 -10.8
v -6.304338 6.251115 9.8
v -6.32 6.35 9.8
v -6.32 6.35 -10.8
vt 0 0
vt 20.6 0
vt 20.6 0.100118
vt 0 0.100118
vn -0.987688 -0.156434 0
vn -0.987688 -0.156434 0
vn -0.987688 -0.156434 0
vn -0.987688 -0.156434 0
f 1197/1197/1197 1198/1198/1198 1199/1199/1199
f 1197/1197/1197 1199/1199/1199 1200/1200/1200
v -5.63 5.645 -1.15
v -5.648109 5.645 -1.035664
v -5.700664 5.645 -0.932519
v -5.782519 5.645 -0.850664
v -5.885664 5.645 -0.798109
v -6 5.645 -0.78
v -6.114336 5.645 -0.798109
v -6.217481 5.645 -0.850664
v -6.299336 5.645 -0.932519
v -6.351891 5.645 -1.035664
v -6.37 5.645 -1.15
v -6.351891 5.645 -1.264336
v -6.299336 5.645 -1.367481
v -6.217481 5.645 -1.449336
v -6.114336 5.645 -1.501891
v -6 5.645 -1.52
v -5.885664 5.645 -1.501891
v -5.782519 5.645 -1.449336
v -5.700664 5.645 -1.367481
v -5.648109 5.645 -1.264336
vt 0 0
vt 0.115762 0
vt 0.225857 0.035772
vt 0.31951 0.103815
vt 0.387553 0.197468
vt 0.423325 0.307564
vt 0.423325 0.423325
vt 0.387553 0.533421
vt 0.31951 0.627074
vt 0.225857 0.695117
vt 0.115762 0.730889
vt 0 0.730889
vt -0.110096 0.695117
vt -0.203749 0.627074
vt -0.271792 0.533421
vt -0.307564 0.423325
vt -0.307564 0.307564
vt -0.271792 0.197468
vt -0.203749 0.103815
vt -0.110096 0.035772
vn 0 -1 0
vn 0 -1 0
vn 0 -1 0
vn 0 -1 0
vn 0 -1 0
vn 0 -1 0
vn 0 -1 0
vn 0 -1 0
vn 0 -1 0
vn 0 -1 0
vn 0 -1 0
vn 0 -1 0
vn 0 -1 0
vn 0 -1 0
vn 0 -1 0
vn 0 -1 0
vn 0 -1 0
vn 0 -1 0
vn 0 -1 0
vn 0 -1 0
f 1201/1201/1201 1202/1202/1202 1203/1203/1203
f 1201/1201/1201 1203/1203/1203 1204/1204/1204
f 1201/1201/1201 1204/1204/1204 1205/1205/1205
f 1201/1201/1201 1205/1205/1205 1206/1206/1206
f 1201/1201/1201 1206/1206/1206 1207/1207/1207
f 1201/1201/1201 1207/1207/1207 1208/1208/1208
f 1201/1201/1201 1208/1208/1208 1209/1209/1209
f 1201/1201/1201 1209/1209/1209 1210/1210/1210
f 1201/1201/1201 1210/1210/1210 1211/1211/1211
f 1201/1201/1201 1211/1211/1211 1212/1212/1212
f 1201/1201/1201 1212/1212/1212 1213/1213/1213
f 1201/1201/1201 1213/1213/1213 1214/1214/1214
f 1201/1201/1201 1214/1214/1214 1215/1215/1215
f 1201/1201/1201 1215/1215/1215 1216/1216/1216
f 1201/1201/1201 1216/1216/1216 1217/1217/1217
f 1201/1201/1201 1217/1217/1217 1218/1218/1218
f 1201/1201/1201 1218/1218/1218 1219/1219/1219
f 1201/1201/1201 1219/1219/1219 1220/1220/1220
v -5.648109 6.395 -1.264336
v -5.700664 6.395 -1.367481
v -5.782519 6.395 -1.449336
v -5.885664 6.395 -1.501891
v -6 6.395 -1.52
v -6.114336 6.395 -1.501891
v -6.217481 6.395 -1.449336
v -6.299336 6.395 -1.367481
v -6.351891 6.395 -1.264336
v -6.37 6.395 -1.15
v -6.351891 6.395 -1.035664
v -6.299336 6.395 -0.932519
v -6.217481 6.395 -0.850664
v -6.114336 6.395 -0.798109
v -6 6.395 -0.78
v -5.885664 6.395 -0.798109
v -5.782519 6.395 -0.850664
v -5.700664 6.395 -0.932519
v -5.648109 6.395 -1.035664
v -5.63 6.395 -1.15
vt 0 0
vt 0.115762 0
vt 0.225857 0.035772
vt 0.31951 0.103815
vt 0.387553 0.197468
vt 0.423325 0.307564
vt 0.423325 0.423325
vt 0.387553 0.533421
vt 0.31951 0.627074
vt 0.225857 0.695117
vt 0.115762 0.730889
vt 0 0.730889
vt -0.110096 0.695117
vt -0.203749 0.627074
vt -0.271792 0.533421
vt -0.307564 0.423325
vt -0.307564 0.307564
vt -0.271792 0.197468
vt -0.203749 0.103815
vt -0.110096 0.035772
vn 0 1 0
vn 0 1 0
vn 0 1 0
vn 0 1 0
vn 0 1 0
vn 0 1 0
vn 0 1 0
vn 0 1 0
vn 0 1 0
vn 0 1 0
vn 0 1 0
vn 0 1 0
vn 0 1 0
vn 0 1 0
vn 0 1 0
vn 0 1 0
vn 0 1 0
vn 0 1 0
vn 0 1 0
vn 0 1 0
f 1221/1221/1221 1222/1222/1222 1223/1223/1223
f 1221/1221/1221 1223/1223/1223 1224/1224/1224
f 1221/1221/1221 1224/1224/1224 1225/1225/1225
f 1221/1221/1221 1225/1225/1225 1226/1226/1226
f 1221/1221/1221 1226/1226/1226 1227/1227/1227
f 1221/1221/1221 1227/1227/1227 1228/1228/1228
f 1221/1221/1221 1228/1228/1228 1229/1229/1229
f 1221/1221/1221 1229/1229/1229 1230/1230/1230
f 1221/1221/1221 1230/1230/1230 1231/1231/1231
f 1221/1221/1221 1231/1231/1231 1232/1232/1232
f 1221/1221/1221 1232/1232/1232 1233/1233/1233
f 1221/1221/1221 1233/1233/1233 1234/1234/1234
f 1221/1221/1221 1234/1234/1234 1235/1235/1235
f 1221/1221/1221 1235/1235/1235 1236/1236/1236
f 1221/1221/1221 1236/1236/1236 1237/1237/1237
f 1221/1221/1221 1237/1237/1237 1238/1238/1238
f 1221/1221/1221 1238/1238/1238 1239/1239/1239
f 1221/1221/1221 1239/1239/1239 1240/1240/1240
v -5.63 5.645 -1.15
v -5.63 6.395 -1.15
v -5.648109 6.395 -1.035664
v -5.648109 5.645 -1.035664
vt 0 0
vt 0.75 0
vt 0.75 0.115762
vt 0 0.115762
vn 0.987688 0 0.156434
vn 0.987688 0 0.156434
vn 0.987688 0 0.156434
vn 0.987688 0 0.156434
f 1241/1241/1241 1242/1242/1242 1243/1243/1243
f 1241/1241/1241 1243/1243/1243 1244/1244/1244
v -5.648109 5.645 -1.035664
v -5.648109 6.395 -1.035664
v -5.700664 6.395 -0.932519
v -5.700664 5.645 -0.932519
vt 0 0
vt 0.75 0
vt 0.75 0.115762
vt 0 0.115762
vn 0.891007 0 0.45399
vn 0.891007 0 0.45399
vn 0.891007 0 0.45399
vn 0.891007 0 0.45399
f 1245/1245/1245 1246/1246/1246 1247/1247/1247
f 1245/1245/1245 1247/1247/1247 1248/1248/1248
v -5.700664 5.645 -0.932519
v -5.700664 6.395 -0.932519
v -5.782519 6.395 -0.850664
v -5.782519 5.645 -0.850664
vt 0 0
vt 0.75 0
vt 0.75 0.115762
vt 0 0.115762
vn 0.707107 0 0.707107
vn 0.707107 0 0.707107
vn 0.707107 0 0.707107
vn 0.707107 0 0.707107
f 1249/1249/1249 1250/1250/1250 1251/1251/1251
f 1249/1249/1249 1251/1251/1251 1252/1252/1252
v -5.782519 5.645 -0.850664
v -5.782519 6.395 -0.850664
v -5.885664 6.395 -0.798109
v -5.885664 5.645 -0.798109
vt 0 0
vt 0.75 0
vt 0.75 0.115762
vt 0 0.115762
vn 0.45399 0 0.891007
vn 0.45399 0 0.891007
vn 0.45399 0 0.891007
vn 0.45399 0 0.891007
f 1253/1253/1253 1254/1254/1254 1255/1255/1255
f 1253/1253/1253 1255/1255/1255 1256/1256/1256
v -5.885664 5.645 -0.798109
v -5.885664 6.395 -0.798109
v -6 6.395 -0.78
v -6 5.645 -0.78
vt 0 0
vt 0.75 0
vt 0.75 0.115762
vt 0 0.115762
vn 0.156434 0 0.987688
vn 0.156434 0 0.987688
vn 0.156434 0 0.987688
vn 0.156434 0 0.987688
f 1257/1257/1257 1258/1258/1258 1259/1259/1259
f 1257/1257/1257 1259/1259/1259 1260/1260/1260
v -6 5.645 -0.78
v -6 6.395 -0.78
v -6.114336 6.395 -0.798109
v -6.114336 5.645 -0.798109
vt 0 0
vt 0.75 0
vt 0.75 0.115762
vt 0 0.115762
vn -0.156434 0 0.987688
vn -0.156434 0 0.987688
vn -0.156434 0 0.987688
vn -0.156434 0 0.987688
f 1261/1261/1261 1262/1262/1262 1263/1263/1263
f 1261/1261/1261 1263/1263/1263 1264/1264/1264
v -6.114336 5.645 -0.798109
v -6.114336 6.395 -0.798109
v -6.217481 6.395 -0.850664
v -6.217481 5.645 -0.850664
vt 0 0
vt 0.75 0
vt 0.75 0.115762
vt 0 0.115762
vn -0.45399 0 0.891007
vn -0.45399 0 0.891007
vn -0.45399 0 0.891007
vn -0.45399 0 0.891007
f 1265/1265/1265 1266/1266/1266 1267/1267/1267
f 1265/1265/1265 1267/1267/1267 1268/1268/1268
v -6.217481 5.645 -0.850664
v -6.217481 6.395 -0.850664
v -6.299336 6.395 -0.932519
v -6.299336 5.645 -0.932519
vt 0 0
vt 0.75 0
vt 0.75 0.115762
vt 0 0.115762
vn -0.707107 0 0.707107
vn -0.707107 0 0.707107
vn -0.707107 0 0.707107
vn -0.707107 0 0.707107
f 1269/1269/1269 1270/1270/1270 1271/1271/1271
f 1269/1269/1269 1271/1271/1271 1272/1272/1272
v -6.299336 5.645 -0.932519
v -6.299336 6.395 -0.932519
v -6.351891 6.395 -1.035664
v -6.351891 5.645 -1.035664
vt 0 0
vt 0.75 0
vt 0.75 0.115762
vt 0 0.115762
vn -0.891007 0 0.45399
vn -0.891007 0 0.45399
vn -0.891007 0 0.45399
vn -0.891007 0 0.45399
f 1273/1273/1273 1274/1274/1274 1275/1275/1275
f 1273/1273/1273 1275/1275/1275 1276/1276/1276
v -6.351891 5.645 -1.035664
v -6.351891 6.395 -1.035664
v -6.37 6.395 -1.15
v -6.37 5.645 -1.15
vt 0 0
vt 0.75 0
vt 0.75 0.115762
vt 0 0.115762
vn -0.987688 0 0.156434
vn -0.987688 0 0.156434
vn -0.987688 0 0.156434
vn -0.987688 0 0.156434
f 1277/1277/1277 1278/1278/1278 1279/1279/1279
f 1277/1277/1277 1279/1279/1279 1280/1280/1280
v -6.37 5.645 -1.15
v -6.37 6.395 -1.15
v -6.351891 6.395 -1.264336
v -6.351891 5.645 -1.264336
vt 0 0
vt 0.75 0
vt 0.75 0.115762
vt 0 0.115762
vn -0.987688 0 -0.156434
vn -0.987688 0 -0.156434
vn -0.987688 0 -0.156434
vn -0.987688 0 -0.156434
f 1281/1281/1281 1282/1282/1282 1283/1283/1283
f 1281/1281/1281 1283/1283/1283 1284/1284/1284
v -6.351891 5.645 -1.264336
v -6.351891 6.395 -1.264336
v -6.299336 6.395 -1.367481
v -6.299336 5.645 -1.367481
vt 0 0
vt 0.75 0
vt 0.75 0.115762
vt 0 0.115762
vn -0.891007 0 -0.45399
vn -0.891007 0 -0.45399
vn -0.891007 0 -0.45399
vn -0.891007 0 -0.45399
f 1285/1285/1285 1286/1286/1286 1287/1287/1287
f 1285/1285/1285 1287/1287/1287 1288/1288/1288
v -6.299336 5.645 -1.367481
v -6.299336 6.395 -1.367481
v -6.217481 6.395 -1.449336
v -6.217481 5.645 -1.449336
vt 0 0
vt 0.75 0
vt 0.75 0.115762
vt 0 0.115762
vn -0.707107 0 -0.707107
vn -0.707107 0 -0.707107
vn -0.707107 0 -0.707107
vn -0.707107 0 -0.707107
f 1289/1289/1289 1290/1290/1290 1291/1291/1291
f 1289/1289/1289 1291/1291/1291 1292/1292/1292
v -6.217481 5.645 -1.449336
v -6.217481 6.395 -1.449336
v -6.114336 6.395 -1.501891
v -6.114336 5.645 -1.501891
vt 0 0
vt 0.75 0
vt 0.75 0.115762
vt 0 0.115762
vn -0.45399 0 -0.891007
vn -0.45399 0 -0.891007
vn -0.45399 0 -0.891007
vn -0.45399 0 -0.891007
f 1293/1293/1293 1294/1294/1294 1295/1295/1295
f 1293/1293/1293 1295/1295/1295 1296/1296/1296
v -6.114336 5.645 -1.501891
v -6.114336 6.395 -1.501891
v -6 6.395 -1.52
v -6 5.645 -1.52
vt 0 0
vt 0.75 0
vt 0.75 0.115762
vt 0 0.115762
vn -0.156434 0 -0.987688
vn -0.156434 0 -0.987688
vn -0.156434 0 -0.987688
vn -0.156434 0 -0.987688
f 1297/1297/1297 1298/1298/1298 1299/1299/1299
f 1297/1297/1297 1299/1299/1299 1300/1300/1300
v -6 5.645 -1.52
v -6 6.395 -1.52
v -5.885664 6.395 -1.501891
v -5.885664 5.645 -1.501891
vt 0 0
vt 0.75 0
vt 0.75 0.115762
vt 0 0.115762
vn 0.156434 0 -0.987688
vn 0.156434 0 -0.987688
vn 0.156434 0 -0.987688
vn 0.156434 0 -0.987688
f 1301/1301/1301 1302/1302/1302 1303/1303/1303
f 1301/1301/1301 1303/1303/1303 1304/1304/1304
v -5.885664 5.645 -1.501891
v -5.885664 6.395 -1.501891
v -5.782519 6.395 -1.449336
v -5.782519 5.645 -1.449336
vt 0 0
vt 0.75 0
vt 0.75 0.115762
vt 0 0.115762
vn 0.45399 0 -0.891007
vn 0.45399 0 -0.891007
vn 0.45399 0 -0.891007
vn 0.45399 0 -0.891007
f 1305/1305/1305 1306/1306/1306 1307/1307/1307
f 1305/1305/1305 1307/1307/1307 1308/1308/1308
v -5.782519 5.645 -1.449336
v -5.782519 6.395 -1.449336
v -5.700664 6.395 -1.367481
v -5.700664 5.645 -1.367481
vt 0 0
vt 0.75 0
vt 0.75 0.115762
vt 0 0.115762
vn 0.707107 0 -0.707107
vn 0.707107 0 -0.707107
vn 0.707107 0 -0.707107
vn 0.707107 0 -0.707107
f 1309/1309/1309 1310/1310/1310 1311/1311/1311
f 1309/1309/1309 1311/1311/1311 1312/1312/1312
v -5.700664 5.645 -1.367481
v -5.700664 6.395 -1.367481
v -5.648109 6.395 -1.264336
v -5.648109 5.645 -1.264336
vt 0 0
vt 0.75 0
vt 0.75 0.115762
vt 0 0.115762
vn 0.891007 0 -0.45399
vn 0.891007 0 -0.45399
vn 0.891007 0 -0.45399
vn 0.891007 0 -0.45399
f 1313/1313/1313 1314/1314/1314 1315/1315/1315
f 1313/1313/1313 1315/1315/1315 1316/1316/1316
v -5.648109 5.645 -1.264336
v -5.648109 6.395 -1.264336
v -5.63 6.395 -1.15
v -5.63 5.645 -1.15
vt 0 0
vt 0.75 0
vt 0.75 0.115762
vt 0 0.115762
vn 0.987688 0 -0.156434
vn 0.987688 0 -0.156434
vn 0.987688 0 -0.156434
vn 0.987688 0 -0.156434
f 1317/1317/1317 1318/1318/1318 1319/1319/1319
f 1317/1317/1317 1319/1319/1319 1320/1320/1320
v 5.68 6.35 -10.8
v 5.695662 6.448885 -10.8
v 5.741115 6.538091 -10.8
v 5.811909 6.608885 -10.8
v 5.901115 6.654338 -10.8
v 6 6.67 -10.8
v 6.098885 6.654338 -10.8
v 6.188091 6.608885 -10.8
v 6.258885 6.538091 -10.8
v 6.304338 6.448885 -10.8
v 6.32 6.35 -10.8
v 6.304338 6.251115 -10.8
v 6.258885 6.161909 -10.8
v 6.188091 6.091115 -10.8
v 6.098885 6.045662 -10.8
v 6 6.03 -10.8
v 5.901115 6.045662 -10.8
v 5.811909 6.091115 -10.8
v 5.741115 6.161909 -10.8
v 5.695662 6.251115 -10.8
vt 0 0
vt 0.100118 0
vt 0.195336 0.030938
vt 0.276333 0.089786
vt 0.335181 0.170783
vt 0.366119 0.266001
vt 0.366119 0.366119
vt 0.335181 0.461337
vt 0.276333 0.542334
vt 0.195336 0.601182
vt 0.100118 0.632121
vt 0 0.632121
vt -0.095218 0.601182
vt -0.176215 0.542334
vt -0.235063 0.461337
vt -0.266001 0.366119
vt -0.266001 0.266001
vt -0.235063 0.170783
vt -0.176215 0.089786
vt -0.095218 0.030938
vn 0 0 -1
vn 0 0 -1
vn 0 0 -1
vn 0 0 -1
vn 0 0 -1
vn 0 0 -1
vn 0 0 -1
vn 0 0 -1
vn 0 0 -1
vn 0 0 -1
vn 0 0 -1
vn 0 0 -1
vn 0 0 -1
vn 0 0 -1
vn 0 0 -1
vn 0 0 -1
vn 0 0 -1
vn 0 0 -1
vn 0 0 -1
vn 0 0 -1
f 1321/1321/1321 1322/1322/1322 1323/1323/1323
f 1321/1321/1321 1323/1323/1323 1324/1324/1324
f 1321/1321/1321 1324/1324/1324 1325/1325/1325
f 1321/1321/1321 1325/1325/1325 1326/1326/1326
f 1321/1321/1321 1326/1326/1326 1327/1327/1327
f 1321/1321/1321 1327/1327/1327 1328/1328/1328
f 1321/1321/1321 1328/1328/1328 1329/1329/1329
f 1321/1321/1321 1329/1329/1329 1330/1330/1330
f 1321/1321/1321 1330/1330/1330 1331/1331/1331
f 1321/1321/1321 1331/1331/1331 1332/1332/1332
f 1321/1321/1321 1332/1332/1332 1333/1333/1333
f 1321/1321/1321 1333/1333/1333 1334/1334/1334
f 1321/1321/1321 1334/1334/1334 1335/1335/1335
f 1321/1321/1321 1335/1335/1335 1336/1336/1336
f 1321/1321/1321 1336/1336/1336 1337/1337/1337
f 1321/1321/1321 1337/1337/1337 1338/1338/1338
f 1321/1321/1321 1338/1338/1338 1339/1339/1339
f 1321/1321/1321 1339/1339/1339 1340/1340/1340
v 5.695662 6.251115 9.8
v 5.741115 6.161909 9.8
v 5.811909 6.091115 9.8
v 5.901115 6.045662 9.8
v 6 6.03 9.8
v 6.098885 6.045662 9.8
v 6.188091 6.091115 9.8
v 6.258885 6.161909 9.8
v 6.304338 6.251115 9.8
v 6.32 6.35 9.8
v 6.304338 6.448885 9.8
v 6.258885 6.538091 9.8
v 6.188091 6.608885 9.8
v 6.098885 6.654338 9.8
v 6 6.67 9.8
v 5.901115 6.654338 9.8
v 5.811909 6.608885 9.8
v 5.741115 6.538091 9.8
v 5.695662 6.448885 9.8
v 5.68 6.35 9.8
vt 0 0
vt 0.100118 0
vt 0.195336 0.030938
vt 0.276333 0.089786
vt 0.335181 0.170783
vt 0.366119 0.266001
vt 0.366119 0.366119
vt 0.335181 0.461337
vt 0.276333 0.542334
vt 0.195336 0.601182
vt 0.100118 0.632121
vt 0 0.632121
vt -0.095218 0.601182
vt -0.176215 0.542334
vt -0.235063 0.461337
vt -0.266001 0.366119
vt -0.266001 0.266001
vt -0.235063 0.170783
vt -0.176215 0.089786
vt -0.095218 0.030938
vn 0 0 1
vn 0 0 1
vn 0 0 1
vn 0 0 1
vn 0 0 1
vn 0 0 1
vn 0 0 1
vn 0 0 1
vn 0 0 1
vn 0 0 1
vn 0 0 1
vn 0 0 1
vn 0 0 1
vn 0 0 1
vn 0 0 1
vn 0 0 1
vn 0 0 1
vn 0 0 1
vn 0 0 1
vn 0 0 1
f 1341/1341/1341 1342/1342/1342 1343/1343/1343
f 1341/1341/1341 1343/1343/1343 1344/1344/1344
f 1341/1341/1341 1344/1344/1344 1345/1345/1345
f 1341/1341/1341 1345/1345/1345 1346/1346/1346
f 1341/1341/1341 1346/1346/1346 1347/1347/1347
f 1341/1341/1341 1347/1347/1347 1348/1348/1348
f 1341/1341/1341 1348/1348/1348 1349/1349/1349
f 1341/1341/1341 1349/1349/1349 1350/1350/1350
f 1341/1341/1341 1350/1350/1350 1351/1351/1351
f 1341/1341/1341 1351/1351/1351 1352/1352/1352
f 1341/1341/1341 1352/1352/1352 1353/1353/1353
f 1341/1341/1341 1353/1353/1353 1354/1354/1354
f 1341/1341/1341 1354/1354/1354 1355/1355/1355
f 1341/1341/1341 1355/1355/1355 1356/1356/1356
f 1341/1341/1341 1356/1356/1356 1357/1357/1357
f 1341/1341/1341 1357/1357/1357 1358/1358/1358
f 1341/1341/1341 1358/1358/1358 1359/1359/1359
f 1341/1341/1341 1359/1359/1359 1360/1360/1360
v 5.68 6.35 -10.8
v 5.68 6.35 9.8
v 5.695662 6.448885 9.8
v 5.695662 6.448885 -10.8
vt 0 0
vt 20.6 0
vt 20.6 0.100118
vt 0 0.100118
vn -0.987688 0.156434 0
vn -0.987688 0.156434 0
vn -0.987688 0.156434 0
vn -0.987688 0.156434 0
f 1361/1361/1361 1362/1362/1362 1363/1363/1363
f 1361/1361/1361 1363/1363/1363 1364/1364/1364
v 5.695662 6.448885 -10.8
v 5.695662 6.448885 9.8
v 5.741115 6.538091 9.8
v 5.741115 6.538091 -10.8
vt 0 0
vt 20.6 0
vt 20.6 0.100118
vt 0 0.100118
vn -0.891007 0.45399 0
vn -0.891007 0.45399 0
vn -0.891007 0.45399 0
vn -0.891007 0.45399 0
f 1365/1365/1365 1366/1366/1366 1367/1367/1367
f 1365/1365/1365 1367/1367/1367 1368/1368/1368
v 5.741115 6.538091 -10.8
v 5.741115 6.538091 9.8
v 5.811909 6.608885 9.8
v 5.811909 6.608885 -10.8
vt 0 0
vt 20.6 0
vt 20.6 0.100118
vt 0 0.100118
vn -0.707107 0.707107 0
vn -0.707107 0.707107 0
vn -0.707107 0.707107 0
vn -0.707107 0.707107 0
f 1369/1369/1369 1370/1370/1370 1371/1371/1371
f 1369/1369/1369 1371/1371/1371 1372/1372/1372
v 5.811909 6.608885 -10.8
v 5.811909 6.608885 9.8
v 5.901115 6.654338 9.8
v 5.901115 6.654338 -10.8
vt 0 0
vt 20.6 0
vt 20.6 0.100118
vt 0 0.100118
vn -0.45399 0.891007 0
vn -0.45399 0.891007 0
vn -0.45399 0.891007 0
vn -0.45399 0.891007 0
f 1373/1373/1373 1374/1374/1374 1375/1375/1375
f 1373/1373/1373 1375/1375/1375 1376/1376/1376
v 5.901115 6.654338 -10.8
v 5.901115 6.654338 9.8
v 6 6.67 9.8
v 6 6.67 -10.8
vt 0 0
vt 20.6 0
vt 20.6 0.100118
vt 0 0.100118
vn -0.156434 0.987688 0
vn -0.156434 0.987688 0
vn -0.156434 0.987688 0
vn -0.156434 0.987688 0
f 1377/1377/1377 1378/1378/1378 1379/1379/1379
f 1377/1377/1377 1379/1379/1379 1380/1380/1380
v 6 6.67 -10.8
v 6 6.67 9.8
v 6.098885 6.654338 9.8
v 6.098885 6.654338 -10.8
vt 0 0
vt 20.6 0
vt 20.6 0.100118
vt 0 0.100118
vn 0.156434 0.987688 0
vn 0.156434 0.987688 0
vn 0.156434 0.987688 0
vn 0.156434 0.987688 0
f 1381/1381/1381 1382/1382/1382 1383/1383/1383
f 1381/1381/1381 1383/1383/1383 1384/1384/1384
v 6.098885 6.654338 -10.8
v 6.098885 6.654338 9.8
v 6.188091 6.608885 9.8
v 6.188091 6.608885 -10.8
vt 0 0
vt 20.6 0
vt 20.6 0.100118
vt 0 0.100118
vn 0.45399 0.891007 0
vn 0.45399 0.891007 0
vn 0.45399 0.891007 0
vn 0.45399 0.891007 0
f 1385/1385/1385 1386/1386/1386 1387/1387/1387
f 1385/1385/1385 1387/1387/1387 1388/1388/1388
v 6.188091 6.608885 -10.8
v 6.188091 6.608885 9.8
v 6.258885 6.538091 9.8
v 6.258885 6.538091 -10.8
vt 0 0
vt 20.6 0
vt 20.6 0.100118
vt 0 0.100118
vn 0.707107 0.707107 0
vn 0.707107 0.707107 0
vn 0.707107 0.707107 0
vn 0.707107 0.707107 0
f 1389/1389/1389 1390/1390/1390 1391/1391/1391
f 1389/1389/1389 1391/1391/1391 1392/1392/1392
v 6.258885 6.538091 -10.8
v 6.258885 6.538091 9.8
v 6.304338 6.448885 9.8
v 6.304338 6.448885 -10.8
vt 0 0
vt 20.6 0
vt 20.6 0.100118
vt 0 0.100118
vn 0.891007 0.45399 0
vn 0.891007 0.45399 0
vn 0.891007 0.45399 0
vn 0.891007 0.45399 0
f 1393/1393/1393 1394/1394/1394 1395/1395/1395
f 1393/1393/1393 1395/1395/1395 1396/1396/1396
v 6.304338 6.448885 -10.8
v 6.304338 6.448885 9.8
v 6.32 6.35 9.8
v 6.32 6.35 -10.8
vt 0 0
vt 20.6 0
vt 20.6 0.100118
vt 0 0.100118
vn 0.987688 0.156434 0
vn 0.987688 0.156434 0
vn 0.987688 0.156434 0
vn 0.987688 0.156434 0
f 1397/1397/1397 1398/1398/1398 1399/1399/1399
f 1397/1397/1397 1399/1399/1399 1400/1400/1400
v 6.32 6.35 -10.8
v 6.32 6.35 9.8
v 6.304338 6.251115 9.8
v 6.304338 6.251115 -10.8
vt 0 0
vt 20.6 0
vt 20.6 0.100118
vt 0 0.100118
vn 0.987688 -0.156434 0
vn 0.987688 -0.156434 0
vn 0.987688 -0.156434 0
vn 0.987688 -0.156434 0
f 1401/1401/1401 1402/1402/1402 1403/1403/1403
f 1401/1401/1401 1403/1403/1403 1404/1404/1404
v 6.304338 6.251115 -10.8
v 6.304338 6.251115 9.8
v 6.258885 6.161909 9.8
v 6.258885 6.161909 -10.8
vt 0 0
vt 20.6 0
vt 20.6 0.100118
vt 0 0.100118
vn 0.891007 -0.45399 0
vn 0.891007 -0.45399 0
vn 0.891007 -0.45399 0
vn 0.891007 -0.45399 0
f 1405/1405/1405 1406/1406/1406 1407/1407/1407
f 1405/1405/1405 1407/1407/1407 1408/1408/1408
v 6.258885 6.161909 -10.8
v 6.258885 6.161909 9.8
v 6.188091 6.091115 9.8
v 6.188091 6.091115 -10.8
vt 0 0
vt 20.6 0
vt 20.6 0.100118
vt 0 0.100118
vn 0.707107 -0.707107 0
vn 0.707107 -0.707107 0
vn 0.707107 -0.707107 0
vn 0.707107 -0.707107 0
f 1409/1409/1409 1410/1410/1410 1411/1411/1411
f 1409/1409/1409 1411/1411/1411 1412/1412/1412
v 6.188091 6.091115 -10.8
v 6.188091 6.091115 9.8
v 6.098885 6.045662 9.8
v 6.098885 6.045662 -10.8
vt 0 0
vt 20.6 0
vt 20.6 0.100118
vt 0 0.100118
vn 0.45399 -0.891007 0
vn 0.45399 -0.891007 0
vn 0.45399 -0.891007 0
vn 0.45399 -0.891007 0
f 1413/1413/1413 1414/1414/1414 1415/1415/1415
f 1413/1413/1413 1415/1415/1415 1416/1416/1416
v 6.098885 6.045662 -10.8
v 6.098885 6.045662 9.8
v 6 6.03 9.8
v 6 6.03 -10.8
vt 0 0
vt 20.6 0
vt 20.6 0.100118
vt 0 0.100118
vn 0.156434 -0.987688 0
vn 0.156434 -0.987688 0
vn 0.156434 -0.987688 0
vn 0.156434 -0.987688 0
f 1417/1417/1417 1418/1418/1418 1419/1419/1419
f 1417/1417/1417 1419/1419/1419 1420/1420/1420
v 6 6.03 -10.8
v 6 6.03 9.8
v 5.901115 6.045662 9.8
v 5.901115 6.045662 -10.8
vt 0 0
vt 20.6 0
vt 20.6 0.100118
vt 0 0.100118
vn -0.156434 -0.987688 0
vn -0.156434 -0.987688 0
vn -0.156434 -0.987688 0
vn -0.156434 -0.987688 0
f 1421/1421/1421 1422/1422/1422 1423/1423/1423
f 1421/1421/1421 1423/1423/1423 1424/1424/1424
v 5.901115 6.045662 -10.8
v 5.901115 6.045662 9.8
v 5.811909 6.091115 9.8
v 5.811909 6.091115 -10.8
vt 0 0
vt 20.6 0
vt 20.6 0.100118
vt 0 0.100118
vn -0.45399 -0.891007 0
vn -0.45399 -0.891007 0
vn -0.45399 -0.891007 0
vn -0.45399 -0.891007 0
f 1425/1425/1425 1426/1426/1426 1427/1427/1427
f 1425/1425/1425 1427/1427/1427 1428/1428/1428
v 5.811909 6.091115 -10.8
v 5.811909 6.091115 9.8
v 5.741115 6.161909 9.8
v 5.741115 6.161909 -10.8
vt 0 0
vt 20.6 0
vt 20.6 0.100118
vt 0 0.100118
vn -0.707107 -0.707107 0
vn -0.707107 -0.707107 0
vn -0.707107 -0.707107 0
vn -0.707107 -0.707107 0
f 1429/1429/1429 1430/1430/1430 1431/1431/1431
f 1429/1429/1429 1431/1431/1431 1432/1432/1432
v 5.741115 6.161909 -10.8
v 5.741115 6.161909 9.8
v 5.695662 6.251115 9.8
v 5.695662 6.251115 -10.8
vt 0 0
vt 20.6 0
vt 20.6 0.100118
vt 0 0.100118
vn -0.891007 -0.45399 0
vn -0.891007 -0.45399 0
vn -0.891007 -0.45399 0
vn -0.891007 -0.45399 0
f 1433/1433/1433 1434/1434/1434 1435/1435/1435
f 1433/1433/1433 1435/1435/1435 1436/1436/1436
v 5.695662 6.251115 -10.8
v 5.695662 6.251115 9.8
v 5.68 6.35 9.8
v 5.68 6.35 -10.8
vt 0 0
vt 20.6 0
vt 20.6 0.100118
vt 0 0.100118
vn -0.987688 -0.156434 0
vn -0.987688 -0.156434 0
vn -0.987688 -0.156434 0
vn -0.987688 -0.156434 0
f 1437/1437/1437 1438/1438/1438 1439/1439/1439
f 1437/1437/1437 1439/1439/1439 1440/1440/1440
v 6.37 5.645 -1.15
v 6.351891 5.645 -1.035664
v 6.299336 5.645 -0.932519
v 6.217481 5.645 -0.850664
v 6.114336 5.645 -0.798109
v 6 5.645 -0.78
v 5.885664 5.645 -0.798109
v 5.782519 5.645 -0.850664
v 5.700664 5.645 -0.932519
v 5.648109 5.645 -1.035664
v 5.63 5.645 -1.15
v 5.648109 5.645 -1.264336
v 5.700664 5.645 -1.367481
v 5.782519 5.645 -1.449336
v 5.885664 5.645 -1.501891
v 6 5.645 -1.52
v 6.114336 5.645 -1.501891
v 6.217481 5.645 -1.449336
v 6.299336 5.645 -1.367481
v 6.351891 5.645 -1.264336
vt 0 0
vt 0.115762 0
vt 0.225857 0.035772
vt 0.31951 0.103815
vt 0.387553 0.197468
vt 0.423325 0.307564
vt 0.423325 0.423325
vt 0.387553 0.533421
vt 0.31951 0.627074
vt 0.225857 0.695117
vt 0.115762 0.730889
vt 0 0.730889
vt -0.110096 0.695117
vt -0.203749 0.627074
vt -0.271792 0.533421
vt -0.307564 0.423325
vt -0.307564 0.307564
vt -0.271792 0.197468
vt -0.203749 0.103815
vt -0.110096 0.035772
vn 0 -1 0
vn 0 -1 0
vn 0 -1 0
vn 0 -1 0
vn 0 -1 0
vn 0 -1 0
vn 0 -1 0
vn 0 -1 0
vn 0 -1 0
vn 0 -1 0
vn 0 -1 0
vn 0 -1 0
vn 0 -1 0
vn 0 -1 0
vn 0 -1 0
vn 0 -1 0
vn 0 -1 0
vn 0 -1 0
vn 0 -1 0
vn 0 -1 0
f 1441/1441/1441 1442/1442/1442 1443/1443/1443
f 1441/1441/1441 1443/1443/1443 1444/1444/1444
f 1441/1441/1441 1444/1444/1444 1445/1445/1445
f 1441/1441/1441 1445/1445/1445 1446/1446/1446
f 1441/1441/1441 1446/1446/1446 1447/1447/1447
f 1441/1441/1441 1447/1447/1447 1448/1448/1448
f 1441/1441/1441 1448/1448/1448 1449/1449/1449
f 1441/1441/1441 1449/1449/1449 1450/1450/1450
f 1441/1441/1441 1450/1450/1450 1451/1451/1451
f 1441/1441/1441 1451/1451/1451 1452/1452/1452
f 1441/1441/1441 1452/1452/1452 1453/1453/1453
f 1441/1441/1441 1453/1453/1453 1454/1454/1454
f 1441/1441/1441 1454/1454/1454 1455/1455/1455
f 1441/1441/1441 1455/1455/1455 1456/1456/1456
f 1441/1441/1441 1456/1456/1456 1457/1457/1457
f 1441/1441/1441 1457/1457/1457 1458/1458/1458
f 1441/1441/1441 1458/1458/1458 1459/1459/1459
f 1441/1441/1441 1459/1459/1459 1460/1460/1460
v 6.351891 6.395 -1.264336
v 6.299336 6.395 -1.367481
v 6.217481 6.395 -1.449336
v 6.114336 6.395 -1.501891
v 6 6.395 -1.52
v 5.885664 6.395 -1.501891
v 5.782519 6.395 -1.449336
v 5.700664 6.395 -1.367481
v 5.648109 6.395 -1.264336
v 5.63 6.395 -1.15
v 5.648109 6.395 -1.035664
v 5.700664 6.395 -0.932519
v 5.782519 6.395 -0.850664
v 5.885664 6.395 -0.798109
v 6 6.395 -0.78
v 6.114336 6.395 -0.798109
v 6.217481 6.395 -0.850664
v 6.299336 6.395 -0.932519
v 6.351891 6.395 -1.035664
v 6.37 6.395 -1.15
vt 0 0
vt 0.115762 0
vt 0.225857 0.035772
vt 0.31951 0.103815
vt 0.387553 0.197468
vt 0.423325 0.307564
vt 0.423325 0.423325
vt 0.387553 0.533421
vt 0.31951 0.627074
vt 0.225857 0.695117
vt 0.115762 0.730889
vt 0 0.730889
vt -0.110096 0.695117
vt -0.203749 0.627074
vt -0.271792 0.533421
vt -0.307564 0.423325
vt -0.307564 0.307564
vt -0.271792 0.197468
vt -0.203749 0.103815
vt -0.110096 0.035772
vn 0 1 0
vn 0 1 0
vn 0 1 0
vn 0 1 0
vn 0 1 0
vn 0 1 0
vn 0 1 0
vn 0 1 0
vn 0 1 0
vn 0 1 0
vn 0 1 0
vn 0 1 0
vn 0 1 0
vn 0 1 0
vn 0 1 0
vn 0 1 0
vn 0 1 0
vn 0 1 0
vn 0 1 0
vn 0 1 0
f 1461/1461/1461 1462/1462/1462 1463/1463/1463
f 1461/1461/1461 1463/1463/1463 1464/1464/1464
f 1461/1461/1461 1464/1464/1464 1465/1465/1465
f 1461/1461/1461 1465/1465/1465 1466/1466/1466
f 1461/1461/1461 1466/1466/1466 1467/1467/1467
f 1461/1461/1461 1467/1467/1467 1468/1468/1468
f 1461/1461/1461 1468/1468/1468 1469/1469/1469
f 1461/1461/1461 1469/1469/1469 1470/1470/1470
f 1461/1461/1461 1470/1470/1470 1471/1471/1471
f 1461/1461/1461 1471/1471/1471 1472/1472/1472
f 1461/1461/1461 1472/1472/1472 1473/1473/1473
f 1461/1461/1461 1473/1473/1473 1474/1474/1474
f 1461/1461/1461 1474/1474/1474 1475/1475/1475
f 1461/1461/1461 1475/1475/1475 1476/1476/1476
f 1461/1461/1461 1476/1476/1476 1477/1477/1477
f 1461/1461/1461 1477/1477/1477 1478/1478/1478
f 1461/1461/1461 1478/1478/1478 1479/1479/1479
f 1461/1461/1461 1479/1479/1479 1480/1480/1480
v 6.37 5.645 -1.15
v 6.37 6.395 -1.15
v 6.351891 6.395 -1.035664
v 6.351891 5.645 -1.035664
vt 0 0
vt 0.75 0
vt 0.75 0.115762
vt 0 0.115762
vn 0.987688 0 0.156434
vn 0.987688 0 0.156434
vn 0.987688 0 0.156434
vn 0.987688 0 0.156434
f 1481/1481/1481 1482/1482/1482 1483/1483/1483
f 1481/1481/1481 1483/1483/1483 1484/1484/1484
v 6.351891 5.645 -1.035664
v 6.351891 6.395 -1.035664
v 6.299336 6.395 -0.932519
v 6.299336 5.645 -0.932519
vt 0 0
vt 0.75 0
vt 0.75 0.115762
vt 0 0.115762
vn 0.891007 0 0.45399
vn 0.891007 0 0.45399
vn 0.891007 0 0.45399
vn 0.891007 0 0.45399
f 1485/1485/1485 1486/1486/1486 1487/1487/1487
f 1485/1485/1485 1487/1487/1487 1488/1488/1488
v 6.299336 5.645 -0.932519
v 6.299336 6.395 -0.932519
v 6.217481 6.395 -0.850664
v 6.217481 5.645 -0.850664
vt 0 0
vt 0.75 0
vt 0.75 0.115762
vt 0 0.115762
vn 0.707107 0 0.707107
vn 0.707107 0 0.707107
vn 0.707107 0 0.707107
vn 0.707107 0 0.707107
f 1489/1489/1489 1490/1490/1490 1491/1491/1491
f 1489/1489/1489 1491/1491/1491 1492/1492/1492
v 6.217481 5.645 -0.850664
v 6.217481 6.395 -0.850664
v 6.114336 6.395 -0.798109
v 6.114336 5.645 -0.798109
vt 0 0
vt 0.75 0
vt 0.75 0.115762
vt 0 0.115762
vn 0.45399 0 0.891007
vn 0.45399 0 0.891007
vn 0.45399 0 0.891007
vn 0.45399 0 0.891007
f 1493/1493/1493 1494/1494/1494 1495/1495/1495
f 1493/1493/1493 1495/1495/1495 1496/1496/1496
v 6.114336 5.645 -0.798109
v 6.114336 6.395 -0.798109
v 6 6.395 -0.78
v 6 5.645 -0.78
vt 0 0
vt 0.75 0
vt 0.75 0.115762
vt 0 0.115762
vn 0.156434 0 0.987688
vn 0.156434 0 0.987688
vn 0.156434 0 0.987688
vn 0.156434 0 0.987688
f 1497/1497/1497 1498/1498/1498 1499/1499/1499
f 1497/1497/1497 1499/1499/1499 1500/1500/1500
v 6 5.645 -0.78
v 6 6.395 -0.78
v 5.885664 6.395 -0.798109
v 5.885664 5.645 -0.798109
vt 0 0
vt 0.75 0
vt 0.75 0.115762
vt 0 0.115762
vn -0.156434 0 0.987688
vn -0.156434 0 0.987688
vn -0.156434 0 0.987688
vn -0.156434 0 0.987688
f 1501/1501/1501 1502/1502/1502 1503/1503/1503
f 1501/1501/1501 1503/1503/1503 1504/1504/1504
v 5.885664 5.645 -0.798109
v 5.885664 6.395 -0.798109
v 5.782519 6.395 -0.850664
v 5.782519 5.645 -0.850664
vt 0 0
vt 0.75 0
vt 0.75 0.115762
vt 0 0.115762
vn -0.45399 0 0.891007
vn -0.45399 0 0.891007
vn -0.45399 0 0.891007
vn -0.45399 0 0.891007
f 1505/1505/1505 1506/1506/1506 1507/1507/1507
f 1505/1505/1505 1507/1507/1507 1508/1508/1508
v 5.782519 5.645 -0.850664
v 5.782519 6.395 -0.850664
v 5.700664 6.395 -0.932519
v 5.700664 5.645 -0.932519
vt 0 0
vt 0.75 0
vt 0.75 0.115762
vt 0 0.115762
vn -0.707107 0 0.707107
vn -0.707107 0 0.707107
vn -0.707107 0 0.707107
vn -0.707107 0 0.707107
f 1509/1509/1509 1510/1510/1510 1511/1511/1511
f 1509/1509/1509 1511/1511/1511 1512/1512/1512
v 5.700664 5.645 -0.932519
v 5.700664 6.395 -0.932519
v 5.648109 6.395 -1.035664
v 5.648109 5.645 -1.035664
vt 0 0
vt 0.75 0
vt 0.75 0.115762
vt 0 0.115762
vn -0.891007 0 0.45399
vn -0.891007 0 0.45399
vn -0.891007 0 0.45399
vn -0.891007 0 0.45399
f 1513/1513/1513 1514/1514/1514 1515/1515/1515
f 1513/1513/1513 1515/1515/1515 1516/1516/1516
v 5.648109 5.645 -1.035664
v 5.648109 6.395 -1.035664
v 5.63 6.395 -1.15
v 5.63 5.645 -1.15
vt 0 0
vt 0.75 0
vt 0.75 0.115762
vt 0 0.115762
vn -0.987688 0 0.156434
vn -0.987688 0 0.156434
vn -0.987688 0 0.156434
vn -0.987688 0 0.156434
f 1517/1517/1517 1518/1518/1518 1519/1519/1519
f 1517/1517/1517 1519/1519/1519 1520/1520/1520
v 5.63 5.645 -1.15
v 5.63 6.395 -1.15
v 5.648109 6.395 -1.264336
v 5.648109 5.645 -1.264336
vt 0 0
vt 0.75 0
vt 0.75 0.115762
vt 0 0.115762
vn -0.987688 0 -0.156434
vn -0.987688 0 -0.156434
vn -0.987688 0 -0.156434
vn -0.987688 0 -0.156434
f 1521/1521/1521 1522/1522/1522 1523/1523/1523
f 1521/1521/1521 1523/1523/1523 1524/1524/1524
v 5.648109 5.645 -1.264336
v 5.648109 6.395 -1.264336
v 5.700664 6.395 -1.367481
v 5.700664 5.645 -1.367481
vt 0 0
vt 0.75 0
vt 0.75 0.115762
vt 0 0.115762
vn -0.891007 0 -0.45399
vn -0.891007 0 -0.45399
vn -0.891007 0 -0.45399
vn -0.891007 0 -0.45399
f 1525/1525/1525 1526/1526/1526 1527/1527/1527
f 1525/1525/1525 1527/1527/1527 1528/1528/1528
v 5.700664 5.645 -1.367481
v 5.700664 6.395 -1.367481
v 5.782519 6.395 -1.449336
v 5.782519 5.645 -1.449336
vt 0 0
vt 0.75 0
vt 0.75 0.115762
vt 0 0.115762
vn -0.707107 0 -0.707107
vn -0.707107 0 -0.707107
vn -0.707107 0 -0.707107
vn -0.707107 0 -0.707107
f 1529/1529/1529 1530/1530/1530 1531/1531/1531
f 1529/1529/1529 1531/1531/1531 1532/1532/1532
v 5.782519 5.645 -1.449336
v 5.782519 6.395 -1.449336
v 5.885664 6.395 -1.501891
v 5.885664 5.645 -1.501891
vt 0 0
vt 0.75 0
vt 0.75 0.115762
vt 0 0.115762
vn -0.45399 0 -0.891007
vn -0.45399 0 -0.891007
vn -0.45399 0 -0.891007
vn -0.45399 0 -0.891007
f 1533/1533/1533 1534/1534/1534 1535/1535/1535
f 1533/1533/1533 1535/1535/1535 1536/1536/1536
v 5.885664 5.645 -1.501891
v 5.885664 6.395 -1.501891
v 6 6.395 -1.52
v 6 5.645 -1.52
vt 0 0
vt 0.75 0
vt 0.75 0.115762
vt 0 0.115762
vn -0.156434 0 -0.987688
vn -0.156434 0 -0.987688
vn -0.156434 0 -0.987688
vn -0.156434 0 -0.987688
f 1537/1537/1537 1538/1538/1538 1539/1539/1539
f 1537/1537/1537 1539/1539/1539 1540/1540/1540
v 6 5.645 -1.52
v 6 6.395 -1.52
v 6.114336 6.395 -1.501891
v 6.114336 5.645 -1.501891
vt 0 0
vt 0.75 0
vt 0.75 0.115762
vt 0 0.115762
vn 0.156434 0 -0.987688
vn 0.156434 0 -0.987688
vn 0.156434 0 -0.987688
vn 0.156434 0 -0.987688
f 1541/1541/1541 1542/1542/1542 1543/1543/1543
f 1541/1541/1541 1543/1543/1543 1544/1544/1544
v 6.114336 5.645 -1.501891
v 6.114336 6.395 -1.501891
v 6.217481 6.395 -1.449336
v 6.217481 5.645 -1.449336
vt 0 0
vt 0.75 0
vt 0.75 0.115762
vt 0 0.115762
vn 0.45399 0 -0.891007
vn 0.45399 0 -0.891007
vn 0.45399 0 -0.891007
vn 0.45399 0 -0.891007
f 1545/1545/1545 1546/1546/1546 1547/1547/1547
f 1545/1545/1545 1547/1547/1547 1548/1548/1548
v 6.217481 5.645 -1.449336
v 6.217481 6.395 -1.449336
v 6.299336 6.395 -1.367481
v 6.299336 5.645 -1.367481
vt 0 0
vt 0.75 0
vt 0.75 0.115762
vt 0 0.115762
vn 0.707107 0 -0.707107
vn 0.707107 0 -0.707107
vn 0.707107 0 -0.707107
vn 0.707107 0 -0.707107
f 1549/1549/1549 1550/1550/1550 1551/1551/1551
f 1549/1549/1549 1551/1551/1551 1552/1552/1552
v 6.299336 5.645 -1.367481
v 6.299336 6.395 -1.367481
v 6.351891 6.395 -1.264336
v 6.351891 5.645 -1.264336
vt 0 0
vt 0.75 0
vt 0.75 0.115762
vt 0 0.115762
vn 0.891007 0 -0.45399
vn 0.891007 0 -0.45399
vn 0.891007 0 -0.45399
vn 0.891007 0 -0.45399
f 1553/1553/1553 1554/1554/1554 1555/1555/1555
f 1553/1553/1553 1555/1555/1555 1556/1556/1556
v 6.351891 5.645 -1.264336
v 6.351891 6.395 -1.264336
v 6.37 6.395 -1.15
v 6.37 5.645 -1.15
vt 0 0
vt 0.75 0
vt 0.75 0.115762
vt 0 0.115762
vn 0.987688 0 -0.156434
vn 0.987688 0 -0.156434
vn 0.987688 0 -0.156434
vn 0.987688 0 -0.156434
f 1557/1557/1557 1558/1558/1558 1559/1559/1559
f 1557/1557/1557 1559/1559/1559 1560/1560/1560
v -1.54 4.455 -1.15
v -1.556641 4.455 -1.044934
v -1.604934 4.455 -0.950153
v -1.680153 4.455 -0.874934
v -1.774934 4.455 -0.826641
v -1.88 4.455 -0.81
v -1.985066 4.455 -0.826641
v -2.079847 4.455 -0.874934
v -2.155066 4.455 -0.950153
v -2.203359 4.455 -1.044934
v -2.22 4.455 -1.15
v -2.203359 4.455 -1.255066
v -2.155066 4.455 -1.349847
v -2.079847 4.455 -1.425066
v -1.985066 4.455 -1.473359
v -1.88 4.455 -1.49
v -1.774934 4.455 -1.473359
v -1.680153 4.455 -1.425066
v -1.604934 4.455 -1.349847
v -1.556641 4.455 -1.255066
vt 0 0
vt 0.106375 0
vt 0.207544 0.032872
vt 0.293604 0.095398
vt 0.35613 0.181457
vt 0.389002 0.282626
vt 0.389002 0.389002
vt 0.35613 0.490171
vt 0.293604 0.57623
vt 0.207544 0.638756
vt 0.106375 0.671628
vt 0 0.671628
vt -0.101169 0.638756
vt -0.187229 0.57623
vt -0.249755 0.490171
vt -0.282626 0.389002
vt -0.282626 0.282626
vt -0.249755 0.181457
vt -0.187229 0.095398
vt -0.101169 0.032872
vn 0 -1 0
vn 0 -1 0
vn 0 -1 0
vn 0 -1 0
vn 0 -1 0
vn 0 -1 0
vn 0 -1 0
vn 0 -1 0
vn 0 -1 0
vn 0 -1 0
vn 0 -1 0
vn 0 -1 0
vn 0 -1 0
vn 0 -1 0
vn 0 -1 0
vn 0 -1 0
vn 0 -1 0
vn 0 -1 0
vn 0 -1 0
vn 0 -1 0
f 1561/1561/1561 1562/1562/1562 1563/1563/1563
f 1561/1561/1561 1563/1563/1563 1564/1564/1564
f 1561/1561/1561 1564/1564/1564 1565/1565/1565
f 1561/1561/1561 1565/1565/1565 1566/1566/1566
f 1561/1561/1561 1566/1566/1566 1567/1567/1567
f 1561/1561/1561 1567/1567/1567 1568/1568/1568
f 1561/1561/1561 1568/1568/1568 1569/1569/1569
f 1561/1561/1561 1569/1569/1569 1570/1570/1570
f 1561/1561/1561 1570/1570/1570 1571/1571/1571
f 1561/1561/1561 1571/1571/1571 1572/1572/1572
f 1561/1561/1561 1572/1572/1572 1573/1573/1573
f 1561/1561/1561 1573/1573/1573 1574/1574/1574
f 1561/1561/1561 1574/1574/1574 1575/1575/1575
f 1561/1561/1561 1575/1575/1575 1576/1576/1576
f 1561/1561/1561 1576/1576/1576 1577/1577/1577
f 1561/1561/1561 1577/1577/1577 1578/1578/1578
f 1561/1561/1561 1578/1578/1578 1579/1579/1579
f 1561/1561/1561 1579/1579/1579 1580/1580/1580
v -1.556641 5.705 -1.255066
v -1.604934 5.705 -1.349847
v -1.680153 5.705 -1.425066
v -1.774934 5.705 -1.473359
v -1.88 5.705 -1.49
v -1.985066 5.705 -1.473359
v -2.079847 5.705 -1.425066
v -2.155066 5.705 -1.349847
v -2.203359 5.705 -1.255066
v -2.22 5.705 -1.15
v -2.203359 5.705 -1.044934
v -2.155066 5.705 -0.950153
v -2.079847 5.705 -0.874934
v -1.985066 5.705 -0.826641
v -1.88 5.705 -0.81
v -1.774934 5.705 -0.826641
v -1.680153 5.705 -0.874934
v -1.604934 5.705 -0.950153
v -1.556641 5.705 -1.044934
v -1.54 5.705 -1.15
vt 0 0
vt 0.106375 0
vt 0.207544 0.032872
vt 0.293604 0.095398
vt 0.35613 0.181457
vt 0.389002 0.282626
vt 0.389002 0.389002
vt 0.35613 0.490171
vt 0.293604 0.57623
vt 0.207544 0.638756
vt 0.106375 0.671628
vt 0 0.671628
vt -0.101169 0.638756
vt -0.187229 0.57623
vt -0.249755 0.490171
vt -0.282626 0.389002
vt -0.282626 0.282626
vt -0.249755 0.181457
vt -0.187229 0.095398
vt -0.101169 0.032872
vn 0 1 0
vn 0 1 0
vn 0 1 0
vn 0 1 0
vn 0 1 0
vn 0 1 0
vn 0 1 0
vn 0 1 0
vn 0 1 0
vn 0 1 0
vn 0 1 0
vn 0 1 0
vn 0 1 0
vn 0 1 0
vn 0 1 0
vn 0 1 0
vn 0 1 0
vn 0 1 0
vn 0 1 0
vn 0 1 0
f 1581/1581/1581 1582/1582/1582 1583/1583/1583
f 1581/1581/1581 1583/1583/1583 1584/1584/1584
f 1581/1581/1581 1584/1584/1584 1585/1585/1585
f 1581/1581/1581 1585/1585/1585 1586/1586/1586
f 1581/1581/1581 1586/1586/1586 1587/1587/1587
f 1581/1581/1581 1587/1587/1587 1588/1588/1588
f 1581/1581/1581 1588/1588/1588 1589/1589/1589
f 1581/1581/1581 1589/1589/1589 1590/1590/1590
f 1581/1581/1581 1590/1590/1590 1591/1591/1591
f 1581/1581/1581 1591/1591/1591 1592/1592/1592
f 1581/1581/1581 1592/1592/1592 1593/1593/1593
f 1581/1581/1581 1593/1593/1593 1594/1594/1594
f 1581/1581/1581 1594/1594/1594 1595/1595/1595
f 1581/1581/1581 1595/1595/1595 1596/1596/1596
f 1581/1581/1581 1596/1596/1596 1597/1597/1597
f 1581/1581/1581 1597/1597/1597 1598/1598/1598
f 1581/1581/1581 1598/1598/1598 1599/1599/1599
f 1581/1581/1581 1599/1599/1599 1600/1600/1600
v -1.54 4.455 -1.15
v -1.54 5.705 -1.15
v -1.556641 5.705 -1.044934
v -1.556641 4.455 -1.044934
vt 0 0
vt 1.25 0
vt 1.25 0.106375
vt 0 0.106375
vn 0.987688 0 0.156434
vn 0.987688 0 0.156434
vn 0.987688 0 0.156434
vn 0.987688 0 0.156434
f 1601/1601/1601 1602/1602/1602 1603/1603/1603
f 1601/1601/1601 1603/1603/1603 1604/1604/1604
v -1.556641 4.455 -1.044934
v -1.556641 5.705 -1.044934
v -1.604934 5.705 -0.950153
v -1.604934 4.455 -0.950153
vt 0 0
vt 1.25 0
vt 1.25 0.106375
vt 0 0.106375
vn 0.891007 0 0.45399
vn 0.891007 0 0.45399
vn 0.891007 0 0.45399
vn 0.891007 0 0.45399
f 1605/1605/1605 1606/1606/1606 1607/1607/1607
f 1605/1605/1605 1607/1607/1607 1608/1608/1608
v -1.604934 4.455 -0.950153
v -1.604934 5.705 -0.950153
v -1.680153 5.705 -0.874934
v -1.680153 4.455 -0.874934
vt 0 0
vt 1.25 0
vt 1.25 0.106375
vt 0 0.106375
vn 0.707107 0 0.707107
vn 0.707107 0 0.707107
vn 0.707107 0 0.707107
vn 0.707107 0 0.707107
f 1609/1609/1609 1610/1610/1610 1611/1611/1611
f 1609/1609/1609 1611/1611/1611 1612/1612/1612
v -1.680153 4.455 -0.874934
v -1.680153 5.705 -0.874934
v -1.774934 5.705 -0.826641
v -1.774934 4.455 -0.826641
vt 0 0
vt 1.25 0
vt 1.25 0.106375
vt 0 0.106375
vn 0.45399 0 0.891007
vn 0.45399 0 0.891007
vn 0.45399 0 0.891007
vn 0.45399 0 0.891007
f 1613/1613/1613 1614/1614/1614 1615/1615/1615
f 1613/1613/1613 1615/1615/1615 1616/1616/1616
v -1.774934 4.455 -0.826641
v -1.774934 5.705 -0.826641
v -1.88 5.705 -0.81
v -1.88 4.455 -0.81
vt 0 0
vt 1.25 0
vt 1.25 0.106375
vt 0 0.106375
vn 0.156434 0 0.987688
vn 0.156434 0 0.987688
vn 0.156434 0 0.987688
vn 0.156434 0 0.987688
f 1617/1617/1617 1618/1618/1618 1619/1619/1619
f 1617/1617/1617 1619/1619/1619 1620/1620/1620
v -1.88 4.455 -0.81
v -1.88 5.705 -0.81
v -1.985066 5.705 -0.826641
v -1.985066 4.455 -0.826641
vt 0 0
vt 1.25 0
vt 1.25 0.106375
vt 0 0.106375
vn -0.156434 0 0.987688
vn -0.156434 0 0.987688
vn -0.156434 0 0.987688
vn -0.156434 0 0.987688
f 1621/1621/1621 1622/1622/1622 1623/1623/1623
f 1621/1621/1621 1623/1623/1623 1624/1624/1624
v -1.985066 4.455 -0.826641
v -1.985066 5.705 -0.826641
v -2.079847 5.705 -0.874934
v -2.079847 4.455 -0.874934
vt 0 0
vt 1.25 0
vt 1.25 0.106375
vt 0 0.106375
vn -0.45399 0 0.891007
vn -0.45399 0 0.891007
vn -0.45399 0 0.891007
vn -0.45399 0 0.891007
f 1625/1625/1625 1626/1626/1626 1627/1627/1627
f 1625/1625/1625 1627/1627/1627 1628/1628/1628
v -2.079847 4.455 -0.874934
v -2.079847 5.705 -0.874934
v -2.155066 5.705 -0.950153
v -2.155066 4.455 -0.950153
vt 0 0
vt 1.25 0
vt 1.25 0.106375
vt 0 0.106375
vn -0.707107 0 0.707107
vn -0.707107 0 0.707107
vn -0.707107 0 0.707107
vn -0.707107 0 0.707107
f 1629/1629/1629 1630/1630/1630 1631/1631/1631
f 1629/1629/1629 1631/1631/1631 1632/1632/1632
v -2.155066 4.455 -0.950153
v -2.155066 5.705 -0.950153
v -2.203359 5.705 -1.044934
v -2.203359 4.455 -1.044934
vt 0 0
vt 1.25 0
vt 1.25 0.106375
vt 0 0.106375
vn -0.891007 0 0.45399
vn -0.891007 0 0.45399
vn -0.891007 0 0.45399
vn -0.891007 0 0.45399
f 1633/1633/1633 1634/1634/1634 1635/1635/1635
f 1633/1633/1633 1635/1635/1635 1636/1636/1636
v -2.203359 4.455 -1.044934
v -2.203359 5.705 -1.044934
v -2.22 5.705 -1.15
v -2.22 4.455 -1.15
vt 0 0
vt 1.25 0
vt 1.25 0.106375
vt 0 0.106375
vn -0.987688 0 0.156434
vn -0.987688 0 0.156434
vn -0.987688 0 0.156434
vn -0.987688 0 0.156434
f 1637/1637/1637 1638/1638/1638 1639/1639/1639
f 1637/1637/1637 1639/1639/1639 1640/1640/1640
v -2.22 4.455 -1.15
v -2.22 5.705 -1.15
v -2.203359 5.705 -1.255066
v -2.203359 4.455 -1.255066
vt 0 0
vt 1.25 0
vt 1.25 0.106375
vt 0 0.106375
vn -0.987688 0 -0.156434
vn -0.987688 0 -0.156434
vn -0.987688 0 -0.156434
vn -0.987688 0 -0.156434
f 1641/1641/1641 1642/1642/1642 1643/1643/1643
f 1641/1641/1641 1643/1643/1643 1644/1644/1644
v -2.203359 4.455 -1.255066
v -2.203359 5.705 -1.255066
v -2.155066 5.705 -1.349847
v -2.155066 4.455 -1.349847
vt 0 0
vt 1.25 0
vt 1.25 0.106375
vt 0 0.106375
vn -0.891007 0 -0.45399
vn -0.891007 0 -0.45399
vn -0.891007 0 -0.45399
vn -0.891007 0 -0.45399
f 1645/1645/1645 1646/1646/1646 1647/1647/1647
f 1645/1645/1645 1647/1647/1647 1648/1648/1648
v -2.155066 4.455 -1.349847
v -2.155066 5.705 -1.349847
v -2.079847 5.705 -1.425066
v -2.079847 4.455 -1.425066
vt 0 0
vt 1.25 0
vt 1.25 0.106375
vt 0 0.106375
vn -0.707107 0 -0.707107
vn -0.707107 0 -0.707107
vn -0.707107 0 -0.707107
vn -0.707107 0 -0.707107
f 1649/1649/1649 1650/1650/1650 1651/1651/1651
f 1649/1649/1649 1651/1651/1651 1652/1652/1652
v -2.079847 4.455 -1.425066
v -2.079847 5.705 -1.425066
v -1.985066 5.705 -1.473359
v -1.985066 4.455 -1.473359
vt 0 0
vt 1.25 0
vt 1.25 0.106375
vt 0 0.106375
vn -0.45399 0 -0.891007
vn -0.45399 0 -0.891007
vn -0.45399 0 -0.891007
vn -0.45399 0 -0.891007
f 1653/1653/1653 1654/1654/1654 1655/1655/1655
f 1653/1653/1653 1655/1655/1655 1656/1656/1656
v -1.985066 4.455 -1.473359
v -1.985066 5.705 -1.473359
v -1.88 5.705 -1.49
v -1.88 4.455 -1.49
vt 0 0
vt 1.25 0
vt 1.25 0.106375
vt 0 0.106375
vn -0.156434 0 -0.987688
vn -0.156434 0 -0.987688
vn -0.156434 0 -0.987688
vn -0.156434 0 -0.987688
f 1657/1657/1657 1658/1658/1658 1659/1659/1659
f 1657/1657/1657 1659/1659/1659 1660/1660/1660
v -1.88 4.455 -1.49
v -1.88 5.705 -1.49
v -1.774934 5.705 -1.473359
v -1.774934 4.455 -1.473359
vt 0 0
vt 1.25 0
vt 1.25 0.106375
vt 0 0.106375
vn 0.156434 0 -0.987688
vn 0.156434 0 -0.987688
vn 0.156434 0 -0.987688
vn 0.156434 0 -0.987688
f 1661/1661/1661 1662/1662/1662 1663/1663/1663
f 1661/1661/1661 1663/1663/1663 1664/1664/1664
v -1.774934 4.455 -1.473359
v -1.774934 5.705 -1.473359
v -1.680153 5.705 -1.425066
v -1.680153 4.455 -1.425066
vt 0 0
vt 1.25 0
vt 1.25 0.106375
vt 0 0.106375
vn 0.45399 0 -0.891007
vn 0.45399 0 -0.891007
vn 0.45399 0 -0.891007
vn 0.45399 0 -0.891007
f 1665/1665/1665 1666/1666/1666 1667/1667/1667
f 1665/1665/1665 1667/1667/1667 1668/1668/1668
v -1.680153 4.455 -1.425066
v -1.680153 5.705 -1.425066
v -1.604934 5.705 -1.349847
v -1.604934 4.455 -1.349847
vt 0 0
vt 1.25 0
vt 1.25 0.106375
vt 0 0.106375
vn 0.707107 0 -0.707107
vn 0.707107 0 -0.707107
vn 0.707107 0 -0.707107
vn 0.707107 0 -0.707107
f 1669/1669/1669 1670/1670/1670 1671/1671/1671
f 1669/1669/1669 1671/1671/1671 1672/1672/1672
v -1.604934 4.455 -1.349847
v -1.604934 5.705 -1.349847
v -1.556641 5.705 -1.255066
v -1.556641 4.455 -1.255066
vt 0 0
vt 1.25 0
vt 1.25 0.106375
vt 0 0.106375
vn 0.891007 0 -0.45399
vn 0.891007 0 -0.45399
vn 0.891007 0 -0.45399
vn 0.891007 0 -0.45399
f 1673/1673/1673 1674/1674/1674 1675/1675/1675
f 1673/1673/1673 1675/1675/1675 1676/1676/1676
v -1.556641 4.455 -1.255066
v -1.556641 5.705 -1.255066
v -1.54 5.705 -1.15
v -1.54 4.455 -1.15
vt 0 0
vt 1.25 0
vt 1.25 0.106375
vt 0 0.106375
vn 0.987688 0 -0.156434
vn 0.987688 0 -0.156434
vn 0.987688 0 -0.156434
vn 0.987688 0 -0.156434
f 1677/1677/1677 1678/1678/1678 1679/1679/1679
f 1677/1677/1677 1679/1679/1679 1680/1680/1680
v 2.22 4.455 -1.15
v 2.203359 4.455 -1.044934
v 2.155066 4.455 -0.950153
v 2.079847 4.455 -0.874934
v 1.985066 4.455 -0.826641
v 1.88 4.455 -0.81
v 1.774934 4.455 -0.826641
v 1.680153 4.455 -0.874934
v 1.604934 4.455 -0.950153
v 1.556641 4.455 -1.044934
v 1.54 4.455 -1.15
v 1.556641 4.455 -1.255066
v 1.604934 4.455 -1.349847
v 1.680153 4.455 -1.425066
v 1.774934 4.455 -1.473359
v 1.88 4.455 -1.49
v 1.985066 4.455 -1.473359
v 2.079847 4.455 -1.425066
v 2.155066 4.455 -1.349847
v 2.203359 4.455 -1.255066
vt 0 0
vt 0.106375 0
vt 0.207544 0.032872
vt 0.293604 0.095398
vt 0.35613 0.181457
vt 0.389002 0.282626
vt 0.389002 0.389002
vt 0.35613 0.490171
vt 0.293604 0.57623
vt 0.207544 0.638756
vt 0.106375 0.671628
vt 0 0.671628
vt -0.101169 0.638756
vt -0.187229 0.57623
vt -0.249755 0.490171
vt -0.282626 0.389002
vt -0.282626 0.282626
vt -0.249755 0.181457
vt -0.187229 0.095398
vt -0.101169 0.032872
vn 0 -1 0
vn 0 -1 0
vn 0 -1 0
vn 0 -1 0
vn 0 -1 0
vn 0 -1 0
vn 0 -1 0
vn 0 -1 0
vn 0 -1 0
vn 0 -1 0
vn 0 -1 0
vn 0 -1 0
vn 0 -1 0
vn 0 -1 0
vn 0 -1 0
vn 0 -1 0
vn 0 -1 0
vn 0 -1 0
vn 0 -1 0
vn 0 -1 0
f 1681/1681/1681 1682/1682/1682 1683/1683/1683
f 1681/1681/1681 1683/1683/1683 1684/1684/1684
f 1681/1681/1681 1684/1684/1684 1685/1685/1685
f 1681/1681/1681 1685/1685/1685 1686/1686/1686
f 1681/1681/1681 1686/1686/1686 1687/1687/1687
f 1681/1681/1681 1687/1687/1687 1688/1688/1688
f 1681/1681/1681 1688/1688/1688 1689/1689/1689
f 1681/1681/1681 1689/1689/1689 1690/1690/1690
f 1681/1681/1681 1690/1690/1690 1691/1691/1691
f 1681/1681/1681 1691/1691/1691 1692/1692/1692
f 1681/1681/1681 1692/1692/1692 1693/1693/1693
f 1681/1681/1681 1693/1693/1693 1694/1694/1694
f 1681/1681/1681 1694/1694/1694 1695/1695/1695
f 1681/1681/1681 1695/1695/1695 1696/1696/1696
f 1681/1681/1681 1696/1696/1696 1697/1697/1697
f 1681/1681/1681 1697/1697/1697 1698/1698/1698
f 1681/1681/1681 1698/1698/1698 1699/1699/1699
f 1681/1681/1681 1699/1699/1699 1700/1700/1700
v 2.203359 5.705 -1.255066
v 2.155066 5.705 -1.349847
v 2.079847 5.705 -1.425066
v 1.985066 5.705 -1.473359
v 1.88 5.705 -1.49
v 1.774934 5.705 -1.473359
v 1.680153 5.705 -1.425066
v 1.604934 5.705 -1.349847
v 1.556641 5.705 -1.255066
v 1.54 5.705 -1.15
v 1.556641 5.705 -1.044934
v 1.604934 5.705 -0.950153
v 1.680153 5.705 -0.874934
v 1.774934 5.705 -0.826641
v 1.88 5.705 -0.81
v 1.985066 5.705 -0.826641
v 2.079847 5.705 -0.874934
v 2.155066 5.705 -0.950153
v 2.203359 5.705 -1.044934
v 2.22 5.705 -1.15
vt 0 0
vt 0.106375 0
vt 0.207544 0.032872
vt 0.293604 0.095398
vt 0.35613 0.181457
vt 0.389002 0.282626
vt 0.389002 0.389002
vt 0.35613 0.490171
vt 0.293604 0.57623
vt 0.207544 0.638756
vt 0.106375 0.671628
vt 0 0.671628
vt -0.101169 0.638756
vt -0.187229 0.57623
vt -0.249755 0.490171
vt -0.282626 0.389002
vt -0.282626 0.282626
vt -0.249755 0.181457
vt -0.187229 0.095398
vt -0.101169 0.032872
vn 0 1 0
vn 0 1 0
vn 0 1 0
vn 0 1 0
vn 0 1 0
vn 0 1 0
vn 0 1 0
vn 0 1 0
vn 0 1 0
vn 0 1 0
vn 0 1 0
vn 0 1 0
vn 0 1 0
vn 0 1 0
vn 0 1 0
vn 0 1 0
vn 0 1 0
vn 0 1 0
vn 0 1 0
vn 0 1 0
f 1701/1701/1701 1702/1702/1702 1703/1703/1703
f 1701/1701/1701 1703/1703/1703 1704/1704/1704
f 1701/1701/1701 1704/1704/1704 1705/1705/1705
f 1701/1701/1701 1705/1705/1705 1706/1706/1706
f 1701/1701/1701 1706/1706/1706 1707/1707/1707
f 1701/1701/1701 1707/1707/1707 1708/1708/1708
f 1701/1701/1701 1708/1708/1708 1709/1709/1709
f 1701/1701/1701 1709/1709/1709 1710/1710/1710
f 1701/1701/1701 1710/1710/1710 1711/1711/1711
f 1701/1701/1701 1711/1711/1711 1712/1712/1712
f 1701/1701/1701 1712/1712/1712 1713/1713/1713
f 1701/1701/1701 1713/1713/1713 1714/1714/1714
f 1701/1701/1701 1714/1714/1714 1715/1715/1715
f 1701/1701/1701 1715/1715/1715 1716/1716/1716
f 1701/1701/1701 1716/1716/1716 1717/1717/1717
f 1701/1701/1701 1717/1717/1717 1718/1718/1718
f 1701/1701/1701 1718/1718/1718 1719/1719/1719
f 1701/1701/1701 1719/1719/1719 1720/1720/1720
v 2.22 4.455 -1.15
v 2.22 5.705 -1.15
v 2.203359 5.705 -1.044934
v 2.203359 4.455 -1.044934
vt 0 0
vt 1.25 0
vt 1.25 0.106375
vt 0 0.106375
vn 0.987688 0 0.156434
vn 0.987688 0 0.156434
vn 0.987688 0 0.156434
vn 0.987688 0 0.156434
f 1721/1721/1721 1722/1722/1722 1723/1723/1723
f 1721/1721/1721 1723/1723/1723 1724/1724/1724
v 2.203359 4.455 -1.044934
v 2.203359 5.705 -1.044934
v 2.155066 5.705 -0.950153
v 2.155066 4.455 -0.950153
vt 0 0
vt 1.25 0
vt 1.25 0.106375
vt 0 0.106375
vn 0.891007 0 0.45399
vn 0.891007 0 0.45399
vn 0.891007 0 0.45399
vn 0.891007 0 0.45399
f 1725/1725/1725 1726/1726/1726 1727/1727/1727
f 1725/1725/1725 1727/1727/1727 1728/1728/1728
v 2.155066 4.455 -0.950153
v 2.155066 5.705 -0.950153
v 2.079847 5.705 -0.874934
v 2.079847 4.455 -0.874934
vt 0 0
vt 1.25 0
vt 1.25 0.106375
vt 0 0.106375
vn 0.707107 0 0.707107
vn 0.707107 0 0.707107
vn 0.707107 0 0.707107
vn 0.707107 0 0.707107
f 1729/1729/1729 1730/1730/1730 1731/1731/1731
f 1729/1729/1729 1731/1731/1731 1732/1732/1732
v 2.079847 4.455 -0.874934
v 2.079847 5.705 -0.874934
v 1.985066 5.705 -0.826641
v 1.985066 4.455 -0.826641
vt 0 0
vt 1.25 0
vt 1.25 0.106375
vt 0 0.106375
vn 0.45399 0 0.891007
vn 0.45399 0 0.891007
vn 0.45399 0 0.891007
vn 0.45399 0 0.891007
f 1733/1733/1733 1734/1734/1734 1735/1735/1735
f 1733/1733/1733 1735/1735/1735 1736/1736/1736
v 1.985066 4.455 -0.826641
v 1.985066 5.705 -0.826641
v 1.88 5.705 -0.81
v 1.88 4.455 -0.81
vt 0 0
vt 1.25 0
vt 1.25 0.106375
vt 0 0.106375
vn 0.156434 0 0.987688
vn 0.156434 0 0.987688
vn 0.156434 0 0.987688
vn 0.156434 0 0.987688
f 1737/1737/1737 1738/1738/1738 1739/1739/1739
f 1737/1737/1737 1739/1739/1739 1740/1740/1740
v 1.88 4.455 -0.81
v 1.88 5.705 -0.81
v 1.774934 5.705 -0.826641
v 1.774934 4.455 -0.826641
vt 0 0
vt 1.25 0
vt 1.25 0.106375
vt 0 0.106375
vn -0.156434 0 0.987688
vn -0.156434 0 0.987688
vn -0.156434 0 0.987688
vn -0.156434 0 0.987688
f 1741/1741/1741 1742/1742/1742 1743/1743/1743
f 1741/1741/1741 1743/1743/1743 1744/1744/1744
v 1.774934 4.455 -0.826641
v 1.774934 5.705 -0.826641
v 1.680153 5.705 -0.874934
v 1.680153 4.455 -0.874934
vt 0 0
vt 1.25 0
vt 1.25 0.106375
vt 0 0.106375
vn -0.45399 0 0.891007
vn -0.45399 0 0.891007
vn -0.45399 0 0.891007
vn -0.45399 0 0.891007
f 1745/1745/1745 1746/1746/1746 1747/1747/1747
f 1745/1745/1745 1747/1747/1747 1748/1748/1748
v 1.680153 4.455 -0.874934
v 1.680153 5.705 -0.874934
v 1.604934 5.705 -0.950153
v 1.604934 4.455 -0.950153
vt 0 0
vt 1.25 0
vt 1.25 0.106375
vt 0 0.106375
vn -0.707107 0 0.707107
vn -0.707107 0 0.707107
vn -0.707107 0 0.707107
vn -0.707107 0 0.707107
f 1749/1749/1749 1750/1750/1750 1751/1751/1751
f 1749/1749/1749 1751/1751/1751 1752/1752/1752
v 1.604934 4.455 -0.950153
v 1.604934 5.705 -0.950153
v 1.556641 5.705 -1.044934
v 1.556641 4.455 -1.044934
vt 0 0
vt 1.25 0
vt 1.25 0.106375
vt 0 0.106375
vn -0.891007 0 0.45399
vn -0.891007 0 0.45399
vn -0.891007 0 0.45399
vn -0.891007 0 0.45399
f 1753/1753/1753 1754/1754/1754 1755/1755/1755
f 1753/1753/1753 1755/1755/1755 1756/1756/1756
v 1.556641 4.455 -1.044934
v 1.556641 5.705 -1.044934
v 1.54 5.705 -1.15
v 1.54 4.455 -1.15
vt 0 0
vt 1.25 0
vt 1.25 0.106375
vt 0 0.106375
vn -0.987688 0 0.156434
vn -0.987688 0 0.156434
vn -0.987688 0 0.156434
vn -0.987688 0 0.156434
f 1757/1757/1757 1758/1758/1758 1759/1759/1759
f 1757/1757/1757 1759/1759/1759 1760/1760/1760
v 1.54 4.455 -1.15
v 1.54 5.705 -1.15
v 1.556641 5.705 -1.255066
v 1.556641 4.455 -1.255066
vt 0 0
vt 1.25 0
vt 1.25 0.106375
vt 0 0.106375
vn -0.987688 0 -0.156434
vn -0.987688 0 -0.156434
vn -0.987688 0 -0.156434
vn -0.987688 0 -0.156434
f 1761/1761/1761 1762/1762/1762 1763/1763/1763
f 1761/1761/1761 1763/1763/1763 1764/1764/1764
v 1.556641 4.455 -1.255066
v 1.556641 5.705 -1.255066
v 1.604934 5.705 -1.349847
v 1.604934 4.455 -1.349847
vt 0 0
vt 1.25 0
vt 1.25 0.106375
vt 0 0.106375
vn -0.891007 0 -0.45399
vn -0.891007 0 -0.45399
vn -0.891007 0 -0.45399
vn -0.891007 0 -0.45399
f 1765/1765/1765 1766/1766/1766 1767/1767/1767
f 1765/1765/1765 1767/1767/1767 1768/1768/1768
v 1.604934 4.455 -1.349847
v 1.604934 5.705 -1.349847
v 1.680153 5.705 -1.425066
v 1.680153 4.455 -1.425066
vt 0 0
vt 1.25 0
vt 1.25 0.106375
vt 0 0.106375
vn -0.707107 0 -0.707107
vn -0.707107 0 -0.707107
vn -0.707107 0 -0.707107
vn -0.707107 0 -0.707107
f 1769/1769/1769 1770/1770/1770 1771/1771/1771
f 1769/1769/1769 1771/1771/1771 1772/1772/1772
v 1.680153 4.455 -1.425066
v 1.680153 5.705 -1.425066
v 1.774934 5.705 -1.473359
v 1.774934 4.455 -1.473359
vt 0 0
vt 1.25 0
vt 1.25 0.106375
vt 0 0.106375
vn -0.45399 0 -0.891007
vn -0.45399 0 -0.891007
vn -0.45399 0 -0.891007
vn -0.45399 0 -0.891007
f 1773/1773/1773 1774/1774/1774 1775/1775/1775
f 1773/1773/1773 1775/1775/1775 1776/1776/1776
v 1.774934 4.455 -1.473359
v 1.774934 5.705 -1.473359
v 1.88 5.705 -1.49
v 1.88 4.455 -1.49
vt 0 0
vt 1.25 0
vt 1.25 0.106375
vt 0 0.106375
vn -0.156434 0 -0.987688
vn -0.156434 0 -0.987688
vn -0.156434 0 -0.987688
vn -0.156434 0 -0.987688
f 1777/1777/1777 1778/1778/1778 1779/1779/1779
f 1777/1777/1777 1779/1779/1779 1780/1780/1780
v 1.88 4.455 -1.49
v 1.88 5.705 -1.49
v 1.985066 5.705 -1.473359
v 1.985066 4.455 -1.473359
vt 0 0
vt 1.25 0
vt 1.25 0.106375
vt 0 0.106375
vn 0.156434 0 -0.987688
vn 0.156434 0 -0.987688
vn 0.156434 0 -0.987688
vn 0.156434 0 -0.987688
f 1781/1781/1781 1782/1782/1782 1783/1783/1783
f 1781/1781/1781 1783/1783/1783 1784/1784/1784
v 1.985066 4.455 -1.473359
v 1.985066 5.705 -1.473359
v 2.079847 5.705 -1.425066
v 2.079847 4.455 -1.425066
vt 0 0
vt 1.25 0
vt 1.25 0.106375
vt 0 0.106375
vn 0.45399 0 -0.891007
vn 0.45399 0 -0.891007
vn 0.45399 0 -0.891007
vn 0.45399 0 -0.891007
f 1785/1785/1785 1786/1786/1786 1787/1787/1787
f 1785/1785/1785 1787/1787/1787 1788/1788/1788
v 2.079847 4.455 -1.425066
v 2.079847 5.705 -1.425066
v 2.155066 5.705 -1.349847
v 2.155066 4.455 -1.349847
vt 0 0
vt 1.25 0
vt 1.25 0.106375
vt 0 0.106375
vn 0.707107 0 -0.707107
vn 0.707107 0 -0.707107
vn 0.707107 0 -0.707107
vn 0.707107 0 -0.707107
f 1789/1789/1789 1790/1790/1790 1791/1791/1791
f 1789/1789/1789 1791/1791/1791 1792/1792/1792
v 2.155066 4.455 -1.349847
v 2.155066 5.705 -1.349847
v 2.203359 5.705 -1.255066
v 2.203359 4.455 -1.255066
vt 0 0
vt 1.25 0
vt 1.25 0.106375
vt 0 0.106375
vn 0.891007 0 -0.45399
vn 0.891007 0 -0.45399
vn 0.891007 0 -0.45399
vn 0.891007 0 -0.45399
f 1793/1793/1793 1794/1794/1794 1795/1795/1795
f 1793/1793/1793 1795/1795/1795 1796/1796/1796
v 2.203359 4.455 -1.255066
v 2.203359 5.705 -1.255066
v 2.22 5.705 -1.15
v 2.22 4.455 -1.15
vt 0 0
vt 1.25 0
vt 1.25 0.106375
vt 0 0.106375
vn 0.987688 0 -0.156434
vn 0.987688 0 -0.156434
vn 0.987688 0 -0.156434
vn 0.987688 0 -0.156434
f 1797/1797/1797 1798/1798/1798 1799/1799/1799
f 1797/1797/1797 1799/1799/1799 1800/1800/1800
v -13.41 2.65 -10.65
v -13.395263 2.705 -10.65
v -13.355 2.745263 -10.65
v -13.3 2.76 -10.65
v -13.245 2.745263 -10.65
v -13.204737 2.705 -10.65
v -13.19 2.65 -10.65
v -13.204737 2.595 -10.65
v -13.245 2.554737 -10.65
v -13.3 2.54 -10.65
v -13.355 2.554737 -10.65
v -13.395263 2.595 -10.65
vt 0 0
vt 0.05694 0
vt 0.106252 0.02847
vt 0.134722 0.077782
vt 0.134722 0.134722
vt 0.106252 0.184034
vt 0.05694 0.212504
vt 0 0.212504
vt -0.049312 0.184034
vt -0.077782 0.134722
vt -0.077782 0.077782
vt -0.049312 0.02847
vn 0 0 -1
vn 0 0 -1
vn 0 0 -1
vn 0 0 -1
vn 0 0 -1
vn 0 0 -1
vn 0 0 -1
vn 0 0 -1
vn 0 0 -1
vn 0 0 -1
vn 0 0 -1
vn 0 0 -1
f 1801/1801/1801 1802/1802/1802 1803/1803/1803
f 1801/1801/1801 1803/1803/1803 1804/1804/1804
f 1801/1801/1801 1804/1804/1804 1805/1805/1805
f 1801/1801/1801 1805/1805/1805 1806/1806/1806
f 1801/1801/1801 1806/1806/1806 1807/1807/1807
f 1801/1801/1801 1807/1807/1807 1808/1808/1808
f 1801/1801/1801 1808/1808/1808 1809/1809/1809
f 1801/1801/1801 1809/1809/1809 1810/1810/1810
f 1801/1801/1801 1810/1810/1810 1811/1811/1811
f 1801/1801/1801 1811/1811/1811 1812/1812/1812
v -13.395263 2.595 10.65
v -13.355 2.554737 10.65
v -13.3 2.54 10.65
v -13.245 2.554737 10.65
v -13.204737 2.595 10.65
v -13.19 2.65 10.65
v -13.204737 2.705 10.65
v -13.245 2.745263 10.65
v -13.3 2.76 10.65
v -13.355 2.745263 10.65
v -13.395263 2.705 10.65
v -13.41 2.65 10.65
vt 0 0
vt 0.05694 0
vt 0.106252 0.02847
vt 0.134722 0.077782
vt 0.134722 0.134722
vt 0.106252 0.184034
vt 0.05694 0.212504
vt 0 0.212504
vt -0.049312 0.184034
vt -0.077782 0.134722
vt -0.077782 0.077782
vt -0.049312 0.02847
vn 0 0 1
vn 0 0 1
vn 0 0 1
vn 0 0 1
vn 0 0 1
vn 0 0 1
vn 0 0 1
vn 0 0 1
vn 0 0 1
vn 0 0 1
vn 0 0 1
vn 0 0 1
f 1813/1813/1813 1814/1814/1814 1815/1815/1815
f 1813/1813/1813 1815/1815/1815 1816/1816/1816
f 1813/1813/1813 1816/1816/1816 1817/1817/1817
f 1813/1813/1813 1817/1817/1817 1818/1818/1818
f 1813/1813/1813 1818/1818/1818 1819/1819/1819
f 1813/1813/1813 1819/1819/1819 1820/1820/1820
f 1813/1813/1813 1820/1820/1820 1821/1821/1821
f 1813/1813/1813 1821/1821/1821 1822/1822/1822
f 1813/1813/1813 1822/1822/1822 1823/1823/1823
f 1813/1813/1813 1823/1823/1823 1824/1824/1824
v -13.41 2.65 -10.65
v -13.41 2.65 10.65
v -13.395263 2.705 10.65
v -13.395263 2.705 -10.65
vt 0 0
vt 21.3 0
vt 21.3 0.05694
vt 0 0.05694
vn -0.965926 0.258819 0
vn -0.965926 0.258819 0
vn -0.965926 0.258819 0
vn -0.965926 0.258819 0
f 1825/1825/1825 1826/1826/1826 1827/1827/1827
f 1825/1825/1825 1827/1827/1827 1828/1828/1828
v -13.395263 2.705 -10.65
v -13.395263 2.705 10.65
v -13.355 2.745263 10.65
v -13.355 2.745263 -10.65
vt 0 0
vt 21.3 0
vt 21.3 0.05694
vt 0 0.05694
vn -0.707107 0.707107 0
vn -0.707107 0.707107 0
vn -0.707107 0.707107 0
vn -0.707107 0.707107 0
f 1829/1829/1829 1830/1830/1830 1831/1831/1831
f 1829/1829/1829 1831/1831/1831 1832/1832/1832
v -13.355 2.745263 -10.65
v -13.355 2.745263 10.65
v -13.3 2.76 10.65
v -13.3 2.76 -10.65
vt 0 0
vt 21.3 0
vt 21.3 0.05694
vt 0 0.05694
vn -0.258819 0.965926 0
vn -0.258819 0.965926 0
vn -0.258819 0.965926 0
vn -0.258819 0.965926 0
f 1833/1833/1833 1834/1834/1834 1835/1835/1835
f 1833/1833/1833 1835/1835/1835 1836/1836/1836
v -13.3 2.76 -10.65
v -13.3 2.76 10.65
v -13.245 2.745263 10.65
v -13.245 2.745263 -10.65
vt 0 0
vt 21.3 0
vt 21.3 0.05694
vt 0 0.05694
vn 0.258819 0.965926 0
vn 0.258819 0.965926 0
vn 0.258819 0.965926 0
vn 0.258819 0.965926 0
f 1837/1837/1837 1838/1838/1838 1839/1839/1839
f 1837/1837/1837 1839/1839/1839 1840/1840/1840
v -13.245 2.745263 -10.65
v -13.245 2.745263 10.65
v -13.204737 2.705 10.65
v -13.204737 2.705 -10.65
vt 0 0
vt 21.3 0
vt 21.3 0.05694
vt 0 0.05694
vn 0.707107 0.707107 0
vn 0.707107 0.707107 0
vn 0.707107 0.707107 0
vn 0.707107 0.707107 0
f 1841/1841/1841 1842/1842/1842 1843/1843/1843
f 1841/1841/1841 1843/1843/1843 1844/1844/1844
v -13.204737 2.705 -10.65
v -13.204737 2.705 10.65
v -13.19 2.65 10.65
v -13.19 2.65 -10.65
vt 0 0
vt 21.3 0
vt 21.3 0.05694
vt 0 0.05694
vn 0.965926 0.258819 0
vn 0.965926 0.258819 0
vn 0.965926 0.258819 0
vn 0.965926 0.258819 0
f 1845/1845/1845 1846/1846/1846 1847/1847/1847
f 1845/1845/1845 1847/1847/1847 1848/1848/1848
v -13.19 2.65 -10.65
v -13.19 2.65 10.65
v -13.204737 2.595 10.65
v -13.204737 2.595 -10.65
vt 0 0
vt 21.3 0
vt 21.3 0.05694
vt 0 0.05694
vn 0.965926 -0.258819 0
vn 0.965926 -0.258819 0
vn 0.965926 -0.258819 0
vn 0.965926 -0.258819 0
f 1849/1849/1849 1850/1850/1850 1851/1851/1851
f 1849/1849/1849 1851/1851/1851 1852/1852/1852
v -13.204737 2.595 -10.65
v -13.204737 2.595 10.65
v -13.245 2.554737 10.65
v -13.245 2.554737 -10.65
vt 0 0
vt 21.3 0
vt 21.3 0.05694
vt 0 0.05694
vn 0.707107 -0.707107 0
vn 0.707107 -0.707107 0
vn 0.707107 -0.707107 0
vn 0.707107 -0.707107 0
f 1853/1853/1853 1854/1854/1854 1855/1855/1855
f 1853/1853/1853 1855/1855/1855 1856/1856/1856
v -13.245 2.554737 -10.65
v -13.245 2.554737 10.65
v -13.3 2.54 10.65
v -13.3 2.54 -10.65
vt 0 0
vt 21.3 0
vt 21.3 0.05694
vt 0 0.05694
vn 0.258819 -0.965926 0
vn 0.258819 -0.965926 0
vn 0.258819 -0.965926 0
vn 0.258819 -0.965926 0
f 1857/1857/1857 1858/1858/1858 1859/1859/1859
f 1857/1857/1857 1859/1859/1859 1860/1860/1860
v -13.3 2.54 -10.65
v -13.3 2.54 10.65
v -13.355 2.554737 10.65
v -13.355 2.554737 -10.65
vt 0 0
vt 21.3 0
vt 21.3 0.05694
vt 0 0.05694
vn -0.258819 -0.965926 0
vn -0.258819 -0.965926 0
vn -0.258819 -0.965926 0
vn -0.258819 -0.965926 0
f 1861/1861/1861 1862/1862/1862 1863/1863/1863
f 1861/1861/1861 1863/1863/1863 1864/1864/1864
v -13.355 2.554737 -10.65
v -13.355 2.554737 10.65
v -13.395263 2.595 10.65
v -13.395263 2.595 -10.65
vt 0 0
vt 21.3 0
vt 21.3 0.05694
vt 0 0.05694
vn -0.707107 -0.707107 0
vn -0.707107 -0.707107 0
vn -0.707107 -0.707107 0
vn -0.707107 -0.707107 0
f 1865/1865/1865 1866/1866/1866 1867/1867/1867
f 1865/1865/1865 1867/1867/1867 1868/1868/1868
v -13.395263 2.595 -10.65
v -13.395263 2.595 10.65
v -13.41 2.65 10.65
v -13.41 2.65 -10.65
vt 0 0
vt 21.3 0
vt 21.3 0.05694
vt 0 0.05694
vn -0.965926 -0.258819 0
vn -0.965926 -0.258819 0
vn -0.965926 -0.258819 0
vn -0.965926 -0.258819 0
f 1869/1869/1869 1870/1870/1870 1871/1871/1871
f 1869/1869/1869 1871/1871/1871 1872/1872/1872
v -13.41 3.1 -10.65
v -13.395263 3.155 -10.65
v -13.355 3.195263 -10.65
v -13.3 3.21 -10.65
v -13.245 3.195263 -10.65
v -13.204737 3.155 -10.65
v -13.19 3.1 -10.65
v -13.204737 3.045 -10.65
v -13.245 3.004737 -10.65
v -13.3 2.99 -10.65
v -13.355 3.004737 -10.65
v -13.395263 3.045 -10.65
vt 0 0
vt 0.05694 0
vt 0.106252 0.02847
vt 0.134722 0.077782
vt 0.134722 0.134722
vt 0.106252 0.184034
vt 0.05694 0.212504
vt 0 0.212504
vt -0.049312 0.184034
vt -0.077782 0.134722
vt -0.077782 0.077782
vt -0.049312 0.02847
vn 0 0 -1
vn 0 0 -1
vn 0 0 -1
vn 0 0 -1
vn 0 0 -1
vn 0 0 -1
vn 0 0 -1
vn 0 0 -1
vn 0 0 -1
vn 0 0 -1
vn 0 0 -1
vn 0 0 -1
f 1873/1873/1873 1874/1874/1874 1875/1875/1875
f 1873/1873/1873 1875/1875/1875 1876/1876/1876
f 1873/1873/1873 1876/1876/1876 1877/1877/1877
f 1873/1873/1873 1877/1877/1877 1878/1878/1878
f 1873/1873/1873 1878/1878/1878 1879/1879/1879
f 1873/1873/1873 1879/1879/1879 1880/1880/1880
f 1873/1873/1873 1880/1880/1880 1881/1881/1881
f 1873/1873/1873 1881/1881/1881 1882/1882/1882
f 1873/1873/1873 1882/1882/1882 1883/1883/1883
f 1873/1873/1873 1883/1883/1883 1884/1884/1884
v -13.395263 3.045 10.65
v -13.355 3.004737 10.65
v -13.3 2.99 10.65
v -13.245 3.004737 10.65
v -13.204737 3.045 10.65
v -13.19 3.1 10.65
v -13.204737 3.155 10.65
v -13.245 3.195263 10.65
v -13.3 3.21 10.65
v -13.355 3.195263 10.65
v -13.395263 3.155 10.65
v -13.41 3.1 10.65
vt 0 0
vt 0.05694 0
vt 0.106252 0.02847
vt 0.134722 0.077782
vt 0.134722 0.134722
vt 0.106252 0.184034
vt 0.05694 0.212504
vt 0 0.212504
vt -0.049312 0.184034
vt -0.077782 0.134722
vt -0.077782 0.077782
vt -0.049312 0.02847
vn 0 0 1
vn 0 0 1
vn 0 0 1
vn 0 0 1
vn 0 0 1
vn 0 0 1
vn 0 0 1
vn 0 0 1
vn 0 0 1
vn 0 0 1
vn 0 0 1
vn 0 0 1
f 1885/1885/1885 1886/1886/1886 1887/1887/1887
f 1885/1885/1885 1887/1887/1887 1888/1888/1888
f 1885/1885/1885 1888/1888/1888 1889/1889/1889
f 1885/1885/1885 1889/1889/1889 1890/1890/1890
f 1885/1885/1885 1890/1890/1890 1891/1891/1891
f 1885/1885/1885 1891/1891/1891 1892/1892/1892
f 1885/1885/1885 1892/1892/1892 1893/1893/1893
f 1885/1885/1885 1893/1893/1893 1894/1894/1894
f 1885/1885/1885 1894/1894/1894 1895/1895/1895
f 1885/1885/1885 1895/1895/1895 1896/1896/1896
v -13.41 3.1 -10.65
v -13.41 3.1 10.65
v -13.395263 3.155 10.65
v -13.395263 3.155 -10.65
vt 0 0
vt 21.3 0
vt 21.3 0.05694
vt 0 0.05694
vn -0.965926 0.258819 0
vn -0.965926 0.258819 0
vn -0.965926 0.258819 0
vn -0.965926 0.258819 0
f 1897/1897/1897 1898/1898/1898 1899/1899/1899
f 1897/1897/1897 1899/1899/1899 1900/1900/1900
v -13.395263 3.155 -10.65
v -13.395263 3.155 10.65
v -13.355 3.195263 10.65
v -13.355 3.195263 -10.65
vt 0 0
vt 21.3 0
vt 21.3 0.05694
vt 0 0.05694
vn -0.707107 0.707107 0
vn -0.707107 0.707107 0
vn -0.707107 0.707107 0
vn -0.707107 0.707107 0
f 1901/1901/1901 1902/1902/1902 1903/1903/1903
f 1901/1901/1901 1903/1903/1903 1904/1904/1904
v -13.355 3.195263 -10.65
v -13.355 3.195263 10.65
v -13.3 3.21 10.65
v -13.3 3.21 -10.65
vt 0 0
vt 21.3 0
vt 21.3 0.05694
vt 0 0.05694
vn -0.258819 0.965926 0
vn -0.258819 0.965926 0
vn -0.258819 0.965926 0
vn -0.258819 0.965926 0
f 1905/1905/1905 1906/1906/1906 1907/1907/1907
f 1905/1905/1905 1907/1907/1907 1908/1908/1908
v -13.3 3.21 -10.65
v -13.3 3.21 10.65
v -13.245 3.195263 10.65
v -13.245 3.195263 -10.65
vt 0 0
vt 21.3 0
vt 21.3 0.05694
vt 0 0.05694
vn 0.258819 0.965926 0
vn 0.258819 0.965926 0
vn 0.258819 0.965926 0
vn 0.258819 0.965926 0
f 1909/1909/1909 1910/1910/1910 1911/1911/1911
f 1909/1909/1909 1911/1911/1911 1912/1912/1912
v -13.245 3.195263 -10.65
v -13.245 3.195263 10.65
v -13.204737 3.155 10.65
v -13.204737 3.155 -10.65
vt 0 0
vt 21.3 0
vt 21.3 0.05694
vt 0 0.05694
vn 0.707107 0.707107 0
vn 0.707107 0.707107 0
vn 0.707107 0.707107 0
vn 0.707107 0.707107 0
f 1913/1913/1913 1914/1914/1914 1915/1915/1915
f 1913/1913/1913 1915/1915/1915 1916/1916/1916
v -13.204737 3.155 -10.65
v -13.204737 3.155 10.65
v -13.19 3.1 10.65
v -13.19 3.1 -10.65
vt 0 0
vt 21.3 0
vt 21.3 0.05694
vt 0 0.05694
vn 0.965926 0.258819 0
vn 0.965926 0.258819 0
vn 0.965926 0.258819 0
vn 0.965926 0.258819 0
f 1917/1917/1917 1918/1918/1918 1919/1919/1919
f 1917/1917/1917 1919/1919/1919 1920/1920/1920
v -13.19 3.1 -10.65
v -13.19 3.1 10.65
v -13.204737 3.045 10.65
v -13.204737 3.045 -10.65
vt 0 0
vt 21.3 0
vt 21.3 0.05694
vt 0 0.05694
vn 0.965926 -0.258819 0
vn 0.965926 -0.258819 0
vn 0.965926 -0.258819 0
vn 0.965926 -0.258819 0
f 1921/1921/1921 1922/1922/1922 1923/1923/1923
f 1921/1921/1921 1923/1923/1923 1924/1924/1924
v -13.204737 3.045 -10.65
v -13.204737 3.045 10.65
v -13.245 3.004737 10.65
v -13.245 3.004737 -10.65
vt 0 0
vt 21.3 0
vt 21.3 0.05694
vt 0 0.05694
vn 0.707107 -0.707107 0
vn 0.707107 -0.707107 0
vn 0.707107 -0.707107 0
vn 0.707107 -0.707107 0
f 1925/1925/1925 1926/1926/1926 1927/1927/1927
f 1925/1925/1925 1927/1927/1927 1928/1928/1928
v -13.245 3.004737 -10.65
v -13.245 3.004737 10.65
v -13.3 2.99 10.65
v -13.3 2.99 -10.65
vt 0 0
vt 21.3 0
vt 21.3 0.05694
vt 0 0.05694
vn 0.258819 -0.965926 0
vn 0.258819 -0.965926 0
vn 0.258819 -0.965926 0
vn 0.258819 -0.965926 0
f 1929/1929/1929 1930/1930/1930 1931/1931/1931
f 1929/1929/1929 1931/1931/1931 1932/1932/1932
v -13.3 2.99 -10.65
v -13.3 2.99 10.65
v -13.355 3.004737 10.65
v -13.355 3.004737 -10.65
vt 0 0
vt 21.3 0
vt 21.3 0.05694
vt 0 0.05694
vn -0.258819 -0.965926 0
vn -0.258819 -0.965926 0
vn -0.258819 -0.965926 0
vn -0.258819 -0.965926 0
f 1933/1933/1933 1934/1934/1934 1935/1935/1935
f 1933/1933/1933 1935/1935/1935 1936/1936/1936
v -13.355 3.004737 -10.65
v -13.355 3.004737 10.65
v -13.395263 3.045 10.65
v -13.395263 3.045 -10.65
vt 0 0
vt 21.3 0
vt 21.3 0.05694
vt 0 0.05694
vn -0.707107 -0.707107 0
vn -0.707107 -0.707107 0
vn -0.707107 -0.707107 0
vn -0.707107 -0.707107 0
f 1937/1937/1937 1938/1938/1938 1939/1939/1939
f 1937/1937/1937 1939/1939/1939 1940/1940/1940
v -13.395263 3.045 -10.65
v -13.395263 3.045 10.65
v -13.41 3.1 10.65
v -13.41 3.1 -10.65
vt 0 0
vt 21.3 0
vt 21.3 0.05694
vt 0 0.05694
vn -0.965926 -0.258819 0
vn -0.965926 -0.258819 0
vn -0.965926 -0.258819 0
vn -0.965926 -0.258819 0
f 1941/1941/1941 1942/1942/1942 1943/1943/1943
f 1941/1941/1941 1943/1943/1943 1944/1944/1944
v 13.19 2.65 -10.65
v 13.204737 2.705 -10.65
v 13.245 2.745263 -10.65
v 13.3 2.76 -10.65
v 13.355 2.745263 -10.65
v 13.395263 2.705 -10.65
v 13.41 2.65 -10.65
v 13.395263 2.595 -10.65
v 13.355 2.554737 -10.65
v 13.3 2.54 -10.65
v 13.245 2.554737 -10.65
v 13.204737 2.595 -10.65
vt 0 0
vt 0.05694 0
vt 0.106252 0.02847
vt 0.134722 0.077782
vt 0.134722 0.134722
vt 0.106252 0.184034
vt 0.05694 0.212504
vt 0 0.212504
vt -0.049312 0.184034
vt -0.077782 0.134722
vt -0.077782 0.077782
vt -0.049312 0.02847
vn 0 0 -1
vn 0 0 -1
vn 0 0 -1
vn 0 0 -1
vn 0 0 -1
vn 0 0 -1
vn 0 0 -1
vn 0 0 -1
vn 0 0 -1
vn 0 0 -1
vn 0 0 -1
vn 0 0 -1
f 1945/1945/1945 1946/1946/1946 1947/1947/1947
f 1945/1945/1945 1947/1947/1947 1948/1948/1948
f 1945/1945/1945 1948/1948/1948 1949/1949/1949
f 1945/1945/1945 1949/1949/1949 1950/1950/1950
f 1945/1945/1945 1950/1950/1950 1951/1951/1951
f 1945/1945/1945 1951/1951/1951 1952/1952/1952
f 1945/1945/1945 1952/1952/1952 1953/1953/1953
f 1945/1945/1945 1953/1953/1953 1954/1954/1954
f 1945/1945/1945 1954/1954/1954 1955/1955/1955
f 1945/1945/1945 1955/1955/1955 1956/1956/1956
v 13.204737 2.595 10.65
v 13.245 2.554737 10.65
v 13.3 2.54 10.65
v 13.355 2.554737 10.65
v 13.395263 2.595 10.65
v 13.41 2.65 10.65
v 13.395263 2.705 10.65
v 13.355 2.745263 10.65
v 13.3 2.76 10.65
v 13.245 2.745263 10.65
v 13.204737 2.705 10.65
v 13.19 2.65 10.65
vt 0 0
vt 0.05694 0
vt 0.106252 0.02847
vt 0.134722 0.077782
vt 0.134722 0.134722
vt 0.106252 0.184034
vt 0.05694 0.212504
vt 0 0.212504
vt -0.049312 0.184034
vt -0.077782 0.134722
vt -0.077782 0.077782
vt -0.049312 0.02847
vn 0 0 1
vn 0 0 1
vn 0 0 1
vn 0 0 1
vn 0 0 1
vn 0 0 1
vn 0 0 1
vn 0 0 1
vn 0 0 1
vn 0 0 1
vn 0 0 1
vn 0 0 1
f 1957/1957/1957 1958/1958/1958 1959/1959/1959
f 1957/1957/1957 1959/1959/1959 1960/1960/1960
f 1957/1957/1957 1960/1960/1960 1961/1961/1961
f 1957/1957/1957 1961/1961/1961 1962/1962/1962
f 1957/1957/1957 1962/1962/1962 1963/1963/1963
f 1957/1957/1957 1963/1963/1963 1964/1964/1964
f 1957/1957/1957 1964/1964/1964 1965/1965/1965
f 1957/1957/1957 1965/1965/1965 1966/1966/1966
f 1957/1957/1957 1966/1966/1966 1967/1967/1967
f 1957/1957/1957 1967/1967/1967 1968/1968/1968
v 13.19 2.65 -10.65
v 13.19 2.65 10.65
v 13.204737 2.705 10.65
v 13.204737 2.705 -10.65
vt 0 0
vt 21.3 0
vt 21.3 0.05694
vt 0 0.05694
vn -0.965926 0.258819 0
vn -0.965926 0.258819 0
vn -0.965926 0.258819 0
vn -0.965926 0.258819 0
f 1969/1969/1969 1970/1970/1970 1971/1971/1971
f 1969/1969/1969 1971/1971/1971 1972/1972/1972
v 13.204737 2.705 -10.65
v 13.204737 2.705 10.65
v 13.245 2.745263 10.65
v 13.245 2.745263 -10.65
vt 0 0
vt 21.3 0
vt 21.3 0.05694
vt 0 0.05694
vn -0.707107 0.707107 0
vn -0.707107 0.707107 0
vn -0.707107 0.707107 0
vn -0.707107 0.707107 0
f 1973/1973/1973 1974/1974/1974 1975/1975/1975
f 1973/1973/1973 1975/1975/1975 1976/1976/1976
v 13.245 2.745263 -10.65
v 13.245 2.745263 10.65
v 13.3 2.76 10.65
v 13.3 2.76 -10.65
vt 0 0
vt 21.3 0
vt 21.3 0.05694
vt 0 0.05694
vn -0.258819 0.965926 0
vn -0.258819 0.965926 0
vn -0.258819 0.965926 0
vn -0.258819 0.965926 0
f 1977/1977/1977 1978/1978/1978 1979/1979/1979
f 1977/1977/1977 1979/1979/1979 1980/1980/1980
v 13.3 2.76 -10.65
v 13.3 2.76 10.65
v 13.355 2.745263 10.65
v 13.355 2.745263 -10.65
vt 0 0
vt 21.3 0
vt 21.3 0.05694
vt 0 0.05694
vn 0.258819 0.965926 0
vn 0.258819 0.965926 0
vn 0.258819 0.965926 0
vn 0.258819 0.965926 0
f 1981/1981/1981 1982/1982/1982 1983/1983/1983
f 1981/1981/1981 1983/1983/1983 1984/1984/1984
v 13.355 2.745263 -10.65
v 13.355 2.745263 10.65
v 13.395263 2.705 10.65
v 13.395263 2.705 -10.65
vt 0 0
vt 21.3 0
vt 21.3 0.05694
vt 0 0.05694
vn 0.707107 0.707107 0
vn 0.707107 0.707107 0
vn 0.707107 0.707107 0
vn 0.707107 0.707107 0
f 1985/1985/1985 1986/1986/1986 1987/1987/1987
f 1985/1985/1985 1987/1987/1987 1988/1988/1988
v 13.395263 2.705 -10.65
v 13.395263 2.705 10.65
v 13.41 2.65 10.65
v 13.41 2.65 -10.65
vt 0 0
vt 21.3 0
vt 21.3 0.05694
vt 0 0.05694
vn 0.965926 0.258819 0
vn 0.965926 0.258819 0
vn 0.965926 0.258819 0
vn 0.965926 0.258819 0
f 1989/1989/1989 1990/1990/1990 1991/1991/1991
f 1989/1989/1989 1991/1991/1991 1992/1992/1992
v 13.41 2.65 -10.65
v 13.41 2.65 10.65
v 13.395263 2.595 10.65
v 13.395263 2.595 -10.65
vt 0 0
vt 21.3 0
vt 21.3 0.05694
vt 0 0.05694
vn 0.965926 -0.258819 0
vn 0.965926 -0.258819 0
vn 0.965926 -0.258819 0
vn 0.965926 -0.258819 0
f 1993/1993/1993 1994/1994/1994 1995/1995/1995
f 1993/1993/1993 1995/1995/1995 1996/1996/1996
v 13.395263 2.595 -10.65
v 13.395263 2.595 10.65
v 13.355 2.554737 10.65
v 13.355 2.554737 -10.65
vt 0 0
vt 21.3 0
vt 21.3 0.05694
vt 0 0.05694
vn 0.707107 -0.707107 0
vn 0.707107 -0.707107 0
vn 0.707107 -0.707107 0
vn 0.707107 -0.707107 0
f 1997/1997/1997 1998/1998/1998 1999/1999/1999
f 1997/1997/1997 1999/1999/1999 2000/2000/2000
v 13.355 2.554737 -10.65
v 13.355 2.554737 10.65
v 13.3 2.54 10.65
v 13.3 2.54 -10.65
vt 0 0
vt 21.3 0
vt 21.3 0.05694
vt 0 0.05694
vn 0.258819 -0.965926 0
vn 0.258819 -0.965926 0
vn 0.258819 -0.965926 0
vn 0.258819 -0.965926 0
f 2001/2001/2001 2002/2002/2002 2003/2003/2003
f 2001/2001/2001 2003/2003/2003 2004/2004/2004
v 13.3 2.54 -10.65
v 13.3 2.54 10.65
v 13.245 2.554737 10.65
v 13.245 2.554737 -10.65
vt 0 0
vt 21.3 0
vt 21.3 0.05694
vt 0 0.05694
vn -0.258819 -0.965926 0
vn -0.258819 -0.965926 0
vn -0.258819 -0.965926 0
vn -0.258819 -0.965926 0
f 2005/2005/2005 2006/2006/2006 2007/2007/2007
f 2005/2005/2005 2007/2007/2007 2008/2008/2008
v 13.245 2.554737 -10.65
v 13.245 2.554737 10.65
v 13.204737 2.595 10.65
v 13.204737 2.595 -10.65
vt 0 0
vt 21.3 0
vt 21.3 0.05694
vt 0 0.05694
vn -0.707107 -0.707107 0
vn -0.707107 -0.707107 0
vn -0.707107 -0.707107 0
vn -0.707107 -0.707107 0
f 2009/2009/2009 2010/2010/2010 2011/2011/2011
f 2009/2009/2009 2011/2011/2011 2012/2012/2012
v 13.204737 2.595 -10.65
v 13.204737 2.595 10.65
v 13.19 2.65 10.65
v 13.19 2.65 -10.65
vt 0 0
vt 21.3 0
vt 21.3 0.05694
vt 0 0.05694
vn -0.965926 -0.258819 0
vn -0.965926 -0.258819 0
vn -0.965926 -0.258819 0
vn -0.965926 -0.258819 0
f 2013/2013/2013 2014/2014/2014 2015/2015/2015
f 2013/2013/2013 2015/2015/2015 2016/2016/2016
v 13.19 3.1 -10.65
v 13.204737 3.155 -10.65
v 13.245 3.195263 -10.65
v 13.3 3.21 -10.65
v 13.355 3.195263 -10.65
v 13.395263 3.155 -10.65
v 13.41 3.1 -10.65
v 13.395263 3.045 -10.65
v 13.355 3.004737 -10.65
v 13.3 2.99 -10.65
v 13.245 3.004737 -10.65
v 13.204737 3.045 -10.65
vt 0 0
vt 0.05694 0
vt 0.106252 0.02847
vt 0.134722 0.077782
vt 0.134722 0.134722
vt 0.106252 0.184034
vt 0.05694 0.212504
vt 0 0.212504
vt -0.049312 0.184034
vt -0.077782 0.134722
vt -0.077782 0.077782
vt -0.049312 0.02847
vn 0 0 -1
vn 0 0 -1
vn 0 0 -1
vn 0 0 -1
vn 0 0 -1
vn 0 0 -1
vn 0 0 -1
vn 0 0 -1
vn 0 0 -1
vn 0 0 -1
vn 0 0 -1
vn 0 0 -1
f 2017/2017/2017 2018/2018/2018 2019/2019/2019
f 2017/2017/2017 2019/2019/2019 2020/2020/2020
f 2017/2017/2017 2020/2020/2020 2021/2021/2021
f 2017/2017/2017 2021/2021/2021 2022/2022/2022
f 2017/2017/2017 2022/2022/2022 2023/2023/2023
f 2017/2017/2017 2023/2023/2023 2024/2024/2024
f 2017/2017/2017 2024/2024/2024 2025/2025/2025
f 2017/2017/2017 2025/2025/2025 2026/2026/2026
f 2017/2017/2017 2026/2026/2026 2027/2027/2027
f 2017/2017/2017 2027/2027/2027 2028/2028/2028
v 13.204737 3.045 10.65
v 13.245 3.004737 10.65
v 13.3 2.99 10.65
v 13.355 3.004737 10.65
v 13.395263 3.045 10.65
v 13.41 3.1 10.65
v 13.395263 3.155 10.65
v 13.355 3.195263 10.65
v 13.3 3.21 10.65
v 13.245 3.195263 10.65
v 13.204737 3.155 10.65
v 13.19 3.1 10.65
vt 0 0
vt 0.05694 0
vt 0.106252 0.02847
vt 0.134722 0.077782
vt 0.134722 0.134722
vt 0.106252 0.184034
vt 0.05694 0.212504
vt 0 0.212504
vt -0.049312 0.184034
vt -0.077782 0.134722
vt -0.077782 0.077782
vt -0.049312 0.02847
vn 0 0 1
vn 0 0 1
vn 0 0 1
vn 0 0 1
vn 0 0 1
vn 0 0 1
vn 0 0 1
vn 0 0 1
vn 0 0 1
vn 0 0 1
vn 0 0 1
vn 0 0 1
f 2029/2029/2029 2030/2030/2030 2031/2031/2031
f 2029/2029/2029 2031/2031/2031 2032/2032/2032
f 2029/2029/2029 2032/2032/2032 2033/2033/2033
f 2029/2029/2029 2033/2033/2033 2034/2034/2034
f 2029/2029/2029 2034/2034/2034 2035/2035/2035
f 2029/2029/2029 2035/2035/2035 2036/2036/2036
f 2029/2029/2029 2036/2036/2036 2037/2037/2037
f 2029/2029/2029 2037/2037/2037 2038/2038/2038
f 2029/2029/2029 2038/2038/2038 2039/2039/2039
f 2029/2029/2029 2039/2039/2039 2040/2040/2040
v 13.19 3.1 -10.65
v 13.19 3.1 10.65
v 13.204737 3.155 10.65
v 13.204737 3.155 -10.65
vt 0 0
vt 21.3 0
vt 21.3 0.05694
vt 0 0.05694
vn -0.965926 0.258819 0
vn -0.965926 0.258819 0
vn -0.965926 0.258819 0
vn -0.965926 0.258819 0
f 2041/2041/2041 2042/2042/2042 2043/2043/2043
f 2041/2041/2041 2043/2043/2043 2044/2044/2044
v 13.204737 3.155 -10.65
v 13.204737 3.155 10.65
v 13.245 3.195263 10.65
v 13.245 3.195263 -10.65
vt 0 0
vt 21.3 0
vt 21.3 0.05694
vt 0 0.05694
vn -0.707107 0.707107 0
vn -0.707107 0.707107 0
vn -0.707107 0.707107 0
vn -0.707107 0.707107 0
f 2045/2045/2045 2046/2046/2046 2047/2047/2047
f 2045/2045/2045 2047/2047/2047 2048/2048/2048
v 13.245 3.195263 -10.65
v 13.245 3.195263 10.65
v 13.3 3.21 10.65
v 13.3 3.21 -10.65
vt 0 0
vt 21.3 0
vt 21.3 0.05694
vt 0 0.05694
vn -0.258819 0.965926 0
vn -0.258819 0.965926 0
vn -0.258819 0.965926 0
vn -0.258819 0.965926 0
f 2049/2049/2049 2050/2050/2050 2051/2051/2051
f 2049/2049/2049 2051/2051/2051 2052/2052/2052
v 13.3 3.21 -10.65
v 13.3 3.21 10.65
v 13.355 3.195263 10.65
v 13.355 3.195263 -10.65
vt 0 0
vt 21.3 0
vt 21.3 0.05694
vt 0 0.05694
vn 0.258819 0.965926 0
vn 0.258819 0.965926 0
vn 0.258819 0.965926 0
vn 0.258819 0.965926 0
f 2053/2053/2053 2054/2054/2054 2055/2055/2055
f 2053/2053/2053 2055/2055/2055 2056/2056/2056
v 13.355 3.195263 -10.65
v 13.355 3.195263 10.65
v 13.395263 3.155 10.65
v 13.395263 3.155 -10.65
vt 0 0
vt 21.3 0
vt 21.3 0.05694
vt 0 0.05694
vn 0.707107 0.707107 0
vn 0.707107 0.707107 0
vn 0.707107 0.707107 0
vn 0.707107 0.707107 0
f 2057/2057/2057 2058/2058/2058 2059/2059/2059
f 2057/2057/2057 2059/2059/2059 2060/2060/2060
v 13.395263 3.155 -10.65
v 13.395263 3.155 10.65
v 13.41 3.1 10.65
v 13.41 3.1 -10.65
vt 0 0
vt 21.3 0
vt 21.3 0.05694
vt 0 0.05694
vn 0.965926 0.258819 0
vn 0.965926 0.258819 0
vn 0.965926 0.258819 0
vn 0.965926 0.258819 0
f 2061/2061/2061 2062/2062/2062 2063/2063/2063
f 2061/2061/2061 2063/2063/2063 2064/2064/2064
v 13.41 3.1 -10.65
v 13.41 3.1 10.65
v 13.395263 3.045 10.65
v 13.395263 3.045 -10.65
vt 0 0
vt 21.3 0
vt 21.3 0.05694
vt 0 0.05694
vn 0.965926 -0.258819 0
vn 0.965926 -0.258819 0
vn 0.965926 -0.258819 0
vn 0.965926 -0.258819 0
f 2065/2065/2065 2066/2066/2066 2067/2067/2067
f 2065/2065/2065 2067/2067/2067 2068/2068/2068
v 13.395263 3.045 -10.65
v 13.395263 3.045 10.65
v 13.355 3.004737 10.65
v 13.355 3.004737 -10.65
vt 0 0
vt 21.3 0
vt 21.3 0.05694
vt 0 0.05694
vn 0.707107 -0.707107 0
vn 0.707107 -0.707107 0
vn 0.707107 -0.707107 0
vn 0.707107 -0.707107 0
f 2069/2069/2069 2070/2070/2070 2071/2071/2071
f 2069/2069/2069 2071/2071/2071 2072/2072/2072
v 13.355 3.004737 -10.65
v 13.355 3.004737 10.65
v 13.3 2.99 10.65
v 13.3 2.99 -10.65
vt 0 0
vt 21.3 0
vt 21.3 0.05694
vt 0 0.05694
vn 0.258819 -0.965926 0
vn 0.258819 -0.965926 0
vn 0.258819 -0.965926 0
vn 0.258819 -0.965926 0
f 2073/2073/2073 2074/2074/2074 2075/2075/2075
f 2073/2073/2073 2075/2075/2075 2076/2076/2076
v 13.3 2.99 -10.65
v 13.3 2.99 10.65
v 13.245 3.004737 10.65
v 13.245 3.004737 -10.65
vt 0 0
vt 21.3 0
vt 21.3 0.05694
vt 0 0.05694
vn -0.258819 -0.965926 0
vn -0.258819 -0.965926 0
vn -0.258819 -0.965926 0
vn -0.258819 -0.965926 0
f 2077/2077/2077 2078/2078/2078 2079/2079/2079
f 2077/2077/2077 2079/2079/2079 2080/2080/2080
v 13.245 3.004737 -10.65
v 13.245 3.004737 10.65
v 13.204737 3.045 10.65
v 13.204737 3.045 -10.65
vt 0 0
vt 21.3 0
vt 21.3 0.05694
vt 0 0.05694
vn -0.707107 -0.707107 0
vn -0.707107 -0.707107 0
vn -0.707107 -0.707107 0
vn -0.707107 -0.707107 0
f 2081/2081/2081 2082/2082/2082 2083/2083/2083
f 2081/2081/2081 2083/2083/2083 2084/2084/2084
v 13.204737 3.045 -10.65
v 13.204737 3.045 10.65
v 13.19 3.1 10.65
v 13.19 3.1 -10.65
vt 0 0
vt 21.3 0
vt 21.3 0.05694
vt 0 0.05694
vn -0.965926 -0.258819 0
vn -0.965926 -0.258819 0
vn -0.965926 -0.258819 0
vn -0.965926 -0.258819 0
f 2085/2085/2085 2086/2086/2086 2087/2087/2087
f 2085/2085/2085 2087/2087/2087 2088/2088/2088
v 4.97 0.285 -9.075
v 4.97 2.715 -9.075
v 7.03 2.715 -9.075
v 7.03 0.285 -9.075
vt 0 0
vt 2.43 0
vt 2.43 2.06
vt 0 2.06
vn 0 0 -1
vn 0 0 -1
vn 0 0 -1
vn 0 0 -1
f 2089/2089/2089 2090/2090/2090 2091/2091/2091
f 2089/2089/2089 2091/2091/2091 2092/2092/2092
v 4.97 0.285 -8.985
v 7.03 0.285 -8.985
v 7.03 2.715 -8.985
v 4.97 2.715 -8.985
vt 0 0
vt 2.06 0
vt 2.06 2.43
vt 0 2.43
vn 0 0 1
vn 0 0 1
vn 0 0 1
vn 0 0 1
f 2093/2093/2093 2094/2094/2094 2095/2095/2095
f 2093/2093/2093 2095/2095/2095 2096/2096/2096
v 4.97 0.285 -9.075
v 4.97 0.285 -8.985
v 4.97 2.715 -8.985
v 4.97 2.715 -9.075
vt 0 0
vt 0.09 0
vt 0.09 2.43
vt 0 2.43
vn -1 0 0
vn -1 0 0
vn -1 0 0
vn -1 0 0
f 2097/2097/2097 2098/2098/2098 2099/2099/2099
f 2097/2097/2097 2099/2099/2099 2100/2100/2100
v 7.03 0.285 -9.075
v 7.03 2.715 -9.075
v 7.03 2.715 -8.985
v 7.03 0.285 -8.985
vt 0 0
vt 2.43 0
vt 2.43 0.09
vt 0 0.09
vn 1 0 0
vn 1 0 0
vn 1 0 0
vn 1 0 0
f 2101/2101/2101 2102/2102/2102 2103/2103/2103
f 2101/2101/2101 2103/2103/2103 2104/2104/2104
v 4.97 0.285 -9.075
v 7.03 0.285 -9.075
v 7.03 0.285 -8.985
v 4.97 0.285 -8.985
vt 0 0
vt 2.06 0
vt 2.06 0.09
vt 0 0.09
vn 0 -1 0
vn 0 -1 0
vn 0 -1 0
vn 0 -1 0
f 2105/2105/2105 2106/2106/2106 2107/2107/2107
f 2105/2105/2105 2107/2107/2107 2108/2108/2108
v 4.97 2.715 -9.075
v 4.97 2.715 -8.985
v 7.03 2.715 -8.985
v 7.03 2.715 -9.075
vt 0 0
vt 0.09 0
vt 0.09 2.06
vt 0 2.06
vn 0 1 0
vn 0 1 0
vn 0 1 0
vn 0 1 0
f 2109/2109/2109 2110/2110/2110 2111/2111/2111
f 2109/2109/2109 2111/2111/2111 2112/2112/2112
