path,sha256,bytes,kind,status,author,source,license,local_notice,notes
game/art/anims/A_Tpose.res,c5b58eacd960efd575050d84798693b3408408e34a9dc26102d1a4c4fc6b84ef,16322,res,cleared,Quaternius,https://quaternius.com/packs/universalanimationlibrary.html,CC0-1.0,docs/licenses/QUATERNIUS_CC0-1.0.txt,Universal Animation Library asset or Godot-derived resource; the official pack page states CC0 and commercial use.
game/art/anims/AnimationLibrary_Godot.glb,272d5c1e2c27f566595ece27b6985935d42dcee1dacee1b320af9f0c40d5c97c,18807792,glb,cleared,Quaternius,https://quaternius.com/packs/universalanimationlibrary.html,CC0-1.0,docs/licenses/QUATERNIUS_CC0-1.0.txt,Universal Animation Library asset or Godot-derived resource; the official pack page states CC0 and commercial use.
game/art/anims/BackFlip.res,aa9b4baefc1cc85589a592b46fb840e08e19e990c776ab8cd6045a6bdd6c416d,59968,res,cleared,Quaternius,https://quaternius.com/packs/universalanimationlibrary.html,CC0-1.0,docs/licenses/QUATERNIUS_CC0-1.0.txt,Universal Animation Library asset or Godot-derived resource; the official pack page states CC0 and commercial use.
game/art/anims/Celebration.res,c261250336d9066060562b976cdeb45fcf60750484e2f0bd7d67ceac2f4016c4,54190,res,cleared,Quaternius,https://quaternius.com/packs/universalanimationlibrary.html,CC0-1.0,docs/licenses/QUATERNIUS_CC0-1.0.txt,Universal Animation Library asset or Godot-derived resource; the official pack page states CC0 and commercial use.
game/art/anims/ClimbLedge.res,5e282228572bbbafd857273c372a4bb2102dcfb5e38655f528765abc6fd563da,32596,res,cleared,Quaternius,https://quaternius.com/packs/universalanimationlibrary.html,CC0-1.0,docs/licenses/QUATERNIUS_CC0-1.0.txt,Universal Animation Library asset or Godot-derived resource; the official pack page states CC0 and commercial use.
game/art/anims/ClimbLedge_RM.res,505cf08f7d252f4b20a944eda6964725df2f55f4de0af09605bb5ff684f50759,32922,res,cleared,Quaternius,https://quaternius.com/packs/universalanimationlibrary.html,CC0-1.0,docs/licenses/QUATERNIUS_CC0-1.0.txt,Universal Animation Library asset or Godot-derived resource; the official pack page states CC0 and commercial use.
game/art/anims/Climb_Down.res,a4f58e4d803dfb34e848e41561654449ae18de07b9e70797b06d59e6ce860148,46145,res,cleared,Quaternius,https://quaternius.com/packs/universalanimationlibrary.html,CC0-1.0,docs/licenses/QUATERNIUS_CC0-1.0.txt,Universal Animation Library asset or Godot-derived resource; the official pack page states CC0 and commercial use.
game/art/anims/Climb_Enter.res,bb256b5905f9659ce9773507b03ada23c5c4cf7a3295e2d8a66d9fb41546b1ea,46226,res,cleared,Quaternius,https://quaternius.com/packs/universalanimationlibrary.html,CC0-1.0,docs/licenses/QUATERNIUS_CC0-1.0.txt,Universal Animation Library asset or Godot-derived resource; the official pack page states CC0 and commercial use.
game/art/anims/Climb_Exit.res,37776b62d9e5104bb48ead9cd208acd2617f2afade79a91a6fa0d0b351415b30,45696,res,cleared,Quaternius,https://quaternius.com/packs/universalanimationlibrary.html,CC0-1.0,docs/licenses/QUATERNIUS_CC0-1.0.txt,Universal Animation Library asset or Godot-derived resource; the official pack page states CC0 and commercial use.
game/art/anims/Climb_Idle.res,5ebc001ca69dfec92ef6975a5fb09f94c58ff2111c989c130584736e02cc97a2,41737,res,cleared,Quaternius,https://quaternius.com/packs/universalanimationlibrary.html,CC0-1.0,docs/licenses/QUATERNIUS_CC0-1.0.txt,Universal Animation Library asset or Godot-derived resource; the official pack page states CC0 and commercial use.
game/art/anims/Climb_Left.res,bc4440f878fd1adb3e92b67200e0f90d439d3695116d194d09f7a6580ffac772,27017,res,cleared,Quaternius,https://quaternius.com/packs/universalanimationlibrary.html,CC0-1.0,docs/licenses/QUATERNIUS_CC0-1.0.txt,Universal Animation Library asset or Godot-derived resource; the official pack page states CC0 and commercial use.
game/art/anims/Climb_Left_RM.res,9ec213533b806bacaf9cfe4f6abb9fe8b9c6b40b1cda007df957ac56a1b48dca,27063,res,cleared,Quaternius,https://quaternius.com/packs/universalanimationlibrary.html,CC0-1.0,docs/licenses/QUATERNIUS_CC0-1.0.txt,Universal Animation Library asset or Godot-derived resource; the official pack page states CC0 and commercial use.
game/art/anims/Climb_Right.res,8fd7c4c9b4f183dfe7727e5355009d4b1643f7228bffc6d2602fca27b53b3ec5,27019,res,cleared,Quaternius,https://quaternius.com/packs/universalanimationlibrary.html,CC0-1.0,docs/licenses/QUATERNIUS_CC0-1.0.txt,Universal Animation Library asset or Godot-derived resource; the official pack page states CC0 and commercial use.
game/art/anims/Climb_Right_RM.res,6ec1fb0d75663b63e8db5d1473ee1c6267160a0c3cb3108d1a0d4c16a30d2c38,27065,res,cleared,Quaternius,https://quaternius.com/packs/universalanimationlibrary.html,CC0-1.0,docs/licenses/QUATERNIUS_CC0-1.0.txt,Universal Animation Library asset or Godot-derived resource; the official pack page states CC0 and commercial use.
game/art/anims/Climb_Up.res,d453305b9744a995a183efea296f8603fe8be95bfb06f1ecdf42ef0df818935a,46121,res,cleared,Quaternius,https://quaternius.com/packs/universalanimationlibrary.html,CC0-1.0,docs/licenses/QUATERNIUS_CC0-1.0.txt,Universal Animation Library asset or Godot-derived resource; the official pack page states CC0 and commercial use.
game/art/anims/Counter_Angry.res,371d0b522488772cf3c726a8df867e0a164b6f2d8651da4bd759f591e56c9048,39946,res,cleared,Quaternius,https://quaternius.com/packs/universalanimationlibrary.html,CC0-1.0,docs/licenses/QUATERNIUS_CC0-1.0.txt,Universal Animation Library asset or Godot-derived resource; the official pack page states CC0 and commercial use.
game/art/anims/Counter_Enter.res,233642de7be8c69503428f26796aef849fcdc0a526b75063425f64ec69a4dbc5,37846,res,cleared,Quaternius,https://quaternius.com/packs/universalanimationlibrary.html,CC0-1.0,docs/licenses/QUATERNIUS_CC0-1.0.txt,Universal Animation Library asset or Godot-derived resource; the official pack page states CC0 and commercial use.
game/art/anims/Counter_Exit.res,3cbe0cd25fb7db8ab4feb1ce960a1027cc6aab4ac4bd8c614fd42a909480a5cb,37800,res,cleared,Quaternius,https://quaternius.com/packs/universalanimationlibrary.html,CC0-1.0,docs/licenses/QUATERNIUS_CC0-1.0.txt,Universal Animation Library asset or Godot-derived resource; the official pack page states CC0 and commercial use.
game/art/anims/Counter_Give.res,723ca5c64a2e95fe7df86bb33880e9cd36b3899d8a2d76d1dd076ea5cf4ee0aa,71556,res,cleared,Quaternius,https://quaternius.com/packs/universalanimationlibrary.html,CC0-1.0,docs/licenses/QUATERNIUS_CC0-1.0.txt,Universal Animation Library asset or Godot-derived resource; the official pack page states CC0 and commercial use.
game/art/anims/Counter_Idle.res,4e6d302a3c900ccfffc6aabcabcfee3af825407ab51e2529c7b57ebb3afad5f4,29329,res,cleared,Quaternius,https://quaternius.com/packs/universalanimationlibrary.html,CC0-1.0,docs/licenses/QUATERNIUS_CC0-1.0.txt,Universal Animation Library asset or Godot-derived resource; the official pack page states CC0 and commercial use.
game/art/anims/Counter_Show.res,1bbf0b75e074bf88ce1f5981dd10da74316e37bf52e16c113ced8f8303bf8b11,36636,res,cleared,Quaternius,https://quaternius.com/packs/universalanimationlibrary.html,CC0-1.0,docs/licenses/QUATERNIUS_CC0-1.0.txt,Universal Animation Library asset or Godot-derived resource; the official pack page states CC0 and commercial use.
game/art/anims/Crawl_Bwd.res,906880cfcf13ae9e5935b82cb8686c464c6f05b76df15f0f1b50c34a001abc1a,52247,res,cleared,Quaternius,https://quaternius.com/packs/universalanimationlibrary.html,CC0-1.0,docs/licenses/QUATERNIUS_CC0-1.0.txt,Universal Animation Library asset or Godot-derived resource; the official pack page states CC0 and commercial use.
game/art/anims/Crawl_Enter.res,460f326a2a1cdd300a9fc097ffca90c1921bb803e45c6f50990d56005248190e,58142,res,cleared,Quaternius,https://quaternius.com/packs/universalanimationlibrary.html,CC0-1.0,docs/licenses/QUATERNIUS_CC0-1.0.txt,Universal Animation Library asset or Godot-derived resource; the official pack page states CC0 and commercial use.
game/art/anims/Crawl_Exit.res,916e841b9c2252f79913c345a251f58848404fc5472a1766232fd47397019941,63292,res,cleared,Quaternius,https://quaternius.com/packs/universalanimationlibrary.html,CC0-1.0,docs/licenses/QUATERNIUS_CC0-1.0.txt,Universal Animation Library asset or Godot-derived resource; the official pack page states CC0 and commercial use.
game/art/anims/Crawl_Fwd.res,ad48bc86a23768daee16a939d7567d149f281f2d7642aa94cf8f7c3c96e44c1b,46643,res,cleared,Quaternius,https://quaternius.com/packs/universalanimationlibrary.html,CC0-1.0,docs/licenses/QUATERNIUS_CC0-1.0.txt,Universal Animation Library asset or Godot-derived resource; the official pack page states CC0 and commercial use.
game/art/anims/Crawl_Idle.res,885db4085ad6cf580e05722044c91abdcb14120ecde38532c61157f997c9acb0,32689,res,cleared,Quaternius,https://quaternius.com/packs/universalanimationlibrary.html,CC0-1.0,docs/licenses/QUATERNIUS_CC0-1.0.txt,Universal Animation Library asset or Godot-derived resource; the official pack page states CC0 and commercial use.
game/art/anims/Crawl_Left.res,e290852ee6b182286d323a0d76614717e1f73c37c96e8b44c5a83b653b62f5d7,32741,res,cleared,Quaternius,https://quaternius.com/packs/universalanimationlibrary.html,CC0-1.0,docs/licenses/QUATERNIUS_CC0-1.0.txt,Universal Animation Library asset or Godot-derived resource; the official pack page states CC0 and commercial use.
game/art/anims/Crawl_Right.res,1717b565cd63270c5c8b2864d282d9d24209e070b6043d3d0aa853b609cdd0a6,32983,res,cleared,Quaternius,https://quaternius.com/packs/universalanimationlibrary.html,CC0-1.0,docs/licenses/QUATERNIUS_CC0-1.0.txt,Universal Animation Library asset or Godot-derived resource; the official pack page states CC0 and commercial use.
game/art/anims/Crouch_Bwd.res,e69d3aa775c9d98e1351a73aef8ce2ccf64f12dbfa07eefcafdb1d3185c09561,37017,res,cleared,Quaternius,https://quaternius.com/packs/universalanimationlibrary.html,CC0-1.0,docs/licenses/QUATERNIUS_CC0-1.0.txt,Universal Animation Library asset or Godot-derived resource; the official pack page states CC0 and commercial use.
game/art/anims/Crouch_Bwd_L.res,f3337f346aca25cdb1651423dedc26c4ce41c66c953fad5b818959e75f6cc8e1,38477,res,cleared,Quaternius,https://quaternius.com/packs/universalanimationlibrary.html,CC0-1.0,docs/licenses/QUATERNIUS_CC0-1.0.txt,Universal Animation Library asset or Godot-derived resource; the official pack page states CC0 and commercial use.
game/art/anims/Crouch_Bwd_R.res,80241db1ccafb8beb7c03197e214d3e17ab1a51ddc2ddc2a941627199bc5f088,38325,res,cleared,Quaternius,https://quaternius.com/packs/universalanimationlibrary.html,CC0-1.0,docs/licenses/QUATERNIUS_CC0-1.0.txt,Universal Animation Library asset or Godot-derived resource; the official pack page states CC0 and commercial use.
game/art/anims/Crouch_Enter.res,892978de37e1647dbfdfb008c0fddf8d4420086383881399fd4efce1a1c1307a,38152,res,cleared,Quaternius,https://quaternius.com/packs/universalanimationlibrary.html,CC0-1.0,docs/licenses/QUATERNIUS_CC0-1.0.txt,Universal Animation Library asset or Godot-derived resource; the official pack page states CC0 and commercial use.
game/art/anims/Crouch_Exit.res,aa8abd2a8cac1cd49de1ff43b91ec43bfd4ef07472171ad04649bce00b209e45,37790,res,cleared,Quaternius,https://quaternius.com/packs/universalanimationlibrary.html,CC0-1.0,docs/licenses/QUATERNIUS_CC0-1.0.txt,Universal Animation Library asset or Godot-derived resource; the official pack page states CC0 and commercial use.
game/art/anims/Crouch_Fwd.res,801999ff0688db82712588ca93c8ad15b892404dee32141e69ce1f6ec6e3321a,37613,res,cleared,Quaternius,https://quaternius.com/packs/universalanimationlibrary.html,CC0-1.0,docs/licenses/QUATERNIUS_CC0-1.0.txt,Universal Animation Library asset or Godot-derived resource; the official pack page states CC0 and commercial use.
game/art/anims/Crouch_Fwd_L.res,e88656d2811df8a9a14b53008bfad7e0309e4ac436c0dc87b9baba90278afc71,38101,res,cleared,Quaternius,https://quaternius.com/packs/universalanimationlibrary.html,CC0-1.0,docs/licenses/QUATERNIUS_CC0-1.0.txt,Universal Animation Library asset or Godot-derived resource; the official pack page states CC0 and commercial use.
game/art/anims/Crouch_Fwd_R.res,ec779344d771180c4a8a759e9c2ed8b6cf8a14815397cfb00aca154ff6d68449,38005,res,cleared,Quaternius,https://quaternius.com/packs/universalanimationlibrary.html,CC0-1.0,docs/licenses/QUATERNIUS_CC0-1.0.txt,Universal Animation Library asset or Godot-derived resource; the official pack page states CC0 and commercial use.
game/art/anims/Crouch_Idle.res,9b3e572f3fac1227d52de9e904f0e00b6bd0a7b8c47f2b89f746687d6c8eeecd,62551,res,cleared,Quaternius,https://quaternius.com/packs/universalanimationlibrary.html,CC0-1.0,docs/licenses/QUATERNIUS_CC0-1.0.txt,Universal Animation Library asset or Godot-derived resource; the official pack page states CC0 and commercial use.
game/art/anims/Crouch_Left.res,d45ac76a37bb05bb829d269897784bc35d3762c53b453b00d544805c994bb334,37507,res,cleared,Quaternius,https://quaternius.com/packs/universalanimationlibrary.html,CC0-1.0,docs/licenses/QUATERNIUS_CC0-1.0.txt,Universal Animation Library asset or Godot-derived resource; the official pack page states CC0 and commercial use.
game/art/anims/Crouch_Right.res,2600363d1b9ee5a15b4d1e77f21c5a31e8fc66d691ae20d60d3c938688d05178,36645,res,cleared,Quaternius,https://quaternius.com/packs/universalanimationlibrary.html,CC0-1.0,docs/licenses/QUATERNIUS_CC0-1.0.txt,Universal Animation Library asset or Godot-derived resource; the official pack page states CC0 and commercial use.
game/art/anims/Crying.res,2853ec3737c5e4c711cf55ac0a742de4bf843914e825b8b53c1972df9af23718,93060,res,cleared,Quaternius,https://quaternius.com/packs/universalanimationlibrary.html,CC0-1.0,docs/licenses/QUATERNIUS_CC0-1.0.txt,Universal Animation Library asset or Godot-derived resource; the official pack page states CC0 and commercial use.
game/art/anims/Dance.res,a7fca6511e56207e8da037a2680aeb5e57aedbf46ab9c1041998cb4f7b509185,29527,res,cleared,Quaternius,https://quaternius.com/packs/universalanimationlibrary.html,CC0-1.0,docs/licenses/QUATERNIUS_CC0-1.0.txt,Universal Animation Library asset or Godot-derived resource; the official pack page states CC0 and commercial use.
game/art/anims/Death01.res,3bf598d7e1ad0f7bdef717c09c9f0f8118175d6f212166e92705043bc45fbcb6,68102,res,cleared,Quaternius,https://quaternius.com/packs/universalanimationlibrary.html,CC0-1.0,docs/licenses/QUATERNIUS_CC0-1.0.txt,Universal Animation Library asset or Godot-derived resource; the official pack page states CC0 and commercial use.
game/art/anims/Death02.res,2145585e422c18702835f40872347b16a1388ff2ef7233af3b208c8a9d0a377a,61610,res,cleared,Quaternius,https://quaternius.com/packs/universalanimationlibrary.html,CC0-1.0,docs/licenses/QUATERNIUS_CC0-1.0.txt,Universal Animation Library asset or Godot-derived resource; the official pack page states CC0 and commercial use.
game/art/anims/Dodge_Left.res,19c2817edb2376470a9be4b42be14fdbf361c031e8214ca8d77c786e934c39cc,42812,res,cleared,Quaternius,https://quaternius.com/packs/universalanimationlibrary.html,CC0-1.0,docs/licenses/QUATERNIUS_CC0-1.0.txt,Universal Animation Library asset or Godot-derived resource; the official pack page states CC0 and commercial use.
game/art/anims/Dodge_Left_RM.res,cc6ce4cf81714c2b7bca2219c2388216456f883a6ec235f140adf4adeb64668e,43118,res,cleared,Quaternius,https://quaternius.com/packs/universalanimationlibrary.html,CC0-1.0,docs/licenses/QUATERNIUS_CC0-1.0.txt,Universal Animation Library asset or Godot-derived resource; the official pack page states CC0 and commercial use.
game/art/anims/Dodge_Right.res,d6d6559840d6ece76fde489518b0542d15070aae2cb72267821199426072e49c,43798,res,cleared,Quaternius,https://quaternius.com/packs/universalanimationlibrary.html,CC0-1.0,docs/licenses/QUATERNIUS_CC0-1.0.txt,Universal Animation Library asset or Godot-derived resource; the official pack page states CC0 and commercial use.
game/art/anims/Dodge_Right_RM.res,00850d5f626e5dfb04ef4778e67c87cc9e58dd08cea2e302656235f746093d0b,44104,res,cleared,Quaternius,https://quaternius.com/packs/universalanimationlibrary.html,CC0-1.0,docs/licenses/QUATERNIUS_CC0-1.0.txt,Universal Animation Library asset or Godot-derived resource; the official pack page states CC0 and commercial use.
game/art/anims/Drink.res,8ae1d270f579689f5ae687351fe9ef2ff6bad911b818a8c064352c3bf4e71046,54878,res,cleared,Quaternius,https://quaternius.com/packs/universalanimationlibrary.html,CC0-1.0,docs/licenses/QUATERNIUS_CC0-1.0.txt,Universal Animation Library asset or Godot-derived resource; the official pack page states CC0 and commercial use.
game/art/anims/Driving.res,53e4262da1d990dd90e11e304bd2831387ee50ecee0790942c12bbda8026825d,21427,res,cleared,Quaternius,https://quaternius.com/packs/universalanimationlibrary.html,CC0-1.0,docs/licenses/QUATERNIUS_CC0-1.0.txt,Universal Animation Library asset or Godot-derived resource; the official pack page states CC0 and commercial use.
game/art/anims/Fixing_Kneeling.res,43de39907eb32f159663f19a4abbb034c8d093459be8d45466d501994afc4bde,115390,res,cleared,Quaternius,https://quaternius.com/packs/universalanimationlibrary.html,CC0-1.0,docs/licenses/QUATERNIUS_CC0-1.0.txt,Universal Animation Library asset or Godot-derived resource; the official pack page states CC0 and commercial use.
game/art/anims/GroundSit_Enter.res,279ba4bf8f2f689401f08eb810043d76ef5c30816194ceed51809b24dbd8735b,75334,res,cleared,Quaternius,https://quaternius.com/packs/universalanimationlibrary.html,CC0-1.0,docs/licenses/QUATERNIUS_CC0-1.0.txt,Universal Animation Library asset or Godot-derived resource; the official pack page states CC0 and commercial use.
game/art/anims/GroundSit_Exit.res,42af29251faa216fae718a65b00a66911334ba0480bbbdb0afdf12860e82f8bc,49696,res,cleared,Quaternius,https://quaternius.com/packs/universalanimationlibrary.html,CC0-1.0,docs/licenses/QUATERNIUS_CC0-1.0.txt,Universal Animation Library asset or Godot-derived resource; the official pack page states CC0 and commercial use.
game/art/anims/GroundSit_Idle.res,fdd625877ab527fe3f0f192aa757d61850ce0a09740b42a180ff0e7fe8ade0f0,22689,res,cleared,Quaternius,https://quaternius.com/packs/universalanimationlibrary.html,CC0-1.0,docs/licenses/QUATERNIUS_CC0-1.0.txt,Universal Animation Library asset or Godot-derived resource; the official pack page states CC0 and commercial use.
game/art/anims/Hit_Chest.res,4561d1a4de1b2ced02036b9eb67f0f002fc0b795cdcf1d8443b3b759f76f18df,26322,res,cleared,Quaternius,https://quaternius.com/packs/universalanimationlibrary.html,CC0-1.0,docs/licenses/QUATERNIUS_CC0-1.0.txt,Universal Animation Library asset or Godot-derived resource; the official pack page states CC0 and commercial use.
game/art/anims/Hit_Head.res,dd6a405155258d311ca44bdf362c3f96d075c77c85e8184be483ec3baf27bdb1,29260,res,cleared,Quaternius,https://quaternius.com/packs/universalanimationlibrary.html,CC0-1.0,docs/licenses/QUATERNIUS_CC0-1.0.txt,Universal Animation Library asset or Godot-derived resource; the official pack page states CC0 and commercial use.
game/art/anims/Hit_Shoulder_L.res,c2ccd2699ba55e8b16d5425672b4f838b3adffe745e38ac5135ed104b323636c,20324,res,cleared,Quaternius,https://quaternius.com/packs/universalanimationlibrary.html,CC0-1.0,docs/licenses/QUATERNIUS_CC0-1.0.txt,Universal Animation Library asset or Godot-derived resource; the official pack page states CC0 and commercial use.
game/art/anims/Hit_Shoulder_R.res,a5988d280708f57a8692a8e490eb20f9748dd1120310052985279f191b6aac50,21328,res,cleared,Quaternius,https://quaternius.com/packs/universalanimationlibrary.html,CC0-1.0,docs/licenses/QUATERNIUS_CC0-1.0.txt,Universal Animation Library asset or Godot-derived resource; the official pack page states CC0 and commercial use.
game/art/anims/Hit_Stomach.res,06505d1a4e8542c86617c213771fdff4c8b8b40ed6f496f1cabad951cfdc2d19,23814,res,cleared,Quaternius,https://quaternius.com/packs/universalanimationlibrary.html,CC0-1.0,docs/licenses/QUATERNIUS_CC0-1.0.txt,Universal Animation Library asset or Godot-derived resource; the official pack page states CC0 and commercial use.
game/art/anims/Idle.res,0db111064bbd5e815f3f313a05faecf7996d45c5c53db187a3efc274cead3d6d,40041,res,cleared,Quaternius,https://quaternius.com/packs/universalanimationlibrary.html,CC0-1.0,docs/licenses/QUATERNIUS_CC0-1.0.txt,Universal Animation Library asset or Godot-derived resource; the official pack page states CC0 and commercial use.
game/art/anims/Idle_LookAround.res,7a7877422e1b5f8a7f29e1a1b3746e15e83c9d7be2ae5c003cdf5d27ddf2387b,93871,res,cleared,Quaternius,https://quaternius.com/packs/universalanimationlibrary.html,CC0-1.0,docs/licenses/QUATERNIUS_CC0-1.0.txt,Universal Animation Library asset or Godot-derived resource; the official pack page states CC0 and commercial use.
game/art/anims/Idle_Paper.res,3585328d32cd404b0f581f02cd975200845627732f6ed24a2a4ea838d585e9ab,73532,res,cleared,Quaternius,https://quaternius.com/packs/universalanimationlibrary.html,CC0-1.0,docs/licenses/QUATERNIUS_CC0-1.0.txt,Universal Animation Library asset or Godot-derived resource; the official pack page states CC0 and commercial use.
game/art/anims/Idle_Rock.res,6063482be4109416e0450ba2f519772d53fb34754b959d9514b7743987e94c77,64026,res,cleared,Quaternius,https://quaternius.com/packs/universalanimationlibrary.html,CC0-1.0,docs/licenses/QUATERNIUS_CC0-1.0.txt,Universal Animation Library asset or Godot-derived resource; the official pack page states CC0 and commercial use.
game/art/anims/Idle_Scissors.res,3d93aaed7d28ba8611988092f3092d030501730a3caefb0e3df371c033ea7c4f,68066,res,cleared,Quaternius,https://quaternius.com/packs/universalanimationlibrary.html,CC0-1.0,docs/licenses/QUATERNIUS_CC0-1.0.txt,Universal Animation Library asset or Godot-derived resource; the official pack page states CC0 and commercial use.
game/art/anims/Idle_Talking.res,bddc2586a96a3f933496143934c5fc379f6f29e913a1a88285f0f7a4876c88c1,59417,res,cleared,Quaternius,https://quaternius.com/packs/universalanimationlibrary.html,CC0-1.0,docs/licenses/QUATERNIUS_CC0-1.0.txt,Universal Animation Library asset or Godot-derived resource; the official pack page states CC0 and commercial use.
game/art/anims/Idle_Tired.res,5c0fa1101c0a573b1afa61c0a28751c15d85908faaa1348cc06fe57c95358c02,66305,res,cleared,Quaternius,https://quaternius.com/packs/universalanimationlibrary.html,CC0-1.0,docs/licenses/QUATERNIUS_CC0-1.0.txt,Universal Animation Library asset or Godot-derived resource; the official pack page states CC0 and commercial use.
game/art/anims/Idle_Torch.res,31e2bcbdfb8a14c54369c2afdb59f00b567b4a704f2d9deed06bccba4be9255f,28969,res,cleared,Quaternius,https://quaternius.com/packs/universalanimationlibrary.html,CC0-1.0,docs/licenses/QUATERNIUS_CC0-1.0.txt,Universal Animation Library asset or Godot-derived resource; the official pack page states CC0 and commercial use.
game/art/anims/Interact.res,d7b8c91c86235cfcd1ee0b67c8685329178adf15f0980a7a8e45b156fe39b7ac,35352,res,cleared,Quaternius,https://quaternius.com/packs/universalanimationlibrary.html,CC0-1.0,docs/licenses/QUATERNIUS_CC0-1.0.txt,Universal Animation Library asset or Godot-derived resource; the official pack page states CC0 and commercial use.
game/art/anims/Jog_Bwd.res,ed0a2b18e72747acc015f5a32a2190bd85c4f243c8143294416d1bd1fc705fa2,28107,res,cleared,Quaternius,https://quaternius.com/packs/universalanimationlibrary.html,CC0-1.0,docs/licenses/QUATERNIUS_CC0-1.0.txt,Universal Animation Library asset or Godot-derived resource; the official pack page states CC0 and commercial use.
game/art/anims/Jog_Bwd_L.res,a27a0f4b5d438d9748796b479aba37ec76cb11f0ca8beb3f724af8189d5f6ba1,28183,res,cleared,Quaternius,https://quaternius.com/packs/universalanimationlibrary.html,CC0-1.0,docs/licenses/QUATERNIUS_CC0-1.0.txt,Universal Animation Library asset or Godot-derived resource; the official pack page states CC0 and commercial use.
game/art/anims/Jog_Bwd_R.res,33c772e6fb5edd989c04b290388c845809aa89077ca0d2e3dcbc1f3e592ad3fe,28783,res,cleared,Quaternius,https://quaternius.com/packs/universalanimationlibrary.html,CC0-1.0,docs/licenses/QUATERNIUS_CC0-1.0.txt,Universal Animation Library asset or Godot-derived resource; the official pack page states CC0 and commercial use.
game/art/anims/Jog_Fwd.res,a809e05cf6c0fcf8b149d22bc0654263ff39ba4423b0e224549449d229472985,28083,res,cleared,Quaternius,https://quaternius.com/packs/universalanimationlibrary.html,CC0-1.0,docs/licenses/QUATERNIUS_CC0-1.0.txt,Universal Animation Library asset or Godot-derived resource; the official pack page states CC0 and commercial use.
game/art/anims/Jog_Fwd_L.res,1d546a0a6e939828f0a4edbea5c1023072f2a52cf69d971709a11f2143697ec9,28039,res,cleared,Quaternius,https://quaternius.com/packs/universalanimationlibrary.html,CC0-1.0,docs/licenses/QUATERNIUS_CC0-1.0.txt,Universal Animation Library asset or Godot-derived resource; the official pack page states CC0 and commercial use.
game/art/anims/Jog_Fwd_LeanL.res,e99e3486838dcdb207b1e873819ba73f554a7dc36042475547ab3529453c49b8,28119,res,cleared,Quaternius,https://quaternius.com/packs/universalanimationlibrary.html,CC0-1.0,docs/licenses/QUATERNIUS_CC0-1.0.txt,Universal Animation Library asset or Godot-derived resource; the official pack page states CC0 and commercial use.
game/art/anims/Jog_Fwd_LeanR.res,2b746d70dd4913f614956af1ebed5b2423a8a751b31b62ed1de88bd4b403bd47,28119,res,cleared,Quaternius,https://quaternius.com/packs/universalanimationlibrary.html,CC0-1.0,docs/licenses/QUATERNIUS_CC0-1.0.txt,Universal Animation Library asset or Godot-derived resource; the official pack page states CC0 and commercial use.
game/art/anims/Jog_Fwd_R.res,7935df2d2ff10b4b0830471abc550b6762a016343420397f204bff2e6dacb90d,28231,res,cleared,Quaternius,https://quaternius.com/packs/universalanimationlibrary.html,CC0-1.0,docs/licenses/QUATERNIUS_CC0-1.0.txt,Universal Animation Library asset or Godot-derived resource; the official pack page states CC0 and commercial use.
game/art/anims/Jog_Left.res,bfaf4fd0f493d37a05f7dadf338614458bd5f5194aa48dd15a73b5ad4fb2d243,28181,res,cleared,Quaternius,https://quaternius.com/packs/universalanimationlibrary.html,CC0-1.0,docs/licenses/QUATERNIUS_CC0-1.0.txt,Universal Animation Library asset or Godot-derived resource; the official pack page states CC0 and commercial use.
game/art/anims/Jog_Right.res,46014fe5a4ced3af3e38c4029ef5ea5548846821b7466ee4e0cb2765cf592a54,28207,res,cleared,Quaternius,https://quaternius.com/packs/universalanimationlibrary.html,CC0-1.0,docs/licenses/QUATERNIUS_CC0-1.0.txt,Universal Animation Library asset or Godot-derived resource; the official pack page states CC0 and commercial use.
game/art/anims/Jump.res,4905812e47a71498a5e87385a887cdbf51d30a88278816a33e34c56aab8a2904,35781,res,cleared,Quaternius,https://quaternius.com/packs/universalanimationlibrary.html,CC0-1.0,docs/licenses/QUATERNIUS_CC0-1.0.txt,Universal Animation Library asset or Godot-derived resource; the official pack page states CC0 and commercial use.
game/art/anims/Jump_Land.res,151ad8aeae800f441035e340ece014754ab63a7009dc1bfaa7ad9ed64788a50c,41026,res,cleared,Quaternius,https://quaternius.com/packs/universalanimationlibrary.html,CC0-1.0,docs/licenses/QUATERNIUS_CC0-1.0.txt,Universal Animation Library asset or Godot-derived resource; the official pack page states CC0 and commercial use.
game/art/anims/Jump_Start.res,95cdbe6f1b05c9550d5c0e33a7fb0cd5acdd0519cf061f2b6df631757e362bbb,45908,res,cleared,Quaternius,https://quaternius.com/packs/universalanimationlibrary.html,CC0-1.0,docs/licenses/QUATERNIUS_CC0-1.0.txt,Universal Animation Library asset or Godot-derived resource; the official pack page states CC0 and commercial use.
game/art/anims/Kick.res,28d8e5aa93efe669ff496afb6c02dd24e88e404551eae75d0c4d061d7c71cf35,28740,res,cleared,Quaternius,https://quaternius.com/packs/universalanimationlibrary.html,CC0-1.0,docs/licenses/QUATERNIUS_CC0-1.0.txt,Universal Animation Library asset or Godot-derived resource; the official pack page states CC0 and commercial use.
game/art/anims/PickUp_Kneeling.res,4ab41ffe9929d9aa8d206ec4d3a22fa1e93a6f520e68fbc59ed1d746d1636931,46566,res,cleared,Quaternius,https://quaternius.com/packs/universalanimationlibrary.html,CC0-1.0,docs/licenses/QUATERNIUS_CC0-1.0.txt,Universal Animation Library asset or Godot-derived resource; the official pack page states CC0 and commercial use.
game/art/anims/PickUp_Table.res,a013ab1d45cbdcc19a9e71ce3f2d94726f6a8ca496332bbe7506740efc6dbaec,27688,res,cleared,Quaternius,https://quaternius.com/packs/universalanimationlibrary.html,CC0-1.0,docs/licenses/QUATERNIUS_CC0-1.0.txt,Universal Animation Library asset or Godot-derived resource; the official pack page states CC0 and commercial use.
game/art/anims/Pistol_Aim_Down.res,fe6c8bfd66b3673aa9e6435fa75fbc957844e83d3a3462e9825b14a8c0025f9c,16338,res,cleared,Quaternius,https://quaternius.com/packs/universalanimationlibrary.html,CC0-1.0,docs/licenses/QUATERNIUS_CC0-1.0.txt,Universal Animation Library asset or Godot-derived resource; the official pack page states CC0 and commercial use.
game/art/anims/Pistol_Aim_Neutral.res,5ad5f916ca99baa316b48e90063786d0d697bd10100655e7f775373047d21b28,16344,res,cleared,Quaternius,https://quaternius.com/packs/universalanimationlibrary.html,CC0-1.0,docs/licenses/QUATERNIUS_CC0-1.0.txt,Universal Animation Library asset or Godot-derived resource; the official pack page states CC0 and commercial use.
game/art/anims/Pistol_Aim_Up.res,bf1b8507960e7845e8ea4ac26c9a40050897422c4f0cddf665a9af05baac3e22,16334,res,cleared,Quaternius,https://quaternius.com/packs/universalanimationlibrary.html,CC0-1.0,docs/licenses/QUATERNIUS_CC0-1.0.txt,Universal Animation Library asset or Godot-derived resource; the official pack page states CC0 and commercial use.
game/art/anims/Pistol_Idle.res,4b33a8677caa9c2df930165defe9eeec6a9976c8d3d0b433ae22f5f39fced546,24771,res,cleared,Quaternius,https://quaternius.com/packs/universalanimationlibrary.html,CC0-1.0,docs/licenses/QUATERNIUS_CC0-1.0.txt,Universal Animation Library asset or Godot-derived resource; the official pack page states CC0 and commercial use.
game/art/anims/Pistol_Reload.res,89c01014ba844cc642900f23ae1715c4da6259f57c93d9300ebedd2238943b5d,38342,res,cleared,Quaternius,https://quaternius.com/packs/universalanimationlibrary.html,CC0-1.0,docs/licenses/QUATERNIUS_CC0-1.0.txt,Universal Animation Library asset or Godot-derived resource; the official pack page states CC0 and commercial use.
game/art/anims/Pistol_Shoot.res,f5d86317068b8d3b62c26766b3c5a17437d31e2f1bb5b91e839444f69777ab27,19548,res,cleared,Quaternius,https://quaternius.com/packs/universalanimationlibrary.html,CC0-1.0,docs/licenses/QUATERNIUS_CC0-1.0.txt,Universal Animation Library asset or Godot-derived resource; the official pack page states CC0 and commercial use.
game/art/anims/PunchKick_Enter.res,f0211fb5b3fa9bc845ca03c7ea11ff296b5a64aa7d5395acdb0c7c98084ce921,24470,res,cleared,Quaternius,https://quaternius.com/packs/universalanimationlibrary.html,CC0-1.0,docs/licenses/QUATERNIUS_CC0-1.0.txt,Universal Animation Library asset or Godot-derived resource; the official pack page states CC0 and commercial use.
game/art/anims/PunchKick_Exit.res,316c1a189ae559d3f74631e3579bb36bb19b210b21c574f67747f00fa4bf1fc9,24372,res,cleared,Quaternius,https://quaternius.com/packs/universalanimationlibrary.html,CC0-1.0,docs/licenses/QUATERNIUS_CC0-1.0.txt,Universal Animation Library asset or Godot-derived resource; the official pack page states CC0 and commercial use.
game/art/anims/Punch_Cross.res,fb12b9cf98cbb4c9f2a7491bf1ca6d83c29c86a6e985b4b2e27e529dd777a93d,26906,res,cleared,Quaternius,https://quaternius.com/packs/universalanimationlibrary.html,CC0-1.0,docs/licenses/QUATERNIUS_CC0-1.0.txt,Universal Animation Library asset or Godot-derived resource; the official pack page states CC0 and commercial use.
game/art/anims/Punch_Jab.res,9661bfcd1428983e2f681745a7f0e3f97e40f1af960f2922bd06fc77b87c1acc,25670,res,cleared,Quaternius,https://quaternius.com/packs/universalanimationlibrary.html,CC0-1.0,docs/licenses/QUATERNIUS_CC0-1.0.txt,Universal Animation Library asset or Godot-derived resource; the official pack page states CC0 and commercial use.
game/art/anims/Push.res,669135e20da00a978c1e625128ab34c1656b6dbeb146727e7bccca3b325abfc0,44649,res,cleared,Quaternius,https://quaternius.com/packs/universalanimationlibrary.html,CC0-1.0,docs/licenses/QUATERNIUS_CC0-1.0.txt,Universal Animation Library asset or Godot-derived resource; the official pack page states CC0 and commercial use.
game/art/anims/Push_Enter.res,9286c7cd297062d7d696356e52de0a38dcdd1c7d63d3b731d92f88c54930d893,35044,res,cleared,Quaternius,https://quaternius.com/packs/universalanimationlibrary.html,CC0-1.0,docs/licenses/QUATERNIUS_CC0-1.0.txt,Universal Animation Library asset or Godot-derived resource; the official pack page states CC0 and commercial use.
game/art/anims/Push_Exit.res,4a3a1f1e1328892cbaf22e71d406744b315a1b88d7adac8d1b7e895dfb51cb5c,38058,res,cleared,Quaternius,https://quaternius.com/packs/universalanimationlibrary.html,CC0-1.0,docs/licenses/QUATERNIUS_CC0-1.0.txt,Universal Animation Library asset or Godot-derived resource; the official pack page states CC0 and commercial use.
game/art/anims/Roll.res,e030774188922175f63194425cbb121eec2c93d19b65babcc614953c78bc788b,50512,res,cleared,Quaternius,https://quaternius.com/packs/universalanimationlibrary.html,CC0-1.0,docs/licenses/QUATERNIUS_CC0-1.0.txt,Universal Animation Library asset or Godot-derived resource; the official pack page states CC0 and commercial use.
game/art/anims/Roll_RM.res,4e27af3a39332334cdbc155d212142a3981de6b5fa86ddcd387eb5d909597aa6,50534,res,cleared,Quaternius,https://quaternius.com/packs/universalanimationlibrary.html,CC0-1.0,docs/licenses/QUATERNIUS_CC0-1.0.txt,Universal Animation Library asset or Godot-derived resource; the official pack page states CC0 and commercial use.
game/art/anims/Sitting_Enter.res,b012545cd675546fcb884d72538c0225f22ed66aa4ba5b737e284467c0e35082,51222,res,cleared,Quaternius,https://quaternius.com/packs/universalanimationlibrary.html,CC0-1.0,docs/licenses/QUATERNIUS_CC0-1.0.txt,Universal Animation Library asset or Godot-derived resource; the official pack page states CC0 and commercial use.
game/art/anims/Sitting_Exit.res,4a564c2b2989dd5119cdd816ae99df51aaa92a5b2bf7723cc4f9ff545e5a5006,46408,res,cleared,Quaternius,https://quaternius.com/packs/universalanimationlibrary.html,CC0-1.0,docs/licenses/QUATERNIUS_CC0-1.0.txt,Universal Animation Library asset or Godot-derived resource; the official pack page states CC0 and commercial use.
game/art/anims/Sitting_Idle.res,a672f4b83135a9b675f4d9a2ae1d9a1aa7649b85ee80edfa60bf1f364f45a81d,28445,res,cleared,Quaternius,https://quaternius.com/packs/universalanimationlibrary.html,CC0-1.0,docs/licenses/QUATERNIUS_CC0-1.0.txt,Universal Animation Library asset or Godot-derived resource; the official pack page states CC0 and commercial use.
game/art/anims/Sitting_Idle02.res,f0d11d37337bb68de87736ede61496dc303d857fb3c37a8b7425aa2b2a2a1fa2,31065,res,cleared,Quaternius,https://quaternius.com/packs/universalanimationlibrary.html,CC0-1.0,docs/licenses/QUATERNIUS_CC0-1.0.txt,Universal Animation Library asset or Godot-derived resource; the official pack page states CC0 and commercial use.
game/art/anims/Sitting_Idle03.res,910670ba979f37751e0ded56a33081cb022fa9a897c5fe124514f9fb3c6f22b1,69105,res,cleared,Quaternius,https://quaternius.com/packs/universalanimationlibrary.html,CC0-1.0,docs/licenses/QUATERNIUS_CC0-1.0.txt,Universal Animation Library asset or Godot-derived resource; the official pack page states CC0 and commercial use.
game/art/anims/Sitting_Nodding.res,b8c61eb4341f03512e14b1b69847f6e83c32aa48dd8bbfc12d3eed1331c22247,42251,res,cleared,Quaternius,https://quaternius.com/packs/universalanimationlibrary.html,CC0-1.0,docs/licenses/QUATERNIUS_CC0-1.0.txt,Universal Animation Library asset or Godot-derived resource; the official pack page states CC0 and commercial use.
game/art/anims/Sitting_Talking.res,c423d92a5a5487202f7e057ef9c4eeb080bc5439833c47d74b92b0cc5f8708da,57131,res,cleared,Quaternius,https://quaternius.com/packs/universalanimationlibrary.html,CC0-1.0,docs/licenses/QUATERNIUS_CC0-1.0.txt,Universal Animation Library asset or Godot-derived resource; the official pack page states CC0 and commercial use.
game/art/anims/Spell_Double_Enter.res,9274ec92be410bdb504943ed163915b1cbcfff8e1ad913d74f2531ffee7da8ef,31940,res,cleared,Quaternius,https://quaternius.com/packs/universalanimationlibrary.html,CC0-1.0,docs/licenses/QUATERNIUS_CC0-1.0.txt,Universal Animation Library asset or Godot-derived resource; the official pack page states CC0 and commercial use.
game/art/anims/Spell_Double_Exit.res,2fc8cd143ae127233f2716113239c6088ef5233899bdf8eba482fed049d4f67d,32106,res,cleared,Quaternius,https://quaternius.com/packs/universalanimationlibrary.html,CC0-1.0,docs/licenses/QUATERNIUS_CC0-1.0.txt,Universal Animation Library asset or Godot-derived resource; the official pack page states CC0 and commercial use.
game/art/anims/Spell_Double_Idle.res,f0275bb7f0fd0486c157191a769b42fadb534050d3b90dbb30fd4c90adcb42a2,33111,res,cleared,Quaternius,https://quaternius.com/packs/universalanimationlibrary.html,CC0-1.0,docs/licenses/QUATERNIUS_CC0-1.0.txt,Universal Animation Library asset or Godot-derived resource; the official pack page states CC0 and commercial use.
game/art/anims/Spell_Double_Shoot.res,5d22ea0a028df203ff5ab20a702e959be5f38ccd874c00ca7bed69afd90d7180,20993,res,cleared,Quaternius,https://quaternius.com/packs/universalanimationlibrary.html,CC0-1.0,docs/licenses/QUATERNIUS_CC0-1.0.txt,Universal Animation Library asset or Godot-derived resource; the official pack page states CC0 and commercial use.
game/art/anims/Spell_Simple_Enter.res,b26fa407566e3d9bc914de66e087c0d4c0f0acb178f301794f927cd5f521554e,29828,res,cleared,Quaternius,https://quaternius.com/packs/universalanimationlibrary.html,CC0-1.0,docs/licenses/QUATERNIUS_CC0-1.0.txt,Universal Animation Library asset or Godot-derived resource; the official pack page states CC0 and commercial use.
game/art/anims/Spell_Simple_Exit.res,3ab06991232bdacc40b8f094c1918b9cfd807ebda1035b9aa84ad5d1593b2fee,27034,res,cleared,Quaternius,https://quaternius.com/packs/universalanimationlibrary.html,CC0-1.0,docs/licenses/QUATERNIUS_CC0-1.0.txt,Universal Animation Library asset or Godot-derived resource; the official pack page states CC0 and commercial use.
game/art/anims/Spell_Simple_Idle.res,41564f8082fa16f9f6693550c4bc5c0536a5c1085c6e101232639c0010f640c5,30611,res,cleared,Quaternius,https://quaternius.com/packs/universalanimationlibrary.html,CC0-1.0,docs/licenses/QUATERNIUS_CC0-1.0.txt,Universal Animation Library asset or Godot-derived resource; the official pack page states CC0 and commercial use.
game/art/anims/Spell_Simple_Shoot.res,5cd2e88a31964be9b8d8b60a587cbcbed5faef0ee1031b19112e9ebe65fa8b55,29248,res,cleared,Quaternius,https://quaternius.com/packs/universalanimationlibrary.html,CC0-1.0,docs/licenses/QUATERNIUS_CC0-1.0.txt,Universal Animation Library asset or Godot-derived resource; the official pack page states CC0 and commercial use.
game/art/anims/Sprint.res,71c5163d0b84ddb0e0269096730be513bb8946dea1ed05c9508479620ae8707f,24801,res,cleared,Quaternius,https://quaternius.com/packs/universalanimationlibrary.html,CC0-1.0,docs/licenses/QUATERNIUS_CC0-1.0.txt,Universal Animation Library asset or Godot-derived resource; the official pack page states CC0 and commercial use.
game/art/anims/Sprint_Enter.res,7a7b9aab287276cd51054e538fc15aecf4d9f88325003dd760c380bb2a02c5a4,28568,res,cleared,Quaternius,https://quaternius.com/packs/universalanimationlibrary.html,CC0-1.0,docs/licenses/QUATERNIUS_CC0-1.0.txt,Universal Animation Library asset or Godot-derived resource; the official pack page states CC0 and commercial use.
game/art/anims/Sprint_Exit.res,9461156b308312933755e4f9e5b238f02b7d02bc81cb2bd1c92972d0d57bba41,51014,res,cleared,Quaternius,https://quaternius.com/packs/universalanimationlibrary.html,CC0-1.0,docs/licenses/QUATERNIUS_CC0-1.0.txt,Universal Animation Library asset or Godot-derived resource; the official pack page states CC0 and commercial use.
game/art/anims/Swim_Fwd.res,6ff823120e0b4cae3abd6de27eb876521c2d67e0c46b2b7c590865f12f7c18fb,33553,res,cleared,Quaternius,https://quaternius.com/packs/universalanimationlibrary.html,CC0-1.0,docs/licenses/QUATERNIUS_CC0-1.0.txt,Universal Animation Library asset or Godot-derived resource; the official pack page states CC0 and commercial use.
game/art/anims/Swim_Idle.res,f4860d8090dc277a5be5d67af9547b66dc881f3fa31872492e1c57a5bf0c1212,85647,res,cleared,Quaternius,https://quaternius.com/packs/universalanimationlibrary.html,CC0-1.0,docs/licenses/QUATERNIUS_CC0-1.0.txt,Universal Animation Library asset or Godot-derived resource; the official pack page states CC0 and commercial use.
game/art/anims/Sword_Attack.res,791a4dd1318f76b23ab860d69ae276f98c2e99b2ad01849f29b47de5b221de65,36156,res,cleared,Quaternius,https://quaternius.com/packs/universalanimationlibrary.html,CC0-1.0,docs/licenses/QUATERNIUS_CC0-1.0.txt,Universal Animation Library asset or Godot-derived resource; the official pack page states CC0 and commercial use.
game/art/anims/Sword_Attack_RM.res,6c90d0c29a43870a4cee2b1c9b9633d83f4a1e97c0000d46628e351e79e949c9,36262,res,cleared,Quaternius,https://quaternius.com/packs/universalanimationlibrary.html,CC0-1.0,docs/licenses/QUATERNIUS_CC0-1.0.txt,Universal Animation Library asset or Godot-derived resource; the official pack page states CC0 and commercial use.
game/art/anims/Sword_Attack_Standing.res,94a78a1d18d269a911c824a2fe08caffb957b13c470d25c259a9817a35ecd598,35794,res,cleared,Quaternius,https://quaternius.com/packs/universalanimationlibrary.html,CC0-1.0,docs/licenses/QUATERNIUS_CC0-1.0.txt,Universal Animation Library asset or Godot-derived resource; the official pack page states CC0 and commercial use.
game/art/anims/Sword_Enter.res,0c287da273d8472822a746c2174389a12728c6f55d10e927d092e8595b3b60a1,46974,res,cleared,Quaternius,https://quaternius.com/packs/universalanimationlibrary.html,CC0-1.0,docs/licenses/QUATERNIUS_CC0-1.0.txt,Universal Animation Library asset or Godot-derived resource; the official pack page states CC0 and commercial use.
game/art/anims/Sword_Exit.res,e3d5a380049f1d7f7d6dd8cdffa44f893dbaeb38b354a22f82b58a6268fbaca0,47860,res,cleared,Quaternius,https://quaternius.com/packs/universalanimationlibrary.html,CC0-1.0,docs/licenses/QUATERNIUS_CC0-1.0.txt,Universal Animation Library asset or Godot-derived resource; the official pack page states CC0 and commercial use.
game/art/anims/Sword_Idle.res,264560d6b5cb947402b45086f780e9216cba759c55fe9c70f70571b180e3a48e,45796,res,cleared,Quaternius,https://quaternius.com/packs/universalanimationlibrary.html,CC0-1.0,docs/licenses/QUATERNIUS_CC0-1.0.txt,Universal Animation Library asset or Godot-derived resource; the official pack page states CC0 and commercial use.
game/art/anims/Turn90_L.res,04585fbc8416b702079e63f7287c6266f41973768400ede71502eb029e6490a6,27040,res,cleared,Quaternius,https://quaternius.com/packs/universalanimationlibrary.html,CC0-1.0,docs/licenses/QUATERNIUS_CC0-1.0.txt,Universal Animation Library asset or Godot-derived resource; the official pack page states CC0 and commercial use.
game/art/anims/Turn90_R.res,38645cde1677dcb66bea2e3708c6c5d1a8a0345782977024a53296b665eec889,27728,res,cleared,Quaternius,https://quaternius.com/packs/universalanimationlibrary.html,CC0-1.0,docs/licenses/QUATERNIUS_CC0-1.0.txt,Universal Animation Library asset or Godot-derived resource; the official pack page states CC0 and commercial use.
game/art/anims/Walk.res,8385ba22dae9665daa524e424e768da3f2eca664977281f2b19b563dbe7e75a2,35133,res,cleared,Quaternius,https://quaternius.com/packs/universalanimationlibrary.html,CC0-1.0,docs/licenses/QUATERNIUS_CC0-1.0.txt,Universal Animation Library asset or Godot-derived resource; the official pack page states CC0 and commercial use.
game/art/anims/Walk_Formal.res,ac32246d3659eaf3e3a82c7b50c2394f8069ca383f323f62d65aff2b3c569912,32427,res,cleared,Quaternius,https://quaternius.com/packs/universalanimationlibrary.html,CC0-1.0,docs/licenses/QUATERNIUS_CC0-1.0.txt,Universal Animation Library asset or Godot-derived resource; the official pack page states CC0 and commercial use.
game/art/audio/breakwater/black_start_cavern.tres,ba3e3707417c32af4c7ed7412bb807cccd7aa6a52f15bfb8012f26556bc4cddb,1107981,tres,cleared,LichForge / AI-assisted original assets,"Original Breakwater Station geometry, materials, module metadata and synthesized audio, 2026-09-13",MIT,LICENSE,Original baked OBJ and native Godot resources; audio deterministically synthesized by game/art/audio/breakwater/author_breakwater_audio.py with no recordings or third-party samples.
game/art/audio/breakwater/black_start_coolant.tres,9be813484e17164b28b01795a8f56a5d3151c1146a7755c92cbb6f6de6fb9d76,1139773,tres,cleared,LichForge / AI-assisted original assets,"Original Breakwater Station geometry, materials, module metadata and synthesized audio, 2026-09-13",MIT,LICENSE,Original baked OBJ and native Godot resources; audio deterministically synthesized by game/art/audio/breakwater/author_breakwater_audio.py with no recordings or third-party samples.
game/art/audio/breakwater/black_start_exterior.tres,4c655540da1f14067ec63b5b6eea6ef2de91a55d31539c7c2436fddc4168fcf1,1134512,tres,cleared,LichForge / AI-assisted original assets,"Original Breakwater Station geometry, materials, module metadata and synthesized audio, 2026-09-13",MIT,LICENSE,Original baked OBJ and native Godot resources; audio deterministically synthesized by game/art/audio/breakwater/author_breakwater_audio.py with no recordings or third-party samples.
game/art/audio/breakwater/black_start_pump.tres,2bba7a9d89162fc34b9c3b6fa51f6920258a201a5e437eab74a3dd9bc2ed972c,1137268,tres,cleared,LichForge / AI-assisted original assets,"Original Breakwater Station geometry, materials, module metadata and synthesized audio, 2026-09-13",MIT,LICENSE,Original baked OBJ and native Godot resources; audio deterministically synthesized by game/art/audio/breakwater/author_breakwater_audio.py with no recordings or third-party samples.
game/art/audio/breakwater/black_start_shelter.tres,8ade21ef93b6953cb922e99010da1f189fd56098fef655edd765303108e3dc4c,1132560,tres,cleared,LichForge / AI-assisted original assets,"Original Breakwater Station geometry, materials, module metadata and synthesized audio, 2026-09-13",MIT,LICENSE,Original baked OBJ and native Godot resources; audio deterministically synthesized by game/art/audio/breakwater/author_breakwater_audio.py with no recordings or third-party samples.
game/art/audio/breakwater/black_start_station.tres,2d2657a56dbbef0cb6243552e3604f940d606a96470b2739e1b6da1c06364907,1142217,tres,cleared,LichForge / AI-assisted original assets,"Original Breakwater Station geometry, materials, module metadata and synthesized audio, 2026-09-13",MIT,LICENSE,Original baked OBJ and native Godot resources; audio deterministically synthesized by game/art/audio/breakwater/author_breakwater_audio.py with no recordings or third-party samples.
game/art/materials/liquids/retro_blood.tres,323a43a6e3a9178be7789a8bc269b0343a7d75654918176fa27532d15a85079c,544,tres,cleared,LichForge / user-generated AI-assisted artwork,Generated by the LichForge author for MODUS,MIT,LICENSE,User-confirmed original liquid shader/material work; no external asset source is claimed.
game/art/materials/liquids/retro_lava.tres,de2712906b96c7d3d6a25a352cf1595b686104aa3425e80c33639e8ee9ec07d0,649,tres,cleared,LichForge / user-generated AI-assisted artwork,Generated by the LichForge author for MODUS,MIT,LICENSE,User-confirmed original liquid shader/material work; no external asset source is claimed.
game/art/materials/liquids/retro_poison.tres,cad2e226144ad20c5b801eb26d3bd256a145c3c832070a1d0de127c6f834172d,638,tres,cleared,LichForge / user-generated AI-assisted artwork,Generated by the LichForge author for MODUS,MIT,LICENSE,User-confirmed original liquid shader/material work; no external asset source is claimed.
game/art/materials/liquids/retro_water.tres,9a9029ba4c05a8da9cdc3d9d03a1f00879155f65ed037e42cc7187e76259a0fd,865,tres,cleared,LichForge / user-generated AI-assisted artwork,Generated by the LichForge author for MODUS,MIT,LICENSE,User-confirmed original liquid shader/material work; no external asset source is claimed.
game/art/materials/retro_urban/asphalt_asphalt_01.tres,3233d061c95d2b2e260d16a099917d3ab1f46877aa96e4484682755fd035fffc,1290,tres,cleared,Binbun3D,https://binbun3d.itch.io/retrourban-free,CC-BY-4.0,docs/licenses/RETOURBAN_CC-BY-4.0.txt,RetroUrban Free 128x128 urban texture map or derived Godot material resource; imported without changing source PNG pixels. Attribution to Binbun3D is required.
game/art/materials/retro_urban/asphalt_asphalt_02.tres,b38f907b6cdadaa259bc90bb410db9e3831795f99c6191b05002023ea94e7ad0,1290,tres,cleared,Binbun3D,https://binbun3d.itch.io/retrourban-free,CC-BY-4.0,docs/licenses/RETOURBAN_CC-BY-4.0.txt,RetroUrban Free 128x128 urban texture map or derived Godot material resource; imported without changing source PNG pixels. Attribution to Binbun3D is required.
game/art/materials/retro_urban/asphalt_asphalt_03.tres,8d6ce06bb0b8948b099d9ad654e6e5d64cf77e642e2bd8117f62729f9762d9bd,1290,tres,cleared,Binbun3D,https://binbun3d.itch.io/retrourban-free,CC-BY-4.0,docs/licenses/RETOURBAN_CC-BY-4.0.txt,RetroUrban Free 128x128 urban texture map or derived Godot material resource; imported without changing source PNG pixels. Attribution to Binbun3D is required.
game/art/materials/retro_urban/asphalt_asphalt_04.tres,2d3ecfd5e0692e602a7d5e8623cac457be503b31e9012fb3171cb9946352c8ae,1290,tres,cleared,Binbun3D,https://binbun3d.itch.io/retrourban-free,CC-BY-4.0,docs/licenses/RETOURBAN_CC-BY-4.0.txt,RetroUrban Free 128x128 urban texture map or derived Godot material resource; imported without changing source PNG pixels. Attribution to Binbun3D is required.
game/art/materials/retro_urban/asphalt_asphalt_05.tres,e29be7298f5ddd0c6a7b38020746ebea94f22003b14e3b2e2779cf172f45c595,1290,tres,cleared,Binbun3D,https://binbun3d.itch.io/retrourban-free,CC-BY-4.0,docs/licenses/RETOURBAN_CC-BY-4.0.txt,RetroUrban Free 128x128 urban texture map or derived Godot material resource; imported without changing source PNG pixels. Attribution to Binbun3D is required.
game/art/materials/retro_urban/asphalt_asphalt_06.tres,fd0a2fc0094a68e6bbb27f23b2992d069b3452117a668afd3bab2da5f6e5f72a,1290,tres,cleared,Binbun3D,https://binbun3d.itch.io/retrourban-free,CC-BY-4.0,docs/licenses/RETOURBAN_CC-BY-4.0.txt,RetroUrban Free 128x128 urban texture map or derived Godot material resource; imported without changing source PNG pixels. Attribution to Binbun3D is required.
game/art/materials/retro_urban/asphalt_asphalt_07.tres,e559f9e782390cf70f695f37214deed2ed995e5ea2234ada01709d72ccf8fc74,1290,tres,cleared,Binbun3D,https://binbun3d.itch.io/retrourban-free,CC-BY-4.0,docs/licenses/RETOURBAN_CC-BY-4.0.txt,RetroUrban Free 128x128 urban texture map or derived Godot material resource; imported without changing source PNG pixels. Attribution to Binbun3D is required.
game/art/materials/retro_urban/asphalt_asphalt_08.tres,8e13b66249326cda42b9f7741ae33c6eb6a2a57ba22c09fb735e2899631f9da8,1290,tres,cleared,Binbun3D,https://binbun3d.itch.io/retrourban-free,CC-BY-4.0,docs/licenses/RETOURBAN_CC-BY-4.0.txt,RetroUrban Free 128x128 urban texture map or derived Godot material resource; imported without changing source PNG pixels. Attribution to Binbun3D is required.
game/art/materials/retro_urban/asphaltroad_asphaltroad_01.tres,464b6ddbb05b2ffdfb6a6f79b334aeeedab7c592ad5b05837027c92d2168b312,1370,tres,cleared,Binbun3D,https://binbun3d.itch.io/retrourban-free,CC-BY-4.0,docs/licenses/RETOURBAN_CC-BY-4.0.txt,RetroUrban Free 128x128 urban texture map or derived Godot material resource; imported without changing source PNG pixels. Attribution to Binbun3D is required.
game/art/materials/retro_urban/asphaltroad_asphaltroad_02.tres,506807f139b4c9061ad2025d3d072ba8cd5cdf4061878ce4384a106feb9bd3e9,1370,tres,cleared,Binbun3D,https://binbun3d.itch.io/retrourban-free,CC-BY-4.0,docs/licenses/RETOURBAN_CC-BY-4.0.txt,RetroUrban Free 128x128 urban texture map or derived Godot material resource; imported without changing source PNG pixels. Attribution to Binbun3D is required.
game/art/materials/retro_urban/asphaltroad_asphaltroad_03.tres,90b3a5fbd06139a87abaeb01b9760bff0011092dd708f9c954c66c3be5ebeca9,1370,tres,cleared,Binbun3D,https://binbun3d.itch.io/retrourban-free,CC-BY-4.0,docs/licenses/RETOURBAN_CC-BY-4.0.txt,RetroUrban Free 128x128 urban texture map or derived Godot material resource; imported without changing source PNG pixels. Attribution to Binbun3D is required.
game/art/materials/retro_urban/asphaltroad_asphaltroad_04.tres,7b360fcab11a8eb9934c9ad9705b26602530aa9dc4b0e4f74992c050d0bfcbe9,1370,tres,cleared,Binbun3D,https://binbun3d.itch.io/retrourban-free,CC-BY-4.0,docs/licenses/RETOURBAN_CC-BY-4.0.txt,RetroUrban Free 128x128 urban texture map or derived Godot material resource; imported without changing source PNG pixels. Attribution to Binbun3D is required.
game/art/materials/retro_urban/asphaltroad_asphaltroad_05.tres,0e8b38d327f8ae6134cda94da38b2393b280b8e438d3dec9b0b2ad77a296e73d,1370,tres,cleared,Binbun3D,https://binbun3d.itch.io/retrourban-free,CC-BY-4.0,docs/licenses/RETOURBAN_CC-BY-4.0.txt,RetroUrban Free 128x128 urban texture map or derived Godot material resource; imported without changing source PNG pixels. Attribution to Binbun3D is required.
game/art/materials/retro_urban/asphaltroad_asphaltroad_06.tres,1d676c440cfb94318a9cf70363abe4b2ffbf5f627a2d9814d5d11c558dfc2ef5,1370,tres,cleared,Binbun3D,https://binbun3d.itch.io/retrourban-free,CC-BY-4.0,docs/licenses/RETOURBAN_CC-BY-4.0.txt,RetroUrban Free 128x128 urban texture map or derived Godot material resource; imported without changing source PNG pixels. Attribution to Binbun3D is required.
game/art/materials/retro_urban/asphaltroad_asphaltroad_07.tres,a678d37b2b3f91e8e82ae90fc39bc24384f629dd4f80d85e512e3696c3f3465f,1370,tres,cleared,Binbun3D,https://binbun3d.itch.io/retrourban-free,CC-BY-4.0,docs/licenses/RETOURBAN_CC-BY-4.0.txt,RetroUrban Free 128x128 urban texture map or derived Godot material resource; imported without changing source PNG pixels. Attribution to Binbun3D is required.
game/art/materials/retro_urban/asphaltroad_asphaltroad_08.tres,3eda53c06736b7700a4f8d7424b4b150907c38800187432717fad0f8911d5c69,1370,tres,cleared,Binbun3D,https://binbun3d.itch.io/retrourban-free,CC-BY-4.0,docs/licenses/RETOURBAN_CC-BY-4.0.txt,RetroUrban Free 128x128 urban texture map or derived Godot material resource; imported without changing source PNG pixels. Attribution to Binbun3D is required.
game/art/materials/retro_urban/cleanpavement_cleanpavement_01.tres,9c192e9a68144eb2834a4ac36b6786ad0dbe667dc7cb057521bc5ec00e4d23e4,1428,tres,cleared,Binbun3D,https://binbun3d.itch.io/retrourban-free,CC-BY-4.0,docs/licenses/RETOURBAN_CC-BY-4.0.txt,RetroUrban Free 128x128 urban texture map or derived Godot material resource; imported without changing source PNG pixels. Attribution to Binbun3D is required.
game/art/materials/retro_urban/cleanpavement_cleanpavement_02.tres,994517ce806060a252a12a873be281da872b283c7e0ebc18a7b3c6a6506b5208,1428,tres,cleared,Binbun3D,https://binbun3d.itch.io/retrourban-free,CC-BY-4.0,docs/licenses/RETOURBAN_CC-BY-4.0.txt,RetroUrban Free 128x128 urban texture map or derived Godot material resource; imported without changing source PNG pixels. Attribution to Binbun3D is required.
game/art/materials/retro_urban/cleanpavement_cleanpavement_03.tres,721a7a48a7cda2c771bc1c803eafcdebceb381921d11356010808540d38a29ed,1428,tres,cleared,Binbun3D,https://binbun3d.itch.io/retrourban-free,CC-BY-4.0,docs/licenses/RETOURBAN_CC-BY-4.0.txt,RetroUrban Free 128x128 urban texture map or derived Godot material resource; imported without changing source PNG pixels. Attribution to Binbun3D is required.
game/art/materials/retro_urban/cleanpavement_cleanpavement_04.tres,8d694a5b029c2b00af62b0f95f50358a689839fb9504f137d48636b9c594d10c,1428,tres,cleared,Binbun3D,https://binbun3d.itch.io/retrourban-free,CC-BY-4.0,docs/licenses/RETOURBAN_CC-BY-4.0.txt,RetroUrban Free 128x128 urban texture map or derived Godot material resource; imported without changing source PNG pixels. Attribution to Binbun3D is required.
game/art/materials/retro_urban/cleanpavement_cleanpavement_05.tres,a0e1ed04381bbe08330ffcd4669f348681fc7be3e34d9b5b3e206cec0ad9217a,1428,tres,cleared,Binbun3D,https://binbun3d.itch.io/retrourban-free,CC-BY-4.0,docs/licenses/RETOURBAN_CC-BY-4.0.txt,RetroUrban Free 128x128 urban texture map or derived Godot material resource; imported without changing source PNG pixels. Attribution to Binbun3D is required.
game/art/materials/retro_urban/cleanpavement_cleanpavement_06.tres,d755aa9d3f4ac68c88cf1b292899cbb953f79b297abf7eab2f9c1b1a1cda6d54,1428,tres,cleared,Binbun3D,https://binbun3d.itch.io/retrourban-free,CC-BY-4.0,docs/licenses/RETOURBAN_CC-BY-4.0.txt,RetroUrban Free 128x128 urban texture map or derived Godot material resource; imported without changing source PNG pixels. Attribution to Binbun3D is required.
game/art/materials/retro_urban/cleanpavement_cleanpavement_07.tres,77fe1a4ae1f1d53d73f8ccf0ec5ccdd05fc7b080f0771012889f737f2a8dab25,1428,tres,cleared,Binbun3D,https://binbun3d.itch.io/retrourban-free,CC-BY-4.0,docs/licenses/RETOURBAN_CC-BY-4.0.txt,RetroUrban Free 128x128 urban texture map or derived Godot material resource; imported without changing source PNG pixels. Attribution to Binbun3D is required.
game/art/materials/retro_urban/cleanpavement_cleanpavement_08.tres,c90b076d65de9b92cbb4f237ad68f33afbae1ee56d910ff9baa60dae9546381e,1428,tres,cleared,Binbun3D,https://binbun3d.itch.io/retrourban-free,CC-BY-4.0,docs/licenses/RETOURBAN_CC-BY-4.0.txt,RetroUrban Free 128x128 urban texture map or derived Godot material resource; imported without changing source PNG pixels. Attribution to Binbun3D is required.
game/art/materials/retro_urban/concrete_concrete_01.tres,424035a51f19750fed19ea8c1e2a700de6bf4d7e8e82f93bbb14a1bfb4d0a0d3,1310,tres,cleared,Binbun3D,https://binbun3d.itch.io/retrourban-free,CC-BY-4.0,docs/licenses/RETOURBAN_CC-BY-4.0.txt,RetroUrban Free 128x128 urban texture map or derived Godot material resource; imported without changing source PNG pixels. Attribution to Binbun3D is required.
game/art/materials/retro_urban/concrete_concrete_02.tres,7ed937d149fa572502f75934ae511818c4495a1929578ca63b497512e6f97341,1310,tres,cleared,Binbun3D,https://binbun3d.itch.io/retrourban-free,CC-BY-4.0,docs/licenses/RETOURBAN_CC-BY-4.0.txt,RetroUrban Free 128x128 urban texture map or derived Godot material resource; imported without changing source PNG pixels. Attribution to Binbun3D is required.
game/art/materials/retro_urban/concrete_concrete_03.tres,2917eb7364a8bca26c041a6e5b7ce55ebf420b4b938c1972d278af8ed58da5e1,1310,tres,cleared,Binbun3D,https://binbun3d.itch.io/retrourban-free,CC-BY-4.0,docs/licenses/RETOURBAN_CC-BY-4.0.txt,RetroUrban Free 128x128 urban texture map or derived Godot material resource; imported without changing source PNG pixels. Attribution to Binbun3D is required.
game/art/materials/retro_urban/concrete_concrete_04.tres,c72c0b9986df3d160576fb8c465ac1d159a5a322736afce1ba3493fa4fe3b002,1310,tres,cleared,Binbun3D,https://binbun3d.itch.io/retrourban-free,CC-BY-4.0,docs/licenses/RETOURBAN_CC-BY-4.0.txt,RetroUrban Free 128x128 urban texture map or derived Godot material resource; imported without changing source PNG pixels. Attribution to Binbun3D is required.
game/art/materials/retro_urban/concrete_concrete_05.tres,a5481f5ea2e53a3eb0f392b405c682e1e9cfb5afdec07b3deafbee624369c4f5,1310,tres,cleared,Binbun3D,https://binbun3d.itch.io/retrourban-free,CC-BY-4.0,docs/licenses/RETOURBAN_CC-BY-4.0.txt,RetroUrban Free 128x128 urban texture map or derived Godot material resource; imported without changing source PNG pixels. Attribution to Binbun3D is required.
game/art/materials/retro_urban/concrete_concrete_06.tres,26419007d986a34cf9b224cc906ce19adbff1a66a496d7174b8643f619bdac0c,1310,tres,cleared,Binbun3D,https://binbun3d.itch.io/retrourban-free,CC-BY-4.0,docs/licenses/RETOURBAN_CC-BY-4.0.txt,RetroUrban Free 128x128 urban texture map or derived Godot material resource; imported without changing source PNG pixels. Attribution to Binbun3D is required.
game/art/materials/retro_urban/concrete_concrete_07.tres,2157ed55dff5aca6b832ebb6f02700f8f3928ed1bf5f3d5e98604f289308dfd1,1310,tres,cleared,Binbun3D,https://binbun3d.itch.io/retrourban-free,CC-BY-4.0,docs/licenses/RETOURBAN_CC-BY-4.0.txt,RetroUrban Free 128x128 urban texture map or derived Godot material resource; imported without changing source PNG pixels. Attribution to Binbun3D is required.
game/art/materials/retro_urban/concrete_concrete_08.tres,47d6e377e0788e99763b3fdffd34311c1382f29af054b547ac08dfcc2e10a14b,1310,tres,cleared,Binbun3D,https://binbun3d.itch.io/retrourban-free,CC-BY-4.0,docs/licenses/RETOURBAN_CC-BY-4.0.txt,RetroUrban Free 128x128 urban texture map or derived Godot material resource; imported without changing source PNG pixels. Attribution to Binbun3D is required.
game/art/materials/retro_urban/concreteslabs_concreteslabs_01.tres,4c1c51757dcd47911c1e98725d846eaecebbcdceb6f35ebfee1dd5fab8d51b14,1410,tres,cleared,Binbun3D,https://binbun3d.itch.io/retrourban-free,CC-BY-4.0,docs/licenses/RETOURBAN_CC-BY-4.0.txt,RetroUrban Free 128x128 urban texture map or derived Godot material resource; imported without changing source PNG pixels. Attribution to Binbun3D is required.
game/art/materials/retro_urban/concreteslabs_concreteslabs_02.tres,4226bd95b715659676efeac2321b0b077f61cfd2662c764d76ff87e1006e951a,1410,tres,cleared,Binbun3D,https://binbun3d.itch.io/retrourban-free,CC-BY-4.0,docs/licenses/RETOURBAN_CC-BY-4.0.txt,RetroUrban Free 128x128 urban texture map or derived Godot material resource; imported without changing source PNG pixels. Attribution to Binbun3D is required.
game/art/materials/retro_urban/concreteslabs_concreteslabs_03.tres,3794312a3cf9edaf5f24039eb087a268b95d26d20b8280c1f7b28a1690f430a9,1410,tres,cleared,Binbun3D,https://binbun3d.itch.io/retrourban-free,CC-BY-4.0,docs/licenses/RETOURBAN_CC-BY-4.0.txt,RetroUrban Free 128x128 urban texture map or derived Godot material resource; imported without changing source PNG pixels. Attribution to Binbun3D is required.
game/art/materials/retro_urban/concreteslabs_concreteslabs_04.tres,e16675d4e338b315e02db4c432407809cbf02ea7cd0448687838e28440c44dea,1410,tres,cleared,Binbun3D,https://binbun3d.itch.io/retrourban-free,CC-BY-4.0,docs/licenses/RETOURBAN_CC-BY-4.0.txt,RetroUrban Free 128x128 urban texture map or derived Godot material resource; imported without changing source PNG pixels. Attribution to Binbun3D is required.
game/art/materials/retro_urban/concreteslabs_concreteslabs_05.tres,12e2933f10d534baf1b182753e039d4b16eb17cd4d14db9f57012b97c6e55f7b,1410,tres,cleared,Binbun3D,https://binbun3d.itch.io/retrourban-free,CC-BY-4.0,docs/licenses/RETOURBAN_CC-BY-4.0.txt,RetroUrban Free 128x128 urban texture map or derived Godot material resource; imported without changing source PNG pixels. Attribution to Binbun3D is required.
game/art/materials/retro_urban/concreteslabs_concreteslabs_06.tres,b08c0ce6e9e8221280912b9314e3c7ce190b080518b258ebd271a43d54648605,1410,tres,cleared,Binbun3D,https://binbun3d.itch.io/retrourban-free,CC-BY-4.0,docs/licenses/RETOURBAN_CC-BY-4.0.txt,RetroUrban Free 128x128 urban texture map or derived Godot material resource; imported without changing source PNG pixels. Attribution to Binbun3D is required.
game/art/materials/retro_urban/roughpavement_roughpavement_01.tres,aa3579c55451df9bc4097e8e935ef102051f676be01f1aa2a1650fa63a59a6d0,1410,tres,cleared,Binbun3D,https://binbun3d.itch.io/retrourban-free,CC-BY-4.0,docs/licenses/RETOURBAN_CC-BY-4.0.txt,RetroUrban Free 128x128 urban texture map or derived Godot material resource; imported without changing source PNG pixels. Attribution to Binbun3D is required.
game/art/materials/retro_urban/roughpavement_roughpavement_02.tres,56d1cb9c32072d2b5026d056463a5ff0b0b1ea9f0692bf47749fe14a0917f93a,1410,tres,cleared,Binbun3D,https://binbun3d.itch.io/retrourban-free,CC-BY-4.0,docs/licenses/RETOURBAN_CC-BY-4.0.txt,RetroUrban Free 128x128 urban texture map or derived Godot material resource; imported without changing source PNG pixels. Attribution to Binbun3D is required.
game/art/models/fences/brick_fence/brick_Wall_corner.glb,0c1381def5d308b6b15866df516573fc81adcbf0e2ecd6708cdf9e4533e21263,45352,glb,cleared,valsekamerplant,https://valsekamerplant.itch.io/psx-style-walls-fences,CC0-1.0,docs/licenses/PSX_WALLS_FENCES_CC0-1.0.txt,PSX style modular walls and fences; canonical GLB model or source texture imported from the all_fences.zip archive. The official source page states CC0/Public Domain.
game/art/models/fences/brick_fence/brick_wall.glb,ae4d25eb8c193704ac96b7f51a73fad687810bf927161028985f8673ec861da1,44172,glb,cleared,valsekamerplant,https://valsekamerplant.itch.io/psx-style-walls-fences,CC0-1.0,docs/licenses/PSX_WALLS_FENCES_CC0-1.0.txt,PSX style modular walls and fences; canonical GLB model or source texture imported from the all_fences.zip archive. The official source page states CC0/Public Domain.
game/art/models/fences/brick_fence/brick_wall_gate.glb,8c68d475da5525c1150cadafa703d5af725bd94b1c0728ea6486983a9cf188eb,57712,glb,cleared,valsekamerplant,https://valsekamerplant.itch.io/psx-style-walls-fences,CC0-1.0,docs/licenses/PSX_WALLS_FENCES_CC0-1.0.txt,PSX style modular walls and fences; canonical GLB model or source texture imported from the all_fences.zip archive. The official source page states CC0/Public Domain.
game/art/models/fences/brick_fence/brick_wall_one_overhang.glb,a2f48a25b265e0e3aa786e3452789cd940820ac142eebbb43f8d5907706d5e0a,44440,glb,cleared,valsekamerplant,https://valsekamerplant.itch.io/psx-style-walls-fences,CC0-1.0,docs/licenses/PSX_WALLS_FENCES_CC0-1.0.txt,PSX style modular walls and fences; canonical GLB model or source texture imported from the all_fences.zip archive. The official source page states CC0/Public Domain.
game/art/models/fences/brick_fence/brick_wall_one_overhang_small.glb,e3b327119d311cc6ef646975902e0b5a6d651390f57b47dc3becff6f78229fd1,45028,glb,cleared,valsekamerplant,https://valsekamerplant.itch.io/psx-style-walls-fences,CC0-1.0,docs/licenses/PSX_WALLS_FENCES_CC0-1.0.txt,PSX style modular walls and fences; canonical GLB model or source texture imported from the all_fences.zip archive. The official source page states CC0/Public Domain.
game/art/models/fences/brick_fence/brick_wall_pole.glb,ca7dd30d44c126ba1632fa60a4fca27bc4b6ef4de441d570f79c3cdab6324d21,44108,glb,cleared,valsekamerplant,https://valsekamerplant.itch.io/psx-style-walls-fences,CC0-1.0,docs/licenses/PSX_WALLS_FENCES_CC0-1.0.txt,PSX style modular walls and fences; canonical GLB model or source texture imported from the all_fences.zip archive. The official source page states CC0/Public Domain.
game/art/models/fences/brick_fence/brick_wall_small.glb,39c2425ce834f637d0e796a301ca3fafbbf0ac852ebec1f5a5787bb32f7bd124,44500,glb,cleared,valsekamerplant,https://valsekamerplant.itch.io/psx-style-walls-fences,CC0-1.0,docs/licenses/PSX_WALLS_FENCES_CC0-1.0.txt,PSX style modular walls and fences; canonical GLB model or source texture imported from the all_fences.zip archive. The official source page states CC0/Public Domain.
game/art/models/fences/drystone_wall/drystone_column.glb,2df685ed8456add82e37925fe4b6054393bf27a59b9421f26c0493a3cebd6320,35604,glb,cleared,valsekamerplant,https://valsekamerplant.itch.io/psx-style-walls-fences,CC0-1.0,docs/licenses/PSX_WALLS_FENCES_CC0-1.0.txt,PSX style modular walls and fences; canonical GLB model or source texture imported from the all_fences.zip archive. The official source page states CC0/Public Domain.
game/art/models/fences/drystone_wall/drystone_column_capped.glb,ce7190c21b1435e53cc363912d8ebad317b9924c978a361788a3cbbb6493fc76,44432,glb,cleared,valsekamerplant,https://valsekamerplant.itch.io/psx-style-walls-fences,CC0-1.0,docs/licenses/PSX_WALLS_FENCES_CC0-1.0.txt,PSX style modular walls and fences; canonical GLB model or source texture imported from the all_fences.zip archive. The official source page states CC0/Public Domain.
game/art/models/fences/drystone_wall/drystone_column_tiles.glb,849a4724ac9160043596c73983a99951160ea853f9175147c6b27ccbcd5156a0,68996,glb,cleared,valsekamerplant,https://valsekamerplant.itch.io/psx-style-walls-fences,CC0-1.0,docs/licenses/PSX_WALLS_FENCES_CC0-1.0.txt,PSX style modular walls and fences; canonical GLB model or source texture imported from the all_fences.zip archive. The official source page states CC0/Public Domain.
game/art/models/fences/drystone_wall/drystone_wall.glb,fd5d9181fac23443006803917e99fb69b72b30b2c6a24dd8f9ab3d1fb782e1bb,39932,glb,cleared,valsekamerplant,https://valsekamerplant.itch.io/psx-style-walls-fences,CC0-1.0,docs/licenses/PSX_WALLS_FENCES_CC0-1.0.txt,PSX style modular walls and fences; canonical GLB model or source texture imported from the all_fences.zip archive. The official source page states CC0/Public Domain.
game/art/models/fences/drystone_wall/drystone_wall_capped.glb,f1ef0ceef3279ed10d0282f0f2b99688df8a498a7cb54da667108803a0a82c2f,48096,glb,cleared,valsekamerplant,https://valsekamerplant.itch.io/psx-style-walls-fences,CC0-1.0,docs/licenses/PSX_WALLS_FENCES_CC0-1.0.txt,PSX style modular walls and fences; canonical GLB model or source texture imported from the all_fences.zip archive. The official source page states CC0/Public Domain.
game/art/models/fences/drystone_wall/drystone_wall_half.glb,9fa24c6257c8ac847dd9ade1b01a8e508c288786514044acf187e321e1b875aa,37652,glb,cleared,valsekamerplant,https://valsekamerplant.itch.io/psx-style-walls-fences,CC0-1.0,docs/licenses/PSX_WALLS_FENCES_CC0-1.0.txt,PSX style modular walls and fences; canonical GLB model or source texture imported from the all_fences.zip archive. The official source page states CC0/Public Domain.
game/art/models/fences/drystone_wall/drystone_wall_half_capped.glb,a632d163ff368ea237e2e098b6630b862322cab06aca0c9ce30e6e59497e93ef,46076,glb,cleared,valsekamerplant,https://valsekamerplant.itch.io/psx-style-walls-fences,CC0-1.0,docs/licenses/PSX_WALLS_FENCES_CC0-1.0.txt,PSX style modular walls and fences; canonical GLB model or source texture imported from the all_fences.zip archive. The official source page states CC0/Public Domain.
game/art/models/fences/drystone_wall/drystone_wall_half_tiles.glb,0ae27c3f195dcf23aad2f61cc5b38d45d549e14175e67e5c55dffdb0c2b78279,72836,glb,cleared,valsekamerplant,https://valsekamerplant.itch.io/psx-style-walls-fences,CC0-1.0,docs/licenses/PSX_WALLS_FENCES_CC0-1.0.txt,PSX style modular walls and fences; canonical GLB model or source texture imported from the all_fences.zip archive. The official source page states CC0/Public Domain.
game/art/models/fences/drystone_wall/drystone_wall_tiles.glb,1882fd95072ea9fa7ebf6fc28fb7e54d2aad04ab9278fc295994f59c83d42946,76756,glb,cleared,valsekamerplant,https://valsekamerplant.itch.io/psx-style-walls-fences,CC0-1.0,docs/licenses/PSX_WALLS_FENCES_CC0-1.0.txt,PSX style modular walls and fences; canonical GLB model or source texture imported from the all_fences.zip archive. The official source page states CC0/Public Domain.
game/art/models/fences/low_wooden_fence/wooden_fence_beam.glb,78a2ed7e7dc487b40f3a58b24ccbed8fb34839e8bc09fd0befd4ce1f550cd9be,34876,glb,cleared,valsekamerplant,https://valsekamerplant.itch.io/psx-style-walls-fences,CC0-1.0,docs/licenses/PSX_WALLS_FENCES_CC0-1.0.txt,PSX style modular walls and fences; canonical GLB model or source texture imported from the all_fences.zip archive. The official source page states CC0/Public Domain.
game/art/models/fences/low_wooden_fence/wooden_fence_beam_alt.glb,1cdb2f7ce6960d039d54e24a421d41f1cca3aa58bde9f491c3b2a75eec456004,34876,glb,cleared,valsekamerplant,https://valsekamerplant.itch.io/psx-style-walls-fences,CC0-1.0,docs/licenses/PSX_WALLS_FENCES_CC0-1.0.txt,PSX style modular walls and fences; canonical GLB model or source texture imported from the all_fences.zip archive. The official source page states CC0/Public Domain.
game/art/models/fences/low_wooden_fence/wooden_fence_beam_alt_2.glb,169fa8e47eea1b3b228f70c27174fce50ef8a314627e5105d00db56d768c906b,34880,glb,cleared,valsekamerplant,https://valsekamerplant.itch.io/psx-style-walls-fences,CC0-1.0,docs/licenses/PSX_WALLS_FENCES_CC0-1.0.txt,PSX style modular walls and fences; canonical GLB model or source texture imported from the all_fences.zip archive. The official source page states CC0/Public Domain.
game/art/models/fences/low_wooden_fence/wooden_fence_broken.glb,1f2177b446339c16ebda100b4f16a170442b25258b66db767328f055433af56a,39920,glb,cleared,valsekamerplant,https://valsekamerplant.itch.io/psx-style-walls-fences,CC0-1.0,docs/licenses/PSX_WALLS_FENCES_CC0-1.0.txt,PSX style modular walls and fences; canonical GLB model or source texture imported from the all_fences.zip archive. The official source page states CC0/Public Domain.
game/art/models/fences/low_wooden_fence/wooden_fence_broken_alt.glb,bd7795e5ddddd30c3b7fbd17017065adc964804fda8a6022ddadeb0171ad63ef,40204,glb,cleared,valsekamerplant,https://valsekamerplant.itch.io/psx-style-walls-fences,CC0-1.0,docs/licenses/PSX_WALLS_FENCES_CC0-1.0.txt,PSX style modular walls and fences; canonical GLB model or source texture imported from the all_fences.zip archive. The official source page states CC0/Public Domain.
game/art/models/fences/low_wooden_fence/wooden_fence_broken_alt2.glb,818dc9160b14d770e5dad51a69bd01815301a41e8dd61fb44663742b4131731e,45916,glb,cleared,valsekamerplant,https://valsekamerplant.itch.io/psx-style-walls-fences,CC0-1.0,docs/licenses/PSX_WALLS_FENCES_CC0-1.0.txt,PSX style modular walls and fences; canonical GLB model or source texture imported from the all_fences.zip archive. The official source page states CC0/Public Domain.
game/art/models/fences/low_wooden_fence/wooden_fence_closed.glb,49a693b0153bdd8fc371b9ac718c7b799efcb806aa9a0127142d3924955589dd,42572,glb,cleared,valsekamerplant,https://valsekamerplant.itch.io/psx-style-walls-fences,CC0-1.0,docs/licenses/PSX_WALLS_FENCES_CC0-1.0.txt,PSX style modular walls and fences; canonical GLB model or source texture imported from the all_fences.zip archive. The official source page states CC0/Public Domain.
game/art/models/fences/low_wooden_fence/wooden_fence_oen_crossed.glb,c2787725881d98bbfb14a08005a153d1391d9c54a1e83f98f1b4c3db5754aef6,39928,glb,cleared,valsekamerplant,https://valsekamerplant.itch.io/psx-style-walls-fences,CC0-1.0,docs/licenses/PSX_WALLS_FENCES_CC0-1.0.txt,PSX style modular walls and fences; canonical GLB model or source texture imported from the all_fences.zip archive. The official source page states CC0/Public Domain.
game/art/models/fences/low_wooden_fence/wooden_fence_open.glb,f6e5d8bf9dad1b3febfea074a6b7b3c5699c7da0a1937befc5e79e79962639a9,39920,glb,cleared,valsekamerplant,https://valsekamerplant.itch.io/psx-style-walls-fences,CC0-1.0,docs/licenses/PSX_WALLS_FENCES_CC0-1.0.txt,PSX style modular walls and fences; canonical GLB model or source texture imported from the all_fences.zip archive. The official source page states CC0/Public Domain.
game/art/models/fences/low_wooden_fence/wooden_fence_open_alt.glb,1dddf73f5231e448493545838238fa87d49b8cf4e9672657e8bed5622dc903ea,39924,glb,cleared,valsekamerplant,https://valsekamerplant.itch.io/psx-style-walls-fences,CC0-1.0,docs/licenses/PSX_WALLS_FENCES_CC0-1.0.txt,PSX style modular walls and fences; canonical GLB model or source texture imported from the all_fences.zip archive. The official source page states CC0/Public Domain.
game/art/models/fences/low_wooden_fence/wooden_fence_pile.glb,f21e97e1e713d14217c0ec5579989598079b0a95e8127281870c4354f74e53f6,37736,glb,cleared,valsekamerplant,https://valsekamerplant.itch.io/psx-style-walls-fences,CC0-1.0,docs/licenses/PSX_WALLS_FENCES_CC0-1.0.txt,PSX style modular walls and fences; canonical GLB model or source texture imported from the all_fences.zip archive. The official source page states CC0/Public Domain.
game/art/models/fences/low_wooden_fence/wooden_fence_pole.glb,7f041a8d6ec6967853e5a7ba21b728658b295fa1044854c7f59a41b4ccac1983,34928,glb,cleared,valsekamerplant,https://valsekamerplant.itch.io/psx-style-walls-fences,CC0-1.0,docs/licenses/PSX_WALLS_FENCES_CC0-1.0.txt,PSX style modular walls and fences; canonical GLB model or source texture imported from the all_fences.zip archive. The official source page states CC0/Public Domain.
game/art/models/fences/low_wooden_fence/wooden_fence_pole_alt.glb,d4d97e2460b4a146f411b7c34f1d1f84e96fa24acf49bc141a6b6a5c6b06bcc6,34932,glb,cleared,valsekamerplant,https://valsekamerplant.itch.io/psx-style-walls-fences,CC0-1.0,docs/licenses/PSX_WALLS_FENCES_CC0-1.0.txt,PSX style modular walls and fences; canonical GLB model or source texture imported from the all_fences.zip archive. The official source page states CC0/Public Domain.
game/art/models/fences/low_wooden_fence/wooden_fence_pole_alt_2.glb,240bcd718e7eb07ed2806160850bc90fee350ee1f43789674236aec6f538974a,34936,glb,cleared,valsekamerplant,https://valsekamerplant.itch.io/psx-style-walls-fences,CC0-1.0,docs/licenses/PSX_WALLS_FENCES_CC0-1.0.txt,PSX style modular walls and fences; canonical GLB model or source texture imported from the all_fences.zip archive. The official source page states CC0/Public Domain.
game/art/models/fences/low_wooden_fence/wooden_fence_pole_broken_large.glb,9b487baf4b453cd00c2052bae8f6af7cd71879e87a62463d2c26d0e033d116c8,37664,glb,cleared,valsekamerplant,https://valsekamerplant.itch.io/psx-style-walls-fences,CC0-1.0,docs/licenses/PSX_WALLS_FENCES_CC0-1.0.txt,PSX style modular walls and fences; canonical GLB model or source texture imported from the all_fences.zip archive. The official source page states CC0/Public Domain.
game/art/models/fences/low_wooden_fence/wooden_fence_pole_broken_small.glb,775308f1c4f80b7a4adbb50bff683eb9de07de2bda277e345fc47f5a4cc8942a,35420,glb,cleared,valsekamerplant,https://valsekamerplant.itch.io/psx-style-walls-fences,CC0-1.0,docs/licenses/PSX_WALLS_FENCES_CC0-1.0.txt,PSX style modular walls and fences; canonical GLB model or source texture imported from the all_fences.zip archive. The official source page states CC0/Public Domain.
game/art/models/fences/metal_fence/gate.glb,a9b0153ef9826b29390ae515bb893faf20bc71e108f135b7114b475ab360e21a,116916,glb,cleared,valsekamerplant,https://valsekamerplant.itch.io/psx-style-walls-fences,CC0-1.0,docs/licenses/PSX_WALLS_FENCES_CC0-1.0.txt,PSX style modular walls and fences; canonical GLB model or source texture imported from the all_fences.zip archive. The official source page states CC0/Public Domain.
game/art/models/fences/metal_fence/metal_fence_gate_with_gate.glb,e26340caa65e9f927070be1f30a920f6a489b28d2934525ffef99f960d8d1c4f,30560,glb,cleared,valsekamerplant,https://valsekamerplant.itch.io/psx-style-walls-fences,CC0-1.0,docs/licenses/PSX_WALLS_FENCES_CC0-1.0.txt,PSX style modular walls and fences; canonical GLB model or source texture imported from the all_fences.zip archive. The official source page states CC0/Public Domain.
game/art/models/fences/metal_fence/metalfence_both_sides_no_topbar.glb,c19215a023ea56608ac3e87182d1e6041a0faef19a2c3df6e2738f4b12a809cf,109048,glb,cleared,valsekamerplant,https://valsekamerplant.itch.io/psx-style-walls-fences,CC0-1.0,docs/licenses/PSX_WALLS_FENCES_CC0-1.0.txt,PSX style modular walls and fences; canonical GLB model or source texture imported from the all_fences.zip archive. The official source page states CC0/Public Domain.
game/art/models/fences/metal_fence/metalfence_both_sides_topbar.glb,b6cb0dad15d923e0cb5798fab2896963b2bbceb31f7330075dff0195a113c947,109924,glb,cleared,valsekamerplant,https://valsekamerplant.itch.io/psx-style-walls-fences,CC0-1.0,docs/licenses/PSX_WALLS_FENCES_CC0-1.0.txt,PSX style modular walls and fences; canonical GLB model or source texture imported from the all_fences.zip archive. The official source page states CC0/Public Domain.
game/art/models/fences/metal_fence/metalfence_gate_only_sides.glb,4b733861ef77c6af3e6f64166955571edeac49d5f7219fbfdd9ee544faeb7217,30604,glb,cleared,valsekamerplant,https://valsekamerplant.itch.io/psx-style-walls-fences,CC0-1.0,docs/licenses/PSX_WALLS_FENCES_CC0-1.0.txt,PSX style modular walls and fences; canonical GLB model or source texture imported from the all_fences.zip archive. The official source page states CC0/Public Domain.
game/art/models/fences/metal_fence/metalfence_one_side_no_topbar.glb,0b337d3a67501fe8061220eaad4561a98e4f77019bf914bb3fb29a2cb944a523,107992,glb,cleared,valsekamerplant,https://valsekamerplant.itch.io/psx-style-walls-fences,CC0-1.0,docs/licenses/PSX_WALLS_FENCES_CC0-1.0.txt,PSX style modular walls and fences; canonical GLB model or source texture imported from the all_fences.zip archive. The official source page states CC0/Public Domain.
game/art/models/fences/metal_fence/metalfence_one_side_topbar.glb,366fa7b74d7a17635143f71de74e9f1efd6f1d669e35946435bb097dea903e4b,109048,glb,cleared,valsekamerplant,https://valsekamerplant.itch.io/psx-style-walls-fences,CC0-1.0,docs/licenses/PSX_WALLS_FENCES_CC0-1.0.txt,PSX style modular walls and fences; canonical GLB model or source texture imported from the all_fences.zip archive. The official source page states CC0/Public Domain.
game/art/models/fences/plackard_wall/plackard_broken.glb,f1f6e36b70e3f6080a655ec0862f49b7694dd2bb57993fb5464e1921abd4a99c,194420,glb,cleared,valsekamerplant,https://valsekamerplant.itch.io/psx-style-walls-fences,CC0-1.0,docs/licenses/PSX_WALLS_FENCES_CC0-1.0.txt,PSX style modular walls and fences; canonical GLB model or source texture imported from the all_fences.zip archive. The official source page states CC0/Public Domain.
game/art/models/fences/plackard_wall/plackard_broken_alt.glb,b37f57b1bc2cc0182f407cc52d2970459de51f0338566b530748e65033d44831,193216,glb,cleared,valsekamerplant,https://valsekamerplant.itch.io/psx-style-walls-fences,CC0-1.0,docs/licenses/PSX_WALLS_FENCES_CC0-1.0.txt,PSX style modular walls and fences; canonical GLB model or source texture imported from the all_fences.zip archive. The official source page states CC0/Public Domain.
game/art/models/fences/plackard_wall/plackard_broken_slanted.glb,1b553401b084e6c478be2eb28f01ec5ca5db0c56170835a6c95379d4c142fb2e,194372,glb,cleared,valsekamerplant,https://valsekamerplant.itch.io/psx-style-walls-fences,CC0-1.0,docs/licenses/PSX_WALLS_FENCES_CC0-1.0.txt,PSX style modular walls and fences; canonical GLB model or source texture imported from the all_fences.zip archive. The official source page states CC0/Public Domain.
game/art/models/fences/plackard_wall/plackard_closed.glb,231791e7ffa06f03499ff45154bb3b597e1551567516c85a2a0d718979004a4a,193900,glb,cleared,valsekamerplant,https://valsekamerplant.itch.io/psx-style-walls-fences,CC0-1.0,docs/licenses/PSX_WALLS_FENCES_CC0-1.0.txt,PSX style modular walls and fences; canonical GLB model or source texture imported from the all_fences.zip archive. The official source page states CC0/Public Domain.
game/art/models/fences/plackard_wall/plackard_closed_full.glb,67083a132bc36f0965cd41038f897ea37c567b618af4f55a62df861c4d9a7fec,191944,glb,cleared,valsekamerplant,https://valsekamerplant.itch.io/psx-style-walls-fences,CC0-1.0,docs/licenses/PSX_WALLS_FENCES_CC0-1.0.txt,PSX style modular walls and fences; canonical GLB model or source texture imported from the all_fences.zip archive. The official source page states CC0/Public Domain.
game/art/models/fences/plackard_wall/plackard_corner.glb,39269c1fc075e547732c723d4fcf6d83f6bf0cd4189c12d6104e65d679f8d089,191100,glb,cleared,valsekamerplant,https://valsekamerplant.itch.io/psx-style-walls-fences,CC0-1.0,docs/licenses/PSX_WALLS_FENCES_CC0-1.0.txt,PSX style modular walls and fences; canonical GLB model or source texture imported from the all_fences.zip archive. The official source page states CC0/Public Domain.
game/art/models/fences/plackard_wall/plackard_corner_closed.glb,c10814a814adab4cf0fa42ab4e2c939aeb7da845498f2b648c98751218fc276e,187416,glb,cleared,valsekamerplant,https://valsekamerplant.itch.io/psx-style-walls-fences,CC0-1.0,docs/licenses/PSX_WALLS_FENCES_CC0-1.0.txt,PSX style modular walls and fences; canonical GLB model or source texture imported from the all_fences.zip archive. The official source page states CC0/Public Domain.
game/art/models/fences/plackard_wall/plackard_corner_closed_alt.glb,d694ae6834a4d9117bf2c7d27fc04b6b81a85719ef518cb96d418a531ba61965,187420,glb,cleared,valsekamerplant,https://valsekamerplant.itch.io/psx-style-walls-fences,CC0-1.0,docs/licenses/PSX_WALLS_FENCES_CC0-1.0.txt,PSX style modular walls and fences; canonical GLB model or source texture imported from the all_fences.zip archive. The official source page states CC0/Public Domain.
game/art/models/fences/plackard_wall/plackard_corner_open.glb,fc8dc1663fcfdb644820581f5cdecedb2e9ce79dd48546621f93ac8eeede652f,188456,glb,cleared,valsekamerplant,https://valsekamerplant.itch.io/psx-style-walls-fences,CC0-1.0,docs/licenses/PSX_WALLS_FENCES_CC0-1.0.txt,PSX style modular walls and fences; canonical GLB model or source texture imported from the all_fences.zip archive. The official source page states CC0/Public Domain.
game/art/models/fences/plackard_wall/plackard_corner_open_90.glb,3548190b8d64ba7f24f8b32edc377aa7f755c51529e6e596060014f0b9cd6354,188588,glb,cleared,valsekamerplant,https://valsekamerplant.itch.io/psx-style-walls-fences,CC0-1.0,docs/licenses/PSX_WALLS_FENCES_CC0-1.0.txt,PSX style modular walls and fences; canonical GLB model or source texture imported from the all_fences.zip archive. The official source page states CC0/Public Domain.
game/art/models/fences/plackard_wall/plackard_corner_open_90_alt.glb,32d5f529ec470dc5dfb56e28a76570b31178556538c4224a287b7812cc01499a,188592,glb,cleared,valsekamerplant,https://valsekamerplant.itch.io/psx-style-walls-fences,CC0-1.0,docs/licenses/PSX_WALLS_FENCES_CC0-1.0.txt,PSX style modular walls and fences; canonical GLB model or source texture imported from the all_fences.zip archive. The official source page states CC0/Public Domain.
game/art/models/fences/plackard_wall/plackard_corner_open_alt.glb,d7fc9fefd15b72ea423a8790868be8b155bfaf81e905ab925c054ec242b28b83,188460,glb,cleared,valsekamerplant,https://valsekamerplant.itch.io/psx-style-walls-fences,CC0-1.0,docs/licenses/PSX_WALLS_FENCES_CC0-1.0.txt,PSX style modular walls and fences; canonical GLB model or source texture imported from the all_fences.zip archive. The official source page states CC0/Public Domain.
game/art/models/fences/plackard_wall/plackard_open.glb,e2d82653965a0112accdb1fc14cd23d5f0fdeb35a7541d253315df19a522a837,194940,glb,cleared,valsekamerplant,https://valsekamerplant.itch.io/psx-style-walls-fences,CC0-1.0,docs/licenses/PSX_WALLS_FENCES_CC0-1.0.txt,PSX style modular walls and fences; canonical GLB model or source texture imported from the all_fences.zip archive. The official source page states CC0/Public Domain.
game/art/models/fences/plackard_wall/plackard_open_alt.glb,f07d45e940e02017c9314b5cde9e687b66eb51fa05db6051b0bbf9ab1ad868f9,190976,glb,cleared,valsekamerplant,https://valsekamerplant.itch.io/psx-style-walls-fences,CC0-1.0,docs/licenses/PSX_WALLS_FENCES_CC0-1.0.txt,PSX style modular walls and fences; canonical GLB model or source texture imported from the all_fences.zip archive. The official source page states CC0/Public Domain.
game/art/models/fences/plackard_wall/plackard_open_alt2.glb,f49c8611e733e8fd74361570abb3b7431290204ebcb22b3183b29723dce20ab1,194944,glb,cleared,valsekamerplant,https://valsekamerplant.itch.io/psx-style-walls-fences,CC0-1.0,docs/licenses/PSX_WALLS_FENCES_CC0-1.0.txt,PSX style modular walls and fences; canonical GLB model or source texture imported from the all_fences.zip archive. The official source page states CC0/Public Domain.
game/art/models/fences/plackard_wall/plackard_open_patched.glb,6984c9bd86c898280b30a629ef725e88e1a28e170173fcd2c8df038f5ae81831,194948,glb,cleared,valsekamerplant,https://valsekamerplant.itch.io/psx-style-walls-fences,CC0-1.0,docs/licenses/PSX_WALLS_FENCES_CC0-1.0.txt,PSX style modular walls and fences; canonical GLB model or source texture imported from the all_fences.zip archive. The official source page states CC0/Public Domain.
game/art/models/fences/plackard_wall/plackard_slab_boken.glb,e63c07761472207286b98b762a5a5f9a2bf97fe2b9c8d1ae581c083cec1eb339,189032,glb,cleared,valsekamerplant,https://valsekamerplant.itch.io/psx-style-walls-fences,CC0-1.0,docs/licenses/PSX_WALLS_FENCES_CC0-1.0.txt,PSX style modular walls and fences; canonical GLB model or source texture imported from the all_fences.zip archive. The official source page states CC0/Public Domain.
game/art/models/fences/plackard_wall/plackard_slab_broken_alt.glb,db93930ce8807bacc93db6a6004188c879b81db0c40ffe45160fcfaa5cf77ef3,189036,glb,cleared,valsekamerplant,https://valsekamerplant.itch.io/psx-style-walls-fences,CC0-1.0,docs/licenses/PSX_WALLS_FENCES_CC0-1.0.txt,PSX style modular walls and fences; canonical GLB model or source texture imported from the all_fences.zip archive. The official source page states CC0/Public Domain.
game/art/models/fences/plackard_wall/plackard_slab_chipped.glb,26e5cc86bb5d4d05c23fb262034290c4f885e6f9c4d4bd9b32d0d1c0877a175b,187668,glb,cleared,valsekamerplant,https://valsekamerplant.itch.io/psx-style-walls-fences,CC0-1.0,docs/licenses/PSX_WALLS_FENCES_CC0-1.0.txt,PSX style modular walls and fences; canonical GLB model or source texture imported from the all_fences.zip archive. The official source page states CC0/Public Domain.
game/art/models/fences/plackard_wall/plackard_slab_chipped_alt.glb,29125842b01bac3138bc5ac39c0807fbc164f75e2777eaaa5f0a0cb41faca6f9,188828,glb,cleared,valsekamerplant,https://valsekamerplant.itch.io/psx-style-walls-fences,CC0-1.0,docs/licenses/PSX_WALLS_FENCES_CC0-1.0.txt,PSX style modular walls and fences; canonical GLB model or source texture imported from the all_fences.zip archive. The official source page states CC0/Public Domain.
game/art/models/fences/plackard_wall/plackard_slab_full.glb,347b44479c9eaa5e545de4bc65fa778d2badc69be30e4132d893d0e6fab94fd3,187940,glb,cleared,valsekamerplant,https://valsekamerplant.itch.io/psx-style-walls-fences,CC0-1.0,docs/licenses/PSX_WALLS_FENCES_CC0-1.0.txt,PSX style modular walls and fences; canonical GLB model or source texture imported from the all_fences.zip archive. The official source page states CC0/Public Domain.
game/art/models/fences/plackard_wall/plackard_slab_half.glb,739af1ebf9d441fe950a925ed69950946c90526a9c8d5cbf705a1cd5eab21f00,187096,glb,cleared,valsekamerplant,https://valsekamerplant.itch.io/psx-style-walls-fences,CC0-1.0,docs/licenses/PSX_WALLS_FENCES_CC0-1.0.txt,PSX style modular walls and fences; canonical GLB model or source texture imported from the all_fences.zip archive. The official source page states CC0/Public Domain.
game/art/models/fences/plackard_wall/plackard_slab_single.glb,800f3309556f5a92c3eaa3f1f5dd8ab7fc87e8dbc4f0f3a4880efb50f9857150,186256,glb,cleared,valsekamerplant,https://valsekamerplant.itch.io/psx-style-walls-fences,CC0-1.0,docs/licenses/PSX_WALLS_FENCES_CC0-1.0.txt,PSX style modular walls and fences; canonical GLB model or source texture imported from the all_fences.zip archive. The official source page states CC0/Public Domain.
game/art/models/fences/plackard_wall/plackard_slab_wood_patched.glb,cd3acc111f514037b21ddb727fde4877207b62393fae5621d73d41b62aa6cb39,188828,glb,cleared,valsekamerplant,https://valsekamerplant.itch.io/psx-style-walls-fences,CC0-1.0,docs/licenses/PSX_WALLS_FENCES_CC0-1.0.txt,PSX style modular walls and fences; canonical GLB model or source texture imported from the all_fences.zip archive. The official source page states CC0/Public Domain.
game/art/models/fences/plaster_wall/gate_handle.glb,329d89d2d507b6a31c52930d3a85e606fe69bb6ace07c1c196d267e029958503,9768,glb,cleared,valsekamerplant,https://valsekamerplant.itch.io/psx-style-walls-fences,CC0-1.0,docs/licenses/PSX_WALLS_FENCES_CC0-1.0.txt,PSX style modular walls and fences; canonical GLB model or source texture imported from the all_fences.zip archive. The official source page states CC0/Public Domain.
game/art/models/fences/plaster_wall/plaster_wall.glb,6f62c1c46529020a4c5fec25918330475dbb97babfcaa7668f0cb09db4b388e6,49480,glb,cleared,valsekamerplant,https://valsekamerplant.itch.io/psx-style-walls-fences,CC0-1.0,docs/licenses/PSX_WALLS_FENCES_CC0-1.0.txt,PSX style modular walls and fences; canonical GLB model or source texture imported from the all_fences.zip archive. The official source page states CC0/Public Domain.
game/art/models/fences/plaster_wall/plaster_wall_column.glb,812d78bd6ae52504e4fe6219d606a64498031dd00f2e5978ea17975fe7559b61,23256,glb,cleared,valsekamerplant,https://valsekamerplant.itch.io/psx-style-walls-fences,CC0-1.0,docs/licenses/PSX_WALLS_FENCES_CC0-1.0.txt,PSX style modular walls and fences; canonical GLB model or source texture imported from the all_fences.zip archive. The official source page states CC0/Public Domain.
game/art/models/fences/plaster_wall/plaster_wall_column_fancy.glb,c81bc6dfa42ead5f08fb8cfd84e7a50d2afc7254dbc2f6e329d57ffbe9074e10,26504,glb,cleared,valsekamerplant,https://valsekamerplant.itch.io/psx-style-walls-fences,CC0-1.0,docs/licenses/PSX_WALLS_FENCES_CC0-1.0.txt,PSX style modular walls and fences; canonical GLB model or source texture imported from the all_fences.zip archive. The official source page states CC0/Public Domain.
game/art/models/fences/plaster_wall/plaster_wall_fenced.glb,d21389be7f6c7e29a92292630695ea637ff448d31c5cc88cfa0c9e14fa1706e9,78744,glb,cleared,valsekamerplant,https://valsekamerplant.itch.io/psx-style-walls-fences,CC0-1.0,docs/licenses/PSX_WALLS_FENCES_CC0-1.0.txt,PSX style modular walls and fences; canonical GLB model or source texture imported from the all_fences.zip archive. The official source page states CC0/Public Domain.
game/art/models/fences/plaster_wall/plaster_wall_half.glb,3247d081ac12350da4eb324a4b582826abb13d4fbdfd098c334c7db4b8f48e53,48500,glb,cleared,valsekamerplant,https://valsekamerplant.itch.io/psx-style-walls-fences,CC0-1.0,docs/licenses/PSX_WALLS_FENCES_CC0-1.0.txt,PSX style modular walls and fences; canonical GLB model or source texture imported from the all_fences.zip archive. The official source page states CC0/Public Domain.
game/art/models/fences/plaster_wall/plaster_wall_half_fenced.glb,28ee8c0cff3e7f3e810062b61003ddeb7730e0e5d0db3082795972f48696ea3b,68068,glb,cleared,valsekamerplant,https://valsekamerplant.itch.io/psx-style-walls-fences,CC0-1.0,docs/licenses/PSX_WALLS_FENCES_CC0-1.0.txt,PSX style modular walls and fences; canonical GLB model or source texture imported from the all_fences.zip archive. The official source page states CC0/Public Domain.
game/art/models/fences/plaster_wall/plastic_gate_left.glb,c5d76d26ee94319563e3a6c3f42d76c816508646df522a3b486fd9c62a1fed26,32956,glb,cleared,valsekamerplant,https://valsekamerplant.itch.io/psx-style-walls-fences,CC0-1.0,docs/licenses/PSX_WALLS_FENCES_CC0-1.0.txt,PSX style modular walls and fences; canonical GLB model or source texture imported from the all_fences.zip archive. The official source page states CC0/Public Domain.
game/art/models/fences/plaster_wall/plastic_gate_right.glb,db2205f91f3fa8c7157d686e62c6afd094992a523d5eddfcfa03267b3dd226dd,35904,glb,cleared,valsekamerplant,https://valsekamerplant.itch.io/psx-style-walls-fences,CC0-1.0,docs/licenses/PSX_WALLS_FENCES_CC0-1.0.txt,PSX style modular walls and fences; canonical GLB model or source texture imported from the all_fences.zip archive. The official source page states CC0/Public Domain.
game/art/models/fences/white_picket_fence/white_picket_fence_closed_left.glb,26997318e9a3742c8ce27f9d942ea13e76672d67ab52a84960cde4dced81515e,34508,glb,cleared,valsekamerplant,https://valsekamerplant.itch.io/psx-style-walls-fences,CC0-1.0,docs/licenses/PSX_WALLS_FENCES_CC0-1.0.txt,PSX style modular walls and fences; canonical GLB model or source texture imported from the all_fences.zip archive. The official source page states CC0/Public Domain.
game/art/models/fences/white_picket_fence/white_picket_fence_closed_right.glb,a6972195bf6841fd09cc9bf1b0ef1119f5e7996480bc62a511e3a674e9851735,34200,glb,cleared,valsekamerplant,https://valsekamerplant.itch.io/psx-style-walls-fences,CC0-1.0,docs/licenses/PSX_WALLS_FENCES_CC0-1.0.txt,PSX style modular walls and fences; canonical GLB model or source texture imported from the all_fences.zip archive. The official source page states CC0/Public Domain.
game/art/models/fences/white_picket_fence/white_picket_fence_gate.glb,69192efac6f1d55193a023d7a82802e792e56b2674494bfc3244838655c4e2c4,30152,glb,cleared,valsekamerplant,https://valsekamerplant.itch.io/psx-style-walls-fences,CC0-1.0,docs/licenses/PSX_WALLS_FENCES_CC0-1.0.txt,PSX style modular walls and fences; canonical GLB model or source texture imported from the all_fences.zip archive. The official source page states CC0/Public Domain.
game/art/models/fences/white_picket_fence/white_picket_fence_gate_poles.glb,a83347a54ced20dcfb409c0b2b28f79417d2bcc6ac04a70c885284e2021a6ce3,25988,glb,cleared,valsekamerplant,https://valsekamerplant.itch.io/psx-style-walls-fences,CC0-1.0,docs/licenses/PSX_WALLS_FENCES_CC0-1.0.txt,PSX style modular walls and fences; canonical GLB model or source texture imported from the all_fences.zip archive. The official source page states CC0/Public Domain.
game/art/models/fences/white_picket_fence/white_picket_fence_open_left.glb,ea1695b7fba62b2fee3bfdbc3963de12a30e67c431860449171fa378aa65e6ad,30676,glb,cleared,valsekamerplant,https://valsekamerplant.itch.io/psx-style-walls-fences,CC0-1.0,docs/licenses/PSX_WALLS_FENCES_CC0-1.0.txt,PSX style modular walls and fences; canonical GLB model or source texture imported from the all_fences.zip archive. The official source page states CC0/Public Domain.
game/art/models/fences/white_picket_fence/white_picket_fence_open_right.glb,63e6e748ca4e55275ccc97ff93d82dfe40f1a1fc00a5af4dd0914154260a6e9a,30676,glb,cleared,valsekamerplant,https://valsekamerplant.itch.io/psx-style-walls-fences,CC0-1.0,docs/licenses/PSX_WALLS_FENCES_CC0-1.0.txt,PSX style modular walls and fences; canonical GLB model or source texture imported from the all_fences.zip archive. The official source page states CC0/Public Domain.
game/art/models/fences/white_picket_fence/white_picket_fence_pole.glb,ba5e35ea3c687821f924de70dd1d542cbfe074d4104e1e1a3c5db1a6894ef277,23296,glb,cleared,valsekamerplant,https://valsekamerplant.itch.io/psx-style-walls-fences,CC0-1.0,docs/licenses/PSX_WALLS_FENCES_CC0-1.0.txt,PSX style modular walls and fences; canonical GLB model or source texture imported from the all_fences.zip archive. The official source page states CC0/Public Domain.
game/art/models/mannequin_mesh.glb,272d5c1e2c27f566595ece27b6985935d42dcee1dacee1b320af9f0c40d5c97c,18807792,glb,cleared,Quaternius,https://quaternius.com/packs/universalanimationlibrary.html,CC0-1.0,docs/licenses/QUATERNIUS_CC0-1.0.txt,Universal Animation Library asset or Godot-derived resource; the official pack page states CC0 and commercial use.
game/art/models/mannequin_mesh_Mannequin.res,4ac140886880380b4ad540ea96ef3c9f648f4abe4cac7a7a372223865311cabf,613277,res,cleared,Quaternius,https://quaternius.com/packs/universalanimationlibrary.html,CC0-1.0,docs/licenses/QUATERNIUS_CC0-1.0.txt,Universal Animation Library asset or Godot-derived resource; the official pack page states CC0 and commercial use.
game/art/models/pistol.glb,a59225f716a2e6b2460a886dd87a3ffc76d1a42cdf4967b9623050feecef35fc,7936,glb,cleared,Quaternius,https://quaternius.com/packs/universalanimationlibrary.html,CC0-1.0,docs/licenses/QUATERNIUS_CC0-1.0.txt,Universal Animation Library asset or Godot-derived resource; the official pack page states CC0 and commercial use.
game/art/models/skel/procedural_reference.glb,c089764af242b5277ac610eefa4ca95767323a8107ddb2bf04d58dd7e1a2ef59,264,glb,cleared,LichForge,Original project asset authored for MODUS,MIT,LICENSE,User-confirmed project-owned asset; no external asset source is claimed.
game/art/shaders/atmospheric_volume.gdshader,b8aea09daeea115c59cbd76a98c424d1336d7f755e1619dcf5758da2f111c99d,2304,gdshader,cleared,LichForge,Original project asset authored for MODUS,MIT,LICENSE,User-confirmed project-owned asset; no external asset source is claimed.
game/art/shaders/blood_decal.gdshader,950664724d805556ce8d68f83b36dcf500836c4343a0719444c9aa316df48266,830,gdshader,cleared,LichForge,Original project asset authored for MODUS,MIT,LICENSE,User-confirmed project-owned asset; no external asset source is claimed.
game/art/shaders/blood_pool.gdshader,ad350c2c99adf7892c542cf44af72a40882ffa4a8be6196b55dc2e63aa2fd5b3,2133,gdshader,cleared,"Adrián (dip000), modified by LichForge",https://github.com/dip000/my-godotshaders/tree/7a3e9bc685255d37f489e25b509fb56e185aa9fb/BloodyPool,MIT,docs/licenses/DIP000_BLOODY_POOL_MIT.txt,Derived implementation reviewed against the pinned upstream BloodyPool source.
game/art/shaders/blood_trail.gdshader,6380abdc01dad0a6746dca2255f05061cf32beff22f8ebe577e579548bab1a4f,1469,gdshader,cleared,LichForge,Original project asset authored for MODUS,MIT,LICENSE,User-confirmed project-owned asset; no external asset source is claimed.
game/art/shaders/blur.gdshader,4dcbe01765456faf055b6709a4b6db6649d1148ed50370fed0806efe4562866f,715,gdshader,cleared,LichForge,Original project asset authored for MODUS,MIT,LICENSE,User-confirmed project-owned asset; no external asset source is claimed.
game/art/shaders/dark_camo.gdshader,62af1a5bd4a18295f1fcd424569c62d195a05e60265f2e16877b5d36d5d0ca77,3132,gdshader,cleared,LichForge,Original project asset authored for MODUS,MIT,LICENSE,User-confirmed project-owned asset; no external asset source is claimed.
game/art/shaders/debris_shard.gdshader,dedd842031815183b77527ba736a938539c05212ac76b4e4d1d391e40039bf5e,360,gdshader,cleared,LichForge,Original project asset authored for MODUS,MIT,LICENSE,User-confirmed project-owned asset; no external asset source is claimed.
game/art/shaders/enhanced_liquid.gdshader,4edb214539fb8dee17227cc49491bf9cea9ba9517965270ac245f6ea25769f5a,4511,gdshader,cleared,LichForge / user-generated AI-assisted artwork,Generated by the LichForge author for MODUS,MIT,LICENSE,User-confirmed original liquid shader/material work; no external asset source is claimed.
game/art/shaders/first_person_body.gdshader,9bce6db578dc2e210924abdb68b7f33205837f45a66f1a59cc0df23a6911db36,1679,gdshader,cleared,LichForge,Original project asset authored for MODUS,MIT,LICENSE,User-confirmed project-owned asset; no external asset source is claimed.
game/art/shaders/gib_meat.gdshader,4018e4911157723a5e5f0e9df6bb4123f653b365c1069164abde82c6bda0a2ef,2864,gdshader,cleared,LichForge,Original project asset authored for MODUS,MIT,LICENSE,User-confirmed project-owned asset; no external asset source is claimed.
game/art/shaders/godmode.gdshader,db8d1f05fcce0f3ae2be33cd3b864d95c6e7bbee964f293293e6c7b319951e4f,732,gdshader,cleared,LichForge,Original project asset authored for MODUS,MIT,LICENSE,User-confirmed project-owned asset; no external asset source is claimed.
game/art/shaders/invisibility.gdshader,fb8af829418f2b0d2ec30dd08a98d56aebbe31fbf832bc7d8e97fd2e88c34264,1049,gdshader,cleared,LichForge,Original project asset authored for MODUS,MIT,LICENSE,User-confirmed project-owned asset; no external asset source is claimed.
game/art/shaders/liquid.gdshader,23286618646123055e1e4e9a9a507df5e7e34ace2ccbc4b62ca311df01a61b83,982,gdshader,cleared,LichForge / user-generated AI-assisted artwork,Generated by the LichForge author for MODUS,MIT,LICENSE,User-confirmed original liquid shader/material work; no external asset source is claimed.
game/art/shaders/post_process.gdshader,ca41db9333750855d02af23121be1e9f40964c428b5a1cd04ded1b025aeeddf2,2055,gdshader,cleared,LichForge,Original project asset authored for MODUS,MIT,LICENSE,User-confirmed project-owned asset; no external asset source is claimed.
game/art/shaders/retro_blood.gdshader,479f7395f73f52d0b9cc170e58edeba16dc784c9f00931664ba0bbd0c6031d9d,1792,gdshader,cleared,LichForge / user-generated AI-assisted artwork,Generated by the LichForge author for MODUS,MIT,LICENSE,User-confirmed original liquid shader/material work; no external asset source is claimed.
game/art/shaders/retro_decal.gdshader,44bd28fd95bbdfd3c0695e45caf4a45c4581d90719fe17a40d3370cd6cbaa755,944,gdshader,cleared,LichForge,Original project asset authored for MODUS,MIT,LICENSE,User-confirmed project-owned asset; no external asset source is claimed.
game/art/shaders/retro_ember_trail.gdshader,5239f220a02aec96dbe508b6290d014753698884f03810324d3c54092dbc9850,1191,gdshader,cleared,LichForge,Original project asset authored for MODUS,MIT,LICENSE,User-confirmed project-owned asset; no external asset source is claimed.
game/art/shaders/retro_lava.gdshader,6a29d9edffad6f6bd6a5f5cc988aa9db91373ae37fab361f1cdc022c70ab0710,2672,gdshader,cleared,LichForge / user-generated AI-assisted artwork,Generated by the LichForge author for MODUS,MIT,LICENSE,User-confirmed original liquid shader/material work; no external asset source is claimed.
game/art/shaders/retro_particle.gdshader,3c2a544bb132da2550b054f0147ace2583816c9cd62b84afe91ba1c135e4be71,965,gdshader,cleared,LichForge,Original project asset authored for MODUS,MIT,LICENSE,User-confirmed project-owned asset; no external asset source is claimed.
game/art/shaders/retro_poison.gdshader,64f81e5454339d5dbb1bac763c719c54662217d8f0802ec99de641ddf376cdb5,2440,gdshader,cleared,LichForge / user-generated AI-assisted artwork,Generated by the LichForge author for MODUS,MIT,LICENSE,User-confirmed original liquid shader/material work; no external asset source is claimed.
game/art/shaders/retro_smoke_trail.gdshader,5684467258457b9412de08c3651698729e712bbaea210762b32f3f9fb1a6727e,1538,gdshader,cleared,LichForge,Original project asset authored for MODUS,MIT,LICENSE,User-confirmed project-owned asset; no external asset source is claimed.
game/art/shaders/retro_tracer.gdshader,c3c910a1e7c92d4bbc95faa631d1be7d20d1e4161e6cfe8e380748ea55eedce6,1468,gdshader,cleared,LichForge,Original project asset authored for MODUS,MIT,LICENSE,User-confirmed project-owned asset; no external asset source is claimed.
game/art/shaders/retro_water.gdshader,cc31a304bc7212516a5693da3cd73750772f09970a302223032b7186162e36e4,3236,gdshader,cleared,LichForge / user-generated AI-assisted artwork,Generated by the LichForge author for MODUS,MIT,LICENSE,User-confirmed original liquid shader/material work; no external asset source is claimed.
game/art/shaders/screen_effects.gdshader,2531d26a6d0e5262069b85d69bc18a0ede046a0c97d5f8c2934b85397c788fd1,3234,gdshader,cleared,LichForge,Original project asset authored for MODUS,MIT,LICENSE,User-confirmed project-owned asset; no external asset source is claimed.
game/art/shaders/smoke_fireball.gdshader,361babc9a5693ee712b84632986b6f9c1b1b18f399e9c2038fd78ef564635dde,1606,gdshader,cleared,LichForge,Original project asset authored for MODUS,MIT,LICENSE,User-confirmed project-owned asset; no external asset source is claimed.
game/art/shaders/spectator.gdshader,695ad87c7e50e4c5e95a2d9fc7bfafbd1f90c22c42926f342af7e8704a10b734,931,gdshader,cleared,LichForge,Original project asset authored for MODUS,MIT,LICENSE,User-confirmed project-owned asset; no external asset source is claimed.
game/art/shaders/water_advanced.gdshader,26846f94d0adee3a968b6d06fb688721c14bffbc556887b7b7258af1858e9a91,5766,gdshader,cleared,LichForge,Original project asset authored for MODUS,MIT,LICENSE,User-confirmed project-owned asset; no external asset source is claimed.
game/art/textures/blood_drip.png,612b06d408ced46558b95cd47d738f25397f2a6d685ab2f8706cd1196614ec37,1604,png,cleared,LichForge,Original project asset authored for MODUS,MIT,LICENSE,User-confirmed project-owned asset; no external asset source is claimed.
game/art/textures/decals/blood_splat.png,fb934bbf5e0a79d909ed104a2e98b2bafac3c6e36c5c0469ad81efeb5b855895,7623,png,cleared,LichForge,Original project asset authored for MODUS,MIT,LICENSE,User-confirmed project-owned asset; no external asset source is claimed.
game/art/textures/decals/bullet_hit.png,637be400a3bfb56968ce69dc3142f8d6f129d7244619aecd907aabca55586d07,851,png,cleared,LichForge,Original project asset authored for MODUS,MIT,LICENSE,User-confirmed project-owned asset; no external asset source is claimed.
game/art/textures/decals/burn_scorch.png,5e94d4dcedd01b54685044094da7166028462a9ebc352080286d9bd35f87320c,1589,png,cleared,LichForge,Original project asset authored for MODUS,MIT,LICENSE,User-confirmed project-owned asset; no external asset source is claimed.
game/art/textures/decals/hivelocity_hit.png,7b913e99eec6b7f760b2815ffd36f34046e9a063531d0ee10c7eb745a91fcb6e,8547,png,cleared,LichForge,Original project asset authored for MODUS,MIT,LICENSE,User-confirmed project-owned asset; no external asset source is claimed.
game/art/textures/decals/mid_blood_splat.png,462b3b82111e4b1dd99406c863c16291506877337d78bad5fc34c62a1e742203,4033,png,cleared,LichForge,Original project asset authored for MODUS,MIT,LICENSE,User-confirmed project-owned asset; no external asset source is claimed.
game/art/textures/decals/smol_blood_splat.png,612b06d408ced46558b95cd47d738f25397f2a6d685ab2f8706cd1196614ec37,1604,png,cleared,LichForge,Original project asset authored for MODUS,MIT,LICENSE,User-confirmed project-owned asset; no external asset source is claimed.
game/art/textures/fences/TexturesCom_MetalVarious0026_1_seamless_S.png,395cb739ccee5c4bfef867ec77df5253fd634f80be188404315973f361fc70ae,78906,png,cleared,valsekamerplant,https://valsekamerplant.itch.io/psx-style-walls-fences,CC0-1.0,docs/licenses/PSX_WALLS_FENCES_CC0-1.0.txt,PSX style modular walls and fences; canonical GLB model or source texture imported from the all_fences.zip archive. The official source page states CC0/Public Domain.
game/art/textures/fences/TexturesCom_Metal_PipeRusted2_1.82x0.47_512_albedo.png,f10c84e3ff8bac4f91594f1e400143764f79678277e3491c6621126704516977,25201,png,cleared,valsekamerplant,https://valsekamerplant.itch.io/psx-style-walls-fences,CC0-1.0,docs/licenses/PSX_WALLS_FENCES_CC0-1.0.txt,PSX style modular walls and fences; canonical GLB model or source texture imported from the all_fences.zip archive. The official source page states CC0/Public Domain.
game/art/textures/fences/TexturesCom_Metal_PipeRusted2_1_82x0_47_512_albedo.png,79898bc239336a5a2a3ab670dca0f9e680060735669263fcd9e11c6847d7898d,25167,png,cleared,valsekamerplant,https://valsekamerplant.itch.io/psx-style-walls-fences,CC0-1.0,docs/licenses/PSX_WALLS_FENCES_CC0-1.0.txt,PSX style modular walls and fences; canonical GLB model or source texture imported from the all_fences.zip archive. The official source page states CC0/Public Domain.
game/art/textures/fences/bag.png,5b321f3399a29e6524951ddc526aa4357ecff4f8ce33b41f02f08ae33cd8ac16,22856,png,cleared,valsekamerplant,https://valsekamerplant.itch.io/psx-style-walls-fences,CC0-1.0,docs/licenses/PSX_WALLS_FENCES_CC0-1.0.txt,PSX style modular walls and fences; canonical GLB model or source texture imported from the all_fences.zip archive. The official source page states CC0/Public Domain.
game/art/textures/fences/barbage_container.jpg,58f9f87b20a14d33525ee2afcf8dd6dacb18909f7efda03fff1403bf90261323,44913,jpg,cleared,valsekamerplant,https://valsekamerplant.itch.io/psx-style-walls-fences,CC0-1.0,docs/licenses/PSX_WALLS_FENCES_CC0-1.0.txt,PSX style modular walls and fences; canonical GLB model or source texture imported from the all_fences.zip archive. The official source page states CC0/Public Domain.
game/art/textures/fences/barbage_container_blue.jpg,0bdbd72fe19c154d04ff03e201c19cbffc08558c199d398039c41aaf30c850e8,44371,jpg,cleared,valsekamerplant,https://valsekamerplant.itch.io/psx-style-walls-fences,CC0-1.0,docs/licenses/PSX_WALLS_FENCES_CC0-1.0.txt,PSX style modular walls and fences; canonical GLB model or source texture imported from the all_fences.zip archive. The official source page states CC0/Public Domain.
game/art/textures/fences/barbage_container_red.png,ea69dd8ba1214f96f146679774d0627346785069612312dfb2553c3be16cbb11,35866,png,cleared,valsekamerplant,https://valsekamerplant.itch.io/psx-style-walls-fences,CC0-1.0,docs/licenses/PSX_WALLS_FENCES_CC0-1.0.txt,PSX style modular walls and fences; canonical GLB model or source texture imported from the all_fences.zip archive. The official source page states CC0/Public Domain.
game/art/textures/fences/bollards.png,29859511fcd2a9c96345088302c2445023fd5feeca0bf38a736ebe605cf24694,64222,png,cleared,valsekamerplant,https://valsekamerplant.itch.io/psx-style-walls-fences,CC0-1.0,docs/licenses/PSX_WALLS_FENCES_CC0-1.0.txt,PSX style modular walls and fences; canonical GLB model or source texture imported from the all_fences.zip archive. The official source page states CC0/Public Domain.
game/art/textures/fences/brick_wall.jpg,9c438611b1c223587313107d9e7918cec0c09637c10737cd83f1be367fb32f81,32543,jpg,cleared,valsekamerplant,https://valsekamerplant.itch.io/psx-style-walls-fences,CC0-1.0,docs/licenses/PSX_WALLS_FENCES_CC0-1.0.txt,PSX style modular walls and fences; canonical GLB model or source texture imported from the all_fences.zip archive. The official source page states CC0/Public Domain.
game/art/textures/fences/concrete_bare.jpg,eb1c8d0dbe87c261f3fd56893671e126f59be6bdeacf53dacb6ed9ee3a16cf18,6723,jpg,cleared,valsekamerplant,https://valsekamerplant.itch.io/psx-style-walls-fences,CC0-1.0,docs/licenses/PSX_WALLS_FENCES_CC0-1.0.txt,PSX style modular walls and fences; canonical GLB model or source texture imported from the all_fences.zip archive. The official source page states CC0/Public Domain.
game/art/textures/fences/concrete_barriers.png,1edcf30b82d95a5fa7d88ea5802adf0ffceefea81dc131f87b311f6c78456619,39044,png,cleared,valsekamerplant,https://valsekamerplant.itch.io/psx-style-walls-fences,CC0-1.0,docs/licenses/PSX_WALLS_FENCES_CC0-1.0.txt,PSX style modular walls and fences; canonical GLB model or source texture imported from the all_fences.zip archive. The official source page states CC0/Public Domain.
game/art/textures/fences/cones.png,aa48aca9ccd9c06c74a860e77c412555a3a5549d81d597d005d63f7c0accab72,32058,png,cleared,valsekamerplant,https://valsekamerplant.itch.io/psx-style-walls-fences,CC0-1.0,docs/licenses/PSX_WALLS_FENCES_CC0-1.0.txt,PSX style modular walls and fences; canonical GLB model or source texture imported from the all_fences.zip archive. The official source page states CC0/Public Domain.
game/art/textures/fences/galvenised.png,ed729645edf9e0e4f2d3292dff9732bb4b2d3f4dccb39767aebccdb45c188325,23848,png,cleared,valsekamerplant,https://valsekamerplant.itch.io/psx-style-walls-fences,CC0-1.0,docs/licenses/PSX_WALLS_FENCES_CC0-1.0.txt,PSX style modular walls and fences; canonical GLB model or source texture imported from the all_fences.zip archive. The official source page states CC0/Public Domain.
game/art/textures/fences/houses.png,3b409590c714145122d7383b4d7e13b709d5d2a5187c06b978e54bd3215b46ea,224298,png,cleared,valsekamerplant,https://valsekamerplant.itch.io/psx-style-walls-fences,CC0-1.0,docs/licenses/PSX_WALLS_FENCES_CC0-1.0.txt,PSX style modular walls and fences; canonical GLB model or source texture imported from the all_fences.zip archive. The official source page states CC0/Public Domain.
game/art/textures/fences/low_wooden_wall.jpg,94bc0ed29eebf0a4959f9f2facfb921dd3dc506aee282533308a9b79c708a57a,30969,jpg,cleared,valsekamerplant,https://valsekamerplant.itch.io/psx-style-walls-fences,CC0-1.0,docs/licenses/PSX_WALLS_FENCES_CC0-1.0.txt,PSX style modular walls and fences; canonical GLB model or source texture imported from the all_fences.zip archive. The official source page states CC0/Public Domain.
game/art/textures/fences/metal_bare_2.png,354191769ba05cc1bd1c6f5903f68ec343d60d8199f3e794cb6924dcfc6a0e9a,32393,png,cleared,valsekamerplant,https://valsekamerplant.itch.io/psx-style-walls-fences,CC0-1.0,docs/licenses/PSX_WALLS_FENCES_CC0-1.0.txt,PSX style modular walls and fences; canonical GLB model or source texture imported from the all_fences.zip archive. The official source page states CC0/Public Domain.
game/art/textures/fences/plackard_wall.jpg,98eef1f37a104d81ec6c0f2a2019fee422490b70e2d5403cade74c933744e2b7,184054,jpg,cleared,valsekamerplant,https://valsekamerplant.itch.io/psx-style-walls-fences,CC0-1.0,docs/licenses/PSX_WALLS_FENCES_CC0-1.0.txt,PSX style modular walls and fences; canonical GLB model or source texture imported from the all_fences.zip archive. The official source page states CC0/Public Domain.
game/art/textures/fences/plastic_gate.png,66d881325c5d94a36155d4991452b8c8bba8ff9777e6fd47d84ca15b3ecd82ac,4446,png,cleared,valsekamerplant,https://valsekamerplant.itch.io/psx-style-walls-fences,CC0-1.0,docs/licenses/PSX_WALLS_FENCES_CC0-1.0.txt,PSX style modular walls and fences; canonical GLB model or source texture imported from the all_fences.zip archive. The official source page states CC0/Public Domain.
game/art/textures/fences/pots.png,3e6bc94e4f226e25287423fcd852b3aabb7971ed6bbe9e0cbf2d9950675c0749,142541,png,cleared,valsekamerplant,https://valsekamerplant.itch.io/psx-style-walls-fences,CC0-1.0,docs/licenses/PSX_WALLS_FENCES_CC0-1.0.txt,PSX style modular walls and fences; canonical GLB model or source texture imported from the all_fences.zip archive. The official source page states CC0/Public Domain.
game/art/textures/fences/road1_alt.png,81cbc834fb640eed1e8d0db9f32930f52fd935cdc015584c806abc6044e31d7f,65660,png,cleared,valsekamerplant,https://valsekamerplant.itch.io/psx-style-walls-fences,CC0-1.0,docs/licenses/PSX_WALLS_FENCES_CC0-1.0.txt,PSX style modular walls and fences; canonical GLB model or source texture imported from the all_fences.zip archive. The official source page states CC0/Public Domain.
game/art/textures/fences/road2.png,f82c2c136c9e22098f64a5dbe0a0a4eba4004ad846e56d0a80a86d53aa316bd7,18493,png,cleared,valsekamerplant,https://valsekamerplant.itch.io/psx-style-walls-fences,CC0-1.0,docs/licenses/PSX_WALLS_FENCES_CC0-1.0.txt,PSX style modular walls and fences; canonical GLB model or source texture imported from the all_fences.zip archive. The official source page states CC0/Public Domain.
game/art/textures/fences/road3.png,695fbb2fb24b3231319a3758b3df1c320ab9eacfcf429353df9f5cc74ad7b506,22339,png,cleared,valsekamerplant,https://valsekamerplant.itch.io/psx-style-walls-fences,CC0-1.0,docs/licenses/PSX_WALLS_FENCES_CC0-1.0.txt,PSX style modular walls and fences; canonical GLB model or source texture imported from the all_fences.zip archive. The official source page states CC0/Public Domain.
game/art/textures/fences/road4.png,ff0e73faa5cd512ca22dc922cb76425765e55223b70aa9555f9d3e544a11dc51,21090,png,cleared,valsekamerplant,https://valsekamerplant.itch.io/psx-style-walls-fences,CC0-1.0,docs/licenses/PSX_WALLS_FENCES_CC0-1.0.txt,PSX style modular walls and fences; canonical GLB model or source texture imported from the all_fences.zip archive. The official source page states CC0/Public Domain.
game/art/textures/fences/rooftiles.jpg,17a2b17a212519b07f9d6eb6b6a59a398ab5a0bde10fa964de4780f1c44892cb,7888,jpg,cleared,valsekamerplant,https://valsekamerplant.itch.io/psx-style-walls-fences,CC0-1.0,docs/licenses/PSX_WALLS_FENCES_CC0-1.0.txt,PSX style modular walls and fences; canonical GLB model or source texture imported from the all_fences.zip archive. The official source page states CC0/Public Domain.
game/art/textures/fences/rooftiles2.jpg,ad3d6b46de009b107dd5368d717eae17af282d0b1f1f748273058567a7083cbb,31548,jpg,cleared,valsekamerplant,https://valsekamerplant.itch.io/psx-style-walls-fences,CC0-1.0,docs/licenses/PSX_WALLS_FENCES_CC0-1.0.txt,PSX style modular walls and fences; canonical GLB model or source texture imported from the all_fences.zip archive. The official source page states CC0/Public Domain.
game/art/textures/fences/sctucco.jpg,6b40bc105ff840933c135fa56d15d21c8aa5139ad4ddc2827e8433369bad18b2,11740,jpg,cleared,valsekamerplant,https://valsekamerplant.itch.io/psx-style-walls-fences,CC0-1.0,docs/licenses/PSX_WALLS_FENCES_CC0-1.0.txt,PSX style modular walls and fences; canonical GLB model or source texture imported from the all_fences.zip archive. The official source page states CC0/Public Domain.
game/art/textures/fences/sidewalk.jpg,47fd6fe67c49fbd668867c8962b0cb966bd91b74f98b7d94b967776623f53e74,4535,jpg,cleared,valsekamerplant,https://valsekamerplant.itch.io/psx-style-walls-fences,CC0-1.0,docs/licenses/PSX_WALLS_FENCES_CC0-1.0.txt,PSX style modular walls and fences; canonical GLB model or source texture imported from the all_fences.zip archive. The official source page states CC0/Public Domain.
game/art/textures/fences/stonewall.jpg,e9f39d57517edcbe3bcba44a0574876b7a9cb2419e42391a4bd57265796f13f5,32296,jpg,cleared,valsekamerplant,https://valsekamerplant.itch.io/psx-style-walls-fences,CC0-1.0,docs/licenses/PSX_WALLS_FENCES_CC0-1.0.txt,PSX style modular walls and fences; canonical GLB model or source texture imported from the all_fences.zip archive. The official source page states CC0/Public Domain.
game/art/textures/fences/trafficlight.png,828e352be95f6f252ffb7049029987d440568da3d1a11776ff2e9f87f85e1c13,14515,png,cleared,valsekamerplant,https://valsekamerplant.itch.io/psx-style-walls-fences,CC0-1.0,docs/licenses/PSX_WALLS_FENCES_CC0-1.0.txt,PSX style modular walls and fences; canonical GLB model or source texture imported from the all_fences.zip archive. The official source page states CC0/Public Domain.
game/art/textures/fences/trash.png,b5ba61ecd26385ef50e8a5a28826740570cf5e1fb4435dc7b5d95d4d1abceacc,47012,png,cleared,valsekamerplant,https://valsekamerplant.itch.io/psx-style-walls-fences,CC0-1.0,docs/licenses/PSX_WALLS_FENCES_CC0-1.0.txt,PSX style modular walls and fences; canonical GLB model or source texture imported from the all_fences.zip archive. The official source page states CC0/Public Domain.
game/art/textures/fences/trash2.jpg,dba2ef6279be88fa259552e654fd9045c3eae0184b9f1c113946951968061f6e,40393,jpg,cleared,valsekamerplant,https://valsekamerplant.itch.io/psx-style-walls-fences,CC0-1.0,docs/licenses/PSX_WALLS_FENCES_CC0-1.0.txt,PSX style modular walls and fences; canonical GLB model or source texture imported from the all_fences.zip archive. The official source page states CC0/Public Domain.
game/art/textures/fences/trashcans.png,77187fd5d10a73ef8492e2b2bb7d29363eb994f15d4622fd06d5a3d716b2a17d,19171,png,cleared,valsekamerplant,https://valsekamerplant.itch.io/psx-style-walls-fences,CC0-1.0,docs/licenses/PSX_WALLS_FENCES_CC0-1.0.txt,PSX style modular walls and fences; canonical GLB model or source texture imported from the all_fences.zip archive. The official source page states CC0/Public Domain.
game/art/textures/fences/type_barriers.png,13fb187caae6eaace321cc71c6b8d30bd892069927bdf11373bb03e80749df20,38061,png,cleared,valsekamerplant,https://valsekamerplant.itch.io/psx-style-walls-fences,CC0-1.0,docs/licenses/PSX_WALLS_FENCES_CC0-1.0.txt,PSX style modular walls and fences; canonical GLB model or source texture imported from the all_fences.zip archive. The official source page states CC0/Public Domain.
game/art/textures/fences/wood_painted_3662_4638_Small.jpg,f093e28d52af882bc10aac0bfd5dc36986d117b71244d9b346b08194b7a22260,18209,jpg,cleared,valsekamerplant,https://valsekamerplant.itch.io/psx-style-walls-fences,CC0-1.0,docs/licenses/PSX_WALLS_FENCES_CC0-1.0.txt,PSX style modular walls and fences; canonical GLB model or source texture imported from the all_fences.zip archive. The official source page states CC0/Public Domain.
game/art/textures/kenney_particle_pack/circle_05.png,616c989de83cd805c80ed78f692c5a4cb754151edbb1d3550f20cc3a2857b706,59553,png,cleared,Kenney,https://kenney.nl/assets/particle-pack,CC0-1.0,docs/licenses/KENNEY_CC0-1.0.txt,Pixel-identical to the corresponding PNG in the official Kenney Particle Pack ZIP; PNG encoding differs.
game/art/textures/kenney_particle_pack/star_05.png,9113f3620bf54a4afc8560ed006e67363850aceb46bcac059f5199e43407cd3b,56993,png,cleared,Kenney,https://kenney.nl/assets/particle-pack,CC0-1.0,docs/licenses/KENNEY_CC0-1.0.txt,Pixel-identical to the corresponding PNG in the official Kenney Particle Pack ZIP; PNG encoding differs.
game/art/textures/kenney_prototype_textures/dark/texture_09.png,46e1233f862fb4da9e7ab6821bb5614f5574bfc39d3199606628b91f05f82e1d,2039,png,cleared,Kenney,https://kenney.nl/assets/prototype-textures,CC0-1.0,docs/licenses/KENNEY_CC0-1.0.txt,Pixel-identical to the corresponding PNG in the official Kenney Prototype Textures ZIP; PNG encoding differs.
game/art/textures/kenney_prototype_textures/orange/texture_07.png,e6f01b5ae1b315e2ae6dbe9c2ee3c22053479ecb4bed90910f1142d0563b8d83,2092,png,cleared,Kenney,https://kenney.nl/assets/prototype-textures,CC0-1.0,docs/licenses/KENNEY_CC0-1.0.txt,Pixel-identical to the corresponding PNG in the official Kenney Prototype Textures ZIP; PNG encoding differs.
game/art/textures/kenney_prototype_textures/orange/texture_09.png,6fb33751454dcfeb0181041e2e70d438bd3847be1fc8c72123a9477d22dc5c34,635,png,cleared,Kenney,https://kenney.nl/assets/prototype-textures,CC0-1.0,docs/licenses/KENNEY_CC0-1.0.txt,Pixel-identical to the corresponding PNG in the official Kenney Prototype Textures ZIP; PNG encoding differs.
game/art/textures/retro_urban/Asphalt/Asphalt_01/Asphalt_01_ambientocclusion.png,3430310a7bb71719571982e49a679d7592dc24bea388731efdcd2773ea01d928,11903,png,cleared,Binbun3D,https://binbun3d.itch.io/retrourban-free,CC-BY-4.0,docs/licenses/RETOURBAN_CC-BY-4.0.txt,RetroUrban Free 128x128 urban texture map or derived Godot material resource; imported without changing source PNG pixels. Attribution to Binbun3D is required.
game/art/textures/retro_urban/Asphalt/Asphalt_01/Asphalt_01_basecolor.png,3ca630ec227e6d4e855ccf39accc2af2c15e92fb9d95ca7c28c295e088388059,13551,png,cleared,Binbun3D,https://binbun3d.itch.io/retrourban-free,CC-BY-4.0,docs/licenses/RETOURBAN_CC-BY-4.0.txt,RetroUrban Free 128x128 urban texture map or derived Godot material resource; imported without changing source PNG pixels. Attribution to Binbun3D is required.
game/art/textures/retro_urban/Asphalt/Asphalt_01/Asphalt_01_height.png,eb5db17d9292929448015ee9f6d21e71d03c2e26b3afa765ad26c394cc46884a,12036,png,cleared,Binbun3D,https://binbun3d.itch.io/retrourban-free,CC-BY-4.0,docs/licenses/RETOURBAN_CC-BY-4.0.txt,RetroUrban Free 128x128 urban texture map or derived Godot material resource; imported without changing source PNG pixels. Attribution to Binbun3D is required.
game/art/textures/retro_urban/Asphalt/Asphalt_01/Asphalt_01_metallic.png,0b1195252654a686e2a8f19e0b8f27eb89ac1ca51a913834cab14958146fc726,1131,png,cleared,Binbun3D,https://binbun3d.itch.io/retrourban-free,CC-BY-4.0,docs/licenses/RETOURBAN_CC-BY-4.0.txt,RetroUrban Free 128x128 urban texture map or derived Godot material resource; imported without changing source PNG pixels. Attribution to Binbun3D is required.
game/art/textures/retro_urban/Asphalt/Asphalt_01/Asphalt_01_normal.png,b14388ff3e805b7ccf1f45aa6f1fbf7d1357ba9061508afb3c34b2a99c704ba3,31856,png,cleared,Binbun3D,https://binbun3d.itch.io/retrourban-free,CC-BY-4.0,docs/licenses/RETOURBAN_CC-BY-4.0.txt,RetroUrban Free 128x128 urban texture map or derived Godot material resource; imported without changing source PNG pixels. Attribution to Binbun3D is required.
game/art/textures/retro_urban/Asphalt/Asphalt_01/Asphalt_01_roughness.png,597cb7fc490648f1a25b0a8a91b44d7fff7713acdd1eb210a58476fa13813136,10751,png,cleared,Binbun3D,https://binbun3d.itch.io/retrourban-free,CC-BY-4.0,docs/licenses/RETOURBAN_CC-BY-4.0.txt,RetroUrban Free 128x128 urban texture map or derived Godot material resource; imported without changing source PNG pixels. Attribution to Binbun3D is required.
game/art/textures/retro_urban/Asphalt/Asphalt_02/Asphalt_02_ambientocclusion.png,c2d6fea4b1e0e4b657cee53da14a3bf6ee398653290698de1ea82fb32abf612c,12803,png,cleared,Binbun3D,https://binbun3d.itch.io/retrourban-free,CC-BY-4.0,docs/licenses/RETOURBAN_CC-BY-4.0.txt,RetroUrban Free 128x128 urban texture map or derived Godot material resource; imported without changing source PNG pixels. Attribution to Binbun3D is required.
game/art/textures/retro_urban/Asphalt/Asphalt_02/Asphalt_02_basecolor.png,472f3c6dd4712a2ea39e98b2925c4301a1dc08e6836a10882b4cbdd1cffb24d8,15577,png,cleared,Binbun3D,https://binbun3d.itch.io/retrourban-free,CC-BY-4.0,docs/licenses/RETOURBAN_CC-BY-4.0.txt,RetroUrban Free 128x128 urban texture map or derived Godot material resource; imported without changing source PNG pixels. Attribution to Binbun3D is required.
game/art/textures/retro_urban/Asphalt/Asphalt_02/Asphalt_02_height.png,8b2d992d33bd5b660e740fa1efa0705dd313266f9da45d5e7a9b965727d7b299,12655,png,cleared,Binbun3D,https://binbun3d.itch.io/retrourban-free,CC-BY-4.0,docs/licenses/RETOURBAN_CC-BY-4.0.txt,RetroUrban Free 128x128 urban texture map or derived Godot material resource; imported without changing source PNG pixels. Attribution to Binbun3D is required.
game/art/textures/retro_urban/Asphalt/Asphalt_02/Asphalt_02_metallic.png,0b1195252654a686e2a8f19e0b8f27eb89ac1ca51a913834cab14958146fc726,1131,png,cleared,Binbun3D,https://binbun3d.itch.io/retrourban-free,CC-BY-4.0,docs/licenses/RETOURBAN_CC-BY-4.0.txt,RetroUrban Free 128x128 urban texture map or derived Godot material resource; imported without changing source PNG pixels. Attribution to Binbun3D is required.
game/art/textures/retro_urban/Asphalt/Asphalt_02/Asphalt_02_normal.png,a5e0ee2f40d171993ed88fe819c79842a0a5201179c8698fb92389eff611420d,33728,png,cleared,Binbun3D,https://binbun3d.itch.io/retrourban-free,CC-BY-4.0,docs/licenses/RETOURBAN_CC-BY-4.0.txt,RetroUrban Free 128x128 urban texture map or derived Godot material resource; imported without changing source PNG pixels. Attribution to Binbun3D is required.
game/art/textures/retro_urban/Asphalt/Asphalt_02/Asphalt_02_roughness.png,0a36cbc09a35afeea5c320cab916ebd5a9d1bcc83d49c7d3ab70126d68de0315,11355,png,cleared,Binbun3D,https://binbun3d.itch.io/retrourban-free,CC-BY-4.0,docs/licenses/RETOURBAN_CC-BY-4.0.txt,RetroUrban Free 128x128 urban texture map or derived Godot material resource; imported without changing source PNG pixels. Attribution to Binbun3D is required.
game/art/textures/retro_urban/Asphalt/Asphalt_03/Asphalt_03_ambientocclusion.png,818737b4a5d309795a9bdb715e0470e125be850a40c762d6764ec54be0530083,12357,png,cleared,Binbun3D,https://binbun3d.itch.io/retrourban-free,CC-BY-4.0,docs/licenses/RETOURBAN_CC-BY-4.0.txt,RetroUrban Free 128x128 urban texture map or derived Godot material resource; imported without changing source PNG pixels. Attribution to Binbun3D is required.
game/art/textures/retro_urban/Asphalt/Asphalt_03/Asphalt_03_basecolor.png,8c796dc8b112f6e9e73631fe0804209d0181cbb2c5ba53ecd0ce6896e93e129a,13884,png,cleared,Binbun3D,https://binbun3d.itch.io/retrourban-free,CC-BY-4.0,docs/licenses/RETOURBAN_CC-BY-4.0.txt,RetroUrban Free 128x128 urban texture map or derived Godot material resource; imported without changing source PNG pixels. Attribution to Binbun3D is required.
game/art/textures/retro_urban/Asphalt/Asphalt_03/Asphalt_03_height.png,d0856063c83b62a1d3f927c03627c4d7fe834a19bb9cfb789b006be2ed15cea3,12083,png,cleared,Binbun3D,https://binbun3d.itch.io/retrourban-free,CC-BY-4.0,docs/licenses/RETOURBAN_CC-BY-4.0.txt,RetroUrban Free 128x128 urban texture map or derived Godot material resource; imported without changing source PNG pixels. Attribution to Binbun3D is required.
game/art/textures/retro_urban/Asphalt/Asphalt_03/Asphalt_03_metallic.png,0b1195252654a686e2a8f19e0b8f27eb89ac1ca51a913834cab14958146fc726,1131,png,cleared,Binbun3D,https://binbun3d.itch.io/retrourban-free,CC-BY-4.0,docs/licenses/RETOURBAN_CC-BY-4.0.txt,RetroUrban Free 128x128 urban texture map or derived Godot material resource; imported without changing source PNG pixels. Attribution to Binbun3D is required.
game/art/textures/retro_urban/Asphalt/Asphalt_03/Asphalt_03_normal.png,d69ccc56bda4bc63e93f502f44e8e0069dbfaabc62b5eed2d0b1d8b88171c690,32357,png,cleared,Binbun3D,https://binbun3d.itch.io/retrourban-free,CC-BY-4.0,docs/licenses/RETOURBAN_CC-BY-4.0.txt,RetroUrban Free 128x128 urban texture map or derived Godot material resource; imported without changing source PNG pixels. Attribution to Binbun3D is required.
game/art/textures/retro_urban/Asphalt/Asphalt_03/Asphalt_03_roughness.png,d09c3ccb05115a45549a378ef99d1882a7427a51d1e60aa63bebf0340727a121,10802,png,cleared,Binbun3D,https://binbun3d.itch.io/retrourban-free,CC-BY-4.0,docs/licenses/RETOURBAN_CC-BY-4.0.txt,RetroUrban Free 128x128 urban texture map or derived Godot material resource; imported without changing source PNG pixels. Attribution to Binbun3D is required.
game/art/textures/retro_urban/Asphalt/Asphalt_04/Asphalt_04_ambientocclusion.png,e17c8cad61cfedef91b131c4a015cda9da848aa9b50cd6e1d3ee093e256dfb59,12771,png,cleared,Binbun3D,https://binbun3d.itch.io/retrourban-free,CC-BY-4.0,docs/licenses/RETOURBAN_CC-BY-4.0.txt,RetroUrban Free 128x128 urban texture map or derived Godot material resource; imported without changing source PNG pixels. Attribution to Binbun3D is required.
game/art/textures/retro_urban/Asphalt/Asphalt_04/Asphalt_04_basecolor.png,a2502d412734a5c9f7e4cd709f6d7ff89b03d46230f34818c5aa600fb23a2ba4,13778,png,cleared,Binbun3D,https://binbun3d.itch.io/retrourban-free,CC-BY-4.0,docs/licenses/RETOURBAN_CC-BY-4.0.txt,RetroUrban Free 128x128 urban texture map or derived Godot material resource; imported without changing source PNG pixels. Attribution to Binbun3D is required.
game/art/textures/retro_urban/Asphalt/Asphalt_04/Asphalt_04_height.png,d9c48af1d285bca01eb1bf71d853abe965f156d6860ec2a7893dcfa4e14617f4,13098,png,cleared,Binbun3D,https://binbun3d.itch.io/retrourban-free,CC-BY-4.0,docs/licenses/RETOURBAN_CC-BY-4.0.txt,RetroUrban Free 128x128 urban texture map or derived Godot material resource; imported without changing source PNG pixels. Attribution to Binbun3D is required.
game/art/textures/retro_urban/Asphalt/Asphalt_04/Asphalt_04_metallic.png,0b1195252654a686e2a8f19e0b8f27eb89ac1ca51a913834cab14958146fc726,1131,png,cleared,Binbun3D,https://binbun3d.itch.io/retrourban-free,CC-BY-4.0,docs/licenses/RETOURBAN_CC-BY-4.0.txt,RetroUrban Free 128x128 urban texture map or derived Godot material resource; imported without changing source PNG pixels. Attribution to Binbun3D is required.
game/art/textures/retro_urban/Asphalt/Asphalt_04/Asphalt_04_normal.png,5b59bb9cf807d98ebc917d154ae17fb38fbb03617e6c9e524fcb5d64848511b3,34665,png,cleared,Binbun3D,https://binbun3d.itch.io/retrourban-free,CC-BY-4.0,docs/licenses/RETOURBAN_CC-BY-4.0.txt,RetroUrban Free 128x128 urban texture map or derived Godot material resource; imported without changing source PNG pixels. Attribution to Binbun3D is required.
game/art/textures/retro_urban/Asphalt/Asphalt_04/Asphalt_04_roughness.png,2b5c926dd1abbf3300d362db66e2b2a0c1b62c3705a7edf39315e53f5dfada29,11617,png,cleared,Binbun3D,https://binbun3d.itch.io/retrourban-free,CC-BY-4.0,docs/licenses/RETOURBAN_CC-BY-4.0.txt,RetroUrban Free 128x128 urban texture map or derived Godot material resource; imported without changing source PNG pixels. Attribution to Binbun3D is required.
game/art/textures/retro_urban/Asphalt/Asphalt_05/Asphalt_05_ambientocclusion.png,07f451bbee10526e7ac273dbeb78056c00da7fd347e383a4792387cd2ff0e338,13589,png,cleared,Binbun3D,https://binbun3d.itch.io/retrourban-free,CC-BY-4.0,docs/licenses/RETOURBAN_CC-BY-4.0.txt,RetroUrban Free 128x128 urban texture map or derived Godot material resource; imported without changing source PNG pixels. Attribution to Binbun3D is required.
game/art/textures/retro_urban/Asphalt/Asphalt_05/Asphalt_05_basecolor.png,84c571abc36687f8356e14e1d1e6d44fcae32628efdfa7f6bb8968655a488102,20734,png,cleared,Binbun3D,https://binbun3d.itch.io/retrourban-free,CC-BY-4.0,docs/licenses/RETOURBAN_CC-BY-4.0.txt,RetroUrban Free 128x128 urban texture map or derived Godot material resource; imported without changing source PNG pixels. Attribution to Binbun3D is required.
game/art/textures/retro_urban/Asphalt/Asphalt_05/Asphalt_05_height.png,c9ea4a7e670c8b8ecffcb5c56d27ab72a89c496c8d409c606859d151fe95c155,12798,png,cleared,Binbun3D,https://binbun3d.itch.io/retrourban-free,CC-BY-4.0,docs/licenses/RETOURBAN_CC-BY-4.0.txt,RetroUrban Free 128x128 urban texture map or derived Godot material resource; imported without changing source PNG pixels. Attribution to Binbun3D is required.
game/art/textures/retro_urban/Asphalt/Asphalt_05/Asphalt_05_metallic.png,0b1195252654a686e2a8f19e0b8f27eb89ac1ca51a913834cab14958146fc726,1131,png,cleared,Binbun3D,https://binbun3d.itch.io/retrourban-free,CC-BY-4.0,docs/licenses/RETOURBAN_CC-BY-4.0.txt,RetroUrban Free 128x128 urban texture map or derived Godot material resource; imported without changing source PNG pixels. Attribution to Binbun3D is required.
game/art/textures/retro_urban/Asphalt/Asphalt_05/Asphalt_05_normal.png,e96b550a9ab12e33df544824b9897dd516a41295fa6b8b4672c0bc0bf675cbcc,34827,png,cleared,Binbun3D,https://binbun3d.itch.io/retrourban-free,CC-BY-4.0,docs/licenses/RETOURBAN_CC-BY-4.0.txt,RetroUrban Free 128x128 urban texture map or derived Godot material resource; imported without changing source PNG pixels. Attribution to Binbun3D is required.
game/art/textures/retro_urban/Asphalt/Asphalt_05/Asphalt_05_roughness.png,0654d15efd34cc73f01067aaac808b6db59e519c44e06a7c5c3807e0ecd9f378,11886,png,cleared,Binbun3D,https://binbun3d.itch.io/retrourban-free,CC-BY-4.0,docs/licenses/RETOURBAN_CC-BY-4.0.txt,RetroUrban Free 128x128 urban texture map or derived Godot material resource; imported without changing source PNG pixels. Attribution to Binbun3D is required.
game/art/textures/retro_urban/Asphalt/Asphalt_06/Asphalt_06_ambientocclusion.png,a7b6edc268d0408abbb97711f750dd49bf4c5f4e005c0b6f8a21e7b3c4021982,12330,png,cleared,Binbun3D,https://binbun3d.itch.io/retrourban-free,CC-BY-4.0,docs/licenses/RETOURBAN_CC-BY-4.0.txt,RetroUrban Free 128x128 urban texture map or derived Godot material resource; imported without changing source PNG pixels. Attribution to Binbun3D is required.
game/art/textures/retro_urban/Asphalt/Asphalt_06/Asphalt_06_basecolor.png,957c2b934d770ffab14a8b677c6c56a63dd5ed4107fd8138b91ca20c3e663ac0,17799,png,cleared,Binbun3D,https://binbun3d.itch.io/retrourban-free,CC-BY-4.0,docs/licenses/RETOURBAN_CC-BY-4.0.txt,RetroUrban Free 128x128 urban texture map or derived Godot material resource; imported without changing source PNG pixels. Attribution to Binbun3D is required.
game/art/textures/retro_urban/Asphalt/Asphalt_06/Asphalt_06_height.png,ba9e7251e44aa5a732d09d57e324fcb018b307f259d08460910e6d5d25cbc7ae,11788,png,cleared,Binbun3D,https://binbun3d.itch.io/retrourban-free,CC-BY-4.0,docs/licenses/RETOURBAN_CC-BY-4.0.txt,RetroUrban Free 128x128 urban texture map or derived Godot material resource; imported without changing source PNG pixels. Attribution to Binbun3D is required.
game/art/textures/retro_urban/Asphalt/Asphalt_06/Asphalt_06_metallic.png,0b1195252654a686e2a8f19e0b8f27eb89ac1ca51a913834cab14958146fc726,1131,png,cleared,Binbun3D,https://binbun3d.itch.io/retrourban-free,CC-BY-4.0,docs/licenses/RETOURBAN_CC-BY-4.0.txt,RetroUrban Free 128x128 urban texture map or derived Godot material resource; imported without changing source PNG pixels. Attribution to Binbun3D is required.
game/art/textures/retro_urban/Asphalt/Asphalt_06/Asphalt_06_normal.png,12201488db4c42bbb198f660b580d52793338b414ee05585ccf1eb395a431db8,32606,png,cleared,Binbun3D,https://binbun3d.itch.io/retrourban-free,CC-BY-4.0,docs/licenses/RETOURBAN_CC-BY-4.0.txt,RetroUrban Free 128x128 urban texture map or derived Godot material resource; imported without changing source PNG pixels. Attribution to Binbun3D is required.
game/art/textures/retro_urban/Asphalt/Asphalt_06/Asphalt_06_roughness.png,0ce3e4b9f75a045287b78580dba2ba65f7df95cb158b2209a308c5fa7a1054d4,10207,png,cleared,Binbun3D,https://binbun3d.itch.io/retrourban-free,CC-BY-4.0,docs/licenses/RETOURBAN_CC-BY-4.0.txt,RetroUrban Free 128x128 urban texture map or derived Godot material resource; imported without changing source PNG pixels. Attribution to Binbun3D is required.
game/art/textures/retro_urban/Asphalt/Asphalt_07/Asphalt_07_ambientocclusion.png,6cd9f9bd03c3b944fd916b4db1fb6d21e3e1aa22692d934c87c02c32d23af44a,13240,png,cleared,Binbun3D,https://binbun3d.itch.io/retrourban-free,CC-BY-4.0,docs/licenses/RETOURBAN_CC-BY-4.0.txt,RetroUrban Free 128x128 urban texture map or derived Godot material resource; imported without changing source PNG pixels. Attribution to Binbun3D is required.
game/art/textures/retro_urban/Asphalt/Asphalt_07/Asphalt_07_basecolor.png,2ef410475e3390a8abfd838a908674b35b3512e8b0cd527c76e61e09d53c6a81,20560,png,cleared,Binbun3D,https://binbun3d.itch.io/retrourban-free,CC-BY-4.0,docs/licenses/RETOURBAN_CC-BY-4.0.txt,RetroUrban Free 128x128 urban texture map or derived Godot material resource; imported without changing source PNG pixels. Attribution to Binbun3D is required.
game/art/textures/retro_urban/Asphalt/Asphalt_07/Asphalt_07_height.png,69348fc21c015ae1c7b9547b05ed007b169132d6533090c872980e5c48e88507,12802,png,cleared,Binbun3D,https://binbun3d.itch.io/retrourban-free,CC-BY-4.0,docs/licenses/RETOURBAN_CC-BY-4.0.txt,RetroUrban Free 128x128 urban texture map or derived Godot material resource; imported without changing source PNG pixels. Attribution to Binbun3D is required.
game/art/textures/retro_urban/Asphalt/Asphalt_07/Asphalt_07_metallic.png,0b1195252654a686e2a8f19e0b8f27eb89ac1ca51a913834cab14958146fc726,1131,png,cleared,Binbun3D,https://binbun3d.itch.io/retrourban-free,CC-BY-4.0,docs/licenses/RETOURBAN_CC-BY-4.0.txt,RetroUrban Free 128x128 urban texture map or derived Godot material resource; imported without changing source PNG pixels. Attribution to Binbun3D is required.
game/art/textures/retro_urban/Asphalt/Asphalt_07/Asphalt_07_normal.png,e1590bc33c2e88add3b00ab15246e86873275f83f030c1099cf7febc91d8c15c,34243,png,cleared,Binbun3D,https://binbun3d.itch.io/retrourban-free,CC-BY-4.0,docs/licenses/RETOURBAN_CC-BY-4.0.txt,RetroUrban Free 128x128 urban texture map or derived Godot material resource; imported without changing source PNG pixels. Attribution to Binbun3D is required.
game/art/textures/retro_urban/Asphalt/Asphalt_07/Asphalt_07_roughness.png,90ed9dc4925ab75c8a676cf8e0f51e8715606f423c96191a8e3652d3e6e60170,11764,png,cleared,Binbun3D,https://binbun3d.itch.io/retrourban-free,CC-BY-4.0,docs/licenses/RETOURBAN_CC-BY-4.0.txt,RetroUrban Free 128x128 urban texture map or derived Godot material resource; imported without changing source PNG pixels. Attribution to Binbun3D is required.
game/art/textures/retro_urban/Asphalt/Asphalt_08/Asphalt_08_ambientocclusion.png,26f60bb6c29a0b749c1b55dec3810d248e6f290e2f422952fdaf288888f5c692,13587,png,cleared,Binbun3D,https://binbun3d.itch.io/retrourban-free,CC-BY-4.0,docs/licenses/RETOURBAN_CC-BY-4.0.txt,RetroUrban Free 128x128 urban texture map or derived Godot material resource; imported without changing source PNG pixels. Attribution to Binbun3D is required.
game/art/textures/retro_urban/Asphalt/Asphalt_08/Asphalt_08_basecolor.png,2af913fa2e2a9f0460fa5639f592e09e7634985347c9bdb6ab2c01d571f21d80,14245,png,cleared,Binbun3D,https://binbun3d.itch.io/retrourban-free,CC-BY-4.0,docs/licenses/RETOURBAN_CC-BY-4.0.txt,RetroUrban Free 128x128 urban texture map or derived Godot material resource; imported without changing source PNG pixels. Attribution to Binbun3D is required.
game/art/textures/retro_urban/Asphalt/Asphalt_08/Asphalt_08_height.png,f381a980f9f99a13fff43d181081e7f11562e55fe226765f6442a0dbc803c642,13620,png,cleared,Binbun3D,https://binbun3d.itch.io/retrourban-free,CC-BY-4.0,docs/licenses/RETOURBAN_CC-BY-4.0.txt,RetroUrban Free 128x128 urban texture map or derived Godot material resource; imported without changing source PNG pixels. Attribution to Binbun3D is required.
game/art/textures/retro_urban/Asphalt/Asphalt_08/Asphalt_08_metallic.png,0b1195252654a686e2a8f19e0b8f27eb89ac1ca51a913834cab14958146fc726,1131,png,cleared,Binbun3D,https://binbun3d.itch.io/retrourban-free,CC-BY-4.0,docs/licenses/RETOURBAN_CC-BY-4.0.txt,RetroUrban Free 128x128 urban texture map or derived Godot material resource; imported without changing source PNG pixels. Attribution to Binbun3D is required.
game/art/textures/retro_urban/Asphalt/Asphalt_08/Asphalt_08_normal.png,f625ea496c483d98d66750596ec28d471438c1fd676af32beb55a0e31182fa56,34927,png,cleared,Binbun3D,https://binbun3d.itch.io/retrourban-free,CC-BY-4.0,docs/licenses/RETOURBAN_CC-BY-4.0.txt,RetroUrban Free 128x128 urban texture map or derived Godot material resource; imported without changing source PNG pixels. Attribution to Binbun3D is required.
game/art/textures/retro_urban/Asphalt/Asphalt_08/Asphalt_08_roughness.png,f28c9ed47ab86d754f4a36dad37b5e4d0e128f32a78665f78e5929e5f2b57326,12140,png,cleared,Binbun3D,https://binbun3d.itch.io/retrourban-free,CC-BY-4.0,docs/licenses/RETOURBAN_CC-BY-4.0.txt,RetroUrban Free 128x128 urban texture map or derived Godot material resource; imported without changing source PNG pixels. Attribution to Binbun3D is required.
game/art/textures/retro_urban/AsphaltRoad/AsphaltRoad_01/AsphaltRoad_01_ambientocclusion.png,ea6921c91f16c8d5ff7c82b8f747dcb6e5294d62fccebe8e02a734375f88a5a9,11898,png,cleared,Binbun3D,https://binbun3d.itch.io/retrourban-free,CC-BY-4.0,docs/licenses/RETOURBAN_CC-BY-4.0.txt,RetroUrban Free 128x128 urban texture map or derived Godot material resource; imported without changing source PNG pixels. Attribution to Binbun3D is required.
game/art/textures/retro_urban/AsphaltRoad/AsphaltRoad_01/AsphaltRoad_01_basecolor.png,bde48918eb7b2259cf729715e466a0364bd84d33e842f3b11e5ab19733941487,14705,png,cleared,Binbun3D,https://binbun3d.itch.io/retrourban-free,CC-BY-4.0,docs/licenses/RETOURBAN_CC-BY-4.0.txt,RetroUrban Free 128x128 urban texture map or derived Godot material resource; imported without changing source PNG pixels. Attribution to Binbun3D is required.
game/art/textures/retro_urban/AsphaltRoad/AsphaltRoad_01/AsphaltRoad_01_height.png,bb0b060b0695d598e54f67406e486f59363825e9eb222ddbf740812926c0da1d,12039,png,cleared,Binbun3D,https://binbun3d.itch.io/retrourban-free,CC-BY-4.0,docs/licenses/RETOURBAN_CC-BY-4.0.txt,RetroUrban Free 128x128 urban texture map or derived Godot material resource; imported without changing source PNG pixels. Attribution to Binbun3D is required.
game/art/textures/retro_urban/AsphaltRoad/AsphaltRoad_01/AsphaltRoad_01_metallic.png,0b1195252654a686e2a8f19e0b8f27eb89ac1ca51a913834cab14958146fc726,1131,png,cleared,Binbun3D,https://binbun3d.itch.io/retrourban-free,CC-BY-4.0,docs/licenses/RETOURBAN_CC-BY-4.0.txt,RetroUrban Free 128x128 urban texture map or derived Godot material resource; imported without changing source PNG pixels. Attribution to Binbun3D is required.
game/art/textures/retro_urban/AsphaltRoad/AsphaltRoad_01/AsphaltRoad_01_normal.png,5623f0bec6d6e4d7a558d5008afe33274fc2d85189c583add66943a5e64ad2e1,31866,png,cleared,Binbun3D,https://binbun3d.itch.io/retrourban-free,CC-BY-4.0,docs/licenses/RETOURBAN_CC-BY-4.0.txt,RetroUrban Free 128x128 urban texture map or derived Godot material resource; imported without changing source PNG pixels. Attribution to Binbun3D is required.
game/art/textures/retro_urban/AsphaltRoad/AsphaltRoad_01/AsphaltRoad_01_roughness.png,bde28b14e3f02cc2a1bee5311a338e2ee2b54a51ccb74ae5986f8fa5b4eafedc,10777,png,cleared,Binbun3D,https://binbun3d.itch.io/retrourban-free,CC-BY-4.0,docs/licenses/RETOURBAN_CC-BY-4.0.txt,RetroUrban Free 128x128 urban texture map or derived Godot material resource; imported without changing source PNG pixels. Attribution to Binbun3D is required.
game/art/textures/retro_urban/AsphaltRoad/AsphaltRoad_02/AsphaltRoad_02_ambientocclusion.png,0713a2b242884bd29eaaa78e80946602d7054ce11824f01b87137beb191cc2a0,12802,png,cleared,Binbun3D,https://binbun3d.itch.io/retrourban-free,CC-BY-4.0,docs/licenses/RETOURBAN_CC-BY-4.0.txt,RetroUrban Free 128x128 urban texture map or derived Godot material resource; imported without changing source PNG pixels. Attribution to Binbun3D is required.
game/art/textures/retro_urban/AsphaltRoad/AsphaltRoad_02/AsphaltRoad_02_basecolor.png,fe4206084a79acf0502303794d9ca239db706b285dd8adff6465de809f6bb27a,16008,png,cleared,Binbun3D,https://binbun3d.itch.io/retrourban-free,CC-BY-4.0,docs/licenses/RETOURBAN_CC-BY-4.0.txt,RetroUrban Free 128x128 urban texture map or derived Godot material resource; imported without changing source PNG pixels. Attribution to Binbun3D is required.
game/art/textures/retro_urban/AsphaltRoad/AsphaltRoad_02/AsphaltRoad_02_height.png,c89ae3f58737bf55e5049074310f8284b8b3d01f56c5b57961a84ba71a0c8853,12655,png,cleared,Binbun3D,https://binbun3d.itch.io/retrourban-free,CC-BY-4.0,docs/licenses/RETOURBAN_CC-BY-4.0.txt,RetroUrban Free 128x128 urban texture map or derived Godot material resource; imported without changing source PNG pixels. Attribution to Binbun3D is required.
game/art/textures/retro_urban/AsphaltRoad/AsphaltRoad_02/AsphaltRoad_02_metallic.png,0b1195252654a686e2a8f19e0b8f27eb89ac1ca51a913834cab14958146fc726,1131,png,cleared,Binbun3D,https://binbun3d.itch.io/retrourban-free,CC-BY-4.0,docs/licenses/RETOURBAN_CC-BY-4.0.txt,RetroUrban Free 128x128 urban texture map or derived Godot material resource; imported without changing source PNG pixels. Attribution to Binbun3D is required.
game/art/textures/retro_urban/AsphaltRoad/AsphaltRoad_02/AsphaltRoad_02_normal.png,25fe3279fa8c4802b64076ffca9569aad0c6c0700e5acb3815dd42cb17134cfb,33727,png,cleared,Binbun3D,https://binbun3d.itch.io/retrourban-free,CC-BY-4.0,docs/licenses/RETOURBAN_CC-BY-4.0.txt,RetroUrban Free 128x128 urban texture map or derived Godot material resource; imported without changing source PNG pixels. Attribution to Binbun3D is required.
game/art/textures/retro_urban/AsphaltRoad/AsphaltRoad_02/AsphaltRoad_02_roughness.png,8195dd38ed0de46ac68c0431154d893311415360c4248c42bf75ec2c29467733,11442,png,cleared,Binbun3D,https://binbun3d.itch.io/retrourban-free,CC-BY-4.0,docs/licenses/RETOURBAN_CC-BY-4.0.txt,RetroUrban Free 128x128 urban texture map or derived Godot material resource; imported without changing source PNG pixels. Attribution to Binbun3D is required.
game/art/textures/retro_urban/AsphaltRoad/AsphaltRoad_03/AsphaltRoad_03_ambientocclusion.png,601a40bb794e51e204b1a0a9e7fad4c4a222c763f72bbb98baf6b8e340faae2c,12359,png,cleared,Binbun3D,https://binbun3d.itch.io/retrourban-free,CC-BY-4.0,docs/licenses/RETOURBAN_CC-BY-4.0.txt,RetroUrban Free 128x128 urban texture map or derived Godot material resource; imported without changing source PNG pixels. Attribution to Binbun3D is required.
game/art/textures/retro_urban/AsphaltRoad/AsphaltRoad_03/AsphaltRoad_03_basecolor.png,4cb3026bca8a2a562be9174ce48f9d9b56999e7aaf62a5b5aad2ac95002c2d33,15482,png,cleared,Binbun3D,https://binbun3d.itch.io/retrourban-free,CC-BY-4.0,docs/licenses/RETOURBAN_CC-BY-4.0.txt,RetroUrban Free 128x128 urban texture map or derived Godot material resource; imported without changing source PNG pixels. Attribution to Binbun3D is required.
game/art/textures/retro_urban/AsphaltRoad/AsphaltRoad_03/AsphaltRoad_03_height.png,d653cf9291bcd4a5606de7fbd68ef14bebde99f0ef6a87716b4e00b03a71ae85,12083,png,cleared,Binbun3D,https://binbun3d.itch.io/retrourban-free,CC-BY-4.0,docs/licenses/RETOURBAN_CC-BY-4.0.txt,RetroUrban Free 128x128 urban texture map or derived Godot material resource; imported without changing source PNG pixels. Attribution to Binbun3D is required.
game/art/textures/retro_urban/AsphaltRoad/AsphaltRoad_03/AsphaltRoad_03_metallic.png,0b1195252654a686e2a8f19e0b8f27eb89ac1ca51a913834cab14958146fc726,1131,png,cleared,Binbun3D,https://binbun3d.itch.io/retrourban-free,CC-BY-4.0,docs/licenses/RETOURBAN_CC-BY-4.0.txt,RetroUrban Free 128x128 urban texture map or derived Godot material resource; imported without changing source PNG pixels. Attribution to Binbun3D is required.
game/art/textures/retro_urban/AsphaltRoad/AsphaltRoad_03/AsphaltRoad_03_normal.png,8d8e6fe090f7e0115e003a38be0a0fd12de15a5f9c5821e3395c4f38f50a4865,32354,png,cleared,Binbun3D,https://binbun3d.itch.io/retrourban-free,CC-BY-4.0,docs/licenses/RETOURBAN_CC-BY-4.0.txt,RetroUrban Free 128x128 urban texture map or derived Godot material resource; imported without changing source PNG pixels. Attribution to Binbun3D is required.
game/art/textures/retro_urban/AsphaltRoad/AsphaltRoad_03/AsphaltRoad_03_roughness.png,969787cffb04fc3ed60b8b48ffce3c449570463476374a9e56878cb73b7406da,10895,png,cleared,Binbun3D,https://binbun3d.itch.io/retrourban-free,CC-BY-4.0,docs/licenses/RETOURBAN_CC-BY-4.0.txt,RetroUrban Free 128x128 urban texture map or derived Godot material resource; imported without changing source PNG pixels. Attribution to Binbun3D is required.
game/art/textures/retro_urban/AsphaltRoad/AsphaltRoad_04/AsphaltRoad_04_ambientocclusion.png,a61d57548970dad73b2019aced4b4df7b9ef2b75a0e904050318767cf705f899,12773,png,cleared,Binbun3D,https://binbun3d.itch.io/retrourban-free,CC-BY-4.0,docs/licenses/RETOURBAN_CC-BY-4.0.txt,RetroUrban Free 128x128 urban texture map or derived Godot material resource; imported without changing source PNG pixels. Attribution to Binbun3D is required.
game/art/textures/retro_urban/AsphaltRoad/AsphaltRoad_04/AsphaltRoad_04_basecolor.png,89159b9a426e5641244c3e2ab94f44d240c5a9d109807aeea6ecff91818771e6,14802,png,cleared,Binbun3D,https://binbun3d.itch.io/retrourban-free,CC-BY-4.0,docs/licenses/RETOURBAN_CC-BY-4.0.txt,RetroUrban Free 128x128 urban texture map or derived Godot material resource; imported without changing source PNG pixels. Attribution to Binbun3D is required.
game/art/textures/retro_urban/AsphaltRoad/AsphaltRoad_04/AsphaltRoad_04_height.png,4c69c25571ef0b65e03f891dd4ab29020f19ea79d33569f7c049ed1e76c6666c,13098,png,cleared,Binbun3D,https://binbun3d.itch.io/retrourban-free,CC-BY-4.0,docs/licenses/RETOURBAN_CC-BY-4.0.txt,RetroUrban Free 128x128 urban texture map or derived Godot material resource; imported without changing source PNG pixels. Attribution to Binbun3D is required.
game/art/textures/retro_urban/AsphaltRoad/AsphaltRoad_04/AsphaltRoad_04_metallic.png,0b1195252654a686e2a8f19e0b8f27eb89ac1ca51a913834cab14958146fc726,1131,png,cleared,Binbun3D,https://binbun3d.itch.io/retrourban-free,CC-BY-4.0,docs/licenses/RETOURBAN_CC-BY-4.0.txt,RetroUrban Free 128x128 urban texture map or derived Godot material resource; imported without changing source PNG pixels. Attribution to Binbun3D is required.
game/art/textures/retro_urban/AsphaltRoad/AsphaltRoad_04/AsphaltRoad_04_normal.png,4d61a13b6f576d988497be296e430661493b4b375cf63990515bf1d1f1d0ffeb,34668,png,cleared,Binbun3D,https://binbun3d.itch.io/retrourban-free,CC-BY-4.0,docs/licenses/RETOURBAN_CC-BY-4.0.txt,RetroUrban Free 128x128 urban texture map or derived Godot material resource; imported without changing source PNG pixels. Attribution to Binbun3D is required.
game/art/textures/retro_urban/AsphaltRoad/AsphaltRoad_04/AsphaltRoad_04_roughness.png,e269050d2058acde69fa9fc88d10694002e5357d89e0fc6a240b52155900eff0,11657,png,cleared,Binbun3D,https://binbun3d.itch.io/retrourban-free,CC-BY-4.0,docs/licenses/RETOURBAN_CC-BY-4.0.txt,RetroUrban Free 128x128 urban texture map or derived Godot material resource; imported without changing source PNG pixels. Attribution to Binbun3D is required.
game/art/textures/retro_urban/AsphaltRoad/AsphaltRoad_05/AsphaltRoad_05_ambientocclusion.png,6a2eb0ba90490a41b5cca820a8b41b0cf09aaac5a7deada616757e790894f867,13586,png,cleared,Binbun3D,https://binbun3d.itch.io/retrourban-free,CC-BY-4.0,docs/licenses/RETOURBAN_CC-BY-4.0.txt,RetroUrban Free 128x128 urban texture map or derived Godot material resource; imported without changing source PNG pixels. Attribution to Binbun3D is required.
game/art/textures/retro_urban/AsphaltRoad/AsphaltRoad_05/AsphaltRoad_05_basecolor.png,bccc2e11470bb20c7a113fe4af03eefead1015b79b8979777bacd51b851bf1e6,20815,png,cleared,Binbun3D,https://binbun3d.itch.io/retrourban-free,CC-BY-4.0,docs/licenses/RETOURBAN_CC-BY-4.0.txt,RetroUrban Free 128x128 urban texture map or derived Godot material resource; imported without changing source PNG pixels. Attribution to Binbun3D is required.
game/art/textures/retro_urban/AsphaltRoad/AsphaltRoad_05/AsphaltRoad_05_height.png,f8f487e837d7439ccd3b6691197a9d47dfcbd066e3fb1c60c7aa39219f718d12,12798,png,cleared,Binbun3D,https://binbun3d.itch.io/retrourban-free,CC-BY-4.0,docs/licenses/RETOURBAN_CC-BY-4.0.txt,RetroUrban Free 128x128 urban texture map or derived Godot material resource; imported without changing source PNG pixels. Attribution to Binbun3D is required.
game/art/textures/retro_urban/AsphaltRoad/AsphaltRoad_05/AsphaltRoad_05_metallic.png,0b1195252654a686e2a8f19e0b8f27eb89ac1ca51a913834cab14958146fc726,1131,png,cleared,Binbun3D,https://binbun3d.itch.io/retrourban-free,CC-BY-4.0,docs/licenses/RETOURBAN_CC-BY-4.0.txt,RetroUrban Free 128x128 urban texture map or derived Godot material resource; imported without changing source PNG pixels. Attribution to Binbun3D is required.
game/art/textures/retro_urban/AsphaltRoad/AsphaltRoad_05/AsphaltRoad_05_normal.png,acccf33ff1441df28c60be7a0c915b2bdba72fdb007a1d86cd9fa69eda786ee7,34827,png,cleared,Binbun3D,https://binbun3d.itch.io/retrourban-free,CC-BY-4.0,docs/licenses/RETOURBAN_CC-BY-4.0.txt,RetroUrban Free 128x128 urban texture map or derived Godot material resource; imported without changing source PNG pixels. Attribution to Binbun3D is required.
game/art/textures/retro_urban/AsphaltRoad/AsphaltRoad_05/AsphaltRoad_05_roughness.png,055ae2118dfc2398d29fd9dd0b901912d8254be5b953b16c0d8336e93b0ce74b,11910,png,cleared,Binbun3D,https://binbun3d.itch.io/retrourban-free,CC-BY-4.0,docs/licenses/RETOURBAN_CC-BY-4.0.txt,RetroUrban Free 128x128 urban texture map or derived Godot material resource; imported without changing source PNG pixels. Attribution to Binbun3D is required.
game/art/textures/retro_urban/AsphaltRoad/AsphaltRoad_06/AsphaltRoad_06_ambientocclusion.png,f79143804a941c4180c1cc801f8b4f8731d513583b9757bb188df55dbcea80cb,12328,png,cleared,Binbun3D,https://binbun3d.itch.io/retrourban-free,CC-BY-4.0,docs/licenses/RETOURBAN_CC-BY-4.0.txt,RetroUrban Free 128x128 urban texture map or derived Godot material resource; imported without changing source PNG pixels. Attribution to Binbun3D is required.
game/art/textures/retro_urban/AsphaltRoad/AsphaltRoad_06/AsphaltRoad_06_basecolor.png,0563e15fd8cd02b7f7c16d3eb0504f0f04144ce43df669915199af70c28c6ad3,18433,png,cleared,Binbun3D,https://binbun3d.itch.io/retrourban-free,CC-BY-4.0,docs/licenses/RETOURBAN_CC-BY-4.0.txt,RetroUrban Free 128x128 urban texture map or derived Godot material resource; imported without changing source PNG pixels. Attribution to Binbun3D is required.
game/art/textures/retro_urban/AsphaltRoad/AsphaltRoad_06/AsphaltRoad_06_height.png,d964dd45e4916741652ddb1bd8c5eb2f878a00ac0c6a945907b23f61654954c8,11789,png,cleared,Binbun3D,https://binbun3d.itch.io/retrourban-free,CC-BY-4.0,docs/licenses/RETOURBAN_CC-BY-4.0.txt,RetroUrban Free 128x128 urban texture map or derived Godot material resource; imported without changing source PNG pixels. Attribution to Binbun3D is required.
game/art/textures/retro_urban/AsphaltRoad/AsphaltRoad_06/AsphaltRoad_06_metallic.png,0b1195252654a686e2a8f19e0b8f27eb89ac1ca51a913834cab14958146fc726,1131,png,cleared,Binbun3D,https://binbun3d.itch.io/retrourban-free,CC-BY-4.0,docs/licenses/RETOURBAN_CC-BY-4.0.txt,RetroUrban Free 128x128 urban texture map or derived Godot material resource; imported without changing source PNG pixels. Attribution to Binbun3D is required.
game/art/textures/retro_urban/AsphaltRoad/AsphaltRoad_06/AsphaltRoad_06_normal.png,dedf474d48d6f85bd059aaf9354589f8ef03058164b5d8a53da6762b4fc81251,32600,png,cleared,Binbun3D,https://binbun3d.itch.io/retrourban-free,CC-BY-4.0,docs/licenses/RETOURBAN_CC-BY-4.0.txt,RetroUrban Free 128x128 urban texture map or derived Godot material resource; imported without changing source PNG pixels. Attribution to Binbun3D is required.
game/art/textures/retro_urban/AsphaltRoad/AsphaltRoad_06/AsphaltRoad_06_roughness.png,14579bd3b04af692eb82c4129efc630d41e54cdf0639b14591623f38621c5527,10224,png,cleared,Binbun3D,https://binbun3d.itch.io/retrourban-free,CC-BY-4.0,docs/licenses/RETOURBAN_CC-BY-4.0.txt,RetroUrban Free 128x128 urban texture map or derived Godot material resource; imported without changing source PNG pixels. Attribution to Binbun3D is required.
game/art/textures/retro_urban/AsphaltRoad/AsphaltRoad_07/AsphaltRoad_07_ambientocclusion.png,59c4cb7de994f37d777dba7b6dd8848369388521d2d304c14437d717b5d5b8f0,13240,png,cleared,Binbun3D,https://binbun3d.itch.io/retrourban-free,CC-BY-4.0,docs/licenses/RETOURBAN_CC-BY-4.0.txt,RetroUrban Free 128x128 urban texture map or derived Godot material resource; imported without changing source PNG pixels. Attribution to Binbun3D is required.
game/art/textures/retro_urban/AsphaltRoad/AsphaltRoad_07/AsphaltRoad_07_basecolor.png,25afcd6c48652429975a4892b03139bc8d75fe7088f072462ec1ac509f09b806,20817,png,cleared,Binbun3D,https://binbun3d.itch.io/retrourban-free,CC-BY-4.0,docs/licenses/RETOURBAN_CC-BY-4.0.txt,RetroUrban Free 128x128 urban texture map or derived Godot material resource; imported without changing source PNG pixels. Attribution to Binbun3D is required.
game/art/textures/retro_urban/AsphaltRoad/AsphaltRoad_07/AsphaltRoad_07_height.png,a6dcca9aaa952c25631f968c7d27377924cb670c21f9bbb2e7f57aed1bfec0ed,12801,png,cleared,Binbun3D,https://binbun3d.itch.io/retrourban-free,CC-BY-4.0,docs/licenses/RETOURBAN_CC-BY-4.0.txt,RetroUrban Free 128x128 urban texture map or derived Godot material resource; imported without changing source PNG pixels. Attribution to Binbun3D is required.
game/art/textures/retro_urban/AsphaltRoad/AsphaltRoad_07/AsphaltRoad_07_metallic.png,0b1195252654a686e2a8f19e0b8f27eb89ac1ca51a913834cab14958146fc726,1131,png,cleared,Binbun3D,https://binbun3d.itch.io/retrourban-free,CC-BY-4.0,docs/licenses/RETOURBAN_CC-BY-4.0.txt,RetroUrban Free 128x128 urban texture map or derived Godot material resource; imported without changing source PNG pixels. Attribution to Binbun3D is required.
game/art/textures/retro_urban/AsphaltRoad/AsphaltRoad_07/AsphaltRoad_07_normal.png,37ac8514f10664a9eddeb2c81942d68acd2cc90a84faf06e8806798f3ada3bf1,34235,png,cleared,Binbun3D,https://binbun3d.itch.io/retrourban-free,CC-BY-4.0,docs/licenses/RETOURBAN_CC-BY-4.0.txt,RetroUrban Free 128x128 urban texture map or derived Godot material resource; imported without changing source PNG pixels. Attribution to Binbun3D is required.
game/art/textures/retro_urban/AsphaltRoad/AsphaltRoad_07/AsphaltRoad_07_roughness.png,2fc06455aca37c6e14fcedccebe67a6b966c6392d28e02d615412e528c6ff85c,11807,png,cleared,Binbun3D,https://binbun3d.itch.io/retrourban-free,CC-BY-4.0,docs/licenses/RETOURBAN_CC-BY-4.0.txt,RetroUrban Free 128x128 urban texture map or derived Godot material resource; imported without changing source PNG pixels. Attribution to Binbun3D is required.
game/art/textures/retro_urban/AsphaltRoad/AsphaltRoad_08/AsphaltRoad_08_ambientocclusion.png,895ffe9234d408e403bc9f67619896a3fa639d0e723959cbab318d16cf9d929c,13587,png,cleared,Binbun3D,https://binbun3d.itch.io/retrourban-free,CC-BY-4.0,docs/licenses/RETOURBAN_CC-BY-4.0.txt,RetroUrban Free 128x128 urban texture map or derived Godot material resource; imported without changing source PNG pixels. Attribution to Binbun3D is required.
game/art/textures/retro_urban/AsphaltRoad/AsphaltRoad_08/AsphaltRoad_08_basecolor.png,c9a403cc4a72f4581fd91a3412d2f2b4a43d199b606fc29381d457f59da4744d,16444,png,cleared,Binbun3D,https://binbun3d.itch.io/retrourban-free,CC-BY-4.0,docs/licenses/RETOURBAN_CC-BY-4.0.txt,RetroUrban Free 128x128 urban texture map or derived Godot material resource; imported without changing source PNG pixels. Attribution to Binbun3D is required.
game/art/textures/retro_urban/AsphaltRoad/AsphaltRoad_08/AsphaltRoad_08_height.png,16caab60cdb366367299f5418299afdd7446468c7c37fda2f67a20569a494f4e,13618,png,cleared,Binbun3D,https://binbun3d.itch.io/retrourban-free,CC-BY-4.0,docs/licenses/RETOURBAN_CC-BY-4.0.txt,RetroUrban Free 128x128 urban texture map or derived Godot material resource; imported without changing source PNG pixels. Attribution to Binbun3D is required.
game/art/textures/retro_urban/AsphaltRoad/AsphaltRoad_08/AsphaltRoad_08_metallic.png,0b1195252654a686e2a8f19e0b8f27eb89ac1ca51a913834cab14958146fc726,1131,png,cleared,Binbun3D,https://binbun3d.itch.io/retrourban-free,CC-BY-4.0,docs/licenses/RETOURBAN_CC-BY-4.0.txt,RetroUrban Free 128x128 urban texture map or derived Godot material resource; imported without changing source PNG pixels. Attribution to Binbun3D is required.
game/art/textures/retro_urban/AsphaltRoad/AsphaltRoad_08/AsphaltRoad_08_normal.png,89773ad621d75a490410b87ac8de50a6fb4f13d463b25e94119e7a6e7c65c90a,34933,png,cleared,Binbun3D,https://binbun3d.itch.io/retrourban-free,CC-BY-4.0,docs/licenses/RETOURBAN_CC-BY-4.0.txt,RetroUrban Free 128x128 urban texture map or derived Godot material resource; imported without changing source PNG pixels. Attribution to Binbun3D is required.
game/art/textures/retro_urban/AsphaltRoad/AsphaltRoad_08/AsphaltRoad_08_roughness.png,243f2ae42c28e534515bd40dd965a0d9dfad2ea2b555eee65d6e0e81b000817b,12205,png,cleared,Binbun3D,https://binbun3d.itch.io/retrourban-free,CC-BY-4.0,docs/licenses/RETOURBAN_CC-BY-4.0.txt,RetroUrban Free 128x128 urban texture map or derived Godot material resource; imported without changing source PNG pixels. Attribution to Binbun3D is required.
game/art/textures/retro_urban/CleanPavement/ConcretePavement_01/CleanPavement_01_ambientocclusion.png,bb8fdde49557333ed33ebca39081ffe3a9ffb158339af8cc651e06ae051905bf,11435,png,cleared,Binbun3D,https://binbun3d.itch.io/retrourban-free,CC-BY-4.0,docs/licenses/RETOURBAN_CC-BY-4.0.txt,RetroUrban Free 128x128 urban texture map or derived Godot material resource; imported without changing source PNG pixels. Attribution to Binbun3D is required.
game/art/textures/retro_urban/CleanPavement/ConcretePavement_01/CleanPavement_01_basecolor.png,a9563be42ba2373e4c872ebbb8aac639baad6ad3c8b89c44947dce2899ccce38,12281,png,cleared,Binbun3D,https://binbun3d.itch.io/retrourban-free,CC-BY-4.0,docs/licenses/RETOURBAN_CC-BY-4.0.txt,RetroUrban Free 128x128 urban texture map or derived Godot material resource; imported without changing source PNG pixels. Attribution to Binbun3D is required.
game/art/textures/retro_urban/CleanPavement/ConcretePavement_01/CleanPavement_01_height.png,228c6b6552ab2a989a4f91e16b5404f5ec064ee94b9fdcb83dd9cb76fc00e5ce,10660,png,cleared,Binbun3D,https://binbun3d.itch.io/retrourban-free,CC-BY-4.0,docs/licenses/RETOURBAN_CC-BY-4.0.txt,RetroUrban Free 128x128 urban texture map or derived Godot material resource; imported without changing source PNG pixels. Attribution to Binbun3D is required.
game/art/textures/retro_urban/CleanPavement/ConcretePavement_01/CleanPavement_01_metallic.png,0b1195252654a686e2a8f19e0b8f27eb89ac1ca51a913834cab14958146fc726,1131,png,cleared,Binbun3D,https://binbun3d.itch.io/retrourban-free,CC-BY-4.0,docs/licenses/RETOURBAN_CC-BY-4.0.txt,RetroUrban Free 128x128 urban texture map or derived Godot material resource; imported without changing source PNG pixels. Attribution to Binbun3D is required.
game/art/textures/retro_urban/CleanPavement/ConcretePavement_01/CleanPavement_01_normal.png,cbfc60bc7a8a00ec5a9e116519d4e208725d31b879dd454d4a5328c9c352d61f,21743,png,cleared,Binbun3D,https://binbun3d.itch.io/retrourban-free,CC-BY-4.0,docs/licenses/RETOURBAN_CC-BY-4.0.txt,RetroUrban Free 128x128 urban texture map or derived Godot material resource; imported without changing source PNG pixels. Attribution to Binbun3D is required.
game/art/textures/retro_urban/CleanPavement/ConcretePavement_01/CleanPavement_01_roughness.png,7cec22f0da30e72b2523f344c862bc225812bc3d088161602895e21889e90c7f,10058,png,cleared,Binbun3D,https://binbun3d.itch.io/retrourban-free,CC-BY-4.0,docs/licenses/RETOURBAN_CC-BY-4.0.txt,RetroUrban Free 128x128 urban texture map or derived Godot material resource; imported without changing source PNG pixels. Attribution to Binbun3D is required.
game/art/textures/retro_urban/CleanPavement/ConcretePavement_02/CleanPavement_02_ambientocclusion.png,ae25f5fde5da09677bce4397ea709e68f29bc628e7b883d524de45f61f947259,10144,png,cleared,Binbun3D,https://binbun3d.itch.io/retrourban-free,CC-BY-4.0,docs/licenses/RETOURBAN_CC-BY-4.0.txt,RetroUrban Free 128x128 urban texture map or derived Godot material resource; imported without changing source PNG pixels. Attribution to Binbun3D is required.
game/art/textures/retro_urban/CleanPavement/ConcretePavement_02/CleanPavement_02_basecolor.png,f069a9b8fabd79ec6cf135c624c4f863b66122af5a3240a6c631c4f1bb15cb0c,13045,png,cleared,Binbun3D,https://binbun3d.itch.io/retrourban-free,CC-BY-4.0,docs/licenses/RETOURBAN_CC-BY-4.0.txt,RetroUrban Free 128x128 urban texture map or derived Godot material resource; imported without changing source PNG pixels. Attribution to Binbun3D is required.
game/art/textures/retro_urban/CleanPavement/ConcretePavement_02/CleanPavement_02_height.png,bbe5a9163c5a91f6049028d705581ac2e31cdac22eaacea9bc57b0c183c02bf2,10753,png,cleared,Binbun3D,https://binbun3d.itch.io/retrourban-free,CC-BY-4.0,docs/licenses/RETOURBAN_CC-BY-4.0.txt,RetroUrban Free 128x128 urban texture map or derived Godot material resource; imported without changing source PNG pixels. Attribution to Binbun3D is required.
game/art/textures/retro_urban/CleanPavement/ConcretePavement_02/CleanPavement_02_metallic.png,0b1195252654a686e2a8f19e0b8f27eb89ac1ca51a913834cab14958146fc726,1131,png,cleared,Binbun3D,https://binbun3d.itch.io/retrourban-free,CC-BY-4.0,docs/licenses/RETOURBAN_CC-BY-4.0.txt,RetroUrban Free 128x128 urban texture map or derived Godot material resource; imported without changing source PNG pixels. Attribution to Binbun3D is required.
game/art/textures/retro_urban/CleanPavement/ConcretePavement_02/CleanPavement_02_normal.png,592d9f0a1774b83e283275b3c768b9800a3865f4720d1ed3d1516ce95325791c,22141,png,cleared,Binbun3D,https://binbun3d.itch.io/retrourban-free,CC-BY-4.0,docs/licenses/RETOURBAN_CC-BY-4.0.txt,RetroUrban Free 128x128 urban texture map or derived Godot material resource; imported without changing source PNG pixels. Attribution to Binbun3D is required.
game/art/textures/retro_urban/CleanPavement/ConcretePavement_02/CleanPavement_02_roughness.png,fa2c5e8165803a02b0d49071db20d0b99913a47f568c92bd34416c1b48ce5911,10025,png,cleared,Binbun3D,https://binbun3d.itch.io/retrourban-free,CC-BY-4.0,docs/licenses/RETOURBAN_CC-BY-4.0.txt,RetroUrban Free 128x128 urban texture map or derived Godot material resource; imported without changing source PNG pixels. Attribution to Binbun3D is required.
game/art/textures/retro_urban/CleanPavement/ConcretePavement_03/CleanPavement_03_ambientocclusion.png,12bbc346f195adc42a490bca6889a9b26cf85381b4d26bc79708d83d60fe86bf,11545,png,cleared,Binbun3D,https://binbun3d.itch.io/retrourban-free,CC-BY-4.0,docs/licenses/RETOURBAN_CC-BY-4.0.txt,RetroUrban Free 128x128 urban texture map or derived Godot material resource; imported without changing source PNG pixels. Attribution to Binbun3D is required.
game/art/textures/retro_urban/CleanPavement/ConcretePavement_03/CleanPavement_03_basecolor.png,b25e90f5dfdaad50e7e0e12d318bd719edd8b42abb64cd3b09d93b6043b8c7f2,13513,png,cleared,Binbun3D,https://binbun3d.itch.io/retrourban-free,CC-BY-4.0,docs/licenses/RETOURBAN_CC-BY-4.0.txt,RetroUrban Free 128x128 urban texture map or derived Godot material resource; imported without changing source PNG pixels. Attribution to Binbun3D is required.
game/art/textures/retro_urban/CleanPavement/ConcretePavement_03/CleanPavement_03_height.png,439f4e1eadcbc23a1bad0ad62e301c94bbb71050ca49783b68d937a650569abe,10661,png,cleared,Binbun3D,https://binbun3d.itch.io/retrourban-free,CC-BY-4.0,docs/licenses/RETOURBAN_CC-BY-4.0.txt,RetroUrban Free 128x128 urban texture map or derived Godot material resource; imported without changing source PNG pixels. Attribution to Binbun3D is required.
game/art/textures/retro_urban/CleanPavement/ConcretePavement_03/CleanPavement_03_metallic.png,0b1195252654a686e2a8f19e0b8f27eb89ac1ca51a913834cab14958146fc726,1131,png,cleared,Binbun3D,https://binbun3d.itch.io/retrourban-free,CC-BY-4.0,docs/licenses/RETOURBAN_CC-BY-4.0.txt,RetroUrban Free 128x128 urban texture map or derived Godot material resource; imported without changing source PNG pixels. Attribution to Binbun3D is required.
game/art/textures/retro_urban/CleanPavement/ConcretePavement_03/CleanPavement_03_normal.png,e681db41102c93ba919a3b91b37ccea13e54dfbf54bc69cefa960b5d590174f2,21820,png,cleared,Binbun3D,https://binbun3d.itch.io/retrourban-free,CC-BY-4.0,docs/licenses/RETOURBAN_CC-BY-4.0.txt,RetroUrban Free 128x128 urban texture map or derived Godot material resource; imported without changing source PNG pixels. Attribution to Binbun3D is required.
game/art/textures/retro_urban/CleanPavement/ConcretePavement_03/CleanPavement_03_roughness.png,2b66c504ff9c3bd66a2a6de212fcc7942c72b7a6aca34e7072b694ce7a7fde38,10003,png,cleared,Binbun3D,https://binbun3d.itch.io/retrourban-free,CC-BY-4.0,docs/licenses/RETOURBAN_CC-BY-4.0.txt,RetroUrban Free 128x128 urban texture map or derived Godot material resource; imported without changing source PNG pixels. Attribution to Binbun3D is required.
game/art/textures/retro_urban/CleanPavement/ConcretePavement_04/CleanPavement_04_ambientocclusion.png,0da3d6a19ee799df64b1df8fed9c4804ddd611ef755fb40ba70609bbecdf5653,10351,png,cleared,Binbun3D,https://binbun3d.itch.io/retrourban-free,CC-BY-4.0,docs/licenses/RETOURBAN_CC-BY-4.0.txt,RetroUrban Free 128x128 urban texture map or derived Godot material resource; imported without changing source PNG pixels. Attribution to Binbun3D is required.
game/art/textures/retro_urban/CleanPavement/ConcretePavement_04/CleanPavement_04_basecolor.png,38472b37ff2dd5a1561316c386973a3800363e42f17e8e14d9c0afecc1eca815,13288,png,cleared,Binbun3D,https://binbun3d.itch.io/retrourban-free,CC-BY-4.0,docs/licenses/RETOURBAN_CC-BY-4.0.txt,RetroUrban Free 128x128 urban texture map or derived Godot material resource; imported without changing source PNG pixels. Attribution to Binbun3D is required.
game/art/textures/retro_urban/CleanPavement/ConcretePavement_04/CleanPavement_04_height.png,0af9874f11fe70d9a5a70f4d5c348feecf0976c2bdbd3c47e16faab5aca29ca7,10963,png,cleared,Binbun3D,https://binbun3d.itch.io/retrourban-free,CC-BY-4.0,docs/licenses/RETOURBAN_CC-BY-4.0.txt,RetroUrban Free 128x128 urban texture map or derived Godot material resource; imported without changing source PNG pixels. Attribution to Binbun3D is required.
game/art/textures/retro_urban/CleanPavement/ConcretePavement_04/CleanPavement_04_metallic.png,0b1195252654a686e2a8f19e0b8f27eb89ac1ca51a913834cab14958146fc726,1131,png,cleared,Binbun3D,https://binbun3d.itch.io/retrourban-free,CC-BY-4.0,docs/licenses/RETOURBAN_CC-BY-4.0.txt,RetroUrban Free 128x128 urban texture map or derived Godot material resource; imported without changing source PNG pixels. Attribution to Binbun3D is required.
game/art/textures/retro_urban/CleanPavement/ConcretePavement_04/CleanPavement_04_normal.png,5739a32c256ee3d7fa15fa142a5d9b1967c03950452e6caf82ce7b38dcc5c1cf,22479,png,cleared,Binbun3D,https://binbun3d.itch.io/retrourban-free,CC-BY-4.0,docs/licenses/RETOURBAN_CC-BY-4.0.txt,RetroUrban Free 128x128 urban texture map or derived Godot material resource; imported without changing source PNG pixels. Attribution to Binbun3D is required.
game/art/textures/retro_urban/CleanPavement/ConcretePavement_04/CleanPavement_04_roughness.png,97ca0903c80539af2f1c36a4bc754889587259e917435dc0e0da51d7dd85ae2e,10089,png,cleared,Binbun3D,https://binbun3d.itch.io/retrourban-free,CC-BY-4.0,docs/licenses/RETOURBAN_CC-BY-4.0.txt,RetroUrban Free 128x128 urban texture map or derived Godot material resource; imported without changing source PNG pixels. Attribution to Binbun3D is required.
game/art/textures/retro_urban/CleanPavement/ConcretePavement_05/CleanPavement_05_ambientocclusion.png,a5ab260b58d43439afb6f9c312d87d1577a07983c7ab3f4b3296db43e4cead79,10416,png,cleared,Binbun3D,https://binbun3d.itch.io/retrourban-free,CC-BY-4.0,docs/licenses/RETOURBAN_CC-BY-4.0.txt,RetroUrban Free 128x128 urban texture map or derived Godot material resource; imported without changing source PNG pixels. Attribution to Binbun3D is required.
game/art/textures/retro_urban/CleanPavement/ConcretePavement_05/CleanPavement_05_basecolor.png,7eb890b81910e176e00b24bdac8d6101ad7203d2bb854381a1ece2d85ba27f4e,13639,png,cleared,Binbun3D,https://binbun3d.itch.io/retrourban-free,CC-BY-4.0,docs/licenses/RETOURBAN_CC-BY-4.0.txt,RetroUrban Free 128x128 urban texture map or derived Godot material resource; imported without changing source PNG pixels. Attribution to Binbun3D is required.
game/art/textures/retro_urban/CleanPavement/ConcretePavement_05/CleanPavement_05_height.png,16344ff89ffe8a2187f88aa6ad83289974e73d0558165bb1c1e87d037c0fd1af,11244,png,cleared,Binbun3D,https://binbun3d.itch.io/retrourban-free,CC-BY-4.0,docs/licenses/RETOURBAN_CC-BY-4.0.txt,RetroUrban Free 128x128 urban texture map or derived Godot material resource; imported without changing source PNG pixels. Attribution to Binbun3D is required.
game/art/textures/retro_urban/CleanPavement/ConcretePavement_05/CleanPavement_05_metallic.png,0b1195252654a686e2a8f19e0b8f27eb89ac1ca51a913834cab14958146fc726,1131,png,cleared,Binbun3D,https://binbun3d.itch.io/retrourban-free,CC-BY-4.0,docs/licenses/RETOURBAN_CC-BY-4.0.txt,RetroUrban Free 128x128 urban texture map or derived Godot material resource; imported without changing source PNG pixels. Attribution to Binbun3D is required.
game/art/textures/retro_urban/CleanPavement/ConcretePavement_05/CleanPavement_05_normal.png,515e1cb19ecc02b1b7c7e55eb78272ed4817d226754e35c262e2681033c79aad,23327,png,cleared,Binbun3D,https://binbun3d.itch.io/retrourban-free,CC-BY-4.0,docs/licenses/RETOURBAN_CC-BY-4.0.txt,RetroUrban Free 128x128 urban texture map or derived Godot material resource; imported without changing source PNG pixels. Attribution to Binbun3D is required.
game/art/textures/retro_urban/CleanPavement/ConcretePavement_05/CleanPavement_05_roughness.png,10fcb8e7944c5a7bfb404d818353e247f51b5d8841e1c3d6d86cbcc74b276e4f,10354,png,cleared,Binbun3D,https://binbun3d.itch.io/retrourban-free,CC-BY-4.0,docs/licenses/RETOURBAN_CC-BY-4.0.txt,RetroUrban Free 128x128 urban texture map or derived Godot material resource; imported without changing source PNG pixels. Attribution to Binbun3D is required.
game/art/textures/retro_urban/CleanPavement/ConcretePavement_06/CleanPavement_06_ambientocclusion.png,b68ffade5522135f99e0cbd6d3874278b93ad792f260d994e93e7c641f74fd63,11435,png,cleared,Binbun3D,https://binbun3d.itch.io/retrourban-free,CC-BY-4.0,docs/licenses/RETOURBAN_CC-BY-4.0.txt,RetroUrban Free 128x128 urban texture map or derived Godot material resource; imported without changing source PNG pixels. Attribution to Binbun3D is required.
game/art/textures/retro_urban/CleanPavement/ConcretePavement_06/CleanPavement_06_basecolor.png,3c832ccd3c10ad8768e3bf55b44e80b7f000090b63ac48b058a494cbce964d53,12116,png,cleared,Binbun3D,https://binbun3d.itch.io/retrourban-free,CC-BY-4.0,docs/licenses/RETOURBAN_CC-BY-4.0.txt,RetroUrban Free 128x128 urban texture map or derived Godot material resource; imported without changing source PNG pixels. Attribution to Binbun3D is required.
game/art/textures/retro_urban/CleanPavement/ConcretePavement_06/CleanPavement_06_height.png,228c6b6552ab2a989a4f91e16b5404f5ec064ee94b9fdcb83dd9cb76fc00e5ce,10660,png,cleared,Binbun3D,https://binbun3d.itch.io/retrourban-free,CC-BY-4.0,docs/licenses/RETOURBAN_CC-BY-4.0.txt,RetroUrban Free 128x128 urban texture map or derived Godot material resource; imported without changing source PNG pixels. Attribution to Binbun3D is required.
game/art/textures/retro_urban/CleanPavement/ConcretePavement_06/CleanPavement_06_metallic.png,0b1195252654a686e2a8f19e0b8f27eb89ac1ca51a913834cab14958146fc726,1131,png,cleared,Binbun3D,https://binbun3d.itch.io/retrourban-free,CC-BY-4.0,docs/licenses/RETOURBAN_CC-BY-4.0.txt,RetroUrban Free 128x128 urban texture map or derived Godot material resource; imported without changing source PNG pixels. Attribution to Binbun3D is required.
game/art/textures/retro_urban/CleanPavement/ConcretePavement_06/CleanPavement_06_normal.png,56de8c64b4ea5f397ca84f5a7a6557385e51ae6aab412923ea1825b84d5f5418,21743,png,cleared,Binbun3D,https://binbun3d.itch.io/retrourban-free,CC-BY-4.0,docs/licenses/RETOURBAN_CC-BY-4.0.txt,RetroUrban Free 128x128 urban texture map or derived Godot material resource; imported without changing source PNG pixels. Attribution to Binbun3D is required.
game/art/textures/retro_urban/CleanPavement/ConcretePavement_06/CleanPavement_06_roughness.png,b31f07b129e72b365a0defc714ef7d825a0cd41ec6da25a32054c78b8ec28eb7,10055,png,cleared,Binbun3D,https://binbun3d.itch.io/retrourban-free,CC-BY-4.0,docs/licenses/RETOURBAN_CC-BY-4.0.txt,RetroUrban Free 128x128 urban texture map or derived Godot material resource; imported without changing source PNG pixels. Attribution to Binbun3D is required.
game/art/textures/retro_urban/CleanPavement/ConcretePavement_07/CleanPavement_07_ambientocclusion.png,a879a50c38f6bd07e10dbd835855a172e57bcc1e6ef088938231284e01762094,10154,png,cleared,Binbun3D,https://binbun3d.itch.io/retrourban-free,CC-BY-4.0,docs/licenses/RETOURBAN_CC-BY-4.0.txt,RetroUrban Free 128x128 urban texture map or derived Godot material resource; imported without changing source PNG pixels. Attribution to Binbun3D is required.
game/art/textures/retro_urban/CleanPavement/ConcretePavement_07/CleanPavement_07_basecolor.png,bd0781c4abc4f2540a857838fb9f7554f56aa5c046a41fd7874e9b0b63c9eabd,11155,png,cleared,Binbun3D,https://binbun3d.itch.io/retrourban-free,CC-BY-4.0,docs/licenses/RETOURBAN_CC-BY-4.0.txt,RetroUrban Free 128x128 urban texture map or derived Godot material resource; imported without changing source PNG pixels. Attribution to Binbun3D is required.
game/art/textures/retro_urban/CleanPavement/ConcretePavement_07/CleanPavement_07_height.png,bbe5a9163c5a91f6049028d705581ac2e31cdac22eaacea9bc57b0c183c02bf2,10753,png,cleared,Binbun3D,https://binbun3d.itch.io/retrourban-free,CC-BY-4.0,docs/licenses/RETOURBAN_CC-BY-4.0.txt,RetroUrban Free 128x128 urban texture map or derived Godot material resource; imported without changing source PNG pixels. Attribution to Binbun3D is required.
game/art/textures/retro_urban/CleanPavement/ConcretePavement_07/CleanPavement_07_metallic.png,0b1195252654a686e2a8f19e0b8f27eb89ac1ca51a913834cab14958146fc726,1131,png,cleared,Binbun3D,https://binbun3d.itch.io/retrourban-free,CC-BY-4.0,docs/licenses/RETOURBAN_CC-BY-4.0.txt,RetroUrban Free 128x128 urban texture map or derived Godot material resource; imported without changing source PNG pixels. Attribution to Binbun3D is required.
game/art/textures/retro_urban/CleanPavement/ConcretePavement_07/CleanPavement_07_normal.png,874ee1327c97be1d64d84b195694112bd401a3894cb6be02851653f7695f1db0,22127,png,cleared,Binbun3D,https://binbun3d.itch.io/retrourban-free,CC-BY-4.0,docs/licenses/RETOURBAN_CC-BY-4.0.txt,RetroUrban Free 128x128 urban texture map or derived Godot material resource; imported without changing source PNG pixels. Attribution to Binbun3D is required.
game/art/textures/retro_urban/CleanPavement/ConcretePavement_07/CleanPavement_07_roughness.png,c7e2f4d3b2f1c265cf6d4e92859ee3c032de0492d67cd0ea61c57c1dfc986aab,10031,png,cleared,Binbun3D,https://binbun3d.itch.io/retrourban-free,CC-BY-4.0,docs/licenses/RETOURBAN_CC-BY-4.0.txt,RetroUrban Free 128x128 urban texture map or derived Godot material resource; imported without changing source PNG pixels. Attribution to Binbun3D is required.
game/art/textures/retro_urban/CleanPavement/ConcretePavement_08/CleanPavement_08_ambientocclusion.png,9f8d53c428287f85e16cf082e5c623c29dc50d8e5bec4915f4f6c1aec175b666,11544,png,cleared,Binbun3D,https://binbun3d.itch.io/retrourban-free,CC-BY-4.0,docs/licenses/RETOURBAN_CC-BY-4.0.txt,RetroUrban Free 128x128 urban texture map or derived Godot material resource; imported without changing source PNG pixels. Attribution to Binbun3D is required.
game/art/textures/retro_urban/CleanPavement/ConcretePavement_08/CleanPavement_08_basecolor.png,21ebab5a9ceb0985c6baad20c96ff35c52bce460209b2fae7c3730f65ead3bc4,11928,png,cleared,Binbun3D,https://binbun3d.itch.io/retrourban-free,CC-BY-4.0,docs/licenses/RETOURBAN_CC-BY-4.0.txt,RetroUrban Free 128x128 urban texture map or derived Godot material resource; imported without changing source PNG pixels. Attribution to Binbun3D is required.
game/art/textures/retro_urban/CleanPavement/ConcretePavement_08/CleanPavement_08_height.png,a94424b47ffbdf96f98fe3f3f9dd692276fa6b29b3309922d86cf607414ea3d4,10663,png,cleared,Binbun3D,https://binbun3d.itch.io/retrourban-free,CC-BY-4.0,docs/licenses/RETOURBAN_CC-BY-4.0.txt,RetroUrban Free 128x128 urban texture map or derived Godot material resource; imported without changing source PNG pixels. Attribution to Binbun3D is required.
game/art/textures/retro_urban/CleanPavement/ConcretePavement_08/CleanPavement_08_metallic.png,0b1195252654a686e2a8f19e0b8f27eb89ac1ca51a913834cab14958146fc726,1131,png,cleared,Binbun3D,https://binbun3d.itch.io/retrourban-free,CC-BY-4.0,docs/licenses/RETOURBAN_CC-BY-4.0.txt,RetroUrban Free 128x128 urban texture map or derived Godot material resource; imported without changing source PNG pixels. Attribution to Binbun3D is required.
game/art/textures/retro_urban/CleanPavement/ConcretePavement_08/CleanPavement_08_normal.png,3be5edcc4939d4252dd5507f598e403ff8bf775e34dd5d99b0a20afa556cfc61,21827,png,cleared,Binbun3D,https://binbun3d.itch.io/retrourban-free,CC-BY-4.0,docs/licenses/RETOURBAN_CC-BY-4.0.txt,RetroUrban Free 128x128 urban texture map or derived Godot material resource; imported without changing source PNG pixels. Attribution to Binbun3D is required.
game/art/textures/retro_urban/CleanPavement/ConcretePavement_08/CleanPavement_08_roughness.png,8524efdedfaa9bbbe54ba2dd97dee23fb1c021f54f9b39cbe4bbe25e2b77705b,10001,png,cleared,Binbun3D,https://binbun3d.itch.io/retrourban-free,CC-BY-4.0,docs/licenses/RETOURBAN_CC-BY-4.0.txt,RetroUrban Free 128x128 urban texture map or derived Godot material resource; imported without changing source PNG pixels. Attribution to Binbun3D is required.
game/art/textures/retro_urban/Concrete/Concrete_01/Concrete_01_ambientocclusion.png,ca9d1e821ceeebf1baae2bcd0f2c122a636886cdf2fec2564f5289dbb31b3a70,13049,png,cleared,Binbun3D,https://binbun3d.itch.io/retrourban-free,CC-BY-4.0,docs/licenses/RETOURBAN_CC-BY-4.0.txt,RetroUrban Free 128x128 urban texture map or derived Godot material resource; imported without changing source PNG pixels. Attribution to Binbun3D is required.
game/art/textures/retro_urban/Concrete/Concrete_01/Concrete_01_basecolor.png,f50a1a258015cd9ff2412b6cb15fa481592b88f5da018f33f079ae26617278ae,15114,png,cleared,Binbun3D,https://binbun3d.itch.io/retrourban-free,CC-BY-4.0,docs/licenses/RETOURBAN_CC-BY-4.0.txt,RetroUrban Free 128x128 urban texture map or derived Godot material resource; imported without changing source PNG pixels. Attribution to Binbun3D is required.
game/art/textures/retro_urban/Concrete/Concrete_01/Concrete_01_height.png,31a8df8062a0d74ddfb73cc95a036868ea55e503922354988735ce616e9c2ed0,12350,png,cleared,Binbun3D,https://binbun3d.itch.io/retrourban-free,CC-BY-4.0,docs/licenses/RETOURBAN_CC-BY-4.0.txt,RetroUrban Free 128x128 urban texture map or derived Godot material resource; imported without changing source PNG pixels. Attribution to Binbun3D is required.
game/art/textures/retro_urban/Concrete/Concrete_01/Concrete_01_metallic.png,0b1195252654a686e2a8f19e0b8f27eb89ac1ca51a913834cab14958146fc726,1131,png,cleared,Binbun3D,https://binbun3d.itch.io/retrourban-free,CC-BY-4.0,docs/licenses/RETOURBAN_CC-BY-4.0.txt,RetroUrban Free 128x128 urban texture map or derived Godot material resource; imported without changing source PNG pixels. Attribution to Binbun3D is required.
game/art/textures/retro_urban/Concrete/Concrete_01/Concrete_01_normal.png,a236772f6f3474b4c7e4b1d2a27581673e3b66cb42f91d2fa8ddc312cf0b4f86,29904,png,cleared,Binbun3D,https://binbun3d.itch.io/retrourban-free,CC-BY-4.0,docs/licenses/RETOURBAN_CC-BY-4.0.txt,RetroUrban Free 128x128 urban texture map or derived Godot material resource; imported without changing source PNG pixels. Attribution to Binbun3D is required.
game/art/textures/retro_urban/Concrete/Concrete_01/Concrete_01_roughness.png,77f331cbfb31c5375baf96f340e85781bdcf5eb488df1d2a64a0257ebaeec98c,11252,png,cleared,Binbun3D,https://binbun3d.itch.io/retrourban-free,CC-BY-4.0,docs/licenses/RETOURBAN_CC-BY-4.0.txt,RetroUrban Free 128x128 urban texture map or derived Godot material resource; imported without changing source PNG pixels. Attribution to Binbun3D is required.
game/art/textures/retro_urban/Concrete/Concrete_02/Concrete_02_ambientocclusion.png,53ed161c96fd99fb2ea8c5224d144e5f21b1c61767c55bb7046fd7a7efa2007a,13804,png,cleared,Binbun3D,https://binbun3d.itch.io/retrourban-free,CC-BY-4.0,docs/licenses/RETOURBAN_CC-BY-4.0.txt,RetroUrban Free 128x128 urban texture map or derived Godot material resource; imported without changing source PNG pixels. Attribution to Binbun3D is required.
game/art/textures/retro_urban/Concrete/Concrete_02/Concrete_02_basecolor.png,c1fed8e8a174869bf98aed6b2e061997a135a462dfcdedf4fbe63db3df8d4c69,13022,png,cleared,Binbun3D,https://binbun3d.itch.io/retrourban-free,CC-BY-4.0,docs/licenses/RETOURBAN_CC-BY-4.0.txt,RetroUrban Free 128x128 urban texture map or derived Godot material resource; imported without changing source PNG pixels. Attribution to Binbun3D is required.
game/art/textures/retro_urban/Concrete/Concrete_02/Concrete_02_height.png,68a64d7c25173474051453c528adeab34d174db69e142a728c901072b083f319,12808,png,cleared,Binbun3D,https://binbun3d.itch.io/retrourban-free,CC-BY-4.0,docs/licenses/RETOURBAN_CC-BY-4.0.txt,RetroUrban Free 128x128 urban texture map or derived Godot material resource; imported without changing source PNG pixels. Attribution to Binbun3D is required.
game/art/textures/retro_urban/Concrete/Concrete_02/Concrete_02_metallic.png,0b1195252654a686e2a8f19e0b8f27eb89ac1ca51a913834cab14958146fc726,1131,png,cleared,Binbun3D,https://binbun3d.itch.io/retrourban-free,CC-BY-4.0,docs/licenses/RETOURBAN_CC-BY-4.0.txt,RetroUrban Free 128x128 urban texture map or derived Godot material resource; imported without changing source PNG pixels. Attribution to Binbun3D is required.
game/art/textures/retro_urban/Concrete/Concrete_02/Concrete_02_normal.png,76eacc4e70ea9e6ae02f1203a76796e940407577f69d11c5e16d2e1cbb33e7ed,30980,png,cleared,Binbun3D,https://binbun3d.itch.io/retrourban-free,CC-BY-4.0,docs/licenses/RETOURBAN_CC-BY-4.0.txt,RetroUrban Free 128x128 urban texture map or derived Godot material resource; imported without changing source PNG pixels. Attribution to Binbun3D is required.
game/art/textures/retro_urban/Concrete/Concrete_02/Concrete_02_roughness.png,96af86fd03860bef8d7a9981470a5a3ddd032a3e7e1cd5d3f22f0492de721aea,11763,png,cleared,Binbun3D,https://binbun3d.itch.io/retrourban-free,CC-BY-4.0,docs/licenses/RETOURBAN_CC-BY-4.0.txt,RetroUrban Free 128x128 urban texture map or derived Godot material resource; imported without changing source PNG pixels. Attribution to Binbun3D is required.
game/art/textures/retro_urban/Concrete/Concrete_03/Concrete_03_ambientocclusion.png,4a48d34193627400ed6b3e00f49ae08763cc572edbb6cec16f86ae5c9da8055c,12812,png,cleared,Binbun3D,https://binbun3d.itch.io/retrourban-free,CC-BY-4.0,docs/licenses/RETOURBAN_CC-BY-4.0.txt,RetroUrban Free 128x128 urban texture map or derived Godot material resource; imported without changing source PNG pixels. Attribution to Binbun3D is required.
game/art/textures/retro_urban/Concrete/Concrete_03/Concrete_03_basecolor.png,94dcdf135b72622761cd5d9a3699d7c87a35cee89a550422ae8c943c19d35e16,8979,png,cleared,Binbun3D,https://binbun3d.itch.io/retrourban-free,CC-BY-4.0,docs/licenses/RETOURBAN_CC-BY-4.0.txt,RetroUrban Free 128x128 urban texture map or derived Godot material resource; imported without changing source PNG pixels. Attribution to Binbun3D is required.
game/art/textures/retro_urban/Concrete/Concrete_03/Concrete_03_height.png,cdccc5174a161930e2c8a2fae2029d7c103a30346dc1d2d7aee5f2ccc820ce9d,13181,png,cleared,Binbun3D,https://binbun3d.itch.io/retrourban-free,CC-BY-4.0,docs/licenses/RETOURBAN_CC-BY-4.0.txt,RetroUrban Free 128x128 urban texture map or derived Godot material resource; imported without changing source PNG pixels. Attribution to Binbun3D is required.
game/art/textures/retro_urban/Concrete/Concrete_03/Concrete_03_metallic.png,0b1195252654a686e2a8f19e0b8f27eb89ac1ca51a913834cab14958146fc726,1131,png,cleared,Binbun3D,https://binbun3d.itch.io/retrourban-free,CC-BY-4.0,docs/licenses/RETOURBAN_CC-BY-4.0.txt,RetroUrban Free 128x128 urban texture map or derived Godot material resource; imported without changing source PNG pixels. Attribution to Binbun3D is required.
game/art/textures/retro_urban/Concrete/Concrete_03/Concrete_03_normal.png,e0c27e0f1aa031e40b623e2bac4c06d1cc95d736cdc098a0c994520cdbee7e73,30093,png,cleared,Binbun3D,https://binbun3d.itch.io/retrourban-free,CC-BY-4.0,docs/licenses/RETOURBAN_CC-BY-4.0.txt,RetroUrban Free 128x128 urban texture map or derived Godot material resource; imported without changing source PNG pixels. Attribution to Binbun3D is required.
game/art/textures/retro_urban/Concrete/Concrete_03/Concrete_03_roughness.png,45df4c26758afdc19d0bdcc3c89561a0e3c74b0fa31c7d2f634eaf32ac5d3d2a,11504,png,cleared,Binbun3D,https://binbun3d.itch.io/retrourban-free,CC-BY-4.0,docs/licenses/RETOURBAN_CC-BY-4.0.txt,RetroUrban Free 128x128 urban texture map or derived Godot material resource; imported without changing source PNG pixels. Attribution to Binbun3D is required.
game/art/textures/retro_urban/Concrete/Concrete_04/Concrete_04_ambientocclusion.png,edf2c0cd4b6bde8d28c4e8466396c2c5ec19233288361f807c1f8877148a3d53,12555,png,cleared,Binbun3D,https://binbun3d.itch.io/retrourban-free,CC-BY-4.0,docs/licenses/RETOURBAN_CC-BY-4.0.txt,RetroUrban Free 128x128 urban texture map or derived Godot material resource; imported without changing source PNG pixels. Attribution to Binbun3D is required.
game/art/textures/retro_urban/Concrete/Concrete_04/Concrete_04_basecolor.png,4b056d3d41214d553c56aa46ff71fe011ab6556786d4ed8760781dd3aa961a2a,7785,png,cleared,Binbun3D,https://binbun3d.itch.io/retrourban-free,CC-BY-4.0,docs/licenses/RETOURBAN_CC-BY-4.0.txt,RetroUrban Free 128x128 urban texture map or derived Godot material resource; imported without changing source PNG pixels. Attribution to Binbun3D is required.
game/art/textures/retro_urban/Concrete/Concrete_04/Concrete_04_height.png,0f754e79a0acbe8a216fad51350c20c2193f5895f6ad111568ebdb665a2f55a0,13200,png,cleared,Binbun3D,https://binbun3d.itch.io/retrourban-free,CC-BY-4.0,docs/licenses/RETOURBAN_CC-BY-4.0.txt,RetroUrban Free 128x128 urban texture map or derived Godot material resource; imported without changing source PNG pixels. Attribution to Binbun3D is required.
game/art/textures/retro_urban/Concrete/Concrete_04/Concrete_04_metallic.png,0b1195252654a686e2a8f19e0b8f27eb89ac1ca51a913834cab14958146fc726,1131,png,cleared,Binbun3D,https://binbun3d.itch.io/retrourban-free,CC-BY-4.0,docs/licenses/RETOURBAN_CC-BY-4.0.txt,RetroUrban Free 128x128 urban texture map or derived Godot material resource; imported without changing source PNG pixels. Attribution to Binbun3D is required.
game/art/textures/retro_urban/Concrete/Concrete_04/Concrete_04_normal.png,f7ed9ff35428a2c2df241c8b707335d002eb53bfff9c4657592a1d21d2a133b8,31893,png,cleared,Binbun3D,https://binbun3d.itch.io/retrourban-free,CC-BY-4.0,docs/licenses/RETOURBAN_CC-BY-4.0.txt,RetroUrban Free 128x128 urban texture map or derived Godot material resource; imported without changing source PNG pixels. Attribution to Binbun3D is required.
game/art/textures/retro_urban/Concrete/Concrete_04/Concrete_04_roughness.png,a30b25a9af7e1715ae7c40576dad723125a38b145d667a1820404806d12804e3,11204,png,cleared,Binbun3D,https://binbun3d.itch.io/retrourban-free,CC-BY-4.0,docs/licenses/RETOURBAN_CC-BY-4.0.txt,RetroUrban Free 128x128 urban texture map or derived Godot material resource; imported without changing source PNG pixels. Attribution to Binbun3D is required.
game/art/textures/retro_urban/Concrete/Concrete_05/Concrete_05_ambientocclusion.png,da8d4250b562acc2a538a72e502b97c002e5a62840842911bd85ea0fb4e47944,13282,png,cleared,Binbun3D,https://binbun3d.itch.io/retrourban-free,CC-BY-4.0,docs/licenses/RETOURBAN_CC-BY-4.0.txt,RetroUrban Free 128x128 urban texture map or derived Godot material resource; imported without changing source PNG pixels. Attribution to Binbun3D is required.
game/art/textures/retro_urban/Concrete/Concrete_05/Concrete_05_basecolor.png,6153f4c8349323f2d1aa5d39b871f1e74cb598b584276d4c82e14f38e95a689b,12522,png,cleared,Binbun3D,https://binbun3d.itch.io/retrourban-free,CC-BY-4.0,docs/licenses/RETOURBAN_CC-BY-4.0.txt,RetroUrban Free 128x128 urban texture map or derived Godot material resource; imported without changing source PNG pixels. Attribution to Binbun3D is required.
game/art/textures/retro_urban/Concrete/Concrete_05/Concrete_05_height.png,e4a4ecd5d862a2181b56dcc4f7ee0e7202f66e35c5e51c09e74f4dee8df79803,12243,png,cleared,Binbun3D,https://binbun3d.itch.io/retrourban-free,CC-BY-4.0,docs/licenses/RETOURBAN_CC-BY-4.0.txt,RetroUrban Free 128x128 urban texture map or derived Godot material resource; imported without changing source PNG pixels. Attribution to Binbun3D is required.
game/art/textures/retro_urban/Concrete/Concrete_05/Concrete_05_metallic.png,0b1195252654a686e2a8f19e0b8f27eb89ac1ca51a913834cab14958146fc726,1131,png,cleared,Binbun3D,https://binbun3d.itch.io/retrourban-free,CC-BY-4.0,docs/licenses/RETOURBAN_CC-BY-4.0.txt,RetroUrban Free 128x128 urban texture map or derived Godot material resource; imported without changing source PNG pixels. Attribution to Binbun3D is required.
game/art/textures/retro_urban/Concrete/Concrete_05/Concrete_05_normal.png,1da832ae8f45cbaa4fc3de75a187d641cf8621ff7fa2f186e59ad4b4ca0eab7b,29011,png,cleared,Binbun3D,https://binbun3d.itch.io/retrourban-free,CC-BY-4.0,docs/licenses/RETOURBAN_CC-BY-4.0.txt,RetroUrban Free 128x128 urban texture map or derived Godot material resource; imported without changing source PNG pixels. Attribution to Binbun3D is required.
game/art/textures/retro_urban/Concrete/Concrete_05/Concrete_05_roughness.png,249002860d80564f52dce08ad931d9103d4fd62f36531893ffde25f992a058a7,11385,png,cleared,Binbun3D,https://binbun3d.itch.io/retrourban-free,CC-BY-4.0,docs/licenses/RETOURBAN_CC-BY-4.0.txt,RetroUrban Free 128x128 urban texture map or derived Godot material resource; imported without changing source PNG pixels. Attribution to Binbun3D is required.
game/art/textures/retro_urban/Concrete/Concrete_06/Concrete_06_ambientocclusion.png,54c44b1f3e3eb312b1f68846264cd4e4039381bf2279a5ecb748363abb0948ad,12723,png,cleared,Binbun3D,https://binbun3d.itch.io/retrourban-free,CC-BY-4.0,docs/licenses/RETOURBAN_CC-BY-4.0.txt,RetroUrban Free 128x128 urban texture map or derived Godot material resource; imported without changing source PNG pixels. Attribution to Binbun3D is required.
game/art/textures/retro_urban/Concrete/Concrete_06/Concrete_06_basecolor.png,fbc578f00a9ce06b1c88322450ec9d9d9eb18de20cbbf85fa6925fd3b2b87fb3,13135,png,cleared,Binbun3D,https://binbun3d.itch.io/retrourban-free,CC-BY-4.0,docs/licenses/RETOURBAN_CC-BY-4.0.txt,RetroUrban Free 128x128 urban texture map or derived Godot material resource; imported without changing source PNG pixels. Attribution to Binbun3D is required.
game/art/textures/retro_urban/Concrete/Concrete_06/Concrete_06_height.png,6d5ef1857784d21a3ac81e22f60f564cfc0eacd51748aa5142c475c8a8da3bc8,12848,png,cleared,Binbun3D,https://binbun3d.itch.io/retrourban-free,CC-BY-4.0,docs/licenses/RETOURBAN_CC-BY-4.0.txt,RetroUrban Free 128x128 urban texture map or derived Godot material resource; imported without changing source PNG pixels. Attribution to Binbun3D is required.
game/art/textures/retro_urban/Concrete/Concrete_06/Concrete_06_metallic.png,0b1195252654a686e2a8f19e0b8f27eb89ac1ca51a913834cab14958146fc726,1131,png,cleared,Binbun3D,https://binbun3d.itch.io/retrourban-free,CC-BY-4.0,docs/licenses/RETOURBAN_CC-BY-4.0.txt,RetroUrban Free 128x128 urban texture map or derived Godot material resource; imported without changing source PNG pixels. Attribution to Binbun3D is required.
game/art/textures/retro_urban/Concrete/Concrete_06/Concrete_06_normal.png,6d76d746d8f5621ab82ad9b1c6f32a8a2a3d72e812a4281b026be5ac06755485,29529,png,cleared,Binbun3D,https://binbun3d.itch.io/retrourban-free,CC-BY-4.0,docs/licenses/RETOURBAN_CC-BY-4.0.txt,RetroUrban Free 128x128 urban texture map or derived Godot material resource; imported without changing source PNG pixels. Attribution to Binbun3D is required.
game/art/textures/retro_urban/Concrete/Concrete_06/Concrete_06_roughness.png,af8c96f8ca047c107b2a904ab36891fc5754ca2f40f0deafe100679e7d017661,11743,png,cleared,Binbun3D,https://binbun3d.itch.io/retrourban-free,CC-BY-4.0,docs/licenses/RETOURBAN_CC-BY-4.0.txt,RetroUrban Free 128x128 urban texture map or derived Godot material resource; imported without changing source PNG pixels. Attribution to Binbun3D is required.
game/art/textures/retro_urban/Concrete/Concrete_07/Concrete_07_ambientocclusion.png,2cb9402de76eaa66357acdfa92a406d7523aac1e36cf96bcc950fbf819d00e0a,12104,png,cleared,Binbun3D,https://binbun3d.itch.io/retrourban-free,CC-BY-4.0,docs/licenses/RETOURBAN_CC-BY-4.0.txt,RetroUrban Free 128x128 urban texture map or derived Godot material resource; imported without changing source PNG pixels. Attribution to Binbun3D is required.
game/art/textures/retro_urban/Concrete/Concrete_07/Concrete_07_basecolor.png,2b4330477ed691b137c3a7dd338c6c40ea7ff4d6d552156022a0811e80ea6d9e,9653,png,cleared,Binbun3D,https://binbun3d.itch.io/retrourban-free,CC-BY-4.0,docs/licenses/RETOURBAN_CC-BY-4.0.txt,RetroUrban Free 128x128 urban texture map or derived Godot material resource; imported without changing source PNG pixels. Attribution to Binbun3D is required.
game/art/textures/retro_urban/Concrete/Concrete_07/Concrete_07_height.png,7e181febc88272c893bd16762b37726eb4a505ddeab8d9890029a3eb5df5dda8,12975,png,cleared,Binbun3D,https://binbun3d.itch.io/retrourban-free,CC-BY-4.0,docs/licenses/RETOURBAN_CC-BY-4.0.txt,RetroUrban Free 128x128 urban texture map or derived Godot material resource; imported without changing source PNG pixels. Attribution to Binbun3D is required.
game/art/textures/retro_urban/Concrete/Concrete_07/Concrete_07_metallic.png,0b1195252654a686e2a8f19e0b8f27eb89ac1ca51a913834cab14958146fc726,1131,png,cleared,Binbun3D,https://binbun3d.itch.io/retrourban-free,CC-BY-4.0,docs/licenses/RETOURBAN_CC-BY-4.0.txt,RetroUrban Free 128x128 urban texture map or derived Godot material resource; imported without changing source PNG pixels. Attribution to Binbun3D is required.
game/art/textures/retro_urban/Concrete/Concrete_07/Concrete_07_normal.png,7f1e665993a028ec60ca2bbbe292c6a5f06f73c99f7acc6bf9dda5e2577efe98,28013,png,cleared,Binbun3D,https://binbun3d.itch.io/retrourban-free,CC-BY-4.0,docs/licenses/RETOURBAN_CC-BY-4.0.txt,RetroUrban Free 128x128 urban texture map or derived Godot material resource; imported without changing source PNG pixels. Attribution to Binbun3D is required.
game/art/textures/retro_urban/Concrete/Concrete_07/Concrete_07_roughness.png,61ea054e5baa65d16e24803d859604953abc4363bbc81a61ebb84a9a027750b3,10158,png,cleared,Binbun3D,https://binbun3d.itch.io/retrourban-free,CC-BY-4.0,docs/licenses/RETOURBAN_CC-BY-4.0.txt,RetroUrban Free 128x128 urban texture map or derived Godot material resource; imported without changing source PNG pixels. Attribution to Binbun3D is required.
game/art/textures/retro_urban/Concrete/Concrete_08/Concrete_08_ambientocclusion.png,2f33cb50e0e3274c1a75a890b614d084887f1e111b220050c32bc07c365e560f,11785,png,cleared,Binbun3D,https://binbun3d.itch.io/retrourban-free,CC-BY-4.0,docs/licenses/RETOURBAN_CC-BY-4.0.txt,RetroUrban Free 128x128 urban texture map or derived Godot material resource; imported without changing source PNG pixels. Attribution to Binbun3D is required.
game/art/textures/retro_urban/Concrete/Concrete_08/Concrete_08_basecolor.png,37242b9a21d2afc5ef4b648c3ec478ca793201fbd87e8bb58f08d77bca16d80d,14764,png,cleared,Binbun3D,https://binbun3d.itch.io/retrourban-free,CC-BY-4.0,docs/licenses/RETOURBAN_CC-BY-4.0.txt,RetroUrban Free 128x128 urban texture map or derived Godot material resource; imported without changing source PNG pixels. Attribution to Binbun3D is required.
game/art/textures/retro_urban/Concrete/Concrete_08/Concrete_08_height.png,fddebfc206b01614f634c3a698b860d78cb24cdc0a1a94f4347901de3e0a8187,13005,png,cleared,Binbun3D,https://binbun3d.itch.io/retrourban-free,CC-BY-4.0,docs/licenses/RETOURBAN_CC-BY-4.0.txt,RetroUrban Free 128x128 urban texture map or derived Godot material resource; imported without changing source PNG pixels. Attribution to Binbun3D is required.
game/art/textures/retro_urban/Concrete/Concrete_08/Concrete_08_metallic.png,0b1195252654a686e2a8f19e0b8f27eb89ac1ca51a913834cab14958146fc726,1131,png,cleared,Binbun3D,https://binbun3d.itch.io/retrourban-free,CC-BY-4.0,docs/licenses/RETOURBAN_CC-BY-4.0.txt,RetroUrban Free 128x128 urban texture map or derived Godot material resource; imported without changing source PNG pixels. Attribution to Binbun3D is required.
game/art/textures/retro_urban/Concrete/Concrete_08/Concrete_08_normal.png,05532d47b1db99727d841fe5f993df41442899fa5be0f23782dfdb434661ea30,30689,png,cleared,Binbun3D,https://binbun3d.itch.io/retrourban-free,CC-BY-4.0,docs/licenses/RETOURBAN_CC-BY-4.0.txt,RetroUrban Free 128x128 urban texture map or derived Godot material resource; imported without changing source PNG pixels. Attribution to Binbun3D is required.
game/art/textures/retro_urban/Concrete/Concrete_08/Concrete_08_roughness.png,ddb3646974738b9d667a4d03b5545d37b30aab89ba0e3b7d0d98286d09abfebc,11251,png,cleared,Binbun3D,https://binbun3d.itch.io/retrourban-free,CC-BY-4.0,docs/licenses/RETOURBAN_CC-BY-4.0.txt,RetroUrban Free 128x128 urban texture map or derived Godot material resource; imported without changing source PNG pixels. Attribution to Binbun3D is required.
game/art/textures/retro_urban/ConcreteSlabs/ConcreteSlabs_01/ConcreteSlabs_01_ambientocclusion.png,c340fc31d33b515ef2d3051e79adc2ebbfd0ba2ff226b38c3be267e47299f92b,12711,png,cleared,Binbun3D,https://binbun3d.itch.io/retrourban-free,CC-BY-4.0,docs/licenses/RETOURBAN_CC-BY-4.0.txt,RetroUrban Free 128x128 urban texture map or derived Godot material resource; imported without changing source PNG pixels. Attribution to Binbun3D is required.
game/art/textures/retro_urban/ConcreteSlabs/ConcreteSlabs_01/ConcreteSlabs_01_basecolor.png,0cbfb136b5bae430def95b244fb7dfe60026ef8cb67f4f4170d41cc1c4bb285b,17050,png,cleared,Binbun3D,https://binbun3d.itch.io/retrourban-free,CC-BY-4.0,docs/licenses/RETOURBAN_CC-BY-4.0.txt,RetroUrban Free 128x128 urban texture map or derived Godot material resource; imported without changing source PNG pixels. Attribution to Binbun3D is required.
game/art/textures/retro_urban/ConcreteSlabs/ConcreteSlabs_01/ConcreteSlabs_01_height.png,40a1f75f6aeaef772196df1726232d6703147b2d54df43d9093b3b7eb24b4b7b,12421,png,cleared,Binbun3D,https://binbun3d.itch.io/retrourban-free,CC-BY-4.0,docs/licenses/RETOURBAN_CC-BY-4.0.txt,RetroUrban Free 128x128 urban texture map or derived Godot material resource; imported without changing source PNG pixels. Attribution to Binbun3D is required.
game/art/textures/retro_urban/ConcreteSlabs/ConcreteSlabs_01/ConcreteSlabs_01_metallic.png,0b1195252654a686e2a8f19e0b8f27eb89ac1ca51a913834cab14958146fc726,1131,png,cleared,Binbun3D,https://binbun3d.itch.io/retrourban-free,CC-BY-4.0,docs/licenses/RETOURBAN_CC-BY-4.0.txt,RetroUrban Free 128x128 urban texture map or derived Godot material resource; imported without changing source PNG pixels. Attribution to Binbun3D is required.
game/art/textures/retro_urban/ConcreteSlabs/ConcreteSlabs_01/ConcreteSlabs_01_normal.png,cda645e849ce639433b7d10b2a46706fcf4a6f903032248e6827e9dc33b5c4b6,29472,png,cleared,Binbun3D,https://binbun3d.itch.io/retrourban-free,CC-BY-4.0,docs/licenses/RETOURBAN_CC-BY-4.0.txt,RetroUrban Free 128x128 urban texture map or derived Godot material resource; imported without changing source PNG pixels. Attribution to Binbun3D is required.
game/art/textures/retro_urban/ConcreteSlabs/ConcreteSlabs_01/ConcreteSlabs_01_roughness.png,6e130401cc9b65393d528d2012f70acbc4b70f6acb3b45d04348b9d29c33a655,11280,png,cleared,Binbun3D,https://binbun3d.itch.io/retrourban-free,CC-BY-4.0,docs/licenses/RETOURBAN_CC-BY-4.0.txt,RetroUrban Free 128x128 urban texture map or derived Godot material resource; imported without changing source PNG pixels. Attribution to Binbun3D is required.
game/art/textures/retro_urban/ConcreteSlabs/ConcreteSlabs_02/ConcreteSlabs_02_ambientocclusion.png,9d9a07e2dda72dae34879ce2436013b2b1eeb0a248ae620bf45e2e2dc95c841b,13524,png,cleared,Binbun3D,https://binbun3d.itch.io/retrourban-free,CC-BY-4.0,docs/licenses/RETOURBAN_CC-BY-4.0.txt,RetroUrban Free 128x128 urban texture map or derived Godot material resource; imported without changing source PNG pixels. Attribution to Binbun3D is required.
game/art/textures/retro_urban/ConcreteSlabs/ConcreteSlabs_02/ConcreteSlabs_02_basecolor.png,430da1609a1813b9d51394775cc6be6c842cd52ef5909e4037c4ebbde89ef9cd,14977,png,cleared,Binbun3D,https://binbun3d.itch.io/retrourban-free,CC-BY-4.0,docs/licenses/RETOURBAN_CC-BY-4.0.txt,RetroUrban Free 128x128 urban texture map or derived Godot material resource; imported without changing source PNG pixels. Attribution to Binbun3D is required.
game/art/textures/retro_urban/ConcreteSlabs/ConcreteSlabs_02/ConcreteSlabs_02_height.png,c1a459584841f4dde0d6b47cbf3537eee1e54be79ab509eb58bdee21fac8197b,11906,png,cleared,Binbun3D,https://binbun3d.itch.io/retrourban-free,CC-BY-4.0,docs/licenses/RETOURBAN_CC-BY-4.0.txt,RetroUrban Free 128x128 urban texture map or derived Godot material resource; imported without changing source PNG pixels. Attribution to Binbun3D is required.
game/art/textures/retro_urban/ConcreteSlabs/ConcreteSlabs_02/ConcreteSlabs_02_metallic.png,0b1195252654a686e2a8f19e0b8f27eb89ac1ca51a913834cab14958146fc726,1131,png,cleared,Binbun3D,https://binbun3d.itch.io/retrourban-free,CC-BY-4.0,docs/licenses/RETOURBAN_CC-BY-4.0.txt,RetroUrban Free 128x128 urban texture map or derived Godot material resource; imported without changing source PNG pixels. Attribution to Binbun3D is required.
game/art/textures/retro_urban/ConcreteSlabs/ConcreteSlabs_02/ConcreteSlabs_02_normal.png,5159d865742f54504af93154e50e6b334d0cd32f1e932cb600adc86ad971bc9c,27255,png,cleared,Binbun3D,https://binbun3d.itch.io/retrourban-free,CC-BY-4.0,docs/licenses/RETOURBAN_CC-BY-4.0.txt,RetroUrban Free 128x128 urban texture map or derived Godot material resource; imported without changing source PNG pixels. Attribution to Binbun3D is required.
game/art/textures/retro_urban/ConcreteSlabs/ConcreteSlabs_02/ConcreteSlabs_02_roughness.png,24d58526f5d767e56b2c0490f489edf207574b504bee608271ac47a68752db8a,11491,png,cleared,Binbun3D,https://binbun3d.itch.io/retrourban-free,CC-BY-4.0,docs/licenses/RETOURBAN_CC-BY-4.0.txt,RetroUrban Free 128x128 urban texture map or derived Godot material resource; imported without changing source PNG pixels. Attribution to Binbun3D is required.
game/art/textures/retro_urban/ConcreteSlabs/ConcreteSlabs_03/ConcreteSlabs_03_ambientocclusion.png,a4014deccf1e8a525e49d6042a93871d4d61a8e176a6f784118ccf9aee3549ea,12965,png,cleared,Binbun3D,https://binbun3d.itch.io/retrourban-free,CC-BY-4.0,docs/licenses/RETOURBAN_CC-BY-4.0.txt,RetroUrban Free 128x128 urban texture map or derived Godot material resource; imported without changing source PNG pixels. Attribution to Binbun3D is required.
game/art/textures/retro_urban/ConcreteSlabs/ConcreteSlabs_03/ConcreteSlabs_03_basecolor.png,db27f30dcf51e80186af211de2599e784412819126e4949848782e278aa6f30f,11765,png,cleared,Binbun3D,https://binbun3d.itch.io/retrourban-free,CC-BY-4.0,docs/licenses/RETOURBAN_CC-BY-4.0.txt,RetroUrban Free 128x128 urban texture map or derived Godot material resource; imported without changing source PNG pixels. Attribution to Binbun3D is required.
game/art/textures/retro_urban/ConcreteSlabs/ConcreteSlabs_03/ConcreteSlabs_03_height.png,6f6bc3ff7495ed7734fa8b3236dde103259cf58ffaeccd307958f761e7d4d9e6,13236,png,cleared,Binbun3D,https://binbun3d.itch.io/retrourban-free,CC-BY-4.0,docs/licenses/RETOURBAN_CC-BY-4.0.txt,RetroUrban Free 128x128 urban texture map or derived Godot material resource; imported without changing source PNG pixels. Attribution to Binbun3D is required.
game/art/textures/retro_urban/ConcreteSlabs/ConcreteSlabs_03/ConcreteSlabs_03_metallic.png,0b1195252654a686e2a8f19e0b8f27eb89ac1ca51a913834cab14958146fc726,1131,png,cleared,Binbun3D,https://binbun3d.itch.io/retrourban-free,CC-BY-4.0,docs/licenses/RETOURBAN_CC-BY-4.0.txt,RetroUrban Free 128x128 urban texture map or derived Godot material resource; imported without changing source PNG pixels. Attribution to Binbun3D is required.
game/art/textures/retro_urban/ConcreteSlabs/ConcreteSlabs_03/ConcreteSlabs_03_normal.png,553ed5847cbf403c8201d8a33704b5a8d046aed8b61df9d605d6cb8a062a33c7,30148,png,cleared,Binbun3D,https://binbun3d.itch.io/retrourban-free,CC-BY-4.0,docs/licenses/RETOURBAN_CC-BY-4.0.txt,RetroUrban Free 128x128 urban texture map or derived Godot material resource; imported without changing source PNG pixels. Attribution to Binbun3D is required.
game/art/textures/retro_urban/ConcreteSlabs/ConcreteSlabs_03/ConcreteSlabs_03_roughness.png,527948473092b23eac6fdface8187e2af535da13edad5e6139f4de9b20de00ff,11544,png,cleared,Binbun3D,https://binbun3d.itch.io/retrourban-free,CC-BY-4.0,docs/licenses/RETOURBAN_CC-BY-4.0.txt,RetroUrban Free 128x128 urban texture map or derived Godot material resource; imported without changing source PNG pixels. Attribution to Binbun3D is required.
game/art/textures/retro_urban/ConcreteSlabs/ConcreteSlabs_04/ConcreteSlabs_04_ambientocclusion.png,cf64b67bd314a9a44ed29543f0c21ee353ff12491d4cc6c0e4334b11bc91e9ad,12462,png,cleared,Binbun3D,https://binbun3d.itch.io/retrourban-free,CC-BY-4.0,docs/licenses/RETOURBAN_CC-BY-4.0.txt,RetroUrban Free 128x128 urban texture map or derived Godot material resource; imported without changing source PNG pixels. Attribution to Binbun3D is required.
game/art/textures/retro_urban/ConcreteSlabs/ConcreteSlabs_04/ConcreteSlabs_04_basecolor.png,ca9073f2dede43afe0b561b4c1353f1e487ef7cd5620a74a50a6c4cf222b7832,11312,png,cleared,Binbun3D,https://binbun3d.itch.io/retrourban-free,CC-BY-4.0,docs/licenses/RETOURBAN_CC-BY-4.0.txt,RetroUrban Free 128x128 urban texture map or derived Godot material resource; imported without changing source PNG pixels. Attribution to Binbun3D is required.
game/art/textures/retro_urban/ConcreteSlabs/ConcreteSlabs_04/ConcreteSlabs_04_height.png,f77df9c84481af4cf4f269a06fb5f28411f6c625207bbd18bb48b49f5178aee3,12841,png,cleared,Binbun3D,https://binbun3d.itch.io/retrourban-free,CC-BY-4.0,docs/licenses/RETOURBAN_CC-BY-4.0.txt,RetroUrban Free 128x128 urban texture map or derived Godot material resource; imported without changing source PNG pixels. Attribution to Binbun3D is required.
game/art/textures/retro_urban/ConcreteSlabs/ConcreteSlabs_04/ConcreteSlabs_04_metallic.png,0b1195252654a686e2a8f19e0b8f27eb89ac1ca51a913834cab14958146fc726,1131,png,cleared,Binbun3D,https://binbun3d.itch.io/retrourban-free,CC-BY-4.0,docs/licenses/RETOURBAN_CC-BY-4.0.txt,RetroUrban Free 128x128 urban texture map or derived Godot material resource; imported without changing source PNG pixels. Attribution to Binbun3D is required.
game/art/textures/retro_urban/ConcreteSlabs/ConcreteSlabs_04/ConcreteSlabs_04_normal.png,61ba5b47422e345e124e5dd51435ac9c5044502376ab94ee86a8edbc3975da13,29308,png,cleared,Binbun3D,https://binbun3d.itch.io/retrourban-free,CC-BY-4.0,docs/licenses/RETOURBAN_CC-BY-4.0.txt,RetroUrban Free 128x128 urban texture map or derived Godot material resource; imported without changing source PNG pixels. Attribution to Binbun3D is required.
game/art/textures/retro_urban/ConcreteSlabs/ConcreteSlabs_04/ConcreteSlabs_04_roughness.png,ce92ba6a5ced4aa9b0fb3ec1f58531d30b9513899d04fd81d667bd5c03719dfe,11229,png,cleared,Binbun3D,https://binbun3d.itch.io/retrourban-free,CC-BY-4.0,docs/licenses/RETOURBAN_CC-BY-4.0.txt,RetroUrban Free 128x128 urban texture map or derived Godot material resource; imported without changing source PNG pixels. Attribution to Binbun3D is required.
game/art/textures/retro_urban/ConcreteSlabs/ConcreteSlabs_05/ConcreteSlabs_05_ambientocclusion.png,fa26560124f1765b84754453b0be258ac2946f8bb430fdfec54f7c81a0e04fea,13371,png,cleared,Binbun3D,https://binbun3d.itch.io/retrourban-free,CC-BY-4.0,docs/licenses/RETOURBAN_CC-BY-4.0.txt,RetroUrban Free 128x128 urban texture map or derived Godot material resource; imported without changing source PNG pixels. Attribution to Binbun3D is required.
game/art/textures/retro_urban/ConcreteSlabs/ConcreteSlabs_05/ConcreteSlabs_05_basecolor.png,45cc207fd4077e1e10a3568c3899a1fd8f3e79e23cbc5ec72f40d91fc4ad2133,14509,png,cleared,Binbun3D,https://binbun3d.itch.io/retrourban-free,CC-BY-4.0,docs/licenses/RETOURBAN_CC-BY-4.0.txt,RetroUrban Free 128x128 urban texture map or derived Godot material resource; imported without changing source PNG pixels. Attribution to Binbun3D is required.
game/art/textures/retro_urban/ConcreteSlabs/ConcreteSlabs_05/ConcreteSlabs_05_height.png,af2be0eb888f2d76c2329f51b60a1e86471f8fc0a829bbed0794b38089bafa3f,12313,png,cleared,Binbun3D,https://binbun3d.itch.io/retrourban-free,CC-BY-4.0,docs/licenses/RETOURBAN_CC-BY-4.0.txt,RetroUrban Free 128x128 urban texture map or derived Godot material resource; imported without changing source PNG pixels. Attribution to Binbun3D is required.
game/art/textures/retro_urban/ConcreteSlabs/ConcreteSlabs_05/ConcreteSlabs_05_metallic.png,0b1195252654a686e2a8f19e0b8f27eb89ac1ca51a913834cab14958146fc726,1131,png,cleared,Binbun3D,https://binbun3d.itch.io/retrourban-free,CC-BY-4.0,docs/licenses/RETOURBAN_CC-BY-4.0.txt,RetroUrban Free 128x128 urban texture map or derived Godot material resource; imported without changing source PNG pixels. Attribution to Binbun3D is required.
game/art/textures/retro_urban/ConcreteSlabs/ConcreteSlabs_05/ConcreteSlabs_05_normal.png,bbe3484a684416e265bd266b8ee9b6f7cc2cb4bb7a9a52096731a2a201f2ca37,28889,png,cleared,Binbun3D,https://binbun3d.itch.io/retrourban-free,CC-BY-4.0,docs/licenses/RETOURBAN_CC-BY-4.0.txt,RetroUrban Free 128x128 urban texture map or derived Godot material resource; imported without changing source PNG pixels. Attribution to Binbun3D is required.
game/art/textures/retro_urban/ConcreteSlabs/ConcreteSlabs_05/ConcreteSlabs_05_roughness.png,8ceb8fc0a1531c49dad25edb3472acb2656d371b59c6f110cf3cd7866cbf35f1,11400,png,cleared,Binbun3D,https://binbun3d.itch.io/retrourban-free,CC-BY-4.0,docs/licenses/RETOURBAN_CC-BY-4.0.txt,RetroUrban Free 128x128 urban texture map or derived Godot material resource; imported without changing source PNG pixels. Attribution to Binbun3D is required.
game/art/textures/retro_urban/ConcreteSlabs/ConcreteSlabs_06/ConcreteSlabs_06_ambientocclusion.png,ba29162af07dd55a82e4df096fbcf63541ab9cb527fcb37c25c513f1e493de2f,12772,png,cleared,Binbun3D,https://binbun3d.itch.io/retrourban-free,CC-BY-4.0,docs/licenses/RETOURBAN_CC-BY-4.0.txt,RetroUrban Free 128x128 urban texture map or derived Godot material resource; imported without changing source PNG pixels. Attribution to Binbun3D is required.
game/art/textures/retro_urban/ConcreteSlabs/ConcreteSlabs_06/ConcreteSlabs_06_basecolor.png,fbf254f3b81b129f3cf5d8d07899780348cb9a03d0192a676602e620c5505b70,16311,png,cleared,Binbun3D,https://binbun3d.itch.io/retrourban-free,CC-BY-4.0,docs/licenses/RETOURBAN_CC-BY-4.0.txt,RetroUrban Free 128x128 urban texture map or derived Godot material resource; imported without changing source PNG pixels. Attribution to Binbun3D is required.
game/art/textures/retro_urban/ConcreteSlabs/ConcreteSlabs_06/ConcreteSlabs_06_height.png,e01628afafe32e184d634068f4691ae007436e69c22dec5c484f4650f53a207d,12770,png,cleared,Binbun3D,https://binbun3d.itch.io/retrourban-free,CC-BY-4.0,docs/licenses/RETOURBAN_CC-BY-4.0.txt,RetroUrban Free 128x128 urban texture map or derived Godot material resource; imported without changing source PNG pixels. Attribution to Binbun3D is required.
game/art/textures/retro_urban/ConcreteSlabs/ConcreteSlabs_06/ConcreteSlabs_06_metallic.png,0b1195252654a686e2a8f19e0b8f27eb89ac1ca51a913834cab14958146fc726,1131,png,cleared,Binbun3D,https://binbun3d.itch.io/retrourban-free,CC-BY-4.0,docs/licenses/RETOURBAN_CC-BY-4.0.txt,RetroUrban Free 128x128 urban texture map or derived Godot material resource; imported without changing source PNG pixels. Attribution to Binbun3D is required.
game/art/textures/retro_urban/ConcreteSlabs/ConcreteSlabs_06/ConcreteSlabs_06_normal.png,3bdfbccd5fba1caf04880b2e66163b4bde224213b2d280912316ccab067cd365,28830,png,cleared,Binbun3D,https://binbun3d.itch.io/retrourban-free,CC-BY-4.0,docs/licenses/RETOURBAN_CC-BY-4.0.txt,RetroUrban Free 128x128 urban texture map or derived Godot material resource; imported without changing source PNG pixels. Attribution to Binbun3D is required.
game/art/textures/retro_urban/ConcreteSlabs/ConcreteSlabs_06/ConcreteSlabs_06_roughness.png,3f58134c54b1356451fb850360cdc8279f8d9bf9049971df5d58ac79eca9f9b8,11411,png,cleared,Binbun3D,https://binbun3d.itch.io/retrourban-free,CC-BY-4.0,docs/licenses/RETOURBAN_CC-BY-4.0.txt,RetroUrban Free 128x128 urban texture map or derived Godot material resource; imported without changing source PNG pixels. Attribution to Binbun3D is required.
game/art/textures/retro_urban/RoughPavement/RoughPavement_01/RoughPavement_01_ambientocclusion.png,cdf347eedd7576b13c853eed4ac52c765ab6186335127995bd76425e4bab3098,13163,png,cleared,Binbun3D,https://binbun3d.itch.io/retrourban-free,CC-BY-4.0,docs/licenses/RETOURBAN_CC-BY-4.0.txt,RetroUrban Free 128x128 urban texture map or derived Godot material resource; imported without changing source PNG pixels. Attribution to Binbun3D is required.
game/art/textures/retro_urban/RoughPavement/RoughPavement_01/RoughPavement_01_basecolor.png,d585fac1e39237918671e33b0cd41bd8bccdd0f0663fca8ae1903ba7182fb86e,18875,png,cleared,Binbun3D,https://binbun3d.itch.io/retrourban-free,CC-BY-4.0,docs/licenses/RETOURBAN_CC-BY-4.0.txt,RetroUrban Free 128x128 urban texture map or derived Godot material resource; imported without changing source PNG pixels. Attribution to Binbun3D is required.
game/art/textures/retro_urban/RoughPavement/RoughPavement_01/RoughPavement_01_height.png,a3b494b808f47de8a92874d32fde7c2037d470f1d74c068b6da517aee8953785,11763,png,cleared,Binbun3D,https://binbun3d.itch.io/retrourban-free,CC-BY-4.0,docs/licenses/RETOURBAN_CC-BY-4.0.txt,RetroUrban Free 128x128 urban texture map or derived Godot material resource; imported without changing source PNG pixels. Attribution to Binbun3D is required.
game/art/textures/retro_urban/RoughPavement/RoughPavement_01/RoughPavement_01_metallic.png,0b1195252654a686e2a8f19e0b8f27eb89ac1ca51a913834cab14958146fc726,1131,png,cleared,Binbun3D,https://binbun3d.itch.io/retrourban-free,CC-BY-4.0,docs/licenses/RETOURBAN_CC-BY-4.0.txt,RetroUrban Free 128x128 urban texture map or derived Godot material resource; imported without changing source PNG pixels. Attribution to Binbun3D is required.
game/art/textures/retro_urban/RoughPavement/RoughPavement_01/RoughPavement_01_normal.png,c3660032aa1c1005aa881660df588559a7d8fb6afc4dd8d7d3b310df87b23c94,26507,png,cleared,Binbun3D,https://binbun3d.itch.io/retrourban-free,CC-BY-4.0,docs/licenses/RETOURBAN_CC-BY-4.0.txt,RetroUrban Free 128x128 urban texture map or derived Godot material resource; imported without changing source PNG pixels. Attribution to Binbun3D is required.
game/art/textures/retro_urban/RoughPavement/RoughPavement_01/RoughPavement_01_roughness.png,6ffe196bd6fc570043027275a2579f199d59836ed9b68c29040b3969ffe1f5a3,10062,png,cleared,Binbun3D,https://binbun3d.itch.io/retrourban-free,CC-BY-4.0,docs/licenses/RETOURBAN_CC-BY-4.0.txt,RetroUrban Free 128x128 urban texture map or derived Godot material resource; imported without changing source PNG pixels. Attribution to Binbun3D is required.
game/art/textures/retro_urban/RoughPavement/RoughPavement_02/RoughPavement_02_ambientocclusion.png,4aa7b4f7e45bbdb7c24a1717fb52627b77fd320d0f352e4e50ceb10efd5ef8a4,12703,png,cleared,Binbun3D,https://binbun3d.itch.io/retrourban-free,CC-BY-4.0,docs/licenses/RETOURBAN_CC-BY-4.0.txt,RetroUrban Free 128x128 urban texture map or derived Godot material resource; imported without changing source PNG pixels. Attribution to Binbun3D is required.
game/art/textures/retro_urban/RoughPavement/RoughPavement_02/RoughPavement_02_basecolor.png,e1f65ce359b451cb9ea8cf96c42abb7586b3c03a1e3cd1cd693df5319e8ed4ea,17848,png,cleared,Binbun3D,https://binbun3d.itch.io/retrourban-free,CC-BY-4.0,docs/licenses/RETOURBAN_CC-BY-4.0.txt,RetroUrban Free 128x128 urban texture map or derived Godot material resource; imported without changing source PNG pixels. Attribution to Binbun3D is required.
game/art/textures/retro_urban/RoughPavement/RoughPavement_02/RoughPavement_02_height.png,4e5e1425af0d5c280fa0bb4f695e67e973d2632d785bc0982f4afb80699ea2f4,12245,png,cleared,Binbun3D,https://binbun3d.itch.io/retrourban-free,CC-BY-4.0,docs/licenses/RETOURBAN_CC-BY-4.0.txt,RetroUrban Free 128x128 urban texture map or derived Godot material resource; imported without changing source PNG pixels. Attribution to Binbun3D is required.
game/art/textures/retro_urban/RoughPavement/RoughPavement_02/RoughPavement_02_metallic.png,0b1195252654a686e2a8f19e0b8f27eb89ac1ca51a913834cab14958146fc726,1131,png,cleared,Binbun3D,https://binbun3d.itch.io/retrourban-free,CC-BY-4.0,docs/licenses/RETOURBAN_CC-BY-4.0.txt,RetroUrban Free 128x128 urban texture map or derived Godot material resource; imported without changing source PNG pixels. Attribution to Binbun3D is required.
game/art/textures/retro_urban/RoughPavement/RoughPavement_02/RoughPavement_02_normal.png,42c12fb13ee7122060194a85fa5b8e22df5a084e4d9422a15a79b275b9933ead,28421,png,cleared,Binbun3D,https://binbun3d.itch.io/retrourban-free,CC-BY-4.0,docs/licenses/RETOURBAN_CC-BY-4.0.txt,RetroUrban Free 128x128 urban texture map or derived Godot material resource; imported without changing source PNG pixels. Attribution to Binbun3D is required.
game/art/textures/retro_urban/RoughPavement/RoughPavement_02/RoughPavement_02_roughness.png,83ca42fb7488cba79f4992017d76399252bc60ccb986719239d4c7aec16a2803,10726,png,cleared,Binbun3D,https://binbun3d.itch.io/retrourban-free,CC-BY-4.0,docs/licenses/RETOURBAN_CC-BY-4.0.txt,RetroUrban Free 128x128 urban texture map or derived Godot material resource; imported without changing source PNG pixels. Attribution to Binbun3D is required.
game/art/ui/icons/ammo_pistol.svg,97ee8f258fa8eacb236e441183d26de2bd47b5054c694d4139f9ad503c169b9c,700,svg,cleared,LichForge / OpenAI-assisted original artwork,"Original editable SVG geometry authored for MODUS, 2026-09-09",MIT,LICENSE,Authorship and SPDX license embedded in the hash-pinned SVG source.
game/art/ui/icons/ammo_rockets.svg,f96dd0d2dfabca50a929737e8269ea81f79b0c353c07ed46db01b8c89955a2c4,684,svg,cleared,LichForge / OpenAI-assisted original artwork,"Original editable SVG geometry authored for MODUS, 2026-09-09",MIT,LICENSE,Authorship and SPDX license embedded in the hash-pinned SVG source.
game/art/ui/icons/ammo_shells.svg,a9e47cb2132ad30302be7de787b600cce216c14193bd4400c831db99b2bc1e87,654,svg,cleared,LichForge / OpenAI-assisted original artwork,"Original editable SVG geometry authored for MODUS, 2026-09-09",MIT,LICENSE,Authorship and SPDX license embedded in the hash-pinned SVG source.
game/art/ui/icons/material_energy.svg,a3cb626d7aca83f81d7fde518edbc4d144a7fb53d69748b30de37b5f6da4c42b,632,svg,cleared,LichForge / OpenAI-assisted original artwork,"Original editable SVG geometry authored for MODUS, 2026-09-09",MIT,LICENSE,Authorship and SPDX license embedded in the hash-pinned SVG source.
game/art/ui/icons/material_scrap.svg,685fbd94e0b6f742c11c7c72923a397225f677f28aa6926d31c50ebb6bdbe375,774,svg,cleared,LichForge / OpenAI-assisted original artwork,"Original editable SVG geometry authored for MODUS, 2026-09-09",MIT,LICENSE,Authorship and SPDX license embedded in the hash-pinned SVG source.
game/art/ui/icons/potion_health.svg,ffb68a31efcc9ea6a2ab481a3dbbddc36377e4c7966fee515fe8af65c3f22f5b,667,svg,cleared,LichForge / OpenAI-assisted original artwork,"Original editable SVG geometry authored for MODUS, 2026-09-09",MIT,LICENSE,Authorship and SPDX license embedded in the hash-pinned SVG source.
game/art/ui/icons/potion_health_large.svg,2a07bdd3da77dca9c3920022a98c5aee90d6b824ed96221aa769bcc03a81afd5,635,svg,cleared,LichForge / OpenAI-assisted original artwork,"Original editable SVG geometry authored for MODUS, 2026-09-09",MIT,LICENSE,Authorship and SPDX license embedded in the hash-pinned SVG source.
game/art/ui/icons/shield_boost.svg,eed09cf9078b44ae30c1b276224fa552452892c60b102d311d2c1ea05d387627,646,svg,cleared,LichForge / OpenAI-assisted original artwork,"Original editable SVG geometry authored for MODUS, 2026-09-09",MIT,LICENSE,Authorship and SPDX license embedded in the hash-pinned SVG source.
game/art/ui/icons/stim_damage.svg,c68f57b7dc0105aeb224b095a8cd59800e69f3aad0b9190687dc9295bdc17f4f,636,svg,cleared,LichForge / OpenAI-assisted original artwork,"Original editable SVG geometry authored for MODUS, 2026-09-09",MIT,LICENSE,Authorship and SPDX license embedded in the hash-pinned SVG source.
game/art/ui/icons/stim_speed.svg,82bb500083df28c817688957d7dd264aada6f8b3e36f0159056a1d2241d85c78,586,svg,cleared,LichForge / OpenAI-assisted original artwork,"Original editable SVG geometry authored for MODUS, 2026-09-09",MIT,LICENSE,Authorship and SPDX license embedded in the hash-pinned SVG source.
game/art/ui/main_menu_warrior_lineup.png,361c74c50546ecdcf97b76c706ab7b1f805c0ede9feba6321754664c6e30128f,1504459,png,cleared,LichForge / user-directed generated artwork,"Local OpenAI Codex image workflow, 2026-08-01",Project-owned,LICENSE,Generation provenance is retained in docs/ATTRIBUTION.md and release evidence.
game/core/network/default_network_config.tres,bd7fe348a3c6e04d4716f16aae5d7eabf21415d34b421b13f49910e752de6f6d,771,tres,cleared,LichForge,Original project asset authored for MODUS,MIT,LICENSE,User-confirmed project-owned asset; no external asset source is claimed.
game/default_bus_layout.tres,bcc6c3b83b934e96bee863cece628b3b47356aaa2a63764bdb7617d3718d8290,470,tres,cleared,LichForge,Original project asset authored for MODUS,MIT,LICENSE,User-confirmed project-owned asset; no external asset source is claimed.
game/levels/modules/breakwater/airlock.tres,550626a68d92cae0c7af54ae1cf1a6489232a5e237344df04d8b8e5bcf2eedbd,721,tres,cleared,LichForge / AI-assisted original assets,"Original Breakwater Station geometry, materials, module metadata and synthesized audio, 2026-09-13",MIT,LICENSE,Original baked OBJ and native Godot resources; audio deterministically synthesized by game/art/audio/breakwater/author_breakwater_audio.py with no recordings or third-party samples.
game/levels/modules/breakwater/control_room.tres,6627561b73ca6967a44654859c49d7a3ab138c9bac8f9078f1be4055af68d8ec,730,tres,cleared,LichForge / AI-assisted original assets,"Original Breakwater Station geometry, materials, module metadata and synthesized audio, 2026-09-13",MIT,LICENSE,Original baked OBJ and native Godot resources; audio deterministically synthesized by game/art/audio/breakwater/author_breakwater_audio.py with no recordings or third-party samples.
game/levels/modules/breakwater/materials/amber_light.tres,d3eb223fe42d29df2713b82c46e2ad56d950e4435a13e24d6b88bdeecfaafe63,266,tres,cleared,LichForge / AI-assisted original assets,"Original Breakwater Station geometry, materials, module metadata and synthesized audio, 2026-09-13",MIT,LICENSE,Original baked OBJ and native Godot resources; audio deterministically synthesized by game/art/audio/breakwater/author_breakwater_audio.py with no recordings or third-party samples.
game/levels/modules/breakwater/materials/brass.tres,e1cc60532b3b736e408dd1bfd383a5ab53703cb8a52e978bfd9dcb70230ce27c,172,tres,cleared,LichForge / AI-assisted original assets,"Original Breakwater Station geometry, materials, module metadata and synthesized audio, 2026-09-13",MIT,LICENSE,Original baked OBJ and native Godot resources; audio deterministically synthesized by game/art/audio/breakwater/author_breakwater_audio.py with no recordings or third-party samples.
game/levels/modules/breakwater/materials/coast_rock.tres,249bde7e8117b1071cceb6930e3ea971a143a903181c92a7160871680dff84d4,171,tres,cleared,LichForge / AI-assisted original assets,"Original Breakwater Station geometry, materials, module metadata and synthesized audio, 2026-09-13",MIT,LICENSE,Original baked OBJ and native Godot resources; audio deterministically synthesized by game/art/audio/breakwater/author_breakwater_audio.py with no recordings or third-party samples.
game/levels/modules/breakwater/materials/coast_water.tres,03186bb604309ee8585b603835824b218e997cc8fd09f77fa961803de892f016,600,tres,cleared,LichForge / AI-assisted original assets,"Original Breakwater Station geometry, materials, module metadata and synthesized audio, 2026-09-13",MIT,LICENSE,Original baked OBJ and native Godot resources; audio deterministically synthesized by game/art/audio/breakwater/author_breakwater_audio.py with no recordings or third-party samples.
game/levels/modules/breakwater/materials/cool_light.tres,96108589e4fd3a622e78a6b90ecb13724544f47e00ffa84b3ef7e5992254f5b3,266,tres,cleared,LichForge / AI-assisted original assets,"Original Breakwater Station geometry, materials, module metadata and synthesized audio, 2026-09-13",MIT,LICENSE,Original baked OBJ and native Godot resources; audio deterministically synthesized by game/art/audio/breakwater/author_breakwater_audio.py with no recordings or third-party samples.
game/levels/modules/breakwater/materials/dark_metal.tres,63c05d1233ce7eeb718d0fb1693d074c016fe08d3568de02b8cab4f883ff34e9,179,tres,cleared,LichForge / AI-assisted original assets,"Original Breakwater Station geometry, materials, module metadata and synthesized audio, 2026-09-13",MIT,LICENSE,Original baked OBJ and native Godot resources; audio deterministically synthesized by game/art/audio/breakwater/author_breakwater_audio.py with no recordings or third-party samples.
game/levels/modules/breakwater/materials/floor.tres,25c825e2d7df48961fd1697c84151661ba7c1e2e24150faeeaf49c97e3ccde5e,173,tres,cleared,LichForge / AI-assisted original assets,"Original Breakwater Station geometry, materials, module metadata and synthesized audio, 2026-09-13",MIT,LICENSE,Original baked OBJ and native Godot resources; audio deterministically synthesized by game/art/audio/breakwater/author_breakwater_audio.py with no recordings or third-party samples.
game/levels/modules/breakwater/materials/glass.tres,1c01f37d8189acbe36d100c93a2688263033f954a7883113125018ce3a47fbb0,205,tres,cleared,LichForge / AI-assisted original assets,"Original Breakwater Station geometry, materials, module metadata and synthesized audio, 2026-09-13",MIT,LICENSE,Original baked OBJ and native Godot resources; audio deterministically synthesized by game/art/audio/breakwater/author_breakwater_audio.py with no recordings or third-party samples.
game/levels/modules/breakwater/materials/salt_concrete.tres,4df072a7280734d23409ec2b62873edb8f2e728df2146bf049f72d7d3286e73d,624,tres,cleared,LichForge / AI-assisted original assets,"Original Breakwater Station geometry, materials, module metadata and synthesized audio, 2026-09-13",MIT,LICENSE,Original baked OBJ and native Godot resources; audio deterministically synthesized by game/art/audio/breakwater/author_breakwater_audio.py with no recordings or third-party samples.
game/levels/modules/breakwater/materials/screen.tres,ef2d93ddd1aea222b1c2f1ad54b2b27f510302e6104c9633be644bc5747526ac,271,tres,cleared,LichForge / AI-assisted original assets,"Original Breakwater Station geometry, materials, module metadata and synthesized audio, 2026-09-13",MIT,LICENSE,Original baked OBJ and native Godot resources; audio deterministically synthesized by game/art/audio/breakwater/author_breakwater_audio.py with no recordings or third-party samples.
game/levels/modules/breakwater/materials/teal_enamel.tres,ec15bf870d48cf9c29ac351a1f84ecb4096682ad060fb89f7d5ff9c024cf01ae,177,tres,cleared,LichForge / AI-assisted original assets,"Original Breakwater Station geometry, materials, module metadata and synthesized audio, 2026-09-13",MIT,LICENSE,Original baked OBJ and native Godot resources; audio deterministically synthesized by game/art/audio/breakwater/author_breakwater_audio.py with no recordings or third-party samples.
game/levels/modules/breakwater/meshes/airlock_amber_light.obj,9ab4d0ea843331207716b132a6c986bc9903c005c3bcf45c03414d0a11e74357,8205,obj,cleared,LichForge / AI-assisted original assets,"Original Breakwater Station geometry, materials, module metadata and synthesized audio, 2026-09-13",MIT,LICENSE,Original baked OBJ and native Godot resources; audio deterministically synthesized by game/art/audio/breakwater/author_breakwater_audio.py with no recordings or third-party samples.
game/levels/modules/breakwater/meshes/airlock_brass.obj,5094e13bdb93bc9e43733fd355f283bb4a5d30dc94ed60dbf326484eb72a846c,99146,obj,cleared,LichForge / AI-assisted original assets,"Original Breakwater Station geometry, materials, module metadata and synthesized audio, 2026-09-13",MIT,LICENSE,Original baked OBJ and native Godot resources; audio deterministically synthesized by game/art/audio/breakwater/author_breakwater_audio.py with no recordings or third-party samples.
game/levels/modules/breakwater/meshes/airlock_cool_light.obj,7839e491ebb193ef3bcc846f903c09b229ecec9fd3d9123e1a017594bd10c6c3,3855,obj,cleared,LichForge / AI-assisted original assets,"Original Breakwater Station geometry, materials, module metadata and synthesized audio, 2026-09-13",MIT,LICENSE,Original baked OBJ and native Godot resources; audio deterministically synthesized by game/art/audio/breakwater/author_breakwater_audio.py with no recordings or third-party samples.
game/levels/modules/breakwater/meshes/airlock_dark_metal.obj,7f5b9f8b6dcf3f4a0bd33864822c895b42bd3c273ab54afc227bc2e923c5cfec,73099,obj,cleared,LichForge / AI-assisted original assets,"Original Breakwater Station geometry, materials, module metadata and synthesized audio, 2026-09-13",MIT,LICENSE,Original baked OBJ and native Godot resources; audio deterministically synthesized by game/art/audio/breakwater/author_breakwater_audio.py with no recordings or third-party samples.
game/levels/modules/breakwater/meshes/airlock_floor.obj,f09460bd157f4e56fc075be4f1140186cfe3d10a19edab08017eb1cde3b390eb,1254,obj,cleared,LichForge / AI-assisted original assets,"Original Breakwater Station geometry, materials, module metadata and synthesized audio, 2026-09-13",MIT,LICENSE,Original baked OBJ and native Godot resources; audio deterministically synthesized by game/art/audio/breakwater/author_breakwater_audio.py with no recordings or third-party samples.
game/levels/modules/breakwater/meshes/airlock_salt_concrete.obj,0968aba3724c7e48f0e603bfd332547a1f20f6571967bcb26a17ae4d10358ec7,8659,obj,cleared,LichForge / AI-assisted original assets,"Original Breakwater Station geometry, materials, module metadata and synthesized audio, 2026-09-13",MIT,LICENSE,Original baked OBJ and native Godot resources; audio deterministically synthesized by game/art/audio/breakwater/author_breakwater_audio.py with no recordings or third-party samples.
game/levels/modules/breakwater/meshes/airlock_teal_enamel.obj,f948806c875855590477bd759abe67c862c950431b5fbb91e2eaf964732b7888,55925,obj,cleared,LichForge / AI-assisted original assets,"Original Breakwater Station geometry, materials, module metadata and synthesized audio, 2026-09-13",MIT,LICENSE,Original baked OBJ and native Godot resources; audio deterministically synthesized by game/art/audio/breakwater/author_breakwater_audio.py with no recordings or third-party samples.
game/levels/modules/breakwater/meshes/coast_coast_rock.obj,bd1f15fa9f4630357680c12a32d3280bd6287b498093622c346ab7d8b9e6a6c2,6847,obj,cleared,LichForge / AI-assisted original assets,"Original Breakwater Station geometry, materials, module metadata and synthesized audio, 2026-09-13",MIT,LICENSE,Original baked OBJ and native Godot resources; audio deterministically synthesized by game/art/audio/breakwater/author_breakwater_audio.py with no recordings or third-party samples.
game/levels/modules/breakwater/meshes/coast_coast_water.obj,b90d417e39b3211be403ca22be0b6b50534782473e8cb31de8de70df4a4369b5,1222,obj,cleared,LichForge / AI-assisted original assets,"Original Breakwater Station geometry, materials, module metadata and synthesized audio, 2026-09-13",MIT,LICENSE,Original baked OBJ and native Godot resources; audio deterministically synthesized by game/art/audio/breakwater/author_breakwater_audio.py with no recordings or third-party samples.
game/levels/modules/breakwater/meshes/coastal_cavern_amber_light.obj,8759cae2fa6a2f281feeb772ca0bcb6debb5e936e57d55137d258650f0e0f930,11952,obj,cleared,LichForge / AI-assisted original assets,"Original Breakwater Station geometry, materials, module metadata and synthesized audio, 2026-09-13",MIT,LICENSE,Original baked OBJ and native Godot resources; audio deterministically synthesized by game/art/audio/breakwater/author_breakwater_audio.py with no recordings or third-party samples.
game/levels/modules/breakwater/meshes/coastal_cavern_brass.obj,136223e218b963943bb02ee348218faf19bfb07da53dde71b86d66d9bed0693e,11922,obj,cleared,LichForge / AI-assisted original assets,"Original Breakwater Station geometry, materials, module metadata and synthesized audio, 2026-09-13",MIT,LICENSE,Original baked OBJ and native Godot resources; audio deterministically synthesized by game/art/audio/breakwater/author_breakwater_audio.py with no recordings or third-party samples.
game/levels/modules/breakwater/meshes/coastal_cavern_coast_rock.obj,5c23d15139fcac6f53860206320ce59aacb11ddd432085faf0ca1447564335ae,402828,obj,cleared,LichForge / AI-assisted original assets,"Original Breakwater Station geometry, materials, module metadata and synthesized audio, 2026-09-13",MIT,LICENSE,Original baked OBJ and native Godot resources; audio deterministically synthesized by game/art/audio/breakwater/author_breakwater_audio.py with no recordings or third-party samples.
game/levels/modules/breakwater/meshes/coastal_cavern_coast_water.obj,ebba7c5c3d1211e40cd1211803b3e9ce05a8a75b9f502df87e159c657026f7c9,4785,obj,cleared,LichForge / AI-assisted original assets,"Original Breakwater Station geometry, materials, module metadata and synthesized audio, 2026-09-13",MIT,LICENSE,Original baked OBJ and native Godot resources; audio deterministically synthesized by game/art/audio/breakwater/author_breakwater_audio.py with no recordings or third-party samples.
game/levels/modules/breakwater/meshes/coastal_cavern_dark_metal.obj,1d17bc3a3d2fabc1d7b0a0f73a887046dbefb4d8518a6492c1c8afb0da38cbed,47213,obj,cleared,LichForge / AI-assisted original assets,"Original Breakwater Station geometry, materials, module metadata and synthesized audio, 2026-09-13",MIT,LICENSE,Original baked OBJ and native Godot resources; audio deterministically synthesized by game/art/audio/breakwater/author_breakwater_audio.py with no recordings or third-party samples.
game/levels/modules/breakwater/meshes/coastal_cavern_floor.obj,7731f99da01b92989f1504a5e015aed08b054ca590f377ca9752df0963bb3408,2451,obj,cleared,LichForge / AI-assisted original assets,"Original Breakwater Station geometry, materials, module metadata and synthesized audio, 2026-09-13",MIT,LICENSE,Original baked OBJ and native Godot resources; audio deterministically synthesized by game/art/audio/breakwater/author_breakwater_audio.py with no recordings or third-party samples.
game/levels/modules/breakwater/meshes/coastal_cavern_teal_enamel.obj,9a0b1a913ea3720aeae2a21543b1dfc5190bab9080afeb07d2bae1fa9308f948,7402,obj,cleared,LichForge / AI-assisted original assets,"Original Breakwater Station geometry, materials, module metadata and synthesized audio, 2026-09-13",MIT,LICENSE,Original baked OBJ and native Godot resources; audio deterministically synthesized by game/art/audio/breakwater/author_breakwater_audio.py with no recordings or third-party samples.
game/levels/modules/breakwater/meshes/coastal_dock_amber_light.obj,28eb6d85af48571dbcbac3199d9ee5a362f0ecbc7b55bd1340dd5ee608c91d83,14134,obj,cleared,LichForge / AI-assisted original assets,"Original Breakwater Station geometry, materials, module metadata and synthesized audio, 2026-09-13",MIT,LICENSE,Original baked OBJ and native Godot resources; audio deterministically synthesized by game/art/audio/breakwater/author_breakwater_audio.py with no recordings or third-party samples.
game/levels/modules/breakwater/meshes/coastal_dock_brass.obj,0a2a71cf296c0d2732ac1bf58e4c6c44c046c5e777a10879f98831d08ae80105,19467,obj,cleared,LichForge / AI-assisted original assets,"Original Breakwater Station geometry, materials, module metadata and synthesized audio, 2026-09-13",MIT,LICENSE,Original baked OBJ and native Godot resources; audio deterministically synthesized by game/art/audio/breakwater/author_breakwater_audio.py with no recordings or third-party samples.
game/levels/modules/breakwater/meshes/coastal_dock_dark_metal.obj,783d4ab80b8b1f7b0bea0f95a5d138bdd814d6b350cf9cc645485f5109b71016,232864,obj,cleared,LichForge / AI-assisted original assets,"Original Breakwater Station geometry, materials, module metadata and synthesized audio, 2026-09-13",MIT,LICENSE,Original baked OBJ and native Godot resources; audio deterministically synthesized by game/art/audio/breakwater/author_breakwater_audio.py with no recordings or third-party samples.
game/levels/modules/breakwater/meshes/coastal_dock_glass.obj,577bd763e932905ec3bd43bd6701600e0b7b6afb90e42dd6c986ad445e005edb,7051,obj,cleared,LichForge / AI-assisted original assets,"Original Breakwater Station geometry, materials, module metadata and synthesized audio, 2026-09-13",MIT,LICENSE,Original baked OBJ and native Godot resources; audio deterministically synthesized by game/art/audio/breakwater/author_breakwater_audio.py with no recordings or third-party samples.
game/levels/modules/breakwater/meshes/coastal_dock_salt_concrete.obj,6f767117bc1e0fe3f7501823f50f5235f1c6ac1c867dfee7ff3983dc96cef0b4,7083,obj,cleared,LichForge / AI-assisted original assets,"Original Breakwater Station geometry, materials, module metadata and synthesized audio, 2026-09-13",MIT,LICENSE,Original baked OBJ and native Godot resources; audio deterministically synthesized by game/art/audio/breakwater/author_breakwater_audio.py with no recordings or third-party samples.
game/levels/modules/breakwater/meshes/coastal_hub_amber_light.obj,250a03dc18aa7f7d1a86abdb9d44a492cc135034bd63815b55ff2d95c7c9a21b,16653,obj,cleared,LichForge / AI-assisted original assets,"Original Breakwater Station geometry, materials, module metadata and synthesized audio, 2026-09-13",MIT,LICENSE,Original baked OBJ and native Godot resources; audio deterministically synthesized by game/art/audio/breakwater/author_breakwater_audio.py with no recordings or third-party samples.
game/levels/modules/breakwater/meshes/coastal_hub_brass.obj,dc324c9bdd7ada77bdaa040b4fe2fb4313c4e07922d3c42dab906ef288f6c4b3,29589,obj,cleared,LichForge / AI-assisted original assets,"Original Breakwater Station geometry, materials, module metadata and synthesized audio, 2026-09-13",MIT,LICENSE,Original baked OBJ and native Godot resources; audio deterministically synthesized by game/art/audio/breakwater/author_breakwater_audio.py with no recordings or third-party samples.
game/levels/modules/breakwater/meshes/coastal_hub_cool_light.obj,d83f65346ffeac70a90e0f323e71fa9042af247345e18b2efed3e5d43bf86de5,19094,obj,cleared,LichForge / AI-assisted original assets,"Original Breakwater Station geometry, materials, module metadata and synthesized audio, 2026-09-13",MIT,LICENSE,Original baked OBJ and native Godot resources; audio deterministically synthesized by game/art/audio/breakwater/author_breakwater_audio.py with no recordings or third-party samples.
game/levels/modules/breakwater/meshes/coastal_hub_dark_metal.obj,6adabe9850e8e142f763d4f2ed84238c4e81df23a049e2772067bc2f4a9d4cf9,171287,obj,cleared,LichForge / AI-assisted original assets,"Original Breakwater Station geometry, materials, module metadata and synthesized audio, 2026-09-13",MIT,LICENSE,Original baked OBJ and native Godot resources; audio deterministically synthesized by game/art/audio/breakwater/author_breakwater_audio.py with no recordings or third-party samples.
game/levels/modules/breakwater/meshes/coastal_hub_teal_enamel.obj,e939aca63de7723621baea79ed9b035be3d50f09b511560106b6878f8a90bfe5,21477,obj,cleared,LichForge / AI-assisted original assets,"Original Breakwater Station geometry, materials, module metadata and synthesized audio, 2026-09-13",MIT,LICENSE,Original baked OBJ and native Godot resources; audio deterministically synthesized by game/art/audio/breakwater/author_breakwater_audio.py with no recordings or third-party samples.
game/levels/modules/breakwater/meshes/coastal_return_brass.obj,6f939e1d77b6433feab6ef56e4663470d70f635e53759a0b62d183f51cb8205d,62466,obj,cleared,LichForge / AI-assisted original assets,"Original Breakwater Station geometry, materials, module metadata and synthesized audio, 2026-09-13",MIT,LICENSE,Original baked OBJ and native Godot resources; audio deterministically synthesized by game/art/audio/breakwater/author_breakwater_audio.py with no recordings or third-party samples.
game/levels/modules/breakwater/meshes/coastal_return_cool_light.obj,a937fa1d90c5d5b8ad4d90e655cbc179f7cfef5d118144f28fc82fa61e3ce141,4694,obj,cleared,LichForge / AI-assisted original assets,"Original Breakwater Station geometry, materials, module metadata and synthesized audio, 2026-09-13",MIT,LICENSE,Original baked OBJ and native Godot resources; audio deterministically synthesized by game/art/audio/breakwater/author_breakwater_audio.py with no recordings or third-party samples.
game/levels/modules/breakwater/meshes/coastal_return_dark_metal.obj,383541449d1ad615b1e45a21ff5b221bddadd947b6fdefd74564868bceb37331,104857,obj,cleared,LichForge / AI-assisted original assets,"Original Breakwater Station geometry, materials, module metadata and synthesized audio, 2026-09-13",MIT,LICENSE,Original baked OBJ and native Godot resources; audio deterministically synthesized by game/art/audio/breakwater/author_breakwater_audio.py with no recordings or third-party samples.
game/levels/modules/breakwater/meshes/coastal_return_elbow_brass.obj,6ef136a5907d80618b6cca7a819284e17ef3e5128b65f80fcad72ccce1ff8f2a,50226,obj,cleared,LichForge / AI-assisted original assets,"Original Breakwater Station geometry, materials, module metadata and synthesized audio, 2026-09-13",MIT,LICENSE,Original baked OBJ and native Godot resources; audio deterministically synthesized by game/art/audio/breakwater/author_breakwater_audio.py with no recordings or third-party samples.
game/levels/modules/breakwater/meshes/coastal_return_elbow_cool_light.obj,4b964a333e85216bf82b30873965cf9b26a34338a8d8ac842863eb50ebb1dd2d,9452,obj,cleared,LichForge / AI-assisted original assets,"Original Breakwater Station geometry, materials, module metadata and synthesized audio, 2026-09-13",MIT,LICENSE,Original baked OBJ and native Godot resources; audio deterministically synthesized by game/art/audio/breakwater/author_breakwater_audio.py with no recordings or third-party samples.
game/levels/modules/breakwater/meshes/coastal_return_elbow_dark_metal.obj,90a09a40764fa555f7d3ad5d89d8020565c9f7bdee7266a87a445a1b0da373ef,274760,obj,cleared,LichForge / AI-assisted original assets,"Original Breakwater Station geometry, materials, module metadata and synthesized audio, 2026-09-13",MIT,LICENSE,Original baked OBJ and native Godot resources; audio deterministically synthesized by game/art/audio/breakwater/author_breakwater_audio.py with no recordings or third-party samples.
game/levels/modules/breakwater/meshes/coastal_return_elbow_glass.obj,ee1e1b8581f54a413726da9f458c9af3f41087c2e26945caa1e487a5e164119e,7047,obj,cleared,LichForge / AI-assisted original assets,"Original Breakwater Station geometry, materials, module metadata and synthesized audio, 2026-09-13",MIT,LICENSE,Original baked OBJ and native Godot resources; audio deterministically synthesized by game/art/audio/breakwater/author_breakwater_audio.py with no recordings or third-party samples.
game/levels/modules/breakwater/meshes/coastal_return_gallery_brass.obj,77a7e5d8ecebb344d20588de04dc6b3d089ab47897ed63c7c0897b5bc6c300ee,104063,obj,cleared,LichForge / AI-assisted original assets,"Original Breakwater Station geometry, materials, module metadata and synthesized audio, 2026-09-13",MIT,LICENSE,Original baked OBJ and native Godot resources; audio deterministically synthesized by game/art/audio/breakwater/author_breakwater_audio.py with no recordings or third-party samples.
game/levels/modules/breakwater/meshes/coastal_return_gallery_cool_light.obj,909cb0483d1cc9e0a5d7a2faf300298a840b11ed473158b0332a9d3b5ae7ac05,11959,obj,cleared,LichForge / AI-assisted original assets,"Original Breakwater Station geometry, materials, module metadata and synthesized audio, 2026-09-13",MIT,LICENSE,Original baked OBJ and native Godot resources; audio deterministically synthesized by game/art/audio/breakwater/author_breakwater_audio.py with no recordings or third-party samples.
game/levels/modules/breakwater/meshes/coastal_return_gallery_dark_metal.obj,a962796187915c771446aa214ceac5ed8d5309bcfb9aa99a29455afa5ab748fd,422738,obj,cleared,LichForge / AI-assisted original assets,"Original Breakwater Station geometry, materials, module metadata and synthesized audio, 2026-09-13",MIT,LICENSE,Original baked OBJ and native Godot resources; audio deterministically synthesized by game/art/audio/breakwater/author_breakwater_audio.py with no recordings or third-party samples.
game/levels/modules/breakwater/meshes/coastal_return_gallery_glass.obj,0154dc3264bc35e0353ba721a020e904ef1613f6acd3b38eb785de2416638ced,9437,obj,cleared,LichForge / AI-assisted original assets,"Original Breakwater Station geometry, materials, module metadata and synthesized audio, 2026-09-13",MIT,LICENSE,Original baked OBJ and native Godot resources; audio deterministically synthesized by game/art/audio/breakwater/author_breakwater_audio.py with no recordings or third-party samples.
game/levels/modules/breakwater/meshes/coastal_return_landing_brass.obj,cd2ad42405a3b0f9dfb78acdc4c3863851145b71c9a724646ed68f9c4e4d6af6,4793,obj,cleared,LichForge / AI-assisted original assets,"Original Breakwater Station geometry, materials, module metadata and synthesized audio, 2026-09-13",MIT,LICENSE,Original baked OBJ and native Godot resources; audio deterministically synthesized by game/art/audio/breakwater/author_breakwater_audio.py with no recordings or third-party samples.
game/levels/modules/breakwater/meshes/coastal_return_landing_cool_light.obj,4910d3e1fcda81667cf89798f994bf7c46f442d5ecdf99af07e33de65249b470,11815,obj,cleared,LichForge / AI-assisted original assets,"Original Breakwater Station geometry, materials, module metadata and synthesized audio, 2026-09-13",MIT,LICENSE,Original baked OBJ and native Godot resources; audio deterministically synthesized by game/art/audio/breakwater/author_breakwater_audio.py with no recordings or third-party samples.
game/levels/modules/breakwater/meshes/coastal_return_landing_dark_metal.obj,2043db74a6384f357b2c4f292a56f556637ecfe87d9e670d03e5a8a392cfb353,171278,obj,cleared,LichForge / AI-assisted original assets,"Original Breakwater Station geometry, materials, module metadata and synthesized audio, 2026-09-13",MIT,LICENSE,Original baked OBJ and native Godot resources; audio deterministically synthesized by game/art/audio/breakwater/author_breakwater_audio.py with no recordings or third-party samples.
game/levels/modules/breakwater/meshes/coastal_return_landing_teal_enamel.obj,e3f90b86f65b888822b30e08a0c3eb9ba8046ddcbcf278c3ad2369de7ea8c586,35447,obj,cleared,LichForge / AI-assisted original assets,"Original Breakwater Station geometry, materials, module metadata and synthesized audio, 2026-09-13",MIT,LICENSE,Original baked OBJ and native Godot resources; audio deterministically synthesized by game/art/audio/breakwater/author_breakwater_audio.py with no recordings or third-party samples.
game/levels/modules/breakwater/meshes/coastal_return_teal_enamel.obj,6740d5e7cd0263841ee55cd4da7af8f85e7c8bdcb0e9c4d2db5f55bd685ff9c1,29432,obj,cleared,LichForge / AI-assisted original assets,"Original Breakwater Station geometry, materials, module metadata and synthesized audio, 2026-09-13",MIT,LICENSE,Original baked OBJ and native Godot resources; audio deterministically synthesized by game/art/audio/breakwater/author_breakwater_audio.py with no recordings or third-party samples.
game/levels/modules/breakwater/meshes/combat_drive_rotor.obj,2ff6c43fbcd5c56ec33b7c420f90f439d01d2489bf79fd050f9562c44580a0bc,66488,obj,cleared,LichForge / AI-assisted original assets,"Original Breakwater Station geometry, materials, module metadata and synthesized audio, 2026-09-13",MIT,LICENSE,Original baked OBJ and native Godot resources; audio deterministically synthesized by game/art/audio/breakwater/author_breakwater_audio.py with no recordings or third-party samples.
game/levels/modules/breakwater/meshes/combat_intake_brass.obj,76affe9e752b112bc913681565fa86876cbfc48f3878c9138a3bbcd223a915a0,262532,obj,cleared,LichForge / AI-assisted original assets,"Original Breakwater Station geometry, materials, module metadata and synthesized audio, 2026-09-13",MIT,LICENSE,Original baked OBJ and native Godot resources; audio deterministically synthesized by game/art/audio/breakwater/author_breakwater_audio.py with no recordings or third-party samples.
game/levels/modules/breakwater/meshes/combat_intake_dark_metal.obj,27e2e1c3ea8f73e3c56365920bb900617a0e31118891e23e2588c92e3572ff63,79558,obj,cleared,LichForge / AI-assisted original assets,"Original Breakwater Station geometry, materials, module metadata and synthesized audio, 2026-09-13",MIT,LICENSE,Original baked OBJ and native Godot resources; audio deterministically synthesized by game/art/audio/breakwater/author_breakwater_audio.py with no recordings or third-party samples.
game/levels/modules/breakwater/meshes/combat_intake_teal_enamel.obj,f838f9a70544c27cfe1ce4c634dab85c1b1e3a54fef5e3d728fa58a0fefedf86,377378,obj,cleared,LichForge / AI-assisted original assets,"Original Breakwater Station geometry, materials, module metadata and synthesized audio, 2026-09-13",MIT,LICENSE,Original baked OBJ and native Godot resources; audio deterministically synthesized by game/art/audio/breakwater/author_breakwater_audio.py with no recordings or third-party samples.
game/levels/modules/breakwater/meshes/combat_relay_brass.obj,03aa25f37e29104bf78a8114730799316de0df34a697a439437bb28dec0cc174,84770,obj,cleared,LichForge / AI-assisted original assets,"Original Breakwater Station geometry, materials, module metadata and synthesized audio, 2026-09-13",MIT,LICENSE,Original baked OBJ and native Godot resources; audio deterministically synthesized by game/art/audio/breakwater/author_breakwater_audio.py with no recordings or third-party samples.
game/levels/modules/breakwater/meshes/combat_relay_dark_metal.obj,66062908732762bc84b6e2f408faed6345c6e3064c70d069fc10df010ee5b0f0,270092,obj,cleared,LichForge / AI-assisted original assets,"Original Breakwater Station geometry, materials, module metadata and synthesized audio, 2026-09-13",MIT,LICENSE,Original baked OBJ and native Godot resources; audio deterministically synthesized by game/art/audio/breakwater/author_breakwater_audio.py with no recordings or third-party samples.
game/levels/modules/breakwater/meshes/combat_relay_teal_enamel.obj,b8cb98ae84f8be7cc621135810a17a1ff97bb14d56bb20358f861ff44684d441,64250,obj,cleared,LichForge / AI-assisted original assets,"Original Breakwater Station geometry, materials, module metadata and synthesized audio, 2026-09-13",MIT,LICENSE,Original baked OBJ and native Godot resources; audio deterministically synthesized by game/art/audio/breakwater/author_breakwater_audio.py with no recordings or third-party samples.
game/levels/modules/breakwater/meshes/combat_turbine_brass.obj,89f02e9f2582757838591cc677f6624ce058be7625ab9380f2e0f8edb6649bc3,837086,obj,cleared,LichForge / AI-assisted original assets,"Original Breakwater Station geometry, materials, module metadata and synthesized audio, 2026-09-13",MIT,LICENSE,Original baked OBJ and native Godot resources; audio deterministically synthesized by game/art/audio/breakwater/author_breakwater_audio.py with no recordings or third-party samples.
game/levels/modules/breakwater/meshes/combat_turbine_collision.tres,23c7cc0948ad4d95326d7a2b9894e8d55115c0fdf409da79c629a3a6a1b302ef,30774,tres,cleared,LichForge / AI-assisted original assets,"Original Breakwater Station geometry, materials, module metadata and synthesized audio, 2026-09-13",MIT,LICENSE,Original baked OBJ and native Godot resources; audio deterministically synthesized by game/art/audio/breakwater/author_breakwater_audio.py with no recordings or third-party samples.
game/levels/modules/breakwater/meshes/combat_turbine_dark_metal.obj,f22b66cbf2f9963d7316752c3ff5658731a1dfefa5356d2fbfa91800b7529413,570377,obj,cleared,LichForge / AI-assisted original assets,"Original Breakwater Station geometry, materials, module metadata and synthesized audio, 2026-09-13",MIT,LICENSE,Original baked OBJ and native Godot resources; audio deterministically synthesized by game/art/audio/breakwater/author_breakwater_audio.py with no recordings or third-party samples.
game/levels/modules/breakwater/meshes/combat_turbine_teal_enamel.obj,928c677f5086da248a9787a799b49a71538f40f7da395ac82a1af5f64451d7a0,78010,obj,cleared,LichForge / AI-assisted original assets,"Original Breakwater Station geometry, materials, module metadata and synthesized audio, 2026-09-13",MIT,LICENSE,Original baked OBJ and native Godot resources; audio deterministically synthesized by game/art/audio/breakwater/author_breakwater_audio.py with no recordings or third-party samples.
game/levels/modules/breakwater/meshes/control_room_amber_light.obj,5d7141f530da18d99e80e957b7c849aa41f52ff8192ec62cebdcb92984b96f3b,31154,obj,cleared,LichForge / AI-assisted original assets,"Original Breakwater Station geometry, materials, module metadata and synthesized audio, 2026-09-13",MIT,LICENSE,Original baked OBJ and native Godot resources; audio deterministically synthesized by game/art/audio/breakwater/author_breakwater_audio.py with no recordings or third-party samples.
game/levels/modules/breakwater/meshes/control_room_brass.obj,aed69e25df4d14609e2186849cb95b8097ae05d63645f2dbac0ac126cc35de76,49176,obj,cleared,LichForge / AI-assisted original assets,"Original Breakwater Station geometry, materials, module metadata and synthesized audio, 2026-09-13",MIT,LICENSE,Original baked OBJ and native Godot resources; audio deterministically synthesized by game/art/audio/breakwater/author_breakwater_audio.py with no recordings or third-party samples.
game/levels/modules/breakwater/meshes/control_room_cool_light.obj,6c227f1088f68188d7162cff2f8303bda521e2a554ac7df429d55c569aa03f01,40833,obj,cleared,LichForge / AI-assisted original assets,"Original Breakwater Station geometry, materials, module metadata and synthesized audio, 2026-09-13",MIT,LICENSE,Original baked OBJ and native Godot resources; audio deterministically synthesized by game/art/audio/breakwater/author_breakwater_audio.py with no recordings or third-party samples.
game/levels/modules/breakwater/meshes/control_room_dark_metal.obj,299031e6d2d9d17b24bd5b1f53257552283745838fe982e3bb75a62d4037ff12,55717,obj,cleared,LichForge / AI-assisted original assets,"Original Breakwater Station geometry, materials, module metadata and synthesized audio, 2026-09-13",MIT,LICENSE,Original baked OBJ and native Godot resources; audio deterministically synthesized by game/art/audio/breakwater/author_breakwater_audio.py with no recordings or third-party samples.
game/levels/modules/breakwater/meshes/control_room_floor.obj,f82542741411e1a4d18154055d7617b756b353b9ffdf9a7d02d1b7190387fcb1,1259,obj,cleared,LichForge / AI-assisted original assets,"Original Breakwater Station geometry, materials, module metadata and synthesized audio, 2026-09-13",MIT,LICENSE,Original baked OBJ and native Godot resources; audio deterministically synthesized by game/art/audio/breakwater/author_breakwater_audio.py with no recordings or third-party samples.
game/levels/modules/breakwater/meshes/control_room_glass.obj,bdd0be75b40c222ffcb0c96d35e187f969a2854f269bb5373dd3b7c5beecea0e,1119,obj,cleared,LichForge / AI-assisted original assets,"Original Breakwater Station geometry, materials, module metadata and synthesized audio, 2026-09-13",MIT,LICENSE,Original baked OBJ and native Godot resources; audio deterministically synthesized by game/art/audio/breakwater/author_breakwater_audio.py with no recordings or third-party samples.
game/levels/modules/breakwater/meshes/control_room_salt_concrete.obj,f51013da39e77e58cf5bc0c51fd13dfe21106988d7d9a6bcf4f26d6717d5ee2e,13572,obj,cleared,LichForge / AI-assisted original assets,"Original Breakwater Station geometry, materials, module metadata and synthesized audio, 2026-09-13",MIT,LICENSE,Original baked OBJ and native Godot resources; audio deterministically synthesized by game/art/audio/breakwater/author_breakwater_audio.py with no recordings or third-party samples.
game/levels/modules/breakwater/meshes/control_room_screen.obj,bed71b6cfe5685a365487a4959cf17083548425a603fda6a084111166d0c614f,16357,obj,cleared,LichForge / AI-assisted original assets,"Original Breakwater Station geometry, materials, module metadata and synthesized audio, 2026-09-13",MIT,LICENSE,Original baked OBJ and native Godot resources; audio deterministically synthesized by game/art/audio/breakwater/author_breakwater_audio.py with no recordings or third-party samples.
game/levels/modules/breakwater/meshes/control_room_teal_enamel.obj,5646044b509f6147fe8a2eb72c1bc4cadbe5b54d3d836ccd30763c66111c7bb6,49490,obj,cleared,LichForge / AI-assisted original assets,"Original Breakwater Station geometry, materials, module metadata and synthesized audio, 2026-09-13",MIT,LICENSE,Original baked OBJ and native Godot resources; audio deterministically synthesized by game/art/audio/breakwater/author_breakwater_audio.py with no recordings or third-party samples.
game/levels/modules/breakwater/meshes/pump_hall_amber_light.obj,4f36a00eb1ed6d5277149b3fcbd15a609a3ccce12c1e6bf40238578192e1e1f0,14135,obj,cleared,LichForge / AI-assisted original assets,"Original Breakwater Station geometry, materials, module metadata and synthesized audio, 2026-09-13",MIT,LICENSE,Original baked OBJ and native Godot resources; audio deterministically synthesized by game/art/audio/breakwater/author_breakwater_audio.py with no recordings or third-party samples.
game/levels/modules/breakwater/meshes/pump_hall_brass.obj,d16c4d42b308e366ace4856cd79bb7a46dba3f1cf2c42423a4350fa57bcdeadd,570260,obj,cleared,LichForge / AI-assisted original assets,"Original Breakwater Station geometry, materials, module metadata and synthesized audio, 2026-09-13",MIT,LICENSE,Original baked OBJ and native Godot resources; audio deterministically synthesized by game/art/audio/breakwater/author_breakwater_audio.py with no recordings or third-party samples.
game/levels/modules/breakwater/meshes/pump_hall_cool_light.obj,dd13a2417853b10ea97fdeea2118190d3083250b013d0a6b91bdab680944d58e,11858,obj,cleared,LichForge / AI-assisted original assets,"Original Breakwater Station geometry, materials, module metadata and synthesized audio, 2026-09-13",MIT,LICENSE,Original baked OBJ and native Godot resources; audio deterministically synthesized by game/art/audio/breakwater/author_breakwater_audio.py with no recordings or third-party samples.
game/levels/modules/breakwater/meshes/pump_hall_dark_metal.obj,c604e60803fb9b5d830af3ee6afba4e84cfa10de97c07282275f0834fdee0ff2,410217,obj,cleared,LichForge / AI-assisted original assets,"Original Breakwater Station geometry, materials, module metadata and synthesized audio, 2026-09-13",MIT,LICENSE,Original baked OBJ and native Godot resources; audio deterministically synthesized by game/art/audio/breakwater/author_breakwater_audio.py with no recordings or third-party samples.
game/levels/modules/breakwater/meshes/pump_hall_floor.obj,0943b90e79e5056a27826dcc704e7d51d2a6a2529855bfadcf23b236fe0fe275,1304,obj,cleared,LichForge / AI-assisted original assets,"Original Breakwater Station geometry, materials, module metadata and synthesized audio, 2026-09-13",MIT,LICENSE,Original baked OBJ and native Godot resources; audio deterministically synthesized by game/art/audio/breakwater/author_breakwater_audio.py with no recordings or third-party samples.
game/levels/modules/breakwater/meshes/pump_hall_salt_concrete.obj,c4036fef5e6a42d0d1c4dd1034ca17afc0a2561245501d6152bed8ba195e1f46,19689,obj,cleared,LichForge / AI-assisted original assets,"Original Breakwater Station geometry, materials, module metadata and synthesized audio, 2026-09-13",MIT,LICENSE,Original baked OBJ and native Godot resources; audio deterministically synthesized by game/art/audio/breakwater/author_breakwater_audio.py with no recordings or third-party samples.
game/levels/modules/breakwater/meshes/pump_hall_teal_enamel.obj,e2e9d21db6aeb87b564cee67fc6c216b52687d199ba46b020aceb5ae1dad3755,176674,obj,cleared,LichForge / AI-assisted original assets,"Original Breakwater Station geometry, materials, module metadata and synthesized audio, 2026-09-13",MIT,LICENSE,Original baked OBJ and native Godot resources; audio deterministically synthesized by game/art/audio/breakwater/author_breakwater_audio.py with no recordings or third-party samples.
game/levels/modules/breakwater/mission/cavern.tres,d2256288339efd2569b9d982eb67813a126f060c02724ad3b1dc94be4ababf3e,922,tres,cleared,LichForge / AI-assisted original assets,"Original Breakwater Station geometry, materials, module metadata and synthesized audio, 2026-09-13",MIT,LICENSE,Original baked OBJ and native Godot resources; audio deterministically synthesized by game/art/audio/breakwater/author_breakwater_audio.py with no recordings or third-party samples.
game/levels/modules/breakwater/mission/dock.tres,80cdccd68bd7f39ed60e157b6ed29dbef881940b70a6fbbffed5ea445afe3e6c,732,tres,cleared,LichForge / AI-assisted original assets,"Original Breakwater Station geometry, materials, module metadata and synthesized audio, 2026-09-13",MIT,LICENSE,Original baked OBJ and native Godot resources; audio deterministically synthesized by game/art/audio/breakwater/author_breakwater_audio.py with no recordings or third-party samples.
game/levels/modules/breakwater/mission/hub.tres,e7ebbcdbf7db6395d7494e4cdc85bcfb2bef234bbc05c63a39fe7faf1e13a1ff,1071,tres,cleared,LichForge / AI-assisted original assets,"Original Breakwater Station geometry, materials, module metadata and synthesized audio, 2026-09-13",MIT,LICENSE,Original baked OBJ and native Godot resources; audio deterministically synthesized by game/art/audio/breakwater/author_breakwater_audio.py with no recordings or third-party samples.
game/levels/modules/breakwater/mission/intake.tres,d142d6e38a4feff34965d54866ba7cfea48cf8012a026d1f909a094a661cfcce,1078,tres,cleared,LichForge / AI-assisted original assets,"Original Breakwater Station geometry, materials, module metadata and synthesized audio, 2026-09-13",MIT,LICENSE,Original baked OBJ and native Godot resources; audio deterministically synthesized by game/art/audio/breakwater/author_breakwater_audio.py with no recordings or third-party samples.
game/levels/modules/breakwater/mission/pump.tres,91420909d421f90eef8c81c34f8cac55c2a4340097bf973a02896cf6005906d2,903,tres,cleared,LichForge / AI-assisted original assets,"Original Breakwater Station geometry, materials, module metadata and synthesized audio, 2026-09-13",MIT,LICENSE,Original baked OBJ and native Godot resources; audio deterministically synthesized by game/art/audio/breakwater/author_breakwater_audio.py with no recordings or third-party samples.
game/levels/modules/breakwater/mission/relay.tres,67c3cec7d8914d6b996991bcfbad7f87f979ae5d4936fbe6d850eba2a16b904e,908,tres,cleared,LichForge / AI-assisted original assets,"Original Breakwater Station geometry, materials, module metadata and synthesized audio, 2026-09-13",MIT,LICENSE,Original baked OBJ and native Godot resources; audio deterministically synthesized by game/art/audio/breakwater/author_breakwater_audio.py with no recordings or third-party samples.
game/levels/modules/breakwater/mission/return.tres,1bf72984aea31e19c4d200a8b4929c95f1bd7778008f7fe7061af92a3546066c,906,tres,cleared,LichForge / AI-assisted original assets,"Original Breakwater Station geometry, materials, module metadata and synthesized audio, 2026-09-13",MIT,LICENSE,Original baked OBJ and native Godot resources; audio deterministically synthesized by game/art/audio/breakwater/author_breakwater_audio.py with no recordings or third-party samples.
game/levels/modules/breakwater/mission/return_elbow.tres,f21cc3cac9416fc439254a8ba908e411801a3437a60b032b70811fe699a4dd3d,930,tres,cleared,LichForge / AI-assisted original assets,"Original Breakwater Station geometry, materials, module metadata and synthesized audio, 2026-09-13",MIT,LICENSE,Original baked OBJ and native Godot resources; audio deterministically synthesized by game/art/audio/breakwater/author_breakwater_audio.py with no recordings or third-party samples.
game/levels/modules/breakwater/mission/return_gallery.tres,6d04d07be2e39dd4214ea82d08991fc541a6dc4ad913e271709efcbfd1af9647,933,tres,cleared,LichForge / AI-assisted original assets,"Original Breakwater Station geometry, materials, module metadata and synthesized audio, 2026-09-13",MIT,LICENSE,Original baked OBJ and native Godot resources; audio deterministically synthesized by game/art/audio/breakwater/author_breakwater_audio.py with no recordings or third-party samples.
game/levels/modules/breakwater/mission/return_landing.tres,9c71e854c26470debc3b9e29825bfc103541a1832153fae267db40affeafbec0,935,tres,cleared,LichForge / AI-assisted original assets,"Original Breakwater Station geometry, materials, module metadata and synthesized audio, 2026-09-13",MIT,LICENSE,Original baked OBJ and native Godot resources; audio deterministically synthesized by game/art/audio/breakwater/author_breakwater_audio.py with no recordings or third-party samples.
game/levels/modules/breakwater/mission/turbine.tres,b5dfaa2120fe5328b6ee821413c3f1270057a129d5af4be567cb06a46e6d458a,1083,tres,cleared,LichForge / AI-assisted original assets,"Original Breakwater Station geometry, materials, module metadata and synthesized audio, 2026-09-13",MIT,LICENSE,Original baked OBJ and native Godot resources; audio deterministically synthesized by game/art/audio/breakwater/author_breakwater_audio.py with no recordings or third-party samples.
game/levels/modules/breakwater/pump_hall.tres,3739b8d8a7e33111a01f934eb36f12df54d92841d0e064f11453fcd547aae4ae,892,tres,cleared,LichForge / AI-assisted original assets,"Original Breakwater Station geometry, materials, module metadata and synthesized audio, 2026-09-13",MIT,LICENSE,Original baked OBJ and native Godot resources; audio deterministically synthesized by game/art/audio/breakwater/author_breakwater_audio.py with no recordings or third-party samples.
game/scenes/world.tres,2d4783224bc2b6035a05d88e9e325f48048c6f474a91b868f61f828fc16b1263,231,tres,cleared,LichForge,Original project asset authored for MODUS,MIT,LICENSE,User-confirmed project-owned asset; no external asset source is claimed.
game/scripts/features/effects/effects/gib_physics.tres,78497b50657f31744be9e438092e71d3178a7281bc7d24bd0234bbfec5cb3287,111,tres,cleared,LichForge,Original project asset authored for MODUS,MIT,LICENSE,User-confirmed project-owned asset; no external asset source is claimed.
game/ui/icons/weapons/chaingun.svg,125c2c07ed6165adda0170aaf05fa3ead87e8bf4153d6bf002069fa3fe990920,367,svg,cleared,LichForge,Original project asset authored for MODUS,MIT,LICENSE,User-confirmed project-owned asset; no external asset source is claimed.
game/ui/icons/weapons/grenade_launcher.svg,7215262146128db4476577ddc433a01b9d0bbd4e3e3e2387956be4543ac9e022,376,svg,cleared,LichForge,Original project asset authored for MODUS,MIT,LICENSE,User-confirmed project-owned asset; no external asset source is claimed.
game/ui/icons/weapons/knife.svg,b6a210bea45a555cce263a164c079bad7c828ed5b8fee56567d9aeade3b31918,313,svg,cleared,LichForge,Original project asset authored for MODUS,MIT,LICENSE,User-confirmed project-owned asset; no external asset source is claimed.
game/ui/icons/weapons/machinegun.svg,2ba0539b8fae5f4b5c908bea1e1189f1c512d1ba8fe4e3e27f56fe73a3498b10,289,svg,cleared,LichForge,Original project asset authored for MODUS,MIT,LICENSE,User-confirmed project-owned asset; no external asset source is claimed.
game/ui/icons/weapons/nuker3000.svg,5ecf05a2cf66e0587c3cdd47fe6a3c1b02f2facd240bea2800b2e787fd0fb651,345,svg,cleared,LichForge,Original project asset authored for MODUS,MIT,LICENSE,User-confirmed project-owned asset; no external asset source is claimed.
game/ui/icons/weapons/pistol.svg,4e537e97a10e6a193a9b233019a0bb8c1afecdc74ff32b2242fc05aa1498a50b,259,svg,cleared,LichForge,Original project asset authored for MODUS,MIT,LICENSE,User-confirmed project-owned asset; no external asset source is claimed.
game/ui/icons/weapons/railgun.svg,f87472b102fb6d3c484b634bc9547184689116434a46be2039f1692a9c168a86,314,svg,cleared,LichForge,Original project asset authored for MODUS,MIT,LICENSE,User-confirmed project-owned asset; no external asset source is claimed.
game/ui/icons/weapons/rocket_launcher.svg,9d8122ce3d1a12be5cd44208c87df7c8633a72fc02388c084f0a6a7995399498,325,svg,cleared,LichForge,Original project asset authored for MODUS,MIT,LICENSE,User-confirmed project-owned asset; no external asset source is claimed.
game/ui/icons/weapons/shotgun.svg,ba3619b6eff879a768a9459c8486c8a6aeb3cfc5668e338d7a265e67a20c6721,304,svg,cleared,LichForge,Original project asset authored for MODUS,MIT,LICENSE,User-confirmed project-owned asset; no external asset source is claimed.
game/ui/icons/weapons/spinlaser.svg,8fb50b71b02845567fea8028244a0440e6e964e7d4251ef19f3e21b022376199,369,svg,cleared,LichForge,Original project asset authored for MODUS,MIT,LICENSE,User-confirmed project-owned asset; no external asset source is claimed.
game/world/actors/sky/clouds.gdshader,9d3f735f6bfbfe35a05383c7c306120871db8e5d085253a81946556ba3f1b8a9,910,gdshader,cleared,LichForge / user-generated AI-assisted artwork,Generated by the LichForge author for MODUS,MIT,LICENSE,User-confirmed original AI-assisted skybox shader/material work; no external asset source is claimed.
game/world/actors/sky/retro_sky.gdshader,7f3e07aca36bc178e8910b0dc05192faa498307e5c177803d6c6defe4be6d749,833,gdshader,cleared,LichForge / user-generated AI-assisted artwork,Generated by the LichForge author for MODUS,MIT,LICENSE,User-confirmed original AI-assisted skybox shader/material work; no external asset source is claimed.
game/world/actors/sky/retro_sky.tres,9d2773a9e3b1c9a8bae44ed2e5b2d670575fddc0121711ff6d2179e4f2b95d19,180,tres,cleared,LichForge / user-generated AI-assisted artwork,Generated by the LichForge author for MODUS,MIT,LICENSE,User-confirmed original AI-assisted skybox shader/material work; no external asset source is claimed.
game/world/actors/sky/retro_sky_mat.tres,bd5b1d4f1bfdbe5659c0e18144120acfb70de6ab02868876b582851b677c9cc4,419,tres,cleared,LichForge / user-generated AI-assisted artwork,Generated by the LichForge author for MODUS,MIT,LICENSE,User-confirmed original AI-assisted skybox shader/material work; no external asset source is claimed.
game/world/maps/overviews/map_overview.png,c9166a1b17e26200e6c0ecc31bfc8e0a06c4a55459410c99d40f0913468238f2,1021490,png,cleared,LichForge,Generated by the MODUS map overview capture workflow,MIT,LICENSE,Generated level overview snapshot used by the minimap; not an external artwork dependency.
shared/editor_core/icons/level_root.svg,8886417a3a8d7320bc7d3ef532c874827b8038fc9d559ffcb3c6d4ebaaccee09,465,svg,cleared,LichForge,Original project asset authored for MODUS,MIT,LICENSE,User-confirmed project-owned asset; no external asset source is claimed.
shared/editor_core/icons/plugin_icon.svg,629feef4b65082f0a5792a4be415a6fd76641346fbadb9f625194f934880fede,395,svg,cleared,LichForge,Original project asset authored for MODUS,MIT,LICENSE,User-confirmed project-owned asset; no external asset source is claimed.
shared/editor_core/icons/spawn_enemy.svg,4fdcbe92194e1fa08645bd5d7b8fa2839e4749eaae4d06f010a0a926f4f3368c,494,svg,cleared,LichForge,Original project asset authored for MODUS,MIT,LICENSE,User-confirmed project-owned asset; no external asset source is claimed.
shared/editor_core/icons/spawn_item.svg,0a1ca06c04f5f039dbdde71640332109acfa68f4b384289b8795b1f53b536125,284,svg,cleared,LichForge,Original project asset authored for MODUS,MIT,LICENSE,User-confirmed project-owned asset; no external asset source is claimed.
shared/editor_core/icons/spawn_player.svg,6910e94d18a3d237bccf4fd397409c1c6c4a6175564943ad526145944281459a,316,svg,cleared,LichForge,Original project asset authored for MODUS,MIT,LICENSE,User-confirmed project-owned asset; no external asset source is claimed.
shared/editor_core/icons/spawn_point.svg,843ab119764f174c9aab21a4b0883f58fd7f7d3ef4462d906e56c98847f50a5c,296,svg,cleared,LichForge,Original project asset authored for MODUS,MIT,LICENSE,User-confirmed project-owned asset; no external asset source is claimed.
shared/editor_core/textures/retro/floor_grating_01.png,92b4d67a9ec10aa466b5dfa4e6f3c8f14c555e2dbbd54f28969dd309c0182307,1112,png,cleared,LichForge,Original project asset authored for MODUS,MIT,LICENSE,User-confirmed project-owned asset; no external asset source is claimed.
shared/editor_core/textures/retro/floor_tile_01.png,5cca85bedd9d1e203ba9ebd2103a67380d2b7991fd50db371656abe6e1e52d26,899,png,cleared,LichForge,Original project asset authored for MODUS,MIT,LICENSE,User-confirmed project-owned asset; no external asset source is claimed.
shared/editor_core/textures/retro/wall_concrete_01.png,e7a5ccde2ee495215d11d3b41ef987ada84e25b26c80b62604d34fd8c052f4d3,52716,png,cleared,LichForge,Original project asset authored for MODUS,MIT,LICENSE,User-confirmed project-owned asset; no external asset source is claimed.
shared/editor_core/textures/retro/wall_metal_01.png,a25bc87dd06970d305e3b53239c0d59b832c23db5e1d79d30e7e7ac562a80f0b,1165,png,cleared,LichForge,Original project asset authored for MODUS,MIT,LICENSE,User-confirmed project-owned asset; no external asset source is claimed.
shared/shaders/blood_pool.gd,620937bea13fbdbf986e221f4a5ba0c13949ae313be0a8888946bf7aa2ca7dba,2287,gd,cleared,"Adrián (dip000), modified by LichForge",https://github.com/dip000/my-godotshaders/tree/7a3e9bc685255d37f489e25b509fb56e185aa9fb/BloodyPool,MIT,docs/licenses/DIP000_BLOODY_POOL_MIT.txt,Derived implementation reviewed against the pinned upstream BloodyPool source.
shared/shaders/blood_pool.gdshader,a084c3d214baf2e4d9ed8d535144b9a7cf41617434995a66b5db04c683f877c2,1989,gdshader,cleared,LichForge,Original project asset authored for MODUS,MIT,LICENSE,User-confirmed project-owned asset; no external asset source is claimed.
shared/shaders/blood_pool_retro.gdshader,dc2e14d792b2c69bb0d44154b5e25be25e1393a9ac87404a41326ae3d94d822b,3542,gdshader,cleared,LichForge,Original project asset authored for MODUS,MIT,LICENSE,User-confirmed project-owned asset; no external asset source is claimed.
